allow_long,allow_short,atr_stop_mult,atr_tp_mult,bb_lookback,bb_std,deploy_score,donchian_lookback,ema_fast,ema_slow,exit_on_flat_signal,family,max_holding_bars,min_holding_bars,pullback_depth,rsi_high,rsi_low,slope_bars,slope_min,stress_avg_drawdown_r,stress_avg_holding_bars,stress_avg_loss,stress_avg_loss_r,stress_avg_r_multiple,stress_avg_win,stress_avg_win_r,stress_calmar_ratio,stress_expectancy,stress_expectancy_r,stress_exposure_pct,stress_max_consecutive_losses,stress_max_drawdown_pct,stress_max_drawdown_r,stress_pass,stress_payoff_ratio,stress_profit_factor,stress_sharpe_ratio,stress_sortino_ratio,stress_total_fees,stress_total_return_pct,stress_total_slippage,stress_total_trades,stress_trades_per_day,stress_trades_per_week,stress_win_rate,trend_strength_max,trial,use_mid_target,validation_avg_drawdown_r,validation_avg_holding_bars,validation_avg_loss,validation_avg_loss_r,validation_avg_r_multiple,validation_avg_win,validation_avg_win_r,validation_calmar_ratio,validation_expectancy,validation_expectancy_r,validation_exposure_pct,validation_max_consecutive_losses,validation_max_drawdown_pct,validation_max_drawdown_r,validation_pass,validation_payoff_ratio,validation_profit_factor,validation_sharpe_ratio,validation_sortino_ratio,validation_total_fees,validation_total_return_pct,validation_total_slippage,validation_total_trades,validation_trades_per_day,validation_trades_per_week,validation_win_rate,volatility_max,volatility_min,volume_lookback,volume_min,wf_gate_windows,wf_max_dd_r,wf_mean_exp_r,wf_mean_pf,wf_mean_win_rate,wf_min_exp_r,wf_min_pf,wf_min_win_rate,wf_positive_exp,wf_profitable,wf_rank,wf_score,wf_total_trades,wf_windows
True,False,4.0,8.0,30,1.5,45.07393392955723,16,30,150,False,trend_bb_reversion,72,8,0.0,76.83508553106768,34.72062597837258,36,0.001,5.826754194680866,48,-732.4824296526991,-0.7694429964019184,-0.19547592500745437,695.9058507239055,0.7409966651624607,-0.7167392735513958,-189.6948831095894,-0.19547592500745437,0.19429446369570472,5,9.484744155479435,9.809127666238478,False,0.9500649060672538,0.5822978456541236,-1.1031481650129145,-0.1672471449728827,1493.2956714457405,-9.484744155479435,7426.5069912711615,50,0.09671179883945841,0.6769825918762089,0.38,0.025,931,False,4.010078539844872,48,-809.0857358954274,-0.8365569654538587,-0.11548415885755946,765.0509864522709,0.8022448677195485,-0.5656129241766081,-116.46557806244022,-0.11548415885755946,0.19429446369570472,5,7.337352248806026,7.464363924590808,False,0.9455746807914953,0.7429515349076035,-0.5997092115349749,-0.1166876731388093,1688.696980149918,-5.823278903122002,3369.12173461314,50,0.09671179883945841,0.6769825918762089,0.44,1.0,0.003,50,1.0,0,4.0,0.12057054537747933,1.834751977573366,0.48676933583350696,-0.6650941671546794,0.07766082705146138,0.16666666666666666,6,6,1,147.16288735962831,106,11
False,True,4.0,6.0,55,2.2,39.3163061655221,30,8,80,False,trend_reclaim,72,1,0.0025,60.610607177943685,34.73941786976635,3,0.0,5.77238081970006,39,-787.5785224981463,-0.8224739535774778,-0.14084177572412265,762.3763590549313,0.7987052802359074,-0.622335452602667,-135.89294729969328,-0.14084177572412265,0.28060278829881535,6,13.826920645038038,14.550707563582305,False,0.9680004434817808,0.7022748315456054,-1.046557432549114,-0.23438233153408145,2460.227643452913,-11.958579362373072,12348.70123459692,88,0.1702127659574468,1.1914893617021276,0.42045454545454547,0.08,861,True,3.1295070307367543,39,-855.161453445592,-0.8591684658453761,-0.05596523355462275,896.4614898424206,0.9078786451942813,-0.4251664631175307,-58.9692064964953,-0.05596523355462275,0.28060278829881535,6,8.689990713748251,8.948884131337653,False,1.0482950163743041,0.8735791803119202,-0.3824311416370226,-0.10243520660617818,2842.159970019593,-5.189290171691581,5689.0275680319955,88,0.1702127659574468,1.1914893617021276,0.45454545454545453,0.08,0.002,100,0.5,0,4.934542188891546,0.07878127851758075,1.4198172552021646,0.49587358571315787,-0.13481695689866452,0.7011162336487434,0.3333333333333333,7,6,2,133.56130870203012,134,11
True,False,4.0,8.0,14,1.8,24.791847119384148,30,14,150,False,channel_reclaim,36,6,0.0025,74.76394249140212,37.5268696933903,48,0.01,8.629127873679387,28,-631.0340826273228,-0.6772439459895114,-0.18282550186289104,509.428602521556,0.5588021643270394,-0.66959678512518,-174.84900856777128,-0.18282550186289104,0.14924651462648078,7,12.201705660631356,12.876159652336334,False,0.8072917399335072,0.5381944932890047,-1.3804525137695491,-0.2020012668344636,1954.463628695624,-11.36518555690514,9725.27239759871,65,0.12572533849129594,0.8800773694390716,0.4,0.08,250,False,6.12142674600619,28,-666.3241433294904,-0.7014377326778762,-0.09695109810491602,609.7029288504948,0.6534461034339312,-0.4837977648318174,-97.01975727995853,-0.09695109810491602,0.14924651462648078,7,9.296568731843378,9.601591255819642,False,0.9150245191535901,0.737103084873725,-0.6752806050497202,-0.10731118632935711,2229.9724690389585,-6.306284223197305,4451.793816497843,65,0.12572533849129594,0.8800773694390716,0.4461538461538462,0.12,0.002,75,0.0,0,3.1533549698598,0.04972146893295166,1.3770063100779881,0.49740537240537236,-0.31543109904365796,0.3892768030821159,0.2857142857142857,7,7,3,130.16771935827316,124,11
True,True,2.5,8.0,14,1.5,-67.78568203907535,40,30,50,False,channel_reclaim,120,1,0.018,71.93033741616196,28.37670283223346,48,0.005,16.185425478647197,39,-827.8921560839577,-0.961478132805854,-0.2734307902602184,1204.4735027992765,1.4348246808875662,-0.6950112940702158,-244.34162036500925,-0.2734307902602184,0.3241195906197115,13,26.107349100665772,29.54661376670366,False,1.454867634568009,0.5859883528121148,-1.5996575995104119,-1.005927766607242,3946.9019388678503,-24.678503656865928,19679.454578683755,101,0.195357833655706,1.367504835589942,0.2871287128712871,0.015,59,False,12.297258219682856,39,-878.6857267633823,-0.9706916394598629,-0.1615337919460928,1551.5218171763192,1.7534731138364963,-0.5875639894352138,-156.84190183079767,-0.1615337919460928,0.3241195906197115,13,19.523189588882516,21.146623230397378,False,1.7657300783652337,0.7460831317036196,-0.8314070074996343,-0.6626162371232059,4876.249964869255,-15.84103208491049,9725.85713352809,101,0.195357833655706,1.367504835589942,0.297029702970297,1.0,0.002,100,0.25,0,16.142423186605942,0.16073145935029542,1.3877276572675106,0.38099600460113314,-0.5737159251609034,0.2884527519465213,0.15,7,7,4,121.37914530209562,201,11
True,True,1.0,12.0,14,1.5,-120.92786414288847,30,30,400,False,channel_reclaim,72,6,0.012,72.50267850324751,38.66591337547725,24,0.005,17.556974467160003,21,-905.2165108810038,-0.9963467553200441,-0.29926882669837573,3277.7454146368273,3.5782271512596546,-0.6057493041176776,-267.8127888973343,-0.29926882669837573,0.18003062293496655,14,34.34670870990446,41.23759446872596,False,3.620951866473088,0.6509576389165104,-1.2167884666497366,-5.714537968921952,8044.1926678486125,-28.12034283422002,40069.56312301597,105,0.20309477756286268,1.4216634429400388,0.1523809523809524,0.04,274,False,13.132967222452935,21,-1046.7592707559797,-0.9952074676482979,-0.05783856909542603,5292.7928972079535,5.156275929104924,-0.22916260812800948,-80.7322737329041,-0.05783856909542603,0.18003062293496655,14,26.470798863985088,29.419477303073187,False,5.056361137728875,0.9090087438613708,-0.17663349082841573,-0.8418813505499424,12479.590352906216,-8.476888741954912,24883.67527598867,105,0.20309477756286268,1.4216634429400388,0.1523809523809524,0.05,0.0005,50,0.5,0,12.0,0.7813704531221558,2.5872663636016964,0.28396358543417366,-0.370356148152124,0.5608745403796577,0.11764705882352941,7,7,5,109.76441574932772,136,11
True,False,5.0,6.0,55,2.0,-49.48025044977297,12,8,100,True,trend_state_tp,48,8,0.005,62.25739167237605,23.828210970884935,48,0.001,12.84748586630359,9,-313.7794153507008,-0.35263017141239883,-0.15830217497305546,295.42036761727667,0.33429669972202425,-0.7138513804389073,-141.44000306370714,-0.15830217497305546,0.11507776613748086,9,22.01937974446401,24.729309578264566,False,0.9414905923229386,0.3714137199072143,-3.1377409227713966,-0.6005384036337802,4364.939786491813,-21.49888046568344,21739.14435915488,152,0.2940038684719536,2.0580270793036752,0.28289473684210525,0.08,620,False,6.307299660724871,9,-325.7705269063901,-0.34227214871735084,-0.06758995083371443,345.61078040012137,0.3653836831184583,-0.6386064491687823,-65.16857209662581,-0.06758995083371443,0.11507776613748086,8,11.12495180352214,11.646949013524935,False,1.0609025429100047,0.6730456992654867,-1.2777510860958863,-0.25008195589499416,5157.705715858565,-9.905622958687134,10305.937829313838,152,0.2940038684719536,2.0580270793036752,0.3881578947368421,0.04,0.0005,75,0.75,0,4.265886861391635,0.025172724025162477,3.224633231965255,0.49801864801864804,-0.7995213988721885,0.0,0.0,6,6,6,90.34760319204753,142,11
True,True,4.0,6.0,30,1.5,60.94042283307291,30,50,300,False,channel_reclaim,48,1,0.0025,61.20663528109917,33.26976967139671,6,0.0025,2.857231979700104,37,-609.596817036575,-0.6242307987849375,-0.07239491743440005,640.3125459637372,0.6633862576996498,-0.39907362102882366,-73.92137575072695,-0.07239491743440005,0.12797163349182045,5,5.521628582293356,5.611490742903871,False,1.0503869575246148,0.7877902181434613,-0.44592646955940446,-0.05528650849040753,1128.2641110023446,-3.104697781530529,5660.34165805896,42,0.08123791102514506,0.5686653771760154,0.42857142857142855,0.04,99,False,1.5690278134533624,37,-588.5348767126744,-0.5948743772196184,0.018250428219579548,819.7286647305772,0.8357501688051767,0.10580229922979109,15.006641048719132,0.018250428219579548,0.12797163349182045,5,4.204714785732227,4.218610456339949,False,1.3928293753961716,1.0446220315471293,0.10168503727626832,0.012927897823840002,1258.5176610635506,0.6302789240461716,2529.047525331743,42,0.08123791102514506,0.5686653771760154,0.42857142857142855,0.12,0.003,75,0.0,0,7.562489389771199,0.006722333020114831,1.1702771615591656,0.5353540398994944,-0.5601741252607342,0.16175090153188418,0.3333333333333333,6,6,7,88.1687727418433,110,11
True,False,5.0,6.0,30,2.5,-12.465882777239187,30,30,80,False,range_bb_reversion,8,1,0.0025,66.20986475320679,38.447178386556374,3,0.005,6.35827963790102,6,-353.2017858732025,-0.37219784411336665,-0.1480591404982152,253.14348888459995,0.2640668629231923,-0.6307159601433885,-139.60288226534027,-0.1480591404982152,0.048835522604561206,8,14.02302629773978,15.041616642733924,False,0.7167106708103597,0.38979001394949386,-2.2984216327773512,-0.3041294793559617,2223.905166611984,-12.285053639349965,11069.245293116624,88,0.1702127659574468,1.1914893617021276,0.3522727272727273,0.04,1066,False,4.281033460590047,6,-353.2907877694371,-0.35994190211228294,-0.07717355724193976,307.4471556540966,0.3125882154171819,-0.4630803657409502,-75.48051610272407,-0.07717355724193976,0.048835522604561206,8,10.235257924055276,10.731602794383656,False,0.8702382465028815,0.6313493160903256,-1.1724453546137212,-0.1550272138094722,2495.247346092837,-6.642285417039733,4982.2039567073325,88,0.1702127659574468,1.1914893617021276,0.42045454545454547,0.12,0.003,100,1.5,0,4.80833860721625,-0.042026153226104916,1.6921835397806495,0.4674728027146069,-0.29427126211321186,0.08341406446266814,0.2727272727272727,4,4,8,81.1192108842112,164,11
True,True,5.0,8.0,40,2.2,-23.745648570031854,16,80,400,False,channel_reclaim,24,8,0.012,74.999936260423,35.455493082062205,36,0.001,9.015656525634023,20,-438.98989474601984,-0.47954829573085606,-0.15477994526534758,415.01428855881,0.4523956664745161,-0.7273919462563537,-141.38237632160943,-0.15477994526534758,0.22169393182367636,8,18.667217281528284,20.44767742521767,False,0.9453846057183592,0.5056708356167969,-2.1276836420833196,-0.36679098116268805,3811.447730612409,-18.662473674452457,19057.280997068556,132,0.2553191489361702,1.7872340425531914,0.3484848484848485,0.015,532,False,4.809874951855257,20,-462.79450327775544,-0.4774753849386463,-0.06774388208491577,505.662866292791,0.5240905109260281,-0.536775549284939,-66.60739754435005,-0.06774388208491577,0.22169393182367636,8,11.72714491781565,12.30434997559339,False,1.0926293694316143,0.7564357172988099,-0.864549387050429,-0.15168463997614898,4474.204524037806,-8.792176475854182,8951.192814039576,132,0.2553191489361702,1.7872340425531914,0.4090909090909091,0.04,0.0005,75,0.75,0,5.372208317219019,0.19287720564259148,2.649110288070049,0.5631745260087506,-0.2194511123327519,0.0,0.0,5,5,9,80.01655707583517,157,11
True,False,5.0,1.3,20,1.5,-4.2976985317546195,30,8,150,False,channel_reclaim,96,3,0.0,65.7423514101458,38.690114183343674,18,0.0,9.462950117792142,21,-615.1265784855274,-0.6692016069272757,-0.2235378806118092,75.957093607425,0.08285593123007405,-0.7251192368135262,-205.59551354155565,-0.2235378806118092,0.13901200741397374,7,16.653236596865987,18.106568329556552,False,0.12348205436746887,0.17961026089813653,-2.7119321381688577,-0.2510196435689564,2020.9910689343983,-16.653236596865987,10031.679102871607,81,0.15667311411992263,1.0967117988394584,0.5925925925925926,0.08,945,False,6.912975788167167,21,-886.6499257869428,-0.9418455974981497,-0.1590914295531715,141.41533700720234,0.15131108532156132,-0.7130112564811517,-150.50442897138214,-0.1590914295531715,0.13901200741397374,3,12.307520138911379,13.019813894150687,False,0.15949399294393407,0.40220224307600777,-1.8900367704133483,-0.40984117587858065,2266.9589592892594,-12.19085874668196,4514.048479598493,81,0.15667311411992263,1.0967117988394584,0.7160493827160493,1.0,0.003,150,0.25,0,3.40920668535217,-0.09995476010194106,0.7742333914894484,0.7513162268509862,-0.3978384704263069,0.2044413108805464,0.5,5,5,10,79.10990279681336,152,11
True,True,4.0,3.0,30,2.0,38.11626548331669,16,14,200,False,channel_reclaim,120,6,0.005,69.96914389968515,41.02615685154321,3,0.001,7.537386681760553,27,-935.0996792095024,-1.0,-0.18555918305233235,354.0538299796703,0.38265534039952886,-0.6866204211418299,-175.73528338574312,-0.18555918305233235,0.16415504875493594,3,13.463090129622083,14.291886890943317,False,0.37862683289440746,0.5426984604819841,-1.564595658489148,-17610575205542.86,2351.9989355294224,-12.828675687159238,11762.323844187471,73,0.14119922630560927,0.988394584139265,0.589041095890411,0.025,312,False,4.16516699164572,27,-964.7792752749133,-1.0,-0.0905539023306063,519.6691562271399,0.5439433751131567,-0.5676084999816332,-90.37814439014221,-0.0905539023306063,0.16415504875493594,3,8.293638707664082,8.463662925702282,False,0.53864046372582,0.7720513313403422,-0.7052610723612966,-6711262723870.41,2723.035844182621,-6.597604540480402,5453.170821694133,73,0.14119922630560927,0.988394584139265,0.589041095890411,0.05,0.0,10,0.0,0,6.792465609451984,-0.01502662109315202,1.5580631531049327,0.6286845730027548,-0.41441571315755316,0.33363197715898824,0.375,5,5,11,77.72043973480876,110,11
True,True,4.0,1.3,20,2.5,7.238603856445426,12,14,80,False,trend_bb_reversion,72,1,0.008,62.40282650517879,42.458688707327326,24,0.001,11.341787789223492,14,-479.5201911773398,-0.5280672148130668,-0.1510871251650468,139.28372008369107,0.15588237640548389,-0.6923535582134935,-138.4471692224409,-0.1510871251650468,0.1511000080586671,5,18.443613048767347,20.23914878264685,False,0.29046476591885595,0.3567111160407004,-2.458168176377933,-0.26410431464103573,3794.4952491776953,-17.58279049125005,18949.61727920784,127,0.24564796905222436,1.7195357833655704,0.5511811023622047,0.04,1042,True,5.8160779394612465,14,-706.2812355520967,-0.738264416465151,-0.05943002551334154,218.13922178573537,0.23040937736495912,-0.5949800191729218,-58.45902529172625,-0.05943002551334154,0.1511000080586671,4,8.914881141941137,9.173372015288836,False,0.3088560346859802,0.7233733443961122,-0.9148536367418086,-0.11325270832831574,4495.250010603036,-7.424296212049157,8985.258195536735,127,0.24564796905222436,1.7195357833655704,0.7007874015748031,0.08,0.0005,150,1.0,0,10.939024389049626,-0.07649492670629492,0.9814670979226485,0.6698411356397872,-0.3646341463016542,0.16884964410859019,0.43333333333333335,4,4,12,76.45940210831075,260,11
True,False,4.0,1.3,55,2.2,-19.91839716421393,30,80,130,False,channel_reclaim,48,2,0.008,64.92969453658839,35.48920617664871,36,0.005,9.70305026872209,15,-533.1143873372913,-0.5838373325983126,-0.215096626056989,148.81150694742757,0.16148962743202241,-0.7274939142675156,-195.74052384906196,-0.215096626056989,0.11515835280844548,7,18.59534976566088,20.434179475413956,False,0.2791361675506187,0.27332083072664737,-2.709581489685695,-0.28447646813501465,2790.481650437973,-18.59534976566088,13873.335623301304,95,0.18375241779497098,1.2862669245647969,0.49473684210526314,0.006,677,True,6.113490003754464,15,-699.4158406772162,-0.7379697002066242,-0.1354215317486443,219.90955391941674,0.23223497781893665,-0.7156207900346488,-128.46638508562307,-0.1354215317486443,0.11515835280844548,4,12.276433141499536,12.947324701449554,False,0.31441889235234816,0.5152976291330151,-1.6404918109708162,-0.19519131627261493,3219.9465453613047,-12.204306583134167,6421.914120863385,95,0.18375241779497098,1.2862669245647969,0.6210526315789474,0.12,0.0005,30,0.0,0,4.055604313988452,-0.06504292707147381,1.0036480680837423,0.5946985381767991,-0.23233573333979454,0.3050082733608391,0.35714285714285715,4,4,13,74.9909998321495,176,11
True,True,4.0,6.0,55,2.5,-8.723161169130783,55,8,400,False,trend_reclaim,72,3,0.0025,65.39737176109693,23.725206633381745,18,0.0025,11.544986993879734,41,-789.3190008713536,-0.8717668254196043,-0.1623053318972062,689.971973339554,0.7645717806078621,-0.6947058420148856,-147.94808897571545,-0.1623053318972062,0.4761060520589894,5,22.252717690001973,24.616294409216067,False,0.8741357709340236,0.6690915777519687,-1.5310008192277993,-0.5551841417332106,3859.1366839845323,-21.15657672352728,19293.693722123342,143,0.2765957446808511,1.9361702127659575,0.43356643356643354,0.015,287,False,5.743953251053977,41,-825.7727150652923,-0.8612085935710598,-0.07890209890915247,897.2524626081963,0.9431434828265651,-0.6352022794037749,-78.7268338362274,-0.07890209890915247,0.4761060520589894,5,12.738834748605509,12.9749379641483,False,1.086561043055597,0.8316886996228027,-0.6851031488520507,-0.2502065128886711,4535.066838430347,-11.257937238580604,9069.974963350141,143,0.2765957446808511,1.9361702127659575,0.43356643356643354,0.12,0.001,150,0.0,0,8.41863066455167,-0.010152770090784953,1.0608238689688785,0.47150558779855783,-0.30717857173035334,0.48069025274803445,0.2962962962962963,5,5,14,73.73367985629125,293,11
True,False,5.0,12.0,80,1.5,-107.2035590569638,55,10,150,True,trend_state_tp,14,8,0.025,68.41229652974839,44.77392556890032,3,0.0,17.69409631597065,10,-283.49998597508477,-0.33759671184318013,-0.1332686419996824,321.2928480453313,0.3800433383388604,-0.7393236482659246,-111.30202628871632,-0.1332686419996824,0.24063179950036265,14,32.31781272410261,38.769697292981455,False,1.13330816204544,0.4511226664452718,-3.680034628783037,-1.1102921361525935,7305.174738567636,-32.05498357115021,36402.4159638532,288,0.5570599613152805,3.8994197292069632,0.2847222222222222,0.025,1049,False,5.389894740494091,10,-290.7383748107268,-0.305557279922348,-0.046848890716070346,403.8821853179303,0.42491346607184777,-0.6973808988789808,-44.726926431827394,-0.046848890716070346,0.24063179950036265,14,13.310922651604448,13.988007589587907,False,1.3891602220754695,0.7617975411381608,-1.2202766496043695,-0.3749511981750084,9058.71433169394,-12.881354812366377,18109.840531226797,288,0.5570599613152805,3.8994197292069632,0.3541666666666667,0.05,0.0005,10,0.25,0,8.821022117170086,-0.00960209130420305,1.146467243828582,0.40362702367669084,-0.2445137270506018,0.19119509382046948,0.25,5,5,15,72.23791439982344,322,11
True,True,2.5,3.0,30,2.2,-64.16748098517022,16,50,100,False,channel_reclaim,96,1,0.012,61.71888118844352,44.416213569888406,48,0.01,18.811746316118217,21,-829.9717071584523,-0.9803087127157067,-0.2548780100982277,519.8850725555488,0.6134405581863307,-0.7257386843506802,-215.55413846104486,-0.2548780100982277,0.251430413409622,6,32.05234428877872,38.15198371550244,False,0.6263889094912196,0.5233122534989935,-2.536643981746021,-1.8696215453178595,5071.839166210756,-31.255350076851553,25331.91917294192,145,0.2804642166344294,1.9632495164410058,0.45517241379310347,0.015,675,False,13.881899617644633,21,-882.189415405513,-0.9788845496411357,-0.15137396255714108,749.7721109640071,0.8391311341040039,-0.625288328501293,-139.3655482304211,-0.15137396255714108,0.251430413409622,6,23.575973698290806,26.415736729958194,False,0.8498992369108871,0.7100424004571965,-1.371574820710218,-1.0385429632618055,6287.125945882899,-20.208004493411018,12561.01545725779,145,0.2804642166344294,1.9632495164410058,0.45517241379310347,1.0,0.0005,75,1.25,0,8.065542308056274,-0.01659149587095813,1.0073676960353581,0.5166969321119519,-0.17074825765648585,0.6634634400238417,0.4166666666666667,4,4,16,68.74453358160267,277,11
True,True,2.5,6.0,14,1.8,-142.48743041153904,12,14,400,False,channel_reclaim,36,3,0.008,63.547291176423684,28.492846171890704,36,0.0025,25.036556133831148,22,-679.1336497090032,-0.8549188295318636,-0.28873138956167355,674.8386766582132,0.8436434903787067,-0.746826980797326,-227.8095409199311,-0.28873138956167355,0.32009025707148037,11,41.67201848199401,53.12621752012558,False,0.993675805855548,0.49683790292777413,-2.868724482662172,-1.0935232721006338,6106.988267519791,-41.00571736558758,30536.468116238007,180,0.3481624758220503,2.437137330754352,0.3333333333333333,0.01,738,False,15.980082035276418,22,-766.5792209991209,-0.8897527817381823,-0.18768247609158648,854.6551444647595,0.99640624835715,-0.7105844036179916,-163.119762743121,-0.18768247609158648,0.32009025707148037,8,30.642512832440055,35.63882556738555,False,1.1148947441477017,0.6610437863530617,-1.685944610303032,-0.799683160699069,7732.970140371623,-29.36155729376184,15468.762902892508,180,0.3481624758220503,2.437137330754352,0.37222222222222223,1.0,0.002,50,1.25,0,9.303235305468863,0.02890291846788182,1.1179749485292645,0.4220443590387663,-0.2641202526484455,0.50462533908623,0.2777777777777778,4,4,17,65.253401350405,333,11
True,False,2.5,1.3,20,1.5,-51.1355030444756,55,80,130,False,channel_reclaim,24,6,0.0,75.1819405542468,42.9669164016712,48,0.001,12.805920706930316,10,-816.303896163721,-0.9084082880488891,-0.3702991523064341,150.87205934114783,0.1678099834360207,-0.7048069487019134,-332.71591841128657,-0.3702991523064341,0.053509549520509306,6,21.366651514384788,23.894103666226144,False,0.18482339732810532,0.18482339732810535,-2.994230778891995,-0.5584362876059956,2346.1938404430157,-20.62838694149976,11639.39216668631,62,0.11992263056092843,0.839458413926499,0.5,0.04,1193,False,10.473370931307285,10,-884.1913956769408,-0.9636589398917901,-0.2853540821403519,281.71861658699,0.31073200497454834,-0.6496550528942071,-263.6263891493648,-0.2853540821403519,0.053509549520509306,5,18.234079081396818,19.986498426474213,False,0.3186172337396531,0.3625644383933983,-2.22738384303934,-0.8151554482420591,2766.7578779160326,-16.3448361272606,5506.327312329621,62,0.11992263056092843,0.839458413926499,0.532258064516129,0.2,0.002,30,0.75,0,4.084126296794011,-0.10069861929449363,1.6759278162103768,0.6313878041150768,-0.4511698994799135,0.24727788346348378,0.4,4,4,18,64.72599283499255,101,11
True,False,5.0,4.0,55,1.8,-18.54534935750577,12,10,300,True,trend_state_tp,8,6,0.0,73.70206800014999,33.848927754671934,6,0.005,3.70245090122578,6,-287.58436997314254,-0.2978477857108368,-0.14667234955832517,158.94377861108035,0.16407715808850415,-0.6876048244716614,-141.44788498194234,-0.14667234955832517,0.030945281650415022,10,8.087652535105837,8.402559361482039,False,0.5526857340192866,0.2688741408742475,-2.23328799418037,-0.20178161080307833,1074.1580604218493,-7.779633674006881,5337.228717868862,55,0.10638297872340426,0.7446808510638298,0.32727272727272727,0.006,1016,False,2.255841554145982,6,-278.04484280187694,-0.2835751522231103,-0.09230128984073781,190.70226463447705,0.19460950373282102,-0.6419678772962903,-90.54599982733534,-0.09230128984073781,0.030945281650415022,6,5.521417423283725,5.649760752887882,False,0.6858687351031483,0.4572458234020989,-1.4090634169469913,-0.11942371982188552,1161.365505064349,-4.980029990503434,2315.0876668505525,55,0.10638297872340426,0.7446808510638298,0.4,1.0,0.002,50,0.25,0,3.4832022986768885,-0.07260908767946969,0.8988192451577327,0.4042069186708055,-0.33123463276515874,0.0,0.0,5,4,19,59.73910968911415,265,11
True,False,4.0,3.0,40,2.5,-43.520459032910836,16,20,150,True,trend_state_tp,120,8,0.0025,60.15583400567687,41.27471264216299,12,0.01,8.830214834772637,9,-386.1715762156724,-0.4173892713456134,-0.19752163796115726,212.43297316908817,0.23375718136989126,-0.7074178451908537,-184.04536473510387,-0.19752163796115726,0.05657184301716496,10,14.466647870711197,15.555806870894077,False,0.5500999717556809,0.2804431228558373,-2.7911365866883884,-0.3536976491976672,2074.8170680421717,-14.17149308460299,10313.557382162076,77,0.14893617021276595,1.0425531914893615,0.33766233766233766,0.015,403,True,6.050517252511427,9,-367.6448736713871,-0.38732577457854145,-0.119347756515747,303.3732882118998,0.32420206648474037,-0.6591576336919786,-114.92374776729201,-0.119347756515747,0.05657184301716496,7,9.612549865052147,10.034182052216167,False,0.8251802484891023,0.4985464001288327,-1.6522100094208287,-0.2024999330419464,2341.74335330999,-8.84912857808148,4670.4645884879155,77,0.14893617021276595,1.0425531914893615,0.37662337662337664,1.0,0.002,10,1.25,0,5.651812769015452,-0.05030671729591038,0.9566480293482315,0.4310529537802265,-0.4037009120725322,0.1032075932789772,0.14285714285714285,4,4,20,58.514303177295844,242,11
True,False,4.0,12.0,55,2.0,-42.878400531711456,12,80,100,False,range_bb_reversion,24,1,0.012,68.04311958769223,22.754480246174946,18,0.0025,7.844989492613267,18,-688.274593334374,-0.7373248095681357,-0.3054213678639597,392.718281920091,0.4144177016430003,-0.7001438948756653,-282.9022651139496,-0.3054213678639597,0.08356837779031348,7,16.385537458830747,17.751761844619423,False,0.57058372591897,0.3423502355513821,-2.227081562709953,-0.3067583901996567,1665.637252550406,-15.842526846381238,8257.153821388492,56,0.10831721470019343,0.758220502901354,0.375,0.006,1040,False,6.078208580104107,18,-674.6885851312987,-0.7084714122232875,-0.2399543754680844,519.2117759548307,0.540907352457254,-0.6801383537794365,-226.97594972400017,-0.2399543754680844,0.08356837779031348,7,13.463790924475216,14.305368349873717,False,0.7695576706011541,0.46173460236069247,-1.6785131999530642,-0.21685080278635252,1880.7797709955134,-12.710653184544004,3739.871435156021,56,0.10831721470019343,0.758220502901354,0.375,1.0,0.001,75,0.25,0,6.500859330979351,-0.048894386510897364,2.067429083185844,0.46570727252545435,-0.500066102383027,0.08134911230685396,0.2,4,4,21,57.806315788241434,100,11
True,False,5.0,8.0,80,1.8,-62.468944118632095,30,14,50,False,range_bb_reversion,12,4,0.0025,69.47835713628369,25.426312726280244,6,0.0,7.32089899380817,10,-407.10702580355604,-0.436082642491663,-0.2395492687918746,246.64161682957854,0.2627026862186959,-0.693619258430664,-223.2402200629869,-0.2395492687918746,0.053670722862438555,11,14.877910468338717,16.026761288059888,False,0.6058397453169774,0.23706772642838245,-2.5904512319250683,-0.25801125830861665,1592.1553255227936,-14.287374084031137,7897.18058286694,64,0.12379110251450677,0.8665377176015474,0.28125,0.04,702,False,5.88886749628812,10,-473.1965368371103,-0.49586034738808715,-0.17696105829049996,248.937402921725,0.2600490786210085,-0.6451547415820913,-168.54628100135164,-0.17696105829049996,0.053670722862438555,6,12.008589858145328,12.718364485462038,False,0.5260761301966531,0.38389339230566594,-1.8805832172536026,-0.1870855858344209,1766.9803467647052,-10.786961984086506,3515.898713923083,64,0.12379110251450677,0.8665377176015474,0.421875,0.12,0.002,10,1.25,0,3.495872420283036,-0.05212987260496746,1.1661994780190197,0.4771458659862825,-0.3062935556478999,0.08561168437210895,0.3076923076923077,4,4,22,55.147168522686044,138,11
True,True,5.0,1.7,55,2.5,-13.114410445215029,30,30,100,False,channel_reclaim,8,6,0.0025,58.187819900433524,39.27881923031184,36,0.0025,6.077645337003694,6,-286.6412557906227,-0.2998519504330456,-0.1269086541683754,122.83168135691457,0.12952450925854925,-0.6551750199215344,-121.71465610619796,-0.1269086541683754,0.03932629543073576,10,9.576065748515727,10.033530385398574,False,0.42852059456032054,0.28900226144765795,-2.4506123851188195,-0.24165291590832066,1823.7773920074792,-8.763455239646238,9108.745164542557,72,0.13926499032882012,0.9748549323017408,0.4027777777777778,0.08,170,False,3.684806763171371,6,-283.9165072896714,-0.2907429567820859,-0.054138789551790065,176.84301029828663,0.1824653776785058,-0.43979447363946145,-53.53674849569239,-0.054138789551790065,0.03932629543073576,6,6.227673577024722,6.401949525303974,False,0.6228697724780724,0.6228697724780725,-1.0624601026172535,-0.10021432088099519,2051.595571341445,-3.8546458916898554,4099.085246789053,72,0.13926499032882012,0.9748549323017408,0.5,1.0,0.001,10,1.5,0,3.5243748408559927,-0.04836826109618053,0.9941670631631555,0.5316197691197692,-0.21715244152263158,0.16984035037224995,0.4166666666666667,4,4,23,54.99312363507126,122,11
True,False,4.0,12.0,30,2.0,-32.27744174309494,20,10,300,False,range_bb_reversion,18,1,0.008,59.30715598384033,23.55955061258719,24,0.0025,9.75312827634455,12,-592.2837597015741,-0.6473148359993599,-0.257055500519356,265.8977833565159,0.29469045653858045,-0.7121478112354254,-236.75140614893678,-0.257055500519356,0.07139979047465549,6,16.872189177675935,18.36226470814037,False,0.44893647512889795,0.3175404336277572,-2.5154031817705444,-0.3325919419555337,2144.090809756606,-16.57259843042563,10648.217003414155,70,0.13539651837524178,0.9477756286266924,0.4142857142857143,0.08,343,True,7.230373766115808,12,-588.440244317345,-0.6267839042806538,-0.17705735628578168,392.01710631345696,0.4225780410407145,-0.6423482800176701,-168.24423690414412,-0.17705735628578168,0.07139979047465549,6,13.188990617292754,14.018917946591746,False,0.6661969674902839,0.4996477256177127,-1.6606218126321932,-0.21249892583447713,2457.404866054363,-11.77709658329004,4896.152654518007,70,0.13539651837524178,0.9477756286266924,0.42857142857142855,1.0,0.002,75,0.0,0,5.486964592256457,-0.07826327565390681,1.9464775476447131,0.45934365693723983,-0.42614651662858505,0.16547801299799414,0.1111111111111111,3,3,24,54.83891307422128,148,11
True,False,5.0,1.3,30,2.5,-12.190086035808129,30,50,400,True,trend_state_tp,36,6,0.0,62.47314222800432,27.970351835541088,3,0.0025,3.358503934503816,7,-257.7882074717735,-0.2647752719212057,-0.15598793584677212,111.91496854665552,0.11598040433931196,-0.7027085237200285,-152.15872860936523,-0.15598793584677212,0.019985494399226367,7,5.396973846299763,5.535070418958335,False,0.4341353301000382,0.17365413204001529,-2.365491322682652,-0.200928318491591,624.4607904813793,-5.325555501327748,3098.758420445373,35,0.06769825918762089,0.4738878143133462,0.2857142857142857,0.006,795,False,2.577439369017514,7,-229.96843629084222,-0.2344178486904859,-0.10722312932193827,165.87786617714465,0.17029262202762022,-0.6819602166281168,-105.55959837233208,-0.10722312932193827,0.019985494399226367,7,3.8485133319148046,3.912897939060193,False,0.7213071013248014,0.3305990881072006,-1.7111278458710448,-0.1364410877009619,665.5210456879024,-3.69458594303162,1324.9771452301134,35,0.06769825918762089,0.4738878143133462,0.3142857142857143,0.2,0.001,50,1.25,0,2.9805627443314267,-0.03588719236773899,0.8750210808456106,0.49913419913419915,-0.3221989772204615,0.0,0.0,5,5,25,50.95266616457051,180,11
True,False,3.0,3.0,20,2.2,-9.325678729321176,10,50,100,False,channel_reclaim,120,1,0.008,60.363221131686245,28.049778919098564,36,0.0025,7.835229997357679,27,-879.5628086303113,-0.9456786234716009,-0.23683195922652192,495.7714392350758,0.532772990525278,-0.7244168352997696,-220.15597746197514,-0.23683195922652192,0.16036747521959868,5,16.07138635472418,17.288733023536103,False,0.5636566648459249,0.519157454463352,-1.7775128769630697,-0.5482940161213411,2625.034166932717,-16.07138635472418,13057.929363153875,73,0.14119922630560927,0.988394584139265,0.4794520547945205,0.006,71,False,5.592510407000982,27,-929.0664248520299,-0.9684700211238787,-0.13966388541122948,678.7864795779119,0.7121646429601043,-0.6544594555116343,-136.1526637632915,-0.13966388541122948,0.16036747521959868,5,10.892784590010455,11.33821111340299,False,0.73061135503419,0.7108651021954284,-0.9645983331187188,-0.4694009496705068,3101.0791496737793,-9.93914445472027,6188.479570394535,73,0.14119922630560927,0.988394584139265,0.4931506849315068,0.2,0.0,20,1.5,0,7.292717867818675,-0.08278971780479677,1.310644092705928,0.5098319164495635,-1.0,0.0,0.0,5,5,26,50.17865313000671,137,11
True,False,5.0,1.3,20,2.0,-59.03170193719649,12,8,150,False,range_bb_reversion,120,3,0.018,76.72918673518338,32.664241033441556,48,0.001,16.73846347790678,16,-560.7616941667447,-0.6556273290069439,-0.22878507884095067,70.50152435256464,0.08030758507235472,-0.7326971942567294,-194.62902742554533,-0.22878507884095067,0.20066081070190991,6,29.539246809045615,34.806348506534725,False,0.12572457264101342,0.173619647932828,-3.7548095656512994,-0.4691447407932143,3667.0269690725163,-29.194354113831782,18207.31520934024,150,0.2901353965183752,2.0309477756286265,0.58,0.08,930,False,11.813447335719816,16,-858.9696363612361,-0.9548020440665619,-0.16054035471639125,134.331079873273,0.1483391911420085,-0.6950746653825963,-143.79312067238956,-0.16054035471639125,0.20066081070190991,3,22.690703420759117,25.52869444399036,False,0.15638629607715335,0.4021361899126799,-2.5791953575509776,-0.7368127575290451,4230.500143781219,-21.568968100858473,8426.287702927282,150,0.2901353965183752,2.0309477756286265,0.72,1.0,0.0005,30,1.0,0,6.37932257927537,-0.09666585140407427,0.640299837853228,0.7657771887684444,-0.25061828970176997,0.3003555708042253,0.625,2,2,27,48.744903600069456,274,11
True,True,2.5,4.0,30,1.8,-105.95956045194579,12,14,80,False,trend_bb_reversion,24,8,0.0025,67.83686855118873,35.278559023178836,24,0.0005,19.566326042427498,16,-660.0904332661402,-0.7907171803892371,-0.28669762891817735,518.3700787333137,0.6317379982068648,-0.7296106007748219,-242.52568491987697,-0.28669762891817735,0.1647191554516883,10,31.391363026700493,37.315415215298465,False,0.785301608096952,0.4309581995654003,-2.8226552775554734,-0.688907949121387,5381.462291078973,-30.800761984824366,26821.78109754408,127,0.24564796905222436,1.7195357833655704,0.3543307086614173,0.01,293,False,11.842811448367094,16,-705.5366793342168,-0.7875773771014047,-0.1633720836020032,762.3042646484937,0.8639657952824286,-0.6347217644735964,-150.7621493250034,-0.1633720836020032,0.1647191554516883,10,21.965925444331166,24.366231132767975,False,1.0804601475402327,0.6564821149611542,-1.4418335644508586,-0.36697842498988775,6882.495856291637,-19.146792964275463,13726.117732693026,127,0.24564796905222436,1.7195357833655704,0.3779527559055118,0.05,0.003,150,0.0,0,10.930944099213514,-0.038468154610476035,1.1112094196822815,0.49261035681490223,-0.4373198227337303,0.3427812943659731,0.3333333333333333,4,4,28,48.240167763539475,186,11
True,False,5.0,4.0,55,1.8,-67.91575688564458,40,80,130,False,channel_reclaim,12,8,0.008,58.310905924725105,30.660165076950676,24,0.001,6.979787464747721,10,-351.11819795758896,-0.3736004163417005,-0.21545767061202176,249.48590358708512,0.2702664769862772,-0.7043760318672456,-203.60140108696726,-0.21545767061202176,0.04907728261745507,13,11.848825695192602,12.559577010558737,False,0.7105467760950976,0.2313408108216596,-2.598700615516483,-0.26694522877735916,1426.5087174764767,-11.605279861957126,7081.572301688836,57,0.1102514506769826,0.7717601547388782,0.24561403508771928,0.025,859,False,5.183603256162561,10,-333.9783593693192,-0.349421758822637,-0.1497225030680771,301.68224390255455,0.3201580987073579,-0.6688361315482008,-144.39537242858492,-0.1497225030680771,0.04907728261745507,6,8.802694815290145,9.16307964877443,False,0.9032987780173773,0.38390198065738534,-1.8018887983254717,-0.17596724176958953,1587.3419795207433,-8.230536228429322,3161.3836433012407,57,0.1102514506769826,0.7717601547388782,0.2982456140350877,0.2,0.0005,50,0.75,0,3.5127151169475077,-0.043181710289800286,1.3904608708567827,0.45827167484921494,-0.24137411011948565,0.10946892432229607,0.23529411764705882,3,3,29,44.01415977769749,111,11
True,True,4.0,3.0,55,2.5,-25.02530716465132,55,30,80,False,trend_reclaim,72,6,0.0025,66.64682946523601,38.11705008259031,36,0.0,12.758193833696419,27,-767.7303825180147,-0.8573896271289345,-0.17531262132631162,366.6712776741871,0.40932481221879363,-0.6863412685604582,-156.8987193375984,-0.17531262132631162,0.3126762833427351,6,23.940007714114405,27.055057317843744,False,0.477604229327974,0.5572049342159696,-2.13555554766822,-0.5611448913752932,4107.227177753811,-22.43651686527653,20529.790214110853,143,0.2765957446808511,1.9361702127659575,0.5384615384615384,0.08,347,False,7.4516555452042565,27,-826.64825492125,-0.8718773853528423,-0.08987079314272625,512.7168728058883,0.5436535347236969,-0.5749420930060921,-86.71926827478904,-0.08987079314272625,0.3126762833427351,6,15.531274553016772,16.526431245616585,False,0.6202358376172123,0.7656036120587468,-1.0197910442758673,-0.302019076188091,4858.784625629818,-12.40085536329483,9714.44825880316,143,0.2765957446808511,1.9361702127659575,0.5524475524475524,0.08,0.0005,100,0.0,0,9.741473842578252,-0.0828784443551526,0.8801261127781554,0.5498527647851886,-0.5683406233361842,0.18532702098943618,0.2,4,4,30,43.128475811747904,248,11
True,False,5.0,3.0,14,2.5,30.562265880228246,20,80,150,False,trend_bb_reversion,18,8,0.005,72.24162206708358,33.57274616324328,3,0.001,2.035600057669326,15,-375.5265417122672,-0.38223008370461736,-0.08831321446284493,247.64460330594392,0.25263035385761107,-0.6985225776066506,-87.02138198161387,-0.08831321446284493,0.06745104359738899,7,4.786143725469665,4.863458296556606,False,0.6594596541079967,0.5684997018172386,-1.1214035725945768,-0.09739040956039824,1368.9913934558751,-4.699154627007156,6828.393606870879,54,0.10444874274661509,0.7311411992263056,0.46296296296296297,0.08,477,False,1.1338515824854682,15,-429.10683637717295,-0.4279603793288113,-0.01180135601663448,296.28478311408907,0.2969617903117549,-0.15043901710915722,-12.678314076633654,-0.01180135601663448,0.06745104359738899,6,3.2183397990753453,3.252831823923426,False,0.6904685686565548,0.9306315490588346,-0.14126267467689402,-0.013066775988054318,1517.4681458693674,-0.6846289601382014,3036.617447936719,54,0.10444874274661509,0.7311411992263056,0.5740740740740741,1.0,0.003,75,0.25,0,4.739055638656292,-0.05809673549798875,1.8471235417182745,0.4620256006619643,-0.5838248175629361,0.0,0.0,5,5,31,42.5033739083574,103,11
True,True,2.5,4.0,55,2.2,-116.2220309356398,55,20,200,False,channel_reclaim,14,8,0.005,73.56552865805533,28.96465486166219,12,0.0005,15.235484366210851,11,-654.8161398261757,-0.7470757540554148,-0.3871695680131601,322.902053807534,0.38405797350595694,-0.720983981513592,-343.72398730635905,-0.3871695680131601,0.06116528326214844,13,23.052996850649578,26.03461773661808,False,0.4931186544871206,0.23012203876065634,-3.0153348543843697,-0.5096753300403457,2589.188755670702,-22.685783162219696,12940.731851790728,66,0.1276595744680851,0.8936170212765957,0.3181818181818182,0.006,622,False,12.64298457118805,11,-652.1277022124858,-0.727287072370979,-0.2947263649224998,493.3794086643054,0.5703950499744587,-0.6810641817024747,-270.2919985868888,-0.2947263649224998,0.06116528326214844,11,19.03105518821037,20.92224581933958,False,0.7565687011767908,0.3782843505883954,-2.165287283556226,-0.35403584900131113,3094.812248902158,-17.839271906734634,6187.537404044516,66,0.1276595744680851,0.8936170212765957,0.3333333333333333,0.08,0.001,30,1.0,0,4.759936281868877,-0.06381231156390092,2.2480922832842625,0.42499646817828635,-0.528881809096542,0.11712416242874706,0.2,3,3,32,42.3742194485449,101,11
True,False,5.0,12.0,20,1.5,-54.96094411981828,8,10,200,False,channel_reclaim,8,3,0.025,63.24303764494639,27.091649364786456,6,0.0,5.123154103311476,6,-269.5668565549975,-0.2839641077971725,-0.1358462580251151,156.50834943630528,0.16608628189484806,-0.7029453041726904,-129.33957357051813,-0.1358462580251151,0.03892336207591265,16,10.430405841034561,10.969079192183562,False,0.5805919593990375,0.28481869706367885,-2.46070793463151,-0.27232253828705005,2047.337484059176,-10.217826312070915,10195.885611075293,79,0.1528046421663443,1.06963249516441,0.3291139240506329,0.04,316,True,3.470877405935544,6,-296.086807708915,-0.30320927048386553,-0.05986061169153793,184.06322402144542,0.18972775630059302,-0.5407373622686661,-59.05071609519277,-0.05986061169153793,0.03892336207591265,7,6.137476004052287,6.289739089823302,False,0.6216529045846557,0.6061115819700392,-1.062524395119178,-0.11487199895118967,2302.1871948466237,-4.665006571520221,4599.65769829319,79,0.1528046421663443,1.06963249516441,0.4936708860759494,0.12,0.0,20,1.5,0,4.172590128658429,-0.08490338152858708,1.09992328854829,0.45750058022785295,-0.43706932678035226,0.0,0.0,4,4,33,41.34592901902258,138,11
True,True,5.0,8.0,14,1.8,-136.47639316211917,30,14,400,True,trend_state_tp,12,8,0.012,75.24632039443283,35.77033625903985,6,0.0,22.564470100279227,9,-276.932980073646,-0.336186853583753,-0.14101852920997393,264.50738947000207,0.32366795739426213,-0.725964558607566,-116.78864541989091,-0.14101852920997393,0.21234587799178015,16,34.1286826500407,41.50033951422141,False,0.9551314162714043,0.4011551948339898,-3.9660487253703964,-1.0250694851987714,7347.790077265683,-33.167975299249115,36687.05799418769,284,0.5493230174081238,3.8452611218568666,0.29577464788732394,0.015,1056,False,10.192664980483265,9,-306.4072998047913,-0.33065882925207357,-0.05060253712386538,320.89717490497935,0.34913593112750874,-0.5668392754207977,-47.975526772949166,-0.05060253712386538,0.21234587799178015,10,17.3427981235433,18.852203470658555,False,1.0472895884315399,0.7337298314161089,-1.3499548968375967,-0.36131666752745417,9200.385632416834,-13.625049603517544,18381.239483287674,284,0.5493230174081238,3.8452611218568666,0.4119718309859155,0.04,0.001,50,1.0,0,11.64950490258972,0.03592318500995729,1.7420230078998977,0.48614638825207146,-0.2047830704314485,0.3091883002423504,0.3291139240506329,4,4,34,40.50085737073951,382,11
True,False,2.5,8.0,55,1.8,-148.30503984107267,30,50,80,True,trend_state_tp,48,8,0.005,59.92163063355315,42.157215188753355,24,0.0,24.43951599298611,12,-534.1053752557549,-0.6568365616489626,-0.2523929428588783,638.1609448033711,0.7924197390155068,-0.7133511731933778,-206.96128593692904,-0.2523929428588783,0.177371262793134,13,37.45488938385406,46.35812548160904,False,1.1948221724931891,0.46251180870704084,-2.7897132555141937,-0.8881349444575465,7546.299334126641,-35.597341181151805,37591.47997235084,172,0.33268858800773693,2.3288201160541586,0.27906976744186046,0.08,872,False,12.92235494980469,12,-581.3125947974872,-0.6326011689681422,-0.10721622041911022,918.6850186249444,1.0104208519488311,-0.6071860911998647,-101.66219515659338,-0.10721622041911022,0.177371262793134,13,20.91132053896375,22.716120510186723,False,1.5803631761066317,0.7429057665458522,-1.0283554345755583,-0.3502190013294872,10137.751112487704,-17.485897566934028,20260.857582911107,172,0.33268858800773693,2.3288201160541586,0.31976744186046513,0.04,0.003,150,0.25,0,12.342680693172314,0.1010167143111437,1.771028924439838,0.398035705462244,-0.7659219959951099,0.0,0.0,6,6,35,35.839353516269355,165,11
True,True,5.0,1.3,30,1.8,-83.33070444372305,40,8,80,False,trend_bb_reversion,12,1,0.005,64.41767352097956,34.88886437351094,48,0.0025,15.53615169634982,7,-270.45346662586144,-0.30957254154330904,-0.17416149102554554,81.90908813207446,0.09666061000998144,-0.7341881792728671,-152.9992817065495,-0.17416149102554554,0.08816181803529696,9,23.867887946221717,27.16919259998511,False,0.302858340674869,0.15142917033743447,-4.240992417205592,-0.5642878975868557,3649.7914084552813,-23.867887946221717,18238.46625374509,156,0.30174081237911027,2.112185686653772,0.3333333333333333,0.01,1158,True,10.102391330123607,7,-326.5024984837229,-0.3561837115508867,-0.10290813888494532,123.74667325710018,0.13770365514769894,-0.7230322877146993,-95.60548733458288,-0.10290813888494532,0.08816181803529696,7,14.91445602419485,16.053669666051466,False,0.37900681872812475,0.39895454602960484,-2.5435587518229514,-0.3128300242928501,4226.261675101424,-14.91445602419485,8446.718093376514,156,0.30174081237911027,2.112185686653772,0.5128205128205128,0.2,0.0,75,0.25,0,5.931718353171919,-0.07461567418811675,0.6949720718492054,0.5606690554836029,-0.25802479152239705,0.18977635273183954,0.2631578947368421,2,2,36,34.61505302571518,325,11
True,False,3.0,3.0,30,1.8,-112.05956187423475,40,20,100,True,trend_state_tp,12,8,0.012,64.60141527045873,26.867233671532304,48,0.001,22.14173993733848,9,-437.77428220162454,-0.5317730457723041,-0.24625431648357674,266.34485270508617,0.33017028792951436,-0.7323280313350701,-204.53481876377657,-0.24625431648357674,0.11612539286002095,7,33.35221219050069,40.338603326629425,False,0.6084068058214905,0.3013603804536354,-3.998138797072724,-0.7934454784898042,6198.381352891527,-32.72557100220432,30859.37912094757,160,0.30947775628626695,2.166344294003869,0.33125,0.006,156,False,12.78278393308453,9,-469.1773310390504,-0.5199309004776576,-0.12176653389396908,409.989364021275,0.46016600188219103,-0.6612770156202955,-112.01586117079319,-0.12176653389396908,0.11612539286002095,7,19.694768063126045,21.686021409632726,False,0.8738473427804015,0.5978955503234326,-1.8604788092612272,-0.3718451896164998,7918.5675440032455,-17.922537787326917,15817.150400240502,160,0.30947775628626695,2.166344294003869,0.40625,0.04,0.001,75,0.75,0,7.2514666549044655,-0.03856475519778303,2.4809159298530066,0.4911775093593275,-0.7500730802054433,0.0,0.0,7,7,37,34.440133274861246,147,11
True,False,4.0,1.3,40,2.2,-45.14714930179244,12,30,200,False,trend_reclaim,24,3,0.0,74.8997569769091,43.023439492233194,48,0.0025,11.364405868981796,10,-522.6584574848927,-0.5838542626943052,-0.20642794997799074,82.63401557077641,0.09093823579849938,-0.7313478983331211,-184.10504035206085,-0.20642794997799074,0.09791280522201627,8,21.72658119280862,24.361291422772826,False,0.15810327832141688,0.2006695455617983,-3.286397403943828,-0.37767991159818154,3437.6792020280714,-21.724394761543167,17096.9326877708,118,0.22823984526112184,1.597678916827853,0.559322033898305,0.01,224,False,6.510949226990046,10,-716.5380209245965,-0.76223650914358,-0.12265568025206186,170.39407472564957,0.18114521347140916,-0.7150607809614833,-115.22812556849748,-0.12265568025206186,0.09791280522201627,4,13.71888024604693,14.61472382346629,False,0.237801860822094,0.5006354964675664,-1.9064138980300962,-0.30697063413581926,4016.8388860914492,-13.596918817082726,8014.511350046595,118,0.22823984526112184,1.597678916827853,0.6779661016949152,1.0,0.0,50,0.5,0,3.8278340130278217,-0.09188465515739677,0.6663988870770248,0.6523028406427549,-0.31567143121619157,0.2703727893009762,0.5,1,1,38,33.4161501612417,229,11
True,True,4.0,1.7,30,2.2,-338.43546675042126,10,14,150,True,trend_state_tp,96,2,0.005,71.87795357938806,44.25160740608149,3,0.0005,53.57094468935388,4,-232.3760652938817,-0.38181077036184974,-0.2313898145695218,64.28075893016141,0.10299190472558561,-0.808912371310398,-140.33159991619115,-0.2313898145695218,0.15641872834233217,14,67.06235484980492,110.74960823056145,False,0.2766238375233126,0.12443868678860273,-9.945352401124595,-3.7572085708090093,11175.747109099062,-66.93817316002318,55867.08294048436,477,0.9226305609284333,6.458413926499033,0.31027253668763105,0.006,1030,False,30.985589096178142,4,-245.21157337683525,-0.327618998808062,-0.13284245179829987,173.28890153716128,0.22871880313000112,-0.7564199543238121,-98.69253918262683,-0.13284245179829987,0.15641872834233217,12,47.86797398079268,64.87807738417061,False,0.7066913651373831,0.38070147734820314,-6.09069322865539,-2.1401175023988754,15569.927548851338,-47.07634119011286,31137.224558506845,477,0.9226305609284333,6.458413926499033,0.350104821802935,0.04,0.003,30,0.25,0,13.56003574277381,-0.052744536988479786,1.4707367140980543,0.4819645416963848,-0.1534383063380146,0.3641090032372128,0.3333333333333333,3,3,39,32.51611404005064,607,11
True,False,5.0,3.0,20,2.2,-70.37412208649422,10,80,130,False,range_bb_reversion,24,2,0.012,67.03788619364815,35.92003191219895,48,0.005,13.491220475602118,16,-512.6920129760005,-0.5821960562757961,-0.21522962666996132,257.68366742015667,0.28934921403806146,-0.7227233483810089,-188.32330544077644,-0.21522962666996132,0.18003062293496655,8,25.49803212581534,29.242045376943505,False,0.5026090925902897,0.36553388552021077,-3.128555944377149,-0.5086729918327677,3314.674560299187,-25.046999623623257,16464.579482539637,133,0.2572533849129594,1.8007736943907158,0.42105263157894735,0.025,297,False,9.126175163023397,16,-537.9338369212674,-0.5841683518166493,-0.1458296076273364,342.955560341295,0.37155382813709853,-0.6651383684966097,-133.916895319641,-0.1458296076273364,0.18003062293496655,8,19.45485743201755,21.43230555737201,False,0.6375422715628323,0.5401399800740662,-2.0486645941071684,-0.33267191862245543,3804.0214576208086,-17.81094707751226,7580.0033563127745,133,0.2572533849129594,1.8007736943907158,0.45864661654135336,0.08,0.002,10,1.5,0,6.982471734041303,-0.07382786921443132,0.7993343839179455,0.49254947103917357,-0.28364048514561807,0.304253243719539,0.25925925925925924,3,3,40,32.50433255203751,211,11
True,False,5.0,2.2,30,2.5,-6.38254393788414,10,30,400,False,channel_reclaim,120,3,0.025,61.142031625151795,34.906034347589305,48,0.0005,10.60133044780643,32,-815.5504273778222,-0.8939798040241619,-0.19579280331336504,194.44115686945352,0.2142535304374204,-0.6880485483564082,-179.25572930203847,-0.19579280331336504,0.2602143605447659,5,18.931759597717654,20.81563138635859,False,0.23841708659834257,0.40595341772150234,-2.3175809999088886,-0.5185590063399566,2364.9523869648024,-17.92557293020388,11746.863488181325,100,0.19342359767891681,1.3539651837524178,0.63,0.01,973,False,7.603196769093099,32,-854.6094908141062,-0.9127764356740546,-0.12898868424829296,289.0207995889011,0.31189192592869797,-0.6068182723721226,-122.68610495618145,-0.12898868424829296,0.2602143605447659,5,14.555386399059165,15.54560873429482,False,0.3381904866438801,0.6012275318113423,-1.464112763200598,-0.4030854730003272,2658.3146196764224,-12.268610495618137,5297.391395983033,100,0.19342359767891681,1.3539651837524178,0.64,0.2,0.001,20,1.25,0,5.334339415129536,-0.1359647167969913,0.9490334859004712,0.6282470132621261,-0.7246643431230985,0.09351726575682386,0.2,3,3,41,32.388694486083594,162,11
True,False,4.0,4.0,14,2.2,-12.688392395137669,16,8,150,False,trend_bb_reversion,24,1,0.012,59.27174626928545,31.48145050915812,6,0.0005,7.324551652159564,17,-602.5426110080547,-0.6401247065655309,-0.18503522854340065,429.671718811938,0.4625921055650155,-0.6400629815673811,-176.5493955267879,-0.18503522854340065,0.08824240470626159,6,12.487432655275843,13.226135295813805,False,0.7130976481366132,0.501095644636539,-1.5752097055264531,-0.19582129294309805,1938.363294751844,-11.122611918187657,9645.906772095666,63,0.1218568665377176,0.8529980657640233,0.4126984126984127,0.08,338,False,5.456063450699325,17,-600.2698267429491,-0.6238139574196305,-0.09661526030658812,576.23584671304,0.6063163358441352,-0.4641436616040804,-96.05310954752522,-0.09661526030658812,0.08824240470626159,6,9.2948525714162,9.6561466295343,False,0.959961372437597,0.7199710293281979,-0.7630597750468492,-0.09567136822934981,2212.9527844201243,-6.051345901494103,4418.231101958047,63,0.1218568665377176,0.8529980657640233,0.42857142857142855,0.08,0.001,100,1.0,0,4.583608541960878,-0.03749528593411197,0.9840881162625158,0.4919436623982078,-0.2739674366613066,0.4139589617478611,0.3333333333333333,3,3,42,29.649114631192262,102,11
True,False,5.0,6.0,55,1.5,-29.714291859022694,40,80,300,False,channel_reclaim,72,4,0.0025,65.18649101404279,22.818154036489712,36,0.0005,8.63815628496122,46,-714.0407253654516,-0.7705145905319255,-0.22946098622014763,580.7307000492596,0.6322169762023137,-0.7191699537856854,-214.62888984834876,-0.22946098622014763,0.26150374728019987,6,15.107434473980883,16.207166108995914,False,0.8133019300153181,0.5106779560561299,-1.7018017955196478,-0.28129924136337353,1775.9224898776572,-15.024022289384389,8813.261079422658,70,0.13539651837524178,0.9477756286266924,0.38571428571428573,0.006,548,False,7.334870706904959,46,-750.6965627283238,-0.7935036547334834,-0.16411630382739334,679.5483573375099,0.7257071922812166,-0.6479499047038484,-158.16652441533546,-0.16411630382739334,0.26150374728019987,6,12.277924442840945,12.939059156437002,False,0.9052237496169776,0.640280213143716,-1.1450873457490547,-0.2072891847070203,1991.035119105677,-11.071656709073476,3963.8885280991617,70,0.13539651837524178,0.9477756286266924,0.4142857142857143,1.0,0.0005,100,0.0,0,3.721015377752927,-0.06583635742604158,1.0293900014980595,0.4345895192151877,-0.5150775912180537,0.29705570736391723,0.2,4,4,43,28.195142405509685,127,11
True,False,5.0,1.7,55,1.5,-162.2013820275111,16,8,400,True,trend_state_tp,48,1,0.008,62.6363174514201,31.032151513062168,18,0.005,18.88579409861927,2,-217.53441914305327,-0.25997668702551163,-0.1812931641076928,105.01238753103848,0.12246183134249139,-0.7419914347946948,-151.1731144206325,-0.1812931641076928,0.03521637521154001,15,31.71171627867077,38.06085157574216,False,0.4827391818946181,0.12504689651487105,-6.54788626411459,-1.4443787694408623,4371.7207717353485,-31.59518091391213,21722.34903018784,209,0.40425531914893614,2.829787234042553,0.20574162679425836,0.01,808,False,12.363169731176793,2,-199.5370444626687,-0.22341931291132228,-0.11451800975630533,151.555536770441,0.16900090018175604,-0.7215056446925073,-102.10465349845643,-0.11451800975630533,0.03521637521154001,15,21.618670672965003,24.289606410804357,False,0.7595358404679361,0.2917422433585448,-4.507222476580281,-0.9015615656439256,5051.104988814483,-21.339872581177392,10069.607565804148,209,0.40425531914893614,2.829787234042553,0.27751196172248804,0.12,0.001,100,1.25,0,2.961841982067234,-0.05728712383435089,0.6616933168197094,0.36320305285423166,-0.22700105217734184,0.0,0.0,3,3,44,28.03549353265155,353,11
True,False,5.0,1.7,20,2.0,-78.26088359814324,55,10,50,False,range_bb_reversion,18,1,0.0,62.181468870519474,44.210995615065784,48,0.0025,17.45228954356971,10,-457.8604663497902,-0.5394599464602129,-0.23619399810395467,82.3044772659529,0.09783806095511233,-0.7337795561166277,-200.81645869816072,-0.23619399810395467,0.12370053993069546,5,29.414746287155026,34.6674095406956,False,0.17975886392225662,0.16320212645573295,-4.145453217959664,-0.5752857999562986,3738.103573988363,-29.118386511233492,18563.446034332846,145,0.2804642166344294,1.9632495164410058,0.47586206896551725,0.08,422,False,12.019458571744494,10,-503.1707642760832,-0.5635060002383762,-0.16128497476114695,171.77516300866768,0.19392320358238022,-0.7097311835795167,-144.75120289038796,-0.16128497476114695,0.12370053993069546,5,21.60272918648836,24.175722209031658,False,0.34138542062514765,0.38656878511965265,-2.7939242215793114,-0.3886100119054174,4333.180273860143,-20.988924419106215,8633.016968521104,145,0.2804642166344294,1.9632495164410058,0.5310344827586206,0.05,0.001,30,1.5,0,8.149724384498281,-0.1113718028596045,1.3534658240934792,0.5619425123624728,-0.2528009097006472,0.22681342752598418,0.26666666666666666,2,2,45,28.019081535198254,210,11
True,False,5.0,2.2,40,2.2,-122.84716163501712,55,30,50,True,trend_state_tp,14,8,0.025,65.9540669721628,35.33723371594824,3,0.0,24.044377645493462,9,-284.78401259490585,-0.35754084297037453,-0.14213001487645685,142.2862458947169,0.17711193179510454,-0.7528786637158028,-112.71802439184046,-0.14213001487645685,0.26577484084132486,8,39.02864637826543,49.265993125401124,False,0.49962862942419994,0.33712805577652316,-5.292477441057536,-1.3536869712935746,7719.5240924947875,-38.88771841518487,38441.96133503544,345,0.6673114119922631,4.671179883945841,0.4028985507246377,0.08,642,False,11.084090805901292,9,-291.4707318232555,-0.32357651811039884,-0.06361948351058426,239.31083696440635,0.266457540685233,-0.718377805000364,-57.61914209651752,-0.06361948351058426,0.26577484084132486,8,20.17500317010962,22.332627805209317,False,0.8210458575632276,0.6466267893762203,-2.3460885455287226,-0.5882983656507644,9599.074389998015,-19.878604023298642,19177.625313112134,345,0.6673114119922631,4.671179883945841,0.4405797101449275,1.0,0.0005,30,0.5,0,7.917828126428336,-0.05630395727382407,0.7565606518446528,0.45932101935763864,-0.15325885367658298,0.3992388222994798,0.37209302325581395,3,3,46,26.497835346305045,648,11
True,True,4.0,1.7,30,2.2,-103.40977681152077,16,14,150,False,range_bb_reversion,48,4,0.0025,59.51531334835305,22.938688533542283,18,0.005,27.28711371571285,14,-681.9687115288025,-0.8601905253655499,-0.23050898131602462,125.27490748767713,0.15454807799483608,-0.7362725852653246,-181.04521579982628,-0.23050898131602462,0.2610202272544121,5,41.7640356559151,53.69889598931935,False,0.18369597515235306,0.30039694760208296,-4.173535242144125,-1.0545142863956682,5731.368058655503,-40.5541283391611,28724.08066280239,224,0.4332688588007737,3.032882011605416,0.6205357142857143,0.08,762,False,19.412009379177686,14,-799.1039991062241,-0.9298066693495071,-0.15079954281780675,228.58867910295297,0.265382346699129,-0.6851757712339872,-129.2685927734569,-0.15079954281780675,0.2610202272544121,4,31.316334200845464,37.169635100471304,False,0.2860562321783186,0.5354385884363398,-2.618567442811041,-1.0718904762030412,6975.074108641937,-28.95616478125437,13965.392021511916,224,0.4332688588007737,3.032882011605416,0.6517857142857143,0.2,0.001,75,0.5,0,11.862774977597951,-0.08595254485751978,0.7316766886688513,0.6775813036790106,-0.2934079656751406,0.3365200041405368,0.5384615384615384,2,2,47,26.13517411442409,403,11
True,False,4.0,1.7,14,2.2,-72.9602433980946,8,10,50,False,channel_reclaim,8,2,0.0025,67.89606645116591,24.53045174950627,48,0.0,8.804308087845344,5,-335.68353793302134,-0.3648294759546114,-0.18492395206409273,121.52268765842275,0.13255638421329327,-0.724342056317237,-170.31107335739262,-0.18492395206409273,0.04432266903054235,13,16.009240895594893,17.382851494024713,False,0.3620156305748603,0.20514219065908745,-3.4158936076388025,-0.4238319378237659,2734.5573938650446,-16.009240895594893,13606.421845275025,94,0.18181818181818182,1.2727272727272727,0.3617021276595745,0.08,395,False,5.053508025603538,5,-338.8908784302017,-0.35528588622837215,-0.10120793587749344,202.1735222136692,0.2133647645569279,-0.7145555367256574,-97.13869941911048,-0.10120793587749344,0.04432266903054235,11,9.15384758935022,9.539479386033708,False,0.5965741041782245,0.48184831491318136,-1.8956387704280186,-0.22851587219222128,3147.9690866867327,-9.131037745396403,6283.973239674385,94,0.18181818181818182,1.2727272727272727,0.44680851063829785,0.12,0.001,20,1.25,0,3.425847531463491,-0.07285189250623796,0.7775607848129578,0.4964823946107369,-0.2519742285616701,0.14450833274948216,0.35294117647058826,3,3,48,25.336551228712292,138,11
True,False,5.0,1.3,20,2.0,-93.86861001954512,40,8,100,False,range_bb_reversion,36,3,0.0,61.52184013735112,34.72513955728442,36,0.01,18.571704672367865,13,-449.72086846130503,-0.5248149946493611,-0.2681671478565386,56.79566105204218,0.06595929419449435,-0.7321195960940291,-229.67680236124437,-0.2681671478565386,0.13200096704005157,7,28.312109224005145,33.122530450561804,False,0.12629091740030962,0.09700606698864359,-4.023479095946852,-0.4690790164852881,3156.187092488458,-28.020569888071854,15656.383348478046,122,0.23597678916827852,1.6518375241779497,0.4344262295081967,0.025,198,False,14.547588927185592,13,-675.035263098618,-0.7597631882555222,-0.19597758703656898,116.62910055801567,0.13350750458489724,-0.6963485234925816,-175.378246692382,-0.19597758703656898,0.13200096704005157,5,22.46095885600449,25.279909126540417,False,0.17277482664039281,0.2956369255846721,-2.9106368728628977,-0.4248648726450127,3632.5497322094784,-21.396146096470577,7229.530135425529,122,0.23597678916827852,1.6518375241779497,0.6311475409836066,0.08,0.001,20,0.0,0,6.6568440892709,-0.12102520047700364,0.6253552204255294,0.712948236748791,-0.3135274369918228,0.14482538879243897,0.4375,2,2,49,25.304538795573983,182,11
True,False,4.0,1.7,55,1.8,-33.17171113076869,10,14,50,True,trend_state_tp,24,4,0.0025,71.41911173347602,44.48591211802799,3,0.01,1.7528667577533128,6,-278.00610193842255,-0.28112370017974125,-0.17591427012661934,241.67222654919738,0.24492345008586858,-0.6376259669479456,-174.07043624089857,-0.17591427012661934,0.007333387057780643,9,2.9042228858309307,2.940649265696208,False,0.8693054751824368,0.21732636879560915,-1.5550003227633018,-0.10616166498544521,314.1501235480138,-2.6110565436134783,1559.2476441703225,15,0.029013539651837523,0.20309477756286265,0.2,0.08,470,False,1.3777245387038253,6,-230.71305955971977,-0.232435333409265,-0.12023889805388387,324.9585317466885,0.3285468433676405,-0.5477212662471812,-119.57874129843813,-0.12023889805388387,0.007333387057780643,9,2.3197221188602732,2.341792524811328,False,1.408496477688873,0.3521241194222183,-1.1157032993657001,-0.06857603983159145,336.4653259694521,-1.7936811194765614,670.0130715410055,15,0.029013539651837523,0.20309477756286265,0.2,0.2,0.002,30,0.0,0,1.9156711896937089,-0.060062978190902734,1.0275985872040971,0.38036987522281634,-0.25794758566631454,0.0,0.0,3,3,50,24.39717665830328,129,11
True,True,2.5,4.0,30,1.8,-186.85744427049838,16,10,300,False,trend_reclaim,48,4,0.0025,65.15596210411638,27.89136906425121,12,0.001,31.834315674516287,21,-682.8482373436756,-0.9203218326089497,-0.29203194886844047,596.1869980298993,0.7945399677180875,-0.7660431297306969,-214.236189900771,-0.29203194886844047,0.4002739946812797,9,50.20803065553714,68.76610307099607,False,0.8730885801933177,0.5048471382070203,-3.402438258693091,-1.7743312556908792,7178.754691889374,-49.702796056978876,35847.046418567144,232,0.44874274661508706,3.141199226305609,0.36637931034482757,0.025,299,False,20.191977012679196,21,-766.6904077737757,-0.9260161602752182,-0.19088041493783628,857.8920747299449,1.0343458272911332,-0.7332077125843254,-157.47197683488054,-0.19088041493783628,0.4002739946812797,9,37.4691387384362,45.80004233514385,False,1.1189550123901897,0.6713730074341139,-2.012131089400997,-1.1665945880258959,9271.786638393602,-36.53349862569224,18525.250252286423,232,0.44874274661508706,3.141199226305609,0.375,1.0,0.001,150,0.25,0,12.348085235960271,-0.07963879521441498,0.8728475248552897,0.4115127744002817,-0.3528024353131506,0.39942494174415516,0.2962962962962963,6,6,51,24.18315232303497,448,11
True,False,5.0,12.0,20,2.0,-100.12729349367024,16,30,200,False,trend_bb_reversion,8,1,0.018,59.5088242457597,27.268714417203306,6,0.0,9.332533032819097,6,-277.6681643335895,-0.30217235309962925,-0.19497101495188032,165.51876374756998,0.17768125575219942,-0.7252896400309662,-178.6583186984369,-0.19497101495188032,0.05246192279796921,14,16.793881957653063,18.327275405476747,False,0.596102776653633,0.17148162068118214,-3.7779640075287535,-0.536233458913047,2444.3556221349986,-16.793881957653063,12149.975490226152,94,0.18181818181818182,1.2727272727272727,0.22340425531914893,0.006,612,False,5.9831823961514585,6,-252.21239899853066,-0.26566493115826867,-0.1210857470701615,208.55115361561388,0.2197080439946625,-0.7182412165812385,-114.96368119857271,-0.1210857470701615,0.05246192279796921,9,10.806586032665844,11.38206022459518,False,0.8268869985921226,0.3508005448572642,-2.416160576329958,-0.3132049955399652,2776.6758957971747,-10.806586032665844,5537.282000808074,94,0.18181818181818182,1.2727272727272727,0.2978723404255319,0.12,0.001,10,0.0,0,3.5451974743879453,-0.07457051120843204,0.7716153146185661,0.41160114245993906,-0.2660155438336834,0.13493608796049347,0.23529411764705882,3,3,52,23.48046479671795,184,11
True,False,4.0,3.0,40,2.0,-45.97975422570539,55,80,200,False,trend_bb_reversion,72,4,0.0025,74.03875634325345,38.74867640101788,48,0.0025,12.104740143972904,22,-734.7641402395467,-0.8129976058563864,-0.3008906054531722,201.3399428606946,0.22627836555013645,-0.7109247566664634,-273.4954616104423,-0.3008906054531722,0.12732694012410348,5,19.32006262169633,21.31713524311423,False,0.27401982736263375,0.26619068943798707,-2.6401729725214755,-0.358935894891235,1946.3658154751913,-18.871186851120466,9647.023027247427,69,0.13346228239845262,0.9342359767891684,0.4927536231884058,0.08,1087,True,9.94303601911302,22,-888.8169352915136,-0.9658228862021201,-0.23220663015655046,270.81593983050067,0.29966515547648753,-0.6894591106698221,-216.56599319179517,-0.23220663015655046,0.12732694012410348,3,15.671442378405,16.884321354854663,False,0.30469259650377684,0.4202656503500371,-1.966811530852196,-0.7853289198555329,2213.2415412032597,-14.943053530233882,4400.990143141081,69,0.13346228239845262,0.9342359767891684,0.5797101449275363,1.0,0.003,150,0.75,0,4.953426095068253,-0.13767986496662735,0.9017426911251138,0.5813141669601,-0.5515689867801186,0.14667117234303803,0.2727272727272727,4,4,53,23.34707406911666,136,11
True,False,5.0,1.3,20,1.5,-6.093013726950918,40,30,200,False,trend_bb_reversion,96,6,0.012,63.88125211680378,43.956831931222126,12,0.0025,10.847255268868254,19,-606.2149041904562,-0.668945489999867,-0.17254320996847128,71.13983965235236,0.0787221416523587,-0.7246162704707099,-156.4957709833456,-0.17254320996847128,0.19550326376017407,4,19.184522405105206,21.164158643584567,False,0.11735085884658844,0.2318395016237478,-2.827990211419901,-0.2951361479356685,2982.2797394900444,-19.09248405996816,14830.81569113196,122,0.23597678916827852,1.6518375241779497,0.6639344262295082,0.015,777,False,6.659408679181472,19,-897.4729455995684,-0.9519958427535867,-0.10213105010063374,141.35882549238423,0.15102016473216073,-0.6833283610137789,-97.0615809877361,-0.10213105010063374,0.19550326376017407,4,12.467131070084985,13.179145821298807,False,0.1575076175671765,0.528775573261235,-1.6294956354678067,-0.4414178409166666,3401.0955050878083,-11.841512880503826,6785.303554969496,122,0.23597678916827852,1.6518375241779497,0.7704918032786885,0.2,0.001,75,0.25,0,5.361609929144516,-0.13482121323118093,0.5911357851799807,0.7289130431607549,-0.25452521519816623,0.26213925014297923,0.625,1,1,54,23.018164931804986,236,11
False,True,4.0,8.0,20,1.5,22.84866929172065,20,80,400,False,trend_bb_reversion,24,2,0.0,58.233199359959585,40.66939844753845,18,0.001,3.80614015721431,20,-491.9419566079125,-0.5071400158141737,-0.08368949498732844,484.1080142282925,0.5054590557282822,-0.5124627447551429,-83.77560516731765,-0.08368949498732844,0.09162704488677573,6,6.395935546969545,6.5361198124917586,False,0.9840754742009863,0.7073042470819589,-0.6723397387740089,-0.07375920432873001,1567.5355652299963,-4.607658284202509,7852.9987616458275,55,0.10638297872340426,0.7446808510638298,0.41818181818181815,0.08,201,False,1.9796988560747133,20,-495.70561146380714,-0.5003469197996463,0.0029079481517034957,595.7821447036549,0.6068137896933232,0.003672327051031062,0.4251867941301839,0.0029079481517034957,0.09162704488677573,4,4.4986880866345285,4.579140602280453,False,1.2018870291670174,1.0015725243058475,0.02134772630961149,0.0024160666818706183,1787.3116385058931,0.023385273677136865,3571.023410068726,55,0.10638297872340426,0.7446808510638298,0.45454545454545453,1.0,0.003,50,1.5,0,3.6998216700589035,-0.035923410930840165,1.784016646658057,0.4662548243887957,-0.3694633083049872,0.0,0.0,4,4,55,22.36807508341102,116,11
True,False,5.0,4.0,20,1.8,-69.14739324583434,16,8,50,False,range_bb_reversion,8,2,0.0,63.892607731722634,26.031738137538955,3,0.0005,7.0369897373910995,6,-361.9517814317551,-0.38831615846328743,-0.23385464985381177,139.6773395777392,0.14823434512752293,-0.7128273293421209,-217.5433981108401,-0.23385464985381177,0.035619308566363125,9,14.550110934211736,15.65930632509387,False,0.3859004064718906,0.15600229197799836,-3.0011018390489697,-0.2917818816245649,1830.0260152292929,-14.357864275315382,9087.404874011281,66,0.1276595744680851,0.8936170212765957,0.2878787878787879,0.025,453,False,4.783733451974457,6,-414.77657188292727,-0.4337100756086177,-0.16101145761001284,179.54992440765238,0.18691436535372447,-0.6945988897597019,-153.63311139161198,-0.16101145761001284,0.035619308566363125,4,10.473822608113318,11.00181902961578,False,0.4328834765005272,0.33928704914906194,-2.067145347545748,-0.19453003205355354,2058.1792710628374,-10.13978535184644,4100.179404257417,66,0.1276595744680851,0.8936170212765957,0.4393939393939394,0.08,0.0,20,1.5,0,4.098612242577444,-0.0747201454802924,1.493202799112009,0.45116848392249465,-0.3019313268495116,0.12843615281445017,0.16666666666666666,2,2,56,21.377360546639615,120,11
True,False,5.0,6.0,55,2.2,-161.26257247247716,55,14,50,True,trend_state_tp,8,2,0.025,66.94835331852543,42.600291615298126,36,0.001,19.185613660481284,3,-208.7856417374958,-0.2504883153296662,-0.14678401438890457,180.9255238382355,0.22498612105910887,-0.7425873591423164,-123.78691015101944,-0.14678401438890457,0.06608107019099041,19,30.08021916669779,35.6685154965038,False,0.866561140567853,0.2417249497373485,-5.238856176020717,-1.3287167133135924,5607.179086570893,-30.08021916669779,27913.61624685771,243,0.4700193423597679,3.2901353965183753,0.21810699588477367,0.025,767,False,10.132793205785749,3,-206.57552783499327,-0.2274049757355083,-0.06844303527782691,202.61736108471,0.22703915992586324,-0.720085011191782,-63.442212780776046,-0.06844303527782691,0.06608107019099041,8,15.492376612586508,16.7215701419873,False,0.9808391304053937,0.5276666207877118,-2.461023302337869,-0.6209369977616405,6690.439169823473,-15.416457705728694,13363.444852280407,243,0.4700193423597679,3.2901353965183753,0.3497942386831276,0.08,0.0,50,1.5,0,5.952716752752415,-0.04554214726661013,0.8232178421927663,0.343934629757711,-0.12936544358144136,0.266112618622657,0.18181818181818182,3,3,57,21.01243248475803,383,11
True,True,5.0,1.7,80,1.5,-28.25762041491577,30,14,200,False,channel_reclaim,8,1,0.012,71.38681593951952,34.63403460766611,18,0.01,3.4146916259067406,6,-217.93780718815933,-0.22526995690687282,-0.11612880853410529,120.46705953312744,0.1239817178859832,-0.6976462716838416,-112.18628633775721,-0.11612880853410529,0.03183173503102587,9,7.349921703408022,7.615773484236908,False,0.5527588860666139,0.2512540391211881,-2.7037513760305316,-0.29405332621738073,1357.7391741460206,-7.179922325616456,6790.944498040572,64,0.12379110251450677,0.8665377176015474,0.3125,0.01,37,False,1.8630860771584032,6,-224.55613340403966,-0.22711736721687328,-0.05437351763058813,152.51693144801118,0.1541104387666526,-0.6015671804223229,-53.694900892954124,-0.05437351763058813,0.03183173503102587,4,4.056451725499732,4.1266342775543805,False,0.679192899948942,0.5627598313862662,-1.3184665645620064,-0.15861361002815738,1491.1726315252563,-3.4364736571490937,2986.0940603491026,64,0.12379110251450677,0.8665377176015474,0.453125,1.0,0.0005,150,0.25,0,2.8108201774783454,-0.07379510244202775,0.6608676350322384,0.48459483887048743,-0.3207230191486953,0.08570050311143854,0.125,2,2,58,21.004724054750255,185,11
True,False,4.0,3.0,14,1.5,-78.71337598612098,12,8,80,False,channel_reclaim,48,4,0.025,67.58059835466157,37.11482419059039,18,0.01,13.213917103783587,14,-367.8679286259648,-0.411280170840727,-0.22269886663073893,137.0625805239834,0.15446374178923716,-0.7301957885256627,-199.55775890931545,-0.22269886663073893,0.12192763316947378,8,20.960628793156648,23.3923184505249,False,0.372586381846143,0.18629319092307148,-3.2125743943796885,-0.34418562454265195,2985.4422947458734,-20.953564685478153,14837.292591030557,105,0.20309477756286268,1.4216634429400388,0.3333333333333333,0.006,818,True,9.059545773501707,14,-533.0503512074433,-0.5746602709835023,-0.13944713915570553,170.81407309896252,0.18696270971514206,-0.7048155100884347,-130.84210874664,-0.13944713915570553,0.12192763316947378,4,14.066388390099544,15.030605372510093,False,0.3204464131991315,0.4272618842655083,-1.9612084446141704,-0.2047560318093557,3451.545612402215,-13.738421418397134,6882.503855704661,105,0.20309477756286268,1.4216634429400388,0.5714285714285714,0.08,0.002,100,0.0,0,3.9741965925677016,-0.12186566092820778,0.6167538880805378,0.6202941176470588,-0.2738062783049453,0.20464207402153192,0.42857142857142855,2,2,59,16.895754881249708,190,11
True,False,4.0,8.0,40,1.5,-149.31872067126812,30,30,150,False,range_bb_reversion,36,2,0.0,77.7964445700811,30.690830487830613,6,0.0,17.021862225092725,25,-650.5759489179087,-0.7643049045801726,-0.3560084616614324,473.36980338394557,0.5305781001049749,-0.7293342103337553,-296.17863963354023,-0.3560084616614324,0.229672012249174,11,33.65268073483607,40.68986007422017,False,0.7276165129855985,0.3350865520328415,-3.326988399523405,-0.705260515417027,2937.116218642072,-32.87582899932297,14535.502449048521,111,0.21470019342359767,1.5029013539651837,0.3153153153153153,0.08,874,False,14.459410040076309,25,-683.5101590213854,-0.7735861080312828,-0.2955359665051645,569.9068788945001,0.6228235159002734,-0.7012086336772073,-254.41243432946064,-0.2955359665051645,0.229672012249174,8,29.80351869630704,35.05912951377893,False,0.8337943063062345,0.4340299128717386,-2.633093127886912,-0.5760634211888412,3362.8129348661114,-28.239780210570082,6675.799130508247,111,0.21470019342359767,1.5029013539651837,0.34234234234234234,1.0,0.001,100,1.5,0,9.02002748203283,-0.08222871522139218,0.9215840692509526,0.45252590843499935,-0.42952511819203953,0.2551517775207972,0.23809523809523808,3,3,60,15.115205085785199,218,11
True,False,4.0,4.0,30,2.5,-117.19221738421224,10,14,50,False,range_bb_reversion,12,6,0.008,68.95363941814763,42.427231057497046,24,0.0005,15.501783941295466,9,-473.5127864937123,-0.5384226159524237,-0.29346338362215085,329.97759826148683,0.38017450528609964,-0.6760540918957471,-259.24868389232586,-0.29346338362215085,0.07228624385526634,10,25.31467772328897,29.039620365367163,False,0.6968715685692862,0.2534078431161041,-3.2970307627356443,-0.47719787621078247,2839.8469568590763,-23.332381550309307,14096.612213268485,90,0.17408123791102514,1.218568665377176,0.26666666666666666,0.015,363,False,12.256184753613468,9,-490.2739244462569,-0.5412492808271726,-0.21144310207114814,398.313455126305,0.44816925544090086,-0.6029791836004196,-194.078131255403,-0.21144310207114814,0.07228624385526634,10,21.033830020845258,23.461919878162384,False,0.8124304297361576,0.40621521486807877,-2.3012322461203283,-0.33103150063307896,3311.2944136178876,-17.467031812986317,6594.247106475874,90,0.17408123791102514,1.218568665377176,0.3333333333333333,1.0,0.001,10,0.5,0,3.4279834863360463,-0.0797705026569804,0.7821879423973911,0.4582667332667333,-0.23743175771979277,0.28420072423313403,0.25,3,3,61,14.398615449261563,143,11
True,False,2.5,6.0,30,1.5,-52.7196140767258,40,30,400,False,trend_reclaim,96,2,0.0,73.36160606822027,35.06626247272581,3,0.0005,7.392424866694171,36,-952.9641206956647,-1.0,-0.2473193131928321,1309.642010809625,1.370944163442579,-0.6415594612233508,-234.6764599003347,-0.2473193131928321,0.18405995648319767,8,16.658584963196216,17.83598885596165,False,1.3742826013780929,0.639201209943299,-1.1893475363987327,-19644644953457.75,2691.8744982161143,-14.784616973721132,13398.941433676848,63,0.1218568665377176,0.8529980657640233,0.31746031746031744,0.015,669,False,4.399110133891424,36,-987.4343488008169,-1.0,-0.14229857425302297,1670.5050060352573,1.7017594911029779,-0.5568044363191653,-143.64407742428546,-0.14229857425302297,0.18405995648319767,8,11.640980185111191,11.898659278597396,False,1.69176311120227,0.7868665633498929,-0.611909481155461,-10116324548690.184,3255.0842851336083,-9.04957687773001,6498.582401441276,63,0.1218568665377176,0.8529980657640233,0.31746031746031744,0.12,0.0,100,0.0,0,10.0,-0.08904794108788178,0.989334763920573,0.34308191808191807,-1.0,0.0,0.0,5,5,62,13.898982260919965,130,11
False,True,5.0,2.2,30,2.5,-37.119131148274015,40,14,100,False,trend_reclaim,14,8,0.0025,60.180352595288284,25.916763184161024,6,0.0025,7.512359896669403,11,-424.2534348473496,-0.4501042924712079,-0.1788917926885104,217.4966907771303,0.22792695698553578,-0.6709826474291447,-167.55338459755762,-0.1788917926885104,0.07381739060359417,7,14.408438668282287,15.479426460812634,False,0.5126574658267355,0.34177164388449033,-2.4948437704011095,-0.2913194686435126,1670.968742503916,-13.404270767804599,8413.427225776015,80,0.15473887814313347,1.0831721470019344,0.4,0.025,152,False,5.256915245616123,11,-450.7356345284442,-0.46652973035850465,-0.12012028395060756,274.14286318571834,0.28246366728019195,-0.6257069290588896,-115.47932933564401,-0.12012028395060756,0.07381739060359417,5,10.578304226413328,11.099597770952895,False,0.6082120919339432,0.5233452884082765,-1.6430683455303121,-0.1970022472549075,1858.7068460533762,-9.238346346851497,3732.1583811838645,80,0.15473887814313347,1.0831721470019344,0.4625,0.2,0.0005,100,0.0,0,4.050866123486869,-0.09118733504994884,0.7474948871678769,0.4410718888589702,-0.30951360400240147,0.07252665968683937,0.2,3,3,63,12.660702588898326,169,11
True,False,4.0,12.0,55,2.5,-218.33284333623848,16,80,300,True,trend_state_tp,24,8,0.018,69.30627172872111,23.838093590776314,6,0.0,28.293821853858542,11,-299.2869693587543,-0.38590960380210576,-0.21173249790946003,386.25075024153693,0.48826228614966327,-0.7557765915533867,-162.69486733313232,-0.21173249790946003,0.25360625352566685,18,43.671461152331986,57.02142438046671,False,1.2905698870522473,0.3211277183745028,-4.530385882670497,-1.2014574719413649,6836.832175376354,-43.27683471061322,34001.899911639615,266,0.5145067698259188,3.6015473887814315,0.19924812030075187,0.025,324,True,17.07443097007752,11,-327.46005710520086,-0.38062495725699974,-0.12435141369954869,379.1042206923426,0.44068543534880705,-0.725086784832495,-106.99075237889973,-0.12435141369954869,0.25360625352566685,17,29.05817782493269,33.92131917326849,False,1.1577113375099375,0.5250821913296438,-2.5383820977936837,-0.6743337926861246,8488.858836365414,-28.459540132787225,16937.76417846952,266,0.5145067698259188,3.6015473887814315,0.31203007518796994,0.2,0.001,75,0.5,0,9.882751592565198,-0.07493395654636918,0.7733535543391358,0.3886410750663281,-0.24181938619418755,0.3082102185669299,0.2631578947368421,4,4,64,11.371259396787835,513,11
True,True,2.5,1.3,80,2.5,-149.3833207383128,10,80,150,False,channel_reclaim,36,2,0.0025,71.50062171773008,26.2246134968793,6,0.0005,24.36003211410826,7,-598.7107525634902,-0.7465566164610985,-0.365030636557001,71.07003725027052,0.08762730570209781,-0.7537917788334304,-292.376902958747,-0.365030636557001,0.07333387057780644,8,37.71662048167838,47.088952115853125,False,0.11870512922303646,0.1000514660594165,-4.594133673896673,-0.7151524500434638,5282.072162195182,-37.71662048167838,26378.589828532833,129,0.2495164410058027,1.746615087040619,0.4573643410852713,0.04,1111,False,17.514905983669006,7,-838.8084851725107,-0.9800923510479359,-0.25103896430353845,204.5951930201554,0.24130877739397666,-0.7365003162271065,-216.001638499369,-0.25103896430353845,0.07333387057780644,5,27.978579616349307,32.549434297217964,False,0.24391168739557756,0.3611769217203745,-3.0435738513920922,-1.9059547190233472,6732.52489743443,-27.86421136641862,13448.273453724016,129,0.2495164410058027,1.746615087040619,0.5968992248062015,0.05,0.0005,10,1.25,0,8.334758830196904,-0.18315298286373308,1.3428620386076782,0.6295683848315426,-0.5477633246618646,0.17861413482716545,0.3333333333333333,2,2,65,10.439314180182457,173,11
True,False,3.0,3.0,80,2.2,-201.71666660282128,20,80,100,True,trend_state_tp,18,6,0.008,69.97870389955743,38.41911868643764,48,0.0,27.800575561737475,6,-405.4919512892052,-0.5237818943932364,-0.2694258912339631,244.70997071562036,0.31983218275168696,-0.7540353717447069,-209.4511707852377,-0.2694258912339631,0.11137077927310823,16,42.01334879144693,54.18927367167772,False,0.6034890950057062,0.26049888993052067,-4.787991697841919,-1.0227237916404306,6744.234936169107,-41.680782986262265,33546.457188323184,199,0.3849129593810445,2.6943907156673115,0.3015075376884422,0.04,563,False,17.02922984335979,6,-442.99267676308995,-0.5175021956310998,-0.1579994874548245,369.4176302582946,0.43637832339661753,-0.7240177496167176,-136.8078876846787,-0.1579994874548245,0.11137077927310823,9,27.77510803088982,32.20387682637081,False,0.8339136280030587,0.5043832427437853,-2.6769369627853012,-0.5693675010235402,8595.385506131182,-27.22476964925116,17153.506340464897,199,0.3849129593810445,2.6943907156673115,0.3768844221105528,0.05,0.0005,75,1.25,0,5.427989252289305,-0.11542535002143056,0.7872434399933834,0.4443773395092856,-0.7782202087462757,0.0,0.0,3,3,66,10.205112450106446,192,11
True,False,5.0,1.7,14,2.2,-10.554758921219271,30,20,400,False,trend_reclaim,48,3,0.0025,64.18501199347129,40.280274698335155,48,0.005,9.600679166647556,19,-653.6593132503641,-0.7099034457282857,-0.18345897193394953,121.39848717077398,0.13240771234265225,-0.7142767871300876,-169.24818798715282,-0.18345897193394953,0.15134176807156097,5,16.48331936386037,17.89381272410496,False,0.18572134552342257,0.30953557587237085,-2.5318459815019763,-0.31653066112224065,2336.247237919534,-16.247826046766626,11611.620796603005,96,0.18568665377176016,1.2998065764023212,0.625,0.025,409,False,6.48794592243342,19,-692.0952326386105,-0.730385592429521,-0.11435184642624441,210.02330394996767,0.2234731110594234,-0.6824896151690066,-109.47701109182037,-0.11435184642624441,0.15134176807156097,5,11.055120771226006,11.589652399276423,False,0.3034601223147494,0.5533684583386608,-1.5291076617995547,-0.20236323840992831,2624.1562936729656,-10.509793064814803,5232.5307013793645,96,0.18568665377176016,1.2998065764023212,0.6458333333333334,0.08,0.002,50,0.0,0,3.5878807696629207,-0.11729580584370745,0.7148674552052549,0.6521291987869527,-0.3908623969767664,0.21694153346722206,0.5,1,1,67,9.846470182792714,155,11
True,False,4.0,1.3,14,2.2,-41.713364080581954,40,10,200,False,trend_bb_reversion,36,6,0.025,71.42026614891395,30.13621939077215,48,0.001,12.771230814970503,13,-543.742316621761,-0.6048480478961203,-0.21636248383494985,69.29551995059413,0.078350702694214,-0.7250879463705453,-195.1521742570885,-0.21636248383494985,0.11411072608590539,6,20.016289914992477,22.207431405638964,False,0.12744183748861615,0.1679915130531758,-3.064986849927979,-0.3077411786048575,3121.5608419900914,-19.90552177422309,15523.85290258842,102,0.19729206963249515,1.381044487427466,0.5686274509803921,0.04,535,False,8.523874811861269,13,-819.3021362971624,-0.8795140689838095,-0.1274677014682444,156.8415065293668,0.17129044453108966,-0.643579812632966,-120.68952917621503,-0.1274677014682444,0.11411072608590539,3,13.771573035837182,14.68952330144994,False,0.19143304964175034,0.4818831939257854,-1.7531038616246495,-0.29806930885008026,3646.1752716261412,-12.31033197597391,7275.016673283471,102,0.19729206963249515,1.381044487427466,0.7156862745098039,0.12,0.001,50,0.25,0,6.097609372607949,-0.14903035322618718,0.6260409499620846,0.6517535265320971,-0.3413143286339293,0.23177760576253345,0.5,2,2,68,9.261127900709175,182,11
True,False,5.0,4.0,30,2.5,-116.56975523481117,30,20,150,True,trend_state_tp,48,4,0.0025,67.64276909415815,43.46941579907687,48,0.01,17.92463502531783,7,-276.14826133618226,-0.3271382977848924,-0.1587248242612173,299.82667846418775,0.36302672116507007,-0.7358405662859832,-135.59935258106805,-0.1587248242612173,0.13127568700136996,10,28.50719903757567,33.40810029892331,False,1.0857453058492352,0.3504620923943734,-4.229441993389861,-1.1482543008367174,5282.450326597303,-28.340264689443185,26297.043541901498,209,0.40425531914893614,2.829787234042553,0.24401913875598086,0.006,63,False,9.391839517210256,7,-248.45018246443414,-0.2716112245405392,-0.07525673756645755,416.5247852542968,0.4612117714877298,-0.7042066432587775,-70.27507149673588,-0.07525673756645755,0.13127568700136996,10,15.074506165536366,16.185385256041855,False,1.6764921688633603,0.6136180487343019,-1.9649813489498162,-0.5163290374048196,6302.695172370044,-14.68748994281782,12588.637570570405,209,0.40425531914893614,2.829787234042553,0.2679425837320574,0.05,0.0005,20,0.0,0,5.703756027070353,-0.07790108775864735,0.7441506927712904,0.29589578571271935,-0.3278722368921233,0.0,0.0,4,4,69,8.670734354849461,216,11
True,False,4.0,3.0,30,2.2,22.266153738341615,10,20,150,False,trend_reclaim,48,2,0.0,58.14074101050074,24.042846509857903,36,0.01,3.9205878435500723,23,-739.3430866272989,-0.7669597606748103,-0.1157802780276813,395.00260934135287,0.4107052611338273,-0.7167902900953061,-112.1166429740444,-0.1157802780276813,0.1582722217745185,5,9.52991465279374,9.84132363235291,False,0.5342615850284845,0.6607972235878625,-1.167923134000351,-0.19305591248358792,2587.6996027838168,-9.52991465279374,12903.935981692191,85,0.1644100580270793,1.1508704061895552,0.5529411764705883,0.01,60,False,2.201874275710089,23,-768.7277192708915,-0.7669506199399382,-0.02515826604786533,544.3460862309091,0.5466400067439409,-0.26238085002064643,-27.227217340462914,-0.02515826604786533,0.1582722217745185,5,6.252837972265233,6.38828792366515,False,0.7081129931768303,0.9186330722294012,-0.23457470597070995,-0.04101719238277527,2985.098715030542,-2.3143134739393427,5971.5655699465015,85,0.1644100580270793,1.1508704061895552,0.5647058823529412,0.12,0.0,10,0.25,0,7.015374984177529,-0.11960121927766024,0.807564706363375,0.5031082007088199,-0.5804441605812065,0.13696103357833045,0.2222222222222222,3,3,70,8.490961482523142,187,11
True,True,3.0,8.0,20,1.5,-63.59752820675968,30,10,400,False,trend_reclaim,8,4,0.008,75.18906856838521,34.50764556519878,6,0.001,7.316171634423852,6,-408.684108208796,-0.43714456006092545,-0.23319363415947478,290.5598370193091,0.3149244792006737,-0.7046500053320348,-219.0586315367675,-0.23319363415947478,0.032073495043919736,8,13.218613124559678,14.097384040832583,False,0.7109643638770085,0.2645448795821427,-2.3924671527196777,-0.24392439416921982,1757.7924390967385,-12.924459260669305,8765.166636920187,59,0.11411992263056092,0.7988394584139265,0.2711864406779661,0.006,531,False,5.043011146859318,6,-421.09788015536105,-0.440937761359465,-0.1532838542131396,346.4755910532621,0.3672327396706876,-0.6816083408446635,-147.89376328449518,-0.1532838542131396,0.032073495043919736,7,9.164534076352195,9.526820874452852,False,0.8227911072015666,0.4547003487166554,-1.521511263457787,-0.15108450419113478,2002.824524198217,-8.7257320337852,3996.2876380801135,59,0.11411992263056092,0.7988394584139265,0.3559322033898305,1.0,0.0,30,0.75,0,5.155836478559758,-0.07213682661426565,0.8398785980940852,0.41915151099643083,-0.3395016479663092,0.048674930332384375,0.25,3,3,71,8.074461378804013,159,11
True,False,5.0,12.0,80,1.8,-98.7681133135934,10,80,400,True,trend_state_tp,18,8,0.005,76.82361152292127,31.58966140421751,3,0.0005,13.01105415075699,9,-258.4419343147364,-0.29251077170618467,-0.13019122822360574,260.4493477705442,0.2966490527861389,-0.7251751393177982,-115.48209129124074,-0.13019122822360574,0.15053590136191475,13,22.86587616079639,25.817482243439635,False,1.0077673674016197,0.383235477744278,-3.3068158133958927,-0.7083549137617136,4689.798589604032,-22.634489893083153,23359.404859341397,196,0.379110251450677,2.653771760154739,0.2755102040816326,0.015,1141,False,5.942955551361009,9,-266.3806582770187,-0.28034898136648484,-0.05340144123575499,288.0142684680986,0.304936780023292,-0.6843120008471802,-51.41119688605488,-0.05340144123575499,0.15053590136191475,13,10.563959308064527,11.011012810586607,False,1.0812131418662623,0.6847683231819667,-1.313790430973013,-0.2813505027130636,5495.083534300983,-10.076594589666653,10981.029644565619,196,0.379110251450677,2.653771760154739,0.3877551020408163,0.12,0.003,50,1.25,0,8.66237078607922,-0.0660494008117627,0.8349768320259614,0.39155343140907795,-0.29870244089928344,0.18357819242671644,0.2413793103448276,2,2,72,7.717727594138594,323,11
True,True,2.0,6.0,20,2.0,-118.50522916924304,12,50,150,False,channel_reclaim,18,3,0.025,74.59143255699477,34.84535176833163,12,0.0025,16.800852367064522,12,-631.2986479584232,-0.7358959756628576,-0.22237277324198065,667.7725563320919,0.7625815658275703,-0.7331759100333303,-186.11132513976352,-0.22237277324198065,0.1848658231928439,10,33.74944837739919,40.53548520545766,False,1.057775996339645,0.5514900493736611,-2.4135322936311567,-0.6633672112559542,7602.615128442018,-33.12781587487797,37991.65924042132,178,0.344294003868472,2.410058027079304,0.34269662921348315,0.015,633,False,9.089324356737936,12,-786.836978463227,-0.8143008166722243,-0.0885021599849842,833.376995380676,0.8635194546307463,-0.5523443047245169,-85.95789989030254,-0.0885021599849842,0.1848658231928439,8,20.041488006348867,21.783396982538072,False,1.0591482329774924,0.8074694449432369,-0.840926952150596,-0.298470905639101,10203.94372650555,-15.300506180473908,20401.510187016007,178,0.344294003868472,2.410058027079304,0.43258426966292135,1.0,0.002,50,1.0,0,13.408730869251503,-0.06765913058680954,0.8611057938531119,0.41663368533946293,-0.23392257401722205,0.48433238873601026,0.35714285714285715,4,3,73,7.457920823129015,395,11
True,True,5.0,3.0,20,2.0,0.4068572121536649,12,30,300,False,trend_bb_reversion,48,6,0.008,77.49582929583282,44.451931018867285,24,0.0025,9.292350305665268,28,-633.7519571343518,-0.6913270080743389,-0.10904440026733006,283.9053123628535,0.3121813160185912,-0.6746394262290867,-101.28415878412147,-0.10904440026733006,0.3715045531469095,5,17.628551405692548,19.156389349382454,False,0.44797544081219653,0.6192601681815657,-1.7242613941856153,-0.3094685569883305,3944.7368571059383,-16.40803372302772,19663.726569585106,162,0.31334622823984526,2.1934235976789167,0.5802469135802469,0.01,1135,False,3.9710583079265294,28,-691.0087834478118,-0.7128485818366695,-0.03406843902361683,393.6684250913236,0.409216552201234,-0.41668610601497075,-34.846027664877994,-0.03406843902361683,0.3715045531469095,5,9.652324068208372,10.04393471112094,False,0.5697010436352222,0.8723547230664339,-0.505454052716684,-0.09875790157123517,4584.38326661681,-5.64505648171033,9148.9789566189,162,0.31334622823984526,2.1934235976789167,0.6049382716049383,1.0,0.003,75,0.5,0,8.739764171530227,-0.10099772541944296,0.8280702714522438,0.5160022441987251,-0.29321973425655196,0.28666835158909787,0.35714285714285715,2,2,74,7.407838990449289,316,11
True,True,4.0,12.0,40,1.5,-252.23083258529476,16,20,300,True,trend_state_tp,96,8,0.025,75.69761870485179,41.20185182682555,48,0.0,41.211515295287526,9,-288.31960848151476,-0.41908947405125646,-0.18313622149758682,248.57050258817043,0.3638463185131927,-0.777734497561158,-126.51710925503431,-0.18313622149758682,0.32895479087758883,15,55.912607390556154,81.34033781919632,False,0.8621352668218096,0.37190148764862374,-5.296261426336699,-1.7484625808061032,9833.833462813012,-55.41449385370512,49111.27814440784,438,0.8471953578336557,5.930367504835591,0.3013698630136986,0.01,194,False,21.974372374393145,9,-335.40867448060254,-0.41002438736196184,-0.0926507236358308,342.03170852481685,0.4223688145065734,-0.7192429171782316,-77.11519511552254,-0.0926507236358308,0.32895479087758883,10,35.12126308890974,42.63839214819253,False,1.0197461620647421,0.6284044614937704,-2.5196434590143086,-0.8507416224873616,13151.975037032194,-33.77645546059894,26278.888009292346,438,0.8471953578336557,5.930367504835591,0.3812785388127854,0.12,0.0005,20,1.25,0,15.280034254631238,-0.04330833611070966,0.9113381525008627,0.43050091841237564,-0.1857424190592493,0.4024270131004449,0.3125,3,3,75,7.2217835389967355,823,11
True,False,5.0,1.7,20,2.2,-56.42756646863318,40,30,150,False,channel_reclaim,48,3,0.0025,72.35572893384494,25.605053357609023,24,0.0,10.26905935142185,23,-594.3068457860447,-0.6483768401195318,-0.294550209601283,133.84358891619925,0.14468284897309489,-0.7112795129272607,-269.4397287650436,-0.294550209601283,0.12047707309211056,5,17.880112728365994,19.59195131150018,False,0.22520956954344765,0.18141881990999953,-2.8880499125537042,-0.3029589746650309,1662.387372542466,-17.513582369727853,8232.490420111895,65,0.12572533849129594,0.8800773694390716,0.4461538461538462,0.04,890,True,8.335384381944907,23,-676.5387493285472,-0.7241844216432853,-0.23265883335544776,201.24591898799815,0.21549685008346303,-0.6915565334952831,-217.3898459014311,-0.23265883335544776,0.12047707309211056,4,14.75448335404913,15.856401288713737,False,0.2974639947641302,0.32625083296711066,-2.2466008209339234,-0.2616803390961123,1856.749585284118,-14.130339983593004,3688.9176510806287,65,0.12572533849129594,0.8800773694390716,0.5230769230769231,0.12,0.002,20,0.0,0,3.732426467151925,-0.12286560734356645,0.7310010714508214,0.6047520661157025,-0.3261376577700658,0.21585936066945344,0.42857142857142855,2,2,76,6.360825902618305,133,11
True,False,2.5,6.0,30,1.5,-190.88612796677432,12,14,400,True,trend_state_tp,12,6,0.012,73.84509910037181,37.9720953811128,24,0.0005,25.593464956585404,7,-442.10033949895603,-0.5592349952077869,-0.30595921359998,303.3927352135445,0.40840837555024434,-0.7498473128924762,-246.97127967487876,-0.30595921359998,0.08509952453864131,16,36.92340714075086,45.78559753192854,False,0.6862531152031854,0.24330792266294743,-4.144040373181486,-0.8613329894824394,5770.835284443747,-36.798720671557035,28698.978772617473,149,0.28820116054158607,2.0174081237911023,0.26174496644295303,0.006,25,False,17.006971719283722,7,-480.70850915060436,-0.5614604528260282,-0.18242490192812333,433.9878723916606,0.5246221834006607,-0.7260527549892727,-161.48561089424348,-0.18242490192812333,0.08509952453864131,16,24.33934417657979,27.54872479879937,False,0.9028088001989032,0.4839799753643606,-2.2919260406725113,-0.4922942105999055,7341.55506136095,-24.06135602324232,14649.662240243259,149,0.28820116054158607,2.0174081237911023,0.348993288590604,0.05,0.0,100,1.5,0,5.482681717772521,-0.13031146629818943,1.2053701185779209,0.3331668331668332,-1.0,0.0,0.0,4,3,77,5.253448133781005,122,11
True,False,5.0,12.0,40,1.8,-95.35509186798677,40,30,50,False,range_bb_reversion,14,8,0.018,62.12344500539895,32.70596552590194,36,0.001,13.851800963076734,12,-363.0081572687615,-0.4171504654440071,-0.1898109060711481,264.86895229325216,0.3093476916823032,-0.7276691534176465,-166.52960597724703,-0.1898109060711481,0.14956886131033928,9,24.726133135767476,28.242905638852648,False,0.7296501386803556,0.33231590474550843,-3.302552783849827,-0.5487093700550809,3654.092388931563,-24.479852078655284,18166.26665888324,147,0.28433268858800775,1.9903288201160543,0.3129251700680272,0.015,695,False,8.657618205535071,12,-398.3574318349971,-0.4347256003293181,-0.11666433393933175,300.690357153969,0.33174991047933755,-0.6627450513140045,-108.27637654025605,-0.11666433393933175,0.14956886131033928,8,17.39327992342545,18.944724131788664,False,0.7548255238238342,0.5353994994564405,-1.963300145579395,-0.32782393741684307,4221.168797969643,-15.91662735141766,8418.933572732476,147,0.28433268858800775,1.9903288201160543,0.41496598639455784,0.08,0.001,50,0.25,0,6.84218729366949,-0.08134354911833921,0.7120727801906478,0.4243789097237373,-0.2812619900624476,0.18065245073571967,0.2916666666666667,2,2,78,1.9672711696316725,267,11
True,False,2.0,3.0,40,2.2,-149.0406091353341,30,10,200,False,trend_reclaim,8,1,0.0,68.59945877294852,40.17541319428458,24,0.005,16.575107118576767,5,-639.9974158605388,-0.7462876591826542,-0.4669930804440935,352.23915325376186,0.42325838928506854,-0.7383547165744612,-403.04539935563116,-0.4669930804440935,0.028044161495688613,8,27.00404175682727,31.288536389754256,False,0.5503758992216273,0.17266694877541244,-3.57458366518364,-0.6161414910547885,2914.2257099566596,-27.00404175682727,14450.43848510976,67,0.12959381044487428,0.90715667311412,0.23880597014925373,0.006,230,False,13.545327768624773,5,-632.583330575046,-0.7169388081892107,-0.3698214514442385,560.1199213430451,0.6511119507468566,-0.7319108544132427,-329.95713232717213,-0.3698214514442385,0.028044161495688613,8,22.10712786592051,24.778037246763972,False,0.8854484370207345,0.30105246858704976,-2.704680951095444,-0.432333639673929,3578.8327618595413,-22.10712786592051,7120.5633025837515,67,0.12959381044487428,0.90715667311412,0.2537313432835821,1.0,0.003,30,1.25,0,3.7096073759518884,-0.10638408991449183,0.7510592747789976,0.4194353626171808,-0.3610748624348508,0.15626775169005339,0.2222222222222222,4,4,79,0.646475325056187,120,11
True,False,2.0,8.0,20,1.5,-76.16035622862759,8,50,100,False,trend_bb_reversion,96,1,0.005,73.59411683541171,44.81937509541836,18,0.0025,15.632189032162774,28,-886.6948976702372,-1.0,-0.20797018012855897,1779.2363579279747,2.0507815283936988,-0.6415872456810868,-194.57812938993214,-0.20797018012855897,0.23587718591344992,8,23.010136614747665,25.400140751232314,False,2.006593657641272,0.7036107630690174,-1.0746216254190195,-25826747762731.793,5200.731624731646,-20.236125456553026,25928.75348849029,104,0.2011605415860735,1.4081237911025144,0.25961538461538464,0.04,497,False,8.739627498315047,28,-954.4396509049279,-1.0,-0.04509096409016294,2503.877185704884,2.6781681383193723,-0.2920094266355724,-56.607395246611304,-0.04509096409016294,0.23587718591344992,8,14.36955285230008,14.904451435559833,False,2.6234002153314733,0.9198935819993479,-0.19604316244091774,-5340527355086.333,6791.477153007631,-5.887169105647597,13584.82087862567,104,0.2011605415860735,1.4081237911025144,0.25961538461538464,0.05,0.0005,10,0.25,0,9.009280974442412,-0.04454748116278839,1.0331457801138475,0.25725436179981637,-1.0,0.0,0.0,6,6,80,0.23521756304033303,122,11
True,False,5.0,12.0,80,1.8,-155.68096882293358,55,20,50,True,trend_state_tp,96,6,0.0,65.07437123674333,32.749316780141235,18,0.0025,19.305802792025027,10,-305.31310010526516,-0.36825699262263584,-0.18049876180865546,353.71669616072825,0.4315930706449205,-0.7385526941362532,-150.61126999587702,-0.18049876180865546,0.177371262793134,15,32.37856924029362,38.88829546923297,False,1.1585375669723132,0.35537962177064814,-3.894496356129711,-1.134331339510898,5779.314035883746,-32.080200509121816,28765.127353074244,213,0.4119922630560928,2.8839458413926495,0.2347417840375587,0.015,881,False,10.499800545325808,10,-289.96895802115114,-0.31879822004810887,-0.09175042860905913,465.1414720865541,0.5150152209263323,-0.6939648324940098,-84.35203339088402,-0.09175042860905913,0.177371262793134,13,18.815036888488233,20.587381614766475,False,1.6041078164395286,0.6002467958289849,-1.8825772621511263,-0.5469863391210223,7000.7489039019165,-17.966983112258255,13979.577392759875,213,0.4119922630560928,2.8839458413926495,0.27230046948356806,0.04,0.001,30,0.25,0,8.089605041461992,0.046238880571965256,1.7142568988836848,0.3506693666346052,-0.4995580743646321,0.06803604450320813,0.12903225806451613,5,5,81,-0.010900610332477356,190,11
True,False,5.0,6.0,40,2.5,-106.74355625918749,8,10,200,False,channel_reclaim,12,3,0.0,58.04028682437164,29.718224229213874,24,0.001,9.826117463836894,10,-302.0004840015861,-0.3331488128392071,-0.18135633400129114,243.81156742275635,0.26878687910425286,-0.7278725820023227,-164.36092320762145,-0.18135633400129114,0.09912160528648561,14,18.90150616887638,20.855978410148474,False,0.8073217770785953,0.27223641320092185,-3.35598653069168,-0.5014369802112988,2785.6652088760407,-18.90150616887638,13847.690135809464,115,0.22243713733075435,1.5570599613152805,0.25217391304347825,0.025,656,False,6.46448738730401,10,-273.42272384815493,-0.2901390234725917,-0.11131890750695014,312.7238392632256,0.3330219867107047,-0.696944328796269,-105.22414486836746,-0.11131890750695014,0.09912160528648561,12,12.496398080035025,13.267696558512345,False,1.1437375608798943,0.46028462815898175,-2.0399586462163946,-0.28578913368042735,3159.3859835177477,-12.100776659862197,6300.878623634607,115,0.22243713733075435,1.5570599613152805,0.28695652173913044,1.0,0.0005,20,1.25,0,4.848523526733073,-0.1124113222402826,0.9816938868416446,0.3609905537781636,-0.5091224632683498,0.0,0.0,2,2,82,-1.2087050348402357,208,11
True,False,3.0,8.0,30,1.8,-225.0771720811191,10,8,300,True,trend_state_tp,36,4,0.008,62.326042343895224,42.74496420375198,48,0.01,30.471504562531692,7,-357.91830426817893,-0.47632718214316383,-0.2661702236044674,316.4213160471954,0.42896433156199004,-0.7603080163326996,-201.37517812353843,-0.2661702236044674,0.13183979369812232,15,45.4305003696422,60.21304712375598,False,0.8840601675685998,0.2672740041486463,-4.932819401669045,-1.2743171798879676,7301.159615468988,-45.10803989967258,36316.72642207702,224,0.4332688588007737,3.032882011605416,0.23214285714285715,0.04,313,False,18.613130410107335,7,-373.65694762762735,-0.44441306561294036,-0.15755448249276796,427.596008644857,0.5146365257142034,-0.7292411570783932,-133.99646517112535,-0.15755448249276796,0.13183979369812232,11,30.56078511700765,36.077894008191144,False,1.1443544977811662,0.48835510414865013,-2.766132177063113,-0.697424106732478,9382.624344490876,-30.015208198332083,18723.97588684223,224,0.4332688588007737,3.032882011605416,0.29910714285714285,0.05,0.003,50,0.25,0,6.4867940986122035,-0.08931063055876505,0.7582933198593469,0.29885918003565065,-0.39484469262881994,0.0,0.0,4,4,83,-1.2604281638954156,207,11
True,False,5.0,1.7,80,1.8,-178.8944998782797,12,14,300,True,trend_state_tp,36,2,0.018,65.13612503975361,35.22969908404542,3,0.0,22.774047103091306,2,-213.4090713289865,-0.26225195571688287,-0.15793955549205008,78.90406344760406,0.09945467882896578,-0.748578111425025,-129.1090287155128,-0.15793955549205008,0.06430816342976872,17,34.487039659695924,42.19264916259354,False,0.3697315346355047,0.1498385692996518,-6.631275150580267,-1.5145797956332512,5653.6368375287175,-34.47211066704193,28124.074458511415,267,0.5164410058027079,3.6150870406189552,0.2883895131086142,0.08,1031,False,13.506335252936282,2,-202.7195237846255,-0.22917050385656856,-0.08502525740645606,145.18553896280963,0.16760043224838028,-0.7269968790632985,-76.32704780522022,-0.08502525740645606,0.06430816342976872,10,20.45558377775986,22.797617224857543,False,0.7161892266334373,0.4086491469614322,-3.789355557988893,-0.8035870207210735,6726.464612733562,-20.379321763993865,13425.622602226436,267,0.5164410058027079,3.6150870406189552,0.36329588014981273,1.0,0.0,150,1.5,0,6.173488303602631,-0.06480838955032352,0.5899867854168809,0.36624247389988673,-0.1241953257473009,0.19744701605850704,0.15384615384615385,2,2,84,-1.9444157699824505,545,11
True,True,5.0,2.2,30,2.5,-149.8373713587274,40,10,50,True,trend_state_tp,96,3,0.012,73.78955220517582,34.56822882088834,36,0.0,21.951418918562805,4,-288.01080606801236,-0.35290482539753826,-0.17930283809985031,97.70179949894333,0.12001093310306003,-0.7449790950720553,-146.42010275862356,-0.17930283809985031,0.08840357804819082,12,34.90011342751123,42.800218796178186,False,0.3392296311127699,0.19675318604540645,-5.950299020716045,-1.4707669474813898,7030.262166643694,-34.70156435379389,35136.261850702984,237,0.4584139264990329,3.2088974854932304,0.3670886075949367,0.01,357,False,10.733030485394776,4,-267.9496586773938,-0.29400100028369497,-0.0783846392442577,221.037357245552,0.24390507936205902,-0.6873520149070628,-71.94220503739443,-0.0783846392442577,0.08840357804819082,12,17.99909694480675,19.729566119380422,False,0.8249212122030604,0.55188390957247,-2.6923793124867306,-0.6186103961800488,8870.455877201324,-17.050302593862494,17738.77984449508,237,0.4584139264990329,3.2088974854932304,0.4008438818565401,0.03,0.001,20,0.0,0,12.270101776705703,-0.029603707694109138,1.4985895229648434,0.41894853601524074,-0.20846678968095497,0.0,0.0,3,3,85,-1.9474764713430552,329,11
True,False,3.0,4.0,20,2.5,-79.21068200012992,20,20,200,False,channel_reclaim,72,8,0.025,58.235347949771864,23.964919287488605,36,0.005,10.944933096649324,28,-812.5803373821725,-0.9011046780591954,-0.3175376723245211,707.1963081925601,0.7822616846369806,-0.7310456044904163,-285.72443358293185,-0.3175376723245211,0.17044080909017648,6,21.42933251871994,23.81532542433908,False,0.8703094028473295,0.46179682600062366,-2.144115657558121,-0.544340264456153,2643.802525471889,-21.42933251871994,13124.943462729798,75,0.1450676982591876,1.0154738878143132,0.3466666666666667,0.015,366,False,7.997562484021291,28,-866.1079205835792,-0.9338622517775607,-0.23297180764165237,870.7360509565914,0.943522866443622,-0.7247242546781862,-217.68617120858227,-0.23297180764165237,0.17044080909017648,6,16.32646284064365,17.47288557312393,False,1.0053435954839136,0.5989280994372249,-1.455461139434443,-0.48981983933570367,3110.4718345893116,-16.32646284064365,6194.483601136882,75,0.1450676982591876,1.0154738878143132,0.37333333333333335,0.12,0.0005,30,1.0,0,7.0,-0.13274942827891342,1.017823427806957,0.417061852289125,-1.0,0.0,0.0,5,4,86,-2.2016619332771725,114,11
True,False,2.0,8.0,30,1.8,-249.88811540737993,8,8,80,False,range_bb_reversion,120,4,0.025,68.14631752806375,42.42828587369573,24,0.0025,35.630406300575586,35,-719.4707435013123,-0.9829644864748929,-0.4378275665464601,1143.3400761356818,1.602039617701869,-0.7561751686224519,-326.6330876594973,-0.4378275665464601,0.4152631154806995,14,48.94337408558941,66.35374086959844,False,1.5891404709128334,0.42468409136463675,-3.082239397757337,-3.7656124584597293,6113.102312892298,-48.01506388594609,30355.7131003841,147,0.28433268858800775,1.9903288201160543,0.2108843537414966,0.08,886,False,28.196510140156956,35,-766.5349842750738,-0.9801092438189845,-0.32677281491086985,1610.0732787855295,2.117969951325946,-0.6961821844759788,-265.3454866228377,-0.32677281491086985,0.4152631154806995,14,42.34559258801781,53.94876489429585,False,2.1004563546544524,0.5613288533990349,-1.9940067857999657,-2.405074359119688,7925.198155504513,-39.00578653355712,15788.173964595257,147,0.28433268858800775,1.9903288201160543,0.2108843537414966,0.05,0.003,150,0.5,0,18.720889559426244,0.061564708963125936,1.6246940516929342,0.2765182443723068,-0.7470604242098569,0.18915748712152855,0.058823529411764705,3,3,87,-2.227841800013458,221,11
True,True,2.0,8.0,20,2.0,-327.0064851151225,40,80,100,True,trend_state_tp,48,8,0.012,77.34011302304549,38.69257902939935,48,0.0,58.65962879121245,9,-389.9187017795541,-0.6665073870451292,-0.2876812590248887,354.8466121640129,0.6629578924221303,-0.8032363309154877,-177.70062845154843,-0.2876812590248887,0.27157708115077767,13,66.52542073402054,108.27056154648237,False,0.9100528149702096,0.3626526255144448,-4.890974433240464,-1.9095940908727724,11730.478162889347,-66.104633783976,58607.514966659306,372,0.7195357833655706,5.036750483558994,0.2849462365591398,0.01,689,False,33.244665475851214,9,-499.68341412089967,-0.6893250739851204,-0.14547831283106694,561.1337689924895,0.809274890083827,-0.7412957418266533,-114.70943637813744,-0.14547831283106694,0.27157708115077767,9,43.84471910847515,56.199750294635685,False,1.1229785763045594,0.6396713409329775,-2.163466453335718,-0.9465160399093164,17641.72350307347,-42.67191033266715,35266.29913030032,372,0.7195357833655706,5.036750483558994,0.3629032258064516,0.08,0.0005,30,1.5,0,17.876471400004732,-0.05113582901812231,0.9014311003823533,0.4159120849055638,-0.27931986562507394,0.3688159475383922,0.28125,4,4,88,-2.7297184920270965,656,11
True,False,4.0,12.0,20,1.8,-167.70448554035852,30,80,150,False,trend_bb_reversion,18,1,0.0,67.33058680660639,39.91352614198556,48,0.0,17.609903695187008,7,-292.0832047172853,-0.347952608347079,-0.24336474769585756,86.27920941661232,0.09945101777203488,-0.7443929943104484,-203.63484816650404,-0.24336474769585756,0.09307760496413893,14,31.35976661764164,37.47817114516207,False,0.29539257315436585,0.09011976808099291,-4.784573971761131,-0.6511473896167812,4809.084306126583,-31.35976661764164,23912.602167071494,154,0.2978723404255319,2.085106382978723,0.23376623376623376,0.015,180,True,10.425996990613736,7,-447.2792575926477,-0.4954448145017866,-0.15004733445070906,112.38828421250673,0.12305764977572439,-0.7301840977144487,-134.73764333782123,-0.15004733445070906,0.09307760496413893,5,20.749597074024553,23.10728950540919,False,0.25127095054084203,0.31778384921341785,-2.9707334406673427,-0.36141717878534446,5806.850204859812,-20.749597074024553,11583.80148019974,154,0.2978723404255319,2.085106382978723,0.5584415584415584,0.05,0.0005,10,0.0,0,6.457465729104155,-0.12442755500975756,1.7096436513008868,0.6045712309081293,-0.29827350959876686,0.18329807286442085,0.39285714285714285,2,2,89,-2.989960475888605,178,11
True,True,5.0,4.0,30,1.8,-162.26446419591122,20,80,300,True,trend_state_tp,48,8,0.0,60.328870055439886,40.385924057787776,48,0.0025,21.35976673118012,11,-325.9858151217201,-0.3977636102054332,-0.16240962510090562,293.06253750739995,0.3576936259325566,-0.7415488801688039,-133.12844372572502,-0.16240962510090562,0.2458699331130631,17,34.966378138607006,42.76927218878162,False,0.8990039563469137,0.40681184616815635,-4.109152464923788,-1.0559520420055042,6783.680657210649,-34.613395368688394,33882.03949545092,260,0.5029013539651838,3.520309477756286,0.31153846153846154,0.08,1009,False,10.3051406220053,11,-344.7380512833422,-0.37685308969399545,-0.07358224081071901,389.8178020019123,0.42774303999632984,-0.6677258872443537,-67.8669988912078,-0.07358224081071901,0.2458699331130631,11,19.194008965663585,21.05501416387225,False,1.130765230443096,0.6840431640952063,-1.7792350165083184,-0.4716798151843531,8406.423679609876,-17.645419711714013,16802.70748334271,260,0.5029013539651838,3.520309477756286,0.3769230769230769,0.04,0.0005,20,0.0,0,9.066119369149554,-0.012703802430189743,1.677126834952454,0.42188064133715797,-0.16328697431678524,0.405015312469357,0.27586206896551724,2,2,90,-3.0411237816839964,356,11
True,True,2.5,6.0,14,1.8,-127.4669433813837,20,80,150,True,trend_state_tp,8,6,0.008,74.49824676367018,23.914813890651,12,0.001,18.0059003609743,6,-496.2407142069872,-0.5852780673355775,-0.27077971615648666,423.2647414454603,0.5027162286353313,-0.7266440800665569,-230.4461684324516,-0.27077971615648666,0.07067451043597389,9,30.111265596762536,35.53632629564675,False,0.8529423913188069,0.34680075251424,-3.173558115451987,-0.6221887713681956,6369.354236441378,-29.497109559353774,31799.783408026302,128,0.24758220502901354,1.7330754352030948,0.2890625,0.01,636,False,8.65634067308098,6,-610.4494531368738,-0.6537815841074406,-0.11734387362977762,530.2343754303195,0.5723617541272175,-0.6239575351990924,-111.40027813872672,-0.11734387362977762,0.07067451043597389,5,16.505621198681283,17.751733393420306,False,0.8685966916763399,0.6755752046371528,-1.2281708251690617,-0.28915202481909974,8519.882509704765,-14.259235601757043,17023.478306004432,128,0.24758220502901354,1.7330754352030948,0.4375,0.03,0.003,75,1.0,0,14.942627899229448,-0.0154047726687684,1.749286977029791,0.3857443088826068,-0.6310763825457879,0.0,0.0,4,4,91,-3.237206925055119,180,11
True,False,3.0,8.0,30,1.5,-50.700572897291,16,10,100,False,range_bb_reversion,96,2,0.0,64.75760256990462,33.476940041825245,3,0.0,7.874223644245412,42,-860.4140528292911,-0.9253424447629126,-0.240100860070466,1269.4952836522457,1.3828397352537496,-0.6747384854444488,-228.09721856133484,-0.240100860070466,0.22080747844306553,6,15.634948429009455,16.652208610281395,False,1.4754469426409027,0.6229664868928256,-1.1779567036918996,-0.39313649036683396,2498.6982712159765,-14.598221987925426,12433.00207445516,64,0.12379110251450677,0.8665377176015474,0.296875,0.01,766,False,4.859833401466516,42,-923.2729509866376,-0.9622054319029888,-0.13617993351434748,1470.514264403604,1.5552056108052512,-0.5620449104195611,-137.8115209367146,-0.13617993351434748,0.22080747844306553,6,11.23574811856361,11.570646520604576,False,1.5927188843041136,0.7778394551252649,-0.5962642621001134,-0.3148769228096901,2977.639985268714,-8.819937339949771,5943.595781021789,64,0.12379110251450677,0.8665377176015474,0.328125,0.08,0.002,150,0.0,0,8.0,-0.04935481979740613,1.1537115351449905,0.3180785123966942,-1.0,0.0,0.0,4,4,92,-3.4663232352882396,105,11
True,False,3.0,2.2,14,1.8,-23.184588540418268,30,14,100,False,trend_reclaim,48,3,0.005,60.98998783314153,43.154063303453384,18,0.001,6.415808459174233,18,-833.8193306210279,-0.8901102212294263,-0.23956055090434444,322.63287157136904,0.34065942533153953,-0.7238251713179379,-222.55173803361808,-0.23956055090434444,0.10363445886050447,4,15.578621662353282,16.76923856330411,False,0.3869337873602335,0.43383485249480713,-2.0395469755914255,-0.4254199818098104,2328.3983458407492,-15.578621662353282,11575.698749506897,70,0.13539651837524178,0.9477756286266924,0.5285714285714286,0.015,139,False,4.638038169609107,18,-853.5737516193583,-0.8810260187683021,-0.1508271248467367,485.91379231991107,0.5004313481103353,-0.6391677044594527,-145.55890696574448,-0.1508271248467367,0.10363445886050447,4,11.438431558588936,12.006488994193314,False,0.5692698391885402,0.6382722439386661,-1.2029487065698774,-0.24889049490710438,2702.296184140708,-10.189123487602147,5389.610324806576,70,0.13539651837524178,0.9477756286266924,0.5285714285714286,0.2,0.0,75,0.25,0,7.649863459327381,-0.12220543591690691,0.768873096305612,0.5321354761237459,-0.34524734562379933,0.3844461683687935,0.36363636363636365,2,2,93,-3.6949108925117926,184,11
True,False,4.0,1.7,14,2.0,-119.45429080132865,55,10,100,True,trend_state_tp,72,3,0.0,67.32384390564155,23.29289197131366,12,0.01,13.61734230815685,3,-272.1940296173388,-0.30841874184114443,-0.1736322264293903,110.89235401164555,0.1304210757785203,-0.7313067922187224,-154.5317832170079,-0.1736322264293903,0.04408090901764848,15,21.634449650381097,24.30851170011465,False,0.407401860237502,0.18060082464136698,-4.548732266435781,-0.7667426061196999,3704.055994794284,-21.634449650381097,18430.640511864705,140,0.27079303675048355,1.8955512572533848,0.30714285714285716,0.015,174,False,8.125605148101386,3,-256.4608349217209,-0.27657549852625807,-0.09147957372106494,184.7793886772429,0.2033028250427612,-0.679272029960168,-86.26817724783487,-0.09147957372106494,0.04408090901764848,12,12.796417274057474,13.635424729225399,False,0.7204974932474302,0.4524054027367587,-2.496616327517251,-0.39790798887551143,4302.6840369486235,-12.077544814696768,8589.82161218509,140,0.27079303675048355,1.8955512572533848,0.38571428571428573,0.2,0.003,10,1.25,0,4.898319317142803,-0.09102872670996635,0.5929961326640302,0.37503704002991695,-0.2526788442865582,0.06136317570990266,0.11764705882352941,2,2,94,-3.845767170063258,359,11
True,True,3.0,12.0,55,2.5,-112.40696228243169,12,20,200,True,trend_state_tp,8,4,0.005,67.33430431767574,38.95665646525292,3,0.001,14.973586383313458,5,-460.37678361468375,-0.5220915277136922,-0.2241034348054965,455.5455433642599,0.5166098247091614,-0.6599573645017984,-197.6121816125278,-0.2241034348054965,0.053670722862438555,10,26.831888691011844,31.077123912722406,False,0.9895058994667564,0.39807708599237324,-2.7213300815823667,-0.5789706434781421,5558.8630273415665,-24.10868615672829,27773.634121917625,122,0.23597678916827852,1.6518375241779497,0.28688524590163933,0.015,848,True,8.728630375547894,5,-474.1311087953829,-0.4939660143114538,-0.08404192387894259,612.8783320375604,0.6426416909786907,-0.41488489333439055,-82.09491701956728,-0.08404192387894259,0.053670722862438555,10,17.31703905543244,18.839079835109537,False,1.2926347178414221,0.7291785587823407,-0.9218754549353383,-0.20217236315105674,7163.43773393492,-10.015579876387303,14322.398899266931,122,0.23597678916827852,1.6518375241779497,0.36065573770491804,0.03,0.001,20,0.0,0,8.71660748158287,-0.02493648194074701,1.3432982268604612,0.3075580365054049,-0.7711856066112215,0.0,0.0,3,3,95,-4.457944032168992,153,11
True,False,4.0,1.3,80,1.8,-50.41296068138383,16,30,50,False,range_bb_reversion,72,4,0.0025,75.0726927786687,35.73082500261653,48,0.001,12.088449042175546,13,-620.1946026590072,-0.6860275768037013,-0.20894304838686026,94.61683102425302,0.10015397002405083,-0.681426030805355,-186.42014290249887,-0.20894304838686026,0.1317592070271577,6,23.414962235733093,26.526347826845885,False,0.15255990719460494,0.23547290023515105,-3.048274305937034,-0.3464278683775713,3472.580131723965,-21.811156719592358,17271.18109079289,117,0.2263056092843327,1.5841392649903288,0.6068376068376068,0.015,1116,False,9.27859578200415,13,-917.3540106014866,-0.9599395356932391,-0.12757734097504356,180.52408276645556,0.18578254409533596,-0.5660799725383728,-119.75026755640044,-0.12757734097504356,0.1317592070271577,4,17.86893995533795,19.53613539379738,False,0.19678780566740023,0.5227176088040316,-1.8020573833205418,-0.5707044944115696,4052.7141715409407,-14.010781304098796,8085.504718567116,117,0.2263056092843327,1.5841392649903288,0.7264957264957265,0.2,0.0,20,0.0,0,5.800217333172477,-0.1466992630280158,0.5119136631142158,0.7094487541567717,-0.2653463832687754,0.3372740319305785,0.6,0,0,96,-4.664737022675464,209,11
True,False,2.0,6.0,80,2.2,-143.0581848043229,12,30,200,False,channel_reclaim,18,6,0.012,74.32451051086395,27.963008671800416,12,0.001,11.559990205063599,12,-721.8138607199049,-0.7947950387676035,-0.36306045799091813,681.6671878420395,0.7402612484383888,-0.6973186957498094,-327.084815811858,-0.36306045799091813,0.06559755016520268,17,21.927019904276783,24.566632364432092,False,0.9443808507115327,0.3695403328871214,-2.2867369023429247,-0.4233913140905596,3011.4145746078716,-20.933428211958947,14967.388939234992,64,0.12379110251450677,0.8665377176015474,0.28125,0.01,114,False,9.90317357371625,12,-785.0996348580517,-0.835034660067167,-0.2564951787012112,798.9814003263044,0.8479892857247046,-0.6135908235267196,-240.57177901342925,-0.2564951787012112,0.06559755016520268,9,18.157195272236432,19.818374961430806,False,1.017681533466466,0.5330712794348156,-1.4690826205018896,-0.3117290819657465,3728.564229158347,-15.39659385685946,7433.775462044621,64,0.12379110251450677,0.8665377176015474,0.34375,1.0,0.0,20,1.5,0,6.768015029725569,-0.13054978041531784,0.9497594184224554,0.3806632901763777,-1.0,0.0,0.0,5,5,97,-5.931069926964392,126,11
True,False,3.0,3.0,14,1.5,-66.54809286984187,10,14,100,False,trend_bb_reversion,120,2,0.018,65.88917405606894,34.93693086984515,48,0.01,14.493936062056738,21,-876.0335640869008,-1.0,-0.30044939657335323,401.47568936898926,0.4641756815906561,-0.7218128946543209,-265.66803188019765,-0.30044939657335323,0.15263115480699493,4,24.32188256971298,27.615043275706498,False,0.45828802208902997,0.4192847861665592,-2.5077433561051605,-23981812377431.273,3431.357313702725,-23.91012286921784,17054.30712927523,90,0.17408123791102514,1.218568665377176,0.4777777777777778,0.006,607,False,9.811209181378338,21,-914.2535941717074,-1.0,-0.1929899765187693,621.8810069264457,0.6890907468211805,-0.6446926191509664,-180.3226180914786,-0.1929899765187693,0.15263115480699493,4,18.240737189078075,19.843248520575365,False,0.6802062479063651,0.6223163544675253,-1.4747070921357621,-18280932160716.992,4131.937821230763,-16.229035628233078,8239.666017120322,90,0.17408123791102514,1.218568665377176,0.4777777777777778,0.05,0.0005,50,0.25,0,5.0,-0.15958128335831887,1.1175695301295663,0.4823688007898534,-1.0,0.0,0.0,2,2,98,-6.4469055763011625,109,11
True,False,1.5,12.0,14,1.5,-351.14640379478953,10,20,400,True,trend_state_tp,72,2,0.018,74.8074965808322,22.546723207508,36,0.01,38.60747449690187,7,-460.62092519250217,-0.6600614467191507,-0.43184274195459615,505.6463720308556,0.7018888881660946,-0.7833341807756987,-298.70586457669623,-0.43184274195459615,0.10726085905391249,26,55.3370554558616,80.06212416176943,False,1.0977494602954403,0.22097554070882247,-5.380714410579552,-1.723616679241193,8848.74904165457,-55.26058494668889,44011.62602350019,185,0.3578336557059961,2.504835589941973,0.16756756756756758,0.04,567,False,25.855348692267114,7,-494.43633241871356,-0.6258295799397439,-0.2876044263489756,692.0458126391618,0.8639716918291163,-0.7506830017583009,-225.0728184055743,-0.2876044263489756,0.10726085905391249,16,42.154326384555546,54.12013973718872,False,1.3996661799786643,0.4110907661475798,-3.2695364801824716,-1.0426058076111016,12566.26675122886,-41.63847140503121,25074.373101823934,185,0.3578336557059961,2.504835589941973,0.22702702702702704,0.05,0.0005,100,0.0,0,8.127150330161635,-0.0697082338044127,1.0478784898479871,0.25295083704174615,-0.8760469793101302,0.0,0.0,5,5,99,-6.8660319881174665,146,11
True,False,5.0,1.7,55,2.5,-98.54889402173825,10,50,300,True,trend_state_tp,72,6,0.025,73.02842049738824,42.29860687322771,3,0.0005,16.47133405951413,8,-329.70841351705195,-0.38464623004777926,-0.154639375207787,99.54834099169909,0.11609786017678729,-0.7360387730715993,-132.53784685274525,-0.154639375207787,0.1374808606656459,10,27.823139326221742,32.48966914148037,False,0.301928421934403,0.2565055619973689,-4.710854897056997,-0.9818627178866204,5013.510986186276,-27.70040999222378,24954.17711785373,209,0.40425531914893614,2.829787234042553,0.45933014354066987,0.015,232,False,8.58359338074604,8,-321.06416927026333,-0.34732160581808835,-0.0769541304465681,195.27064154530882,0.21215168480218624,-0.7129563800446803,-71.54351906752272,-0.0769541304465681,0.1374808606656459,10,15.16486606713866,16.333628677850164,False,0.6081981741816078,0.5687779221513181,-2.369230739049907,-0.47741903428306726,5924.299871530882,-14.952595485112136,11830.55436086962,209,0.40425531914893614,2.829787234042553,0.48325358851674644,0.08,0.003,75,0.0,0,5.740861944511572,-0.07193006549501513,0.6202264878988767,0.48017519732028685,-0.1300020376620708,0.38709838005297126,0.37142857142857144,0,0,100,-7.257251074405779,361,11
True,False,5.0,3.0,55,2.0,-13.736612076897714,16,14,100,False,trend_reclaim,18,8,0.005,59.1165563531968,42.572635936254905,12,0.0,4.286716306030769,15,-378.0535106744563,-0.392872647099487,-0.1298815994558687,278.8186604453122,0.2909040767739206,-0.7152433393358296,-125.41036793608377,-0.1298815994558687,0.07865259086147151,6,8.151673915845459,8.442303964631467,False,0.7375110998120167,0.46094443738251034,-1.6926516856710339,-0.1815600566565528,1473.3272698270152,-8.151673915845459,7333.260988763478,65,0.12572533849129594,0.8800773694390716,0.38461538461538464,0.015,819,False,2.932925080049944,15,-384.39359385848314,-0.39172081540720316,-0.06497086817746814,332.4468915455112,0.34064975596978914,-0.5833025861474901,-64.57245421670106,-0.06497086817746814,0.07865259086147151,4,5.115436636057012,5.210999478194393,False,0.864860645070749,0.696693297418103,-0.8204455050217504,-0.08887026945863599,1622.2627859944412,-4.1972095240856,3239.378336239113,65,0.12572533849129594,0.8800773694390716,0.4461538461538462,1.0,0.0005,100,0.5,0,5.144858697117165,-0.10626820044349831,0.7219287580343833,0.43074492042871493,-0.2185722526450908,0.37139852573039706,0.32,2,2,101,-7.5909513521538425,180,11
True,True,2.0,12.0,55,2.5,-317.6124093064294,55,20,80,True,trend_state_tp,12,8,0.025,68.2324332475624,42.421710967027195,6,0.0025,53.74926671964327,8,-416.5837499504034,-0.6774987070501621,-0.30247597665721043,383.0135166610136,0.655028866899262,-0.7962509600827736,-191.54739347892672,-0.30247597665721043,0.24159883955193812,13,64.53875573123217,102.60397540211248,False,0.9194154037612209,0.3601043664731451,-4.822159858196263,-1.7918822268541499,10655.378384502541,-63.97682942196149,53261.354092657064,334,0.6460348162475822,4.522243713733076,0.281437125748503,0.006,51,True,32.34873045655292,8,-515.6681490026226,-0.6973453686620906,-0.16844672663130505,572.7268508433274,0.7997067197979294,-0.7405465873281452,-131.1453646259097,-0.16844672663130505,0.24159883955193812,10,45.16275913667162,58.72209402599819,False,1.1106500410216622,0.6067440038914637,-2.370061837297176,-0.9719947958731925,15438.022806771707,-43.80255178505375,30875.461254340258,334,0.6460348162475822,4.522243713733076,0.3532934131736527,0.08,0.001,30,1.5,0,16.35330679049786,-0.07030940068556221,0.8370570713250616,0.39386791989956155,-0.276301915800119,0.4232877792933799,0.22641509433962265,4,4,102,-7.91827957078231,594,11
True,True,5.0,2.2,40,2.2,-45.4483729404539,30,80,300,False,trend_reclaim,18,4,0.0025,69.88719119361785,31.392253794177748,12,0.0025,4.968076297317399,10,-283.56843344820555,-0.29360490909636017,-0.14161051218031415,147.81915309322125,0.15393414848977527,-0.6784656400152734,-137.05944179262667,-0.14161051218031415,0.04279152228221452,11,7.647365446739298,7.9237562790620935,False,0.5212821162628483,0.26808794550660775,-1.9539294473354936,-0.1455609478944443,1210.2108975002532,-7.264150415009237,6047.535004079673,53,0.10251450676982592,0.7176015473887815,0.33962264150943394,0.006,408,True,3.688304687133231,10,-377.17376895661397,-0.3842369406954374,-0.07625909194447639,155.94655034233742,0.15985725876459378,-0.5065239833434112,-75.40755048550943,-0.07625909194447639,0.04279152228221452,5,5.607572699259516,5.739314695140352,False,0.413460752516636,0.5392966337173514,-1.0405526554730649,-0.07236888958172154,1334.1078366408465,-3.996600175732005,2666.11614851859,53,0.10251450676982592,0.7176015473887815,0.5660377358490566,0.2,0.001,75,0.5,0,4.079413566160689,-0.12054561870483947,0.693819808578003,0.47073002754820936,-0.5827733665943841,0.0,0.0,3,3,103,-8.487752928031792,114,11
False,True,3.0,3.0,14,2.2,-80.34333499427827,12,10,80,False,channel_reclaim,12,4,0.0,65.57215652640886,39.34744211328411,12,0.005,8.159447986570978,7,-488.5763183903529,-0.5302281580578453,-0.30508212894240355,157.7258653293724,0.16890951130063162,-0.7249897892353898,-280.44510668400073,-0.30508212894240355,0.03666693528890322,6,16.546261294356068,17.999845607601802,False,0.3228274875233632,0.15334305657359748,-3.0067867099369754,-0.3108328045664541,1743.99021271209,-16.546261294356068,8793.812207496723,59,0.11411992263056092,0.7988394584139265,0.3220338983050847,0.015,405,True,5.886759863822329,7,-547.6798440543922,-0.5809316205462608,-0.2339970156041313,225.8977879522348,0.23783404711716483,-0.7207449040733881,-219.89271184819435,-0.2339970156041313,0.03666693528890322,5,12.973669999043485,13.805823920643743,False,0.4124632125950577,0.30328177396695405,-2.2764553662952474,-0.24772761255861764,2006.2297888574485,-12.973669999043485,4034.366725841347,59,0.11411992263056092,0.7988394584139265,0.423728813559322,0.2,0.001,75,1.0,0,4.895209324284784,-0.15262136074802213,0.6439116358733243,0.5042144130379425,-0.38444024558430084,0.14728852338384252,0.25,3,3,104,-9.450457720375196,147,11
True,False,1.5,6.0,55,2.2,-234.3608315862169,16,20,300,False,trend_reclaim,120,8,0.0025,58.14488960596302,25.115728445439146,48,0.0,14.998042491601598,33,-868.2194653394007,-1.0,-0.6226683792653475,1710.9992509647143,1.9108439313816052,-0.7384329854958431,-533.8762984110895,-0.6226683792653475,0.1442501410266742,20,28.923609283429524,33.756751396011005,False,1.9706990216993783,0.29350836493394994,-2.6747502775986702,-36459957418537.086,2802.283630912473,-28.829320114198854,13880.979320716726,54,0.10444874274661509,0.7311411992263056,0.12962962962962962,0.08,289,False,12.66195990576605,33,-889.2680619739862,-1.0,-0.5416765095033033,2296.0444338929224,2.535638355260233,-0.7292304177788629,-476.3571828801277,-0.5416765095033033,0.1442501410266742,20,25.984503886017514,29.61246132666035,False,2.5819486070332847,0.3845455372177233,-2.063404221632749,-29487676839667.375,3520.524206625204,-25.723287875526875,6996.582061186174,54,0.10444874274661509,0.7311411992263056,0.12962962962962962,0.2,0.0005,50,1.0,0,13.0,-0.08876570289061513,0.9602660830487338,0.23082290516501044,-1.0,0.0,0.0,6,6,105,-10.74623533717747,107,11
True,False,5.0,6.0,55,1.8,-113.3088711017778,20,30,150,False,range_bb_reversion,120,1,0.005,61.867764044287945,26.204951274766202,3,0.0005,11.603058116656083,57,-803.9306916382299,-0.8897507847616745,-0.40662784332850826,608.3252755011958,0.6732940257573927,-0.7067477166677616,-367.4152108860438,-0.40662784332850826,0.2530421468289145,9,20.858439438879405,23.20048448378413,False,0.7566887069102509,0.3385186320387966,-2.4154309696242855,-0.5224215778086616,1353.0689883017687,-20.207836598732392,6670.766503428941,55,0.10638297872340426,0.7446808510638298,0.3090909090909091,0.04,714,False,10.256444538251587,57,-830.091930702154,-0.9062591791654071,-0.35527935494374524,709.7536213111032,0.7772902837341149,-0.681395742465073,-326.1424773159971,-0.35527935494374524,0.2530421468289145,5,19.130073889342768,21.025375283780452,False,0.8550301419154146,0.41596060958047193,-2.0195869789520695,-0.49429388053505124,1495.706129438747,-17.937836252379785,2958.4740640073837,55,0.10638297872340426,0.7446808510638298,0.32727272727272727,0.08,0.002,30,1.0,0,7.338362113244234,-0.10973865731965261,1.0799510313187068,0.43696707333070967,-0.6115301761036861,0.15534057274088772,0.16666666666666666,3,3,106,-10.799302723332179,105,11
True,True,4.0,1.7,14,1.5,-66.13849207275034,55,10,300,False,trend_reclaim,24,6,0.0,74.45240054698124,27.481259380611114,6,0.001,19.015934408625736,14,-539.671296515875,-0.6375010342152587,-0.16473595220291418,129.13159467278595,0.15290308727412985,-0.7290691489687264,-139.63966066471335,-0.16473595220291418,0.24272705294544283,5,30.42565320503174,36.031415205749575,False,0.2392782338183654,0.3561350456831487,-3.516148687045462,-0.628923082171933,5651.216557007594,-29.88288738224865,28241.20000845227,214,0.41392649903288203,2.897485493230174,0.5981308411214953,0.01,188,False,10.152752967442138,14,-603.5079531467139,-0.6547926895179276,-0.07795911608616539,243.92838429119644,0.2664191367089166,-0.6801168989137607,-72.87024652671403,-0.07795911608616539,0.24272705294544283,4,16.596837722553197,17.88001295164392,False,0.4041842083759532,0.6770085490297217,-1.588447308169688,-0.3002241527449441,6878.696235431212,-15.594232756716723,13754.90893822604,214,0.41392649903288203,2.897485493230174,0.6261682242990654,0.12,0.003,20,0.75,0,8.134349304734997,-0.10839562429365347,0.634085338061941,0.5812470510120383,-0.2184856963974303,0.3780154905278835,0.43243243243243246,0,0,107,-11.264422688414163,431,11
True,False,1.5,6.0,30,2.2,-128.26236040129385,8,50,400,False,trend_reclaim,12,6,0.0025,76.07188629011563,28.701185950532583,12,0.0005,15.348128843918762,8,-768.5977575286702,-0.8820889479076826,-0.41071071610904003,507.37089393955034,0.5993854948880513,-0.7342720657441169,-362.6077320615092,-0.41071071610904003,0.047546135869127246,10,23.932110316059596,27.10690726319664,False,0.6601253893466172,0.30805851502842135,-2.6961502041778114,-0.6135195104917385,3522.080573799824,-23.932110316059596,17508.280176548513,66,0.1276595744680851,0.8936170212765957,0.3181818181818182,0.006,923,False,11.436683912455605,8,-835.6453461454204,-0.9268018447292148,-0.2788176015816323,751.2674952132096,0.8551548239266372,-0.7080925828540134,-258.5861311059185,-0.2788176015816323,0.047546135869127246,10,17.489156898004236,18.91333178181911,False,0.8990267206998516,0.5137295546856293,-1.6284370990196904,-0.5542813307076493,4513.671646961395,-17.066684652990606,9002.223064750962,66,0.1276595744680851,0.8936170212765957,0.36363636363636365,0.2,0.001,20,0.75,0,7.712686482767347,-0.03347013819181271,1.6084519075892134,0.3735287659200703,-0.47269836856800024,0.16303913581299126,0.2,5,5,108,-11.510029003089409,127,11
True,False,3.0,6.0,20,2.5,-91.8040306316249,8,10,150,False,range_bb_reversion,120,3,0.008,77.70412208452876,36.7109306765771,24,0.0005,10.673415171505248,39,-900.9236167474704,-0.990070122468562,-0.2839923936981644,1087.4763951528776,1.1709556534650793,-0.7118493480347721,-251.2483653344854,-0.2839923936981644,0.3179950036264002,6,26.24320666952335,30.001121327704894,False,1.2070683628861936,0.5857831761065352,-1.847594939131708,-2.19550201451261,3717.498889136358,-25.37608489878297,18479.122029033864,101,0.195357833655706,1.367504835589942,0.32673267326732675,0.08,1113,False,7.989775234409909,39,-945.4950683644071,-0.9885535105419192,-0.19782174135529818,1382.1043957557524,1.431564934544406,-0.6274001708416259,-184.99227315683015,-0.19782174135529818,0.3179950036264002,6,21.668319698834825,23.905345813400142,False,1.4617785348649432,0.7093925242726935,-1.1751047813952271,-1.3267000078844005,4468.962042068256,-18.684219588839813,8909.472345902197,101,0.195357833655706,1.367504835589942,0.32673267326732675,0.12,0.002,50,0.75,0,12.037262715669819,-0.060594046992462354,1.0974728507197502,0.3650169216591958,-0.540700777010886,0.3236064869772756,0.15789473684210525,3,3,109,-11.896663816202475,178,11
True,True,2.5,12.0,80,1.5,-166.95114758396664,40,20,100,True,trend_state_tp,18,6,0.0,61.44461136176357,35.43655795690866,12,0.0025,22.605646504417095,7,-509.45741859472366,-0.6226143940742049,-0.28997890705527635,532.1655033436507,0.6554061613143102,-0.7372409234881815,-238.35008274774952,-0.28997890705527635,0.08896768474494318,12,35.372387004365905,43.221691237419755,False,1.044573077003304,0.36753497153819964,-3.177308523513861,-0.8444189944294944,6915.389986562593,-34.79911208117144,34499.06018604888,146,0.28239845261121854,1.97678916827853,0.2602739726027397,0.01,990,False,12.842685371830973,7,-557.9433632687956,-0.6145574395817414,-0.1385258531074199,721.5425051739503,0.8038223895050123,-0.6392291187125932,-128.52687317499726,-0.1385258531074199,0.08896768474494318,12,21.362137850735195,23.84684205633433,False,1.2932181878581446,0.6532751670623618,-1.33305679633292,-0.38238654286307916,9314.989961149517,-18.76492348354963,18602.73946388312,146,0.28239845261121854,1.97678916827853,0.3356164383561644,0.03,0.0,50,0.75,0,12.11860740639596,0.04807307607200715,1.573088441846149,0.40264702359564014,-0.41859039348389515,0.0,0.0,3,3,110,-12.16578158040861,198,11
True,False,2.5,6.0,30,1.5,-196.08293199508861,10,50,400,False,channel_reclaim,8,3,0.005,61.49119457151615,43.954547001348494,36,0.0,15.264693409914914,6,-487.37751767354666,-0.5639976654382846,-0.3165655261998014,308.5276565232221,0.359114546336057,-0.7377856213331658,-274.042110156887,-0.3165655261998014,0.05044725602385366,25,26.58208468521811,30.70685604138073,False,0.633036291858417,0.23181610687773016,-3.456776934019004,-0.5436314982569352,3865.6133514618878,-26.58208468521811,19214.396848778368,97,0.18762088974854932,1.3133462282398451,0.26804123711340205,0.04,1157,False,10.986023565219,6,-510.3849991129855,-0.5643657270102397,-0.211121459204533,395.9922510727106,0.44341938996486474,-0.7049477571792573,-192.68575677985493,-0.211121459204533,0.05044725602385366,19,19.291409762085266,21.289039854461553,False,0.7758696900593047,0.4187233247939105,-2.1984230739194746,-0.33798874565558856,4745.135369484052,-18.690518407645868,9462.362040807786,97,0.18762088974854932,1.3133462282398451,0.35051546391752575,0.12,0.002,20,1.5,0,8.193816552739463,-0.15647783357841316,0.7460278137666193,0.3892441486024374,-0.7659148645416768,0.0,0.0,5,5,111,-12.835965930996068,161,11
True,True,5.0,4.0,30,2.5,-27.81327623623212,10,20,400,False,trend_bb_reversion,120,3,0.012,70.71957767279972,28.158853392885547,24,0.0005,10.565174027401387,47,-740.7338535574784,-0.805358769964197,-0.20622695280832554,450.23922910933027,0.4986340085515232,-0.6595569227959343,-193.53000476462037,-0.20622695280832554,0.28132806833749696,4,15.684203939492884,16.885993631369836,False,0.6078286107040918,0.5166543190984779,-1.7069968859109708,-0.2890701276292747,1781.137167310554,-14.321220352581992,8885.113505501182,74,0.14313346228239845,1.001934235976789,0.4594594594594595,0.01,263,False,8.503264000730715,47,-744.6129012539441,-0.7939540768984756,-0.14063453738364523,579.5320799389322,0.6279766855749789,-0.5581367015380811,-136.22196394910907,-0.14063453738364523,0.28132806833749696,4,12.957105616636754,13.737879554910217,False,0.7782998104961487,0.6615548389217261,-1.100937586432263,-0.1864543955022863,1998.3999754111971,-10.080425332234052,3988.777525641559,74,0.14313346228239845,1.001934235976789,0.4594594594594595,1.0,0.0,100,1.25,0,6.482864653944404,-0.15389649301291894,0.7955754293519558,0.4887771327399811,-0.4154442571175454,0.2511743993841646,0.3333333333333333,3,3,112,-12.960597264292293,161,11
True,True,2.5,6.0,80,2.2,-195.42931339491565,16,14,400,False,range_bb_reversion,12,6,0.012,63.857346318341435,24.645132131230646,24,0.0025,21.160468699579827,9,-555.2725301242557,-0.6672026802515358,-0.36070905523901087,362.50840436801883,0.43024223511589205,-0.7242509900128346,-298.95533220298984,-0.36070905523901087,0.08655008461600451,17,34.227071538910685,41.617357576194095,False,0.6528477183751532,0.252978490870372,-3.720066968683341,-0.6670956654622752,4227.0188705360715,-33.184041874531886,21167.783467162608,111,0.21470019342359767,1.5029013539651837,0.27927927927927926,0.08,393,False,16.391421550834092,9,-650.238640077889,-0.7426118738185414,-0.2619431767581375,411.2617733212663,0.4699841574020233,-0.690894303675858,-229.46370143317884,-0.2619431767581375,0.08655008461600451,11,27.14436501240694,31.355142756337116,False,0.632478213340264,0.41535882667121815,-2.534349940497955,-0.5161626887118127,5202.509545509848,-25.470470859082926,10410.780059395189,111,0.21470019342359767,1.5029013539651837,0.3963963963963964,0.12,0.0005,100,1.5,0,7.719152515264173,-0.13031981458729097,0.6696321321463781,0.46432918404421364,-0.29284868110187445,0.24017592047448239,0.3157894736842105,3,3,113,-13.400518626618767,175,11
True,True,2.0,2.2,30,1.8,-13.54971360729828,40,30,80,False,trend_bb_reversion,24,6,0.005,72.41683471610038,25.31934338440119,12,0.005,6.529654192402195,12,-858.909226442474,-0.9049826343521108,-0.24781264974786016,382.1547232041852,0.4093573348563906,-0.6964198167826762,-238.37725161914443,-0.24781264974786016,0.03980981545652349,4,9.814074150120607,10.239470787041764,False,0.44493028068523166,0.4449302806852316,-1.4905880674531506,-0.26254119892728295,1984.0116285500615,-9.53509006476574,9927.146489465631,40,0.07736943907156674,0.5415860735009672,0.5,0.08,661,False,4.102400412359326,12,-860.0020402026254,-0.8889399314895673,-0.11052509360788258,637.3876710836638,0.6678897442738021,-0.46554450855375185,-111.30718455948079,-0.11052509360788258,0.03980981545652349,4,6.801516161639855,6.937802210167869,False,0.741146696504916,0.741146696504916,-0.5982413508834381,-0.10016253626516612,2453.4896171065348,-4.452287382379189,4909.92762076858,40,0.07736943907156674,0.5415860735009672,0.5,0.12,0.002,150,0.0,0,6.834666861910609,-0.1502280688368839,1.5764056902487136,0.48541155813883086,-0.6834666861910609,0.14689154859781953,0.2,2,2,114,-13.68828429452294,120,11
True,False,5.0,2.2,14,2.5,-145.12574269850117,20,20,400,True,trend_state_tp,48,2,0.025,68.97531638184194,26.774141348257494,18,0.005,15.811002533201478,5,-271.454793049641,-0.3166287639376703,-0.1823219348766886,153.47222453796752,0.17674326118430317,-0.7325410112585409,-155.78021603968094,-0.1823219348766886,0.07470384398420502,13,28.316926300127204,33.20330237596776,False,0.5653693670824299,0.21147403806900059,-5.462151828471951,-1.3814692267066655,4520.562133230095,-28.040438887142606,22485.185415097196,180,0.3481624758220503,2.437137330754352,0.2722222222222222,0.08,399,False,8.863169905131505,5,-239.3843887192431,-0.26073648047542464,-0.1041277166891111,249.9014929741236,0.27114233993092324,-0.7050773447951456,-95.31687910952955,-0.1041277166891111,0.07470384398420502,13,17.659609112584256,19.352424272253348,False,1.043933960402135,0.43565747953789896,-3.2902831246675897,-0.7635781782955994,5295.995539387936,-17.15703823971536,10568.263822259725,180,0.3481624758220503,2.437137330754352,0.29444444444444445,0.05,0.0,100,0.25,0,4.222380365108216,-0.07330093178052559,0.7411652150728173,0.32406923513206937,-0.2901318464497882,0.0,0.0,2,2,115,-14.073504321609752,153,11
True,False,2.0,12.0,40,2.0,-266.84316177267766,8,20,150,True,trend_state_tp,72,6,0.025,63.542003719105594,37.33795054958748,48,0.001,37.90452324831097,11,-465.7127150543969,-0.6697769420800715,-0.32359702832025755,587.1157323456756,0.8651717321379716,-0.7812358034396549,-228.2662992577848,-0.32359702832025755,0.2179063582883391,14,53.642580325579445,76.04530165526052,False,1.260682204644334,0.3671217409129104,-4.113497721442896,-1.5765803499504873,9609.5333618853,-53.642580325579445,47827.59643834442,235,0.45454545454545453,3.1818181818181817,0.225531914893617,0.006,635,False,20.98787065420634,11,-508.40585164016676,-0.6258878154860413,-0.17649262977187322,904.997015089007,1.134243328561117,-0.7491966317703855,-147.53703460293096,-0.17649262977187322,0.2179063582883391,14,34.67120313168877,41.47576799639021,False,1.780068054231474,0.6103090471650766,-1.9471924959828628,-0.7484537139477451,13643.403937305524,-34.67120313168877,27244.77714413413,235,0.45454545454545453,3.1818181818181817,0.2553191489361702,0.05,0.003,10,0.25,0,12.487902020423356,-0.06455328404802557,0.9881932181377396,0.3239096850861557,-0.5814382326736534,0.0,0.0,3,3,116,-14.218962004478154,260,11
True,False,3.0,12.0,14,2.0,-97.29508200532088,10,8,100,False,channel_reclaim,36,2,0.018,61.846577357237436,44.03965558957519,18,0.001,12.277480854507727,13,-523.1114173849828,-0.5871618629811796,-0.2648600630398036,316.6731974936149,0.3513051427304741,-0.7330890406093701,-234.7005395478887,-0.2648600630398036,0.1116125392860021,8,23.244102833197843,26.23254525818851,False,0.605364721490221,0.3166523158564232,-2.756611997817995,-0.3876774464894432,3548.3466861178385,-23.235353415240983,17643.247302957738,99,0.19148936170212766,1.3404255319148937,0.3434343434343434,0.025,177,True,7.838387661147393,13,-646.225882341913,-0.6926762816011255,-0.1672346503097297,364.29390417176046,0.3910470829373784,-0.7059459348459597,-156.27689494134404,-0.1672346503097297,0.1116125392860021,5,15.860438742086586,17.053280997629386,False,0.5637253383469644,0.5305650243265546,-1.6299934375836131,-0.250003463039992,4265.182131194838,-15.47141259919305,8507.941008295822,99,0.19148936170212766,1.3404255319148937,0.48484848484848486,1.0,0.0,20,1.25,0,8.190237251468362,-0.1629959736775852,0.8746552471435542,0.49522652036021025,-0.6623435278267231,0.047883957387853456,0.2,3,3,117,-14.226234979743447,158,11
True,True,4.0,1.7,80,1.8,-22.375847652591066,12,14,300,False,trend_bb_reversion,18,3,0.025,70.67145709666548,37.36039907631272,48,0.005,8.827913470400096,10,-498.4569882668138,-0.536381792832142,-0.1779435881010786,125.14479728955006,0.13782340178104868,-0.7055984316653852,-166.92186176849384,-0.1779435881010786,0.06809573696510597,5,13.47455282622947,14.390816780787134,False,0.25106438516328433,0.28499200477994435,-2.407367162533441,-0.23613025800372164,2304.8084057977226,-13.18682707971103,11488.349364546895,79,0.1528046421663443,1.06963249516441,0.5316455696202531,0.025,1023,False,6.229392259190019,10,-531.5331868834844,-0.5577885286608526,-0.09211726914091664,226.92337336566823,0.24195124312338528,-0.5657143654873135,-89.90025306752213,-0.09211726914091664,0.06809573696510597,5,8.964720741306094,9.319053308004996,False,0.42692230507031603,0.5951038191889253,-1.202678455949653,-0.1198517208549285,2647.5416990484814,-7.102119992334222,5282.622919300382,79,0.1528046421663443,1.06963249516441,0.5822784810126582,0.12,0.003,100,0.0,0,5.575882571887019,-0.12995993836040076,0.6399392002037764,0.5301450777386606,-0.3498054991241533,0.1833343136111214,0.35294117647058826,2,2,118,-14.282571861442515,150,11
True,False,5.0,1.7,80,2.5,-158.16920325343983,30,30,400,True,trend_state_tp,24,6,0.012,72.85681567947645,32.08143789520825,18,0.0025,22.86877609980364,6,-286.78968671822633,-0.3516220869839501,-0.21295803663779536,76.32045394579879,0.09619460019953319,-0.7465706694700689,-174.35456702022873,-0.21295803663779536,0.10855024578934644,10,34.446687465703654,42.10350784504076,False,0.2661199390366655,0.119362619714975,-5.834254274089763,-1.0888351133527108,4745.00881973013,-34.34784970298495,23576.87924519317,197,0.38104448742746616,2.667311411992263,0.3096446700507614,0.04,101,False,15.529998583644009,6,-291.77763157867855,-0.33499104300368643,-0.13498553700852461,150.30425937287308,0.1767113554514678,-0.7279732792440887,-118.9842021204579,-0.13498553700852461,0.10855024578934644,10,23.622047703636284,26.830648787063488,False,0.5151329063836861,0.3305436149295322,-3.84573417802597,-0.6780567570696442,5585.167505238845,-23.43988781773024,11134.598689366212,197,0.38104448742746616,2.667311411992263,0.39086294416243655,0.05,0.0005,10,1.25,0,5.93467880753321,-0.1333405782304595,0.7129529936741935,0.4500649114239378,-0.4920460938821661,0.0,0.0,2,2,119,-15.303214613300824,153,11
True,False,2.5,8.0,30,2.5,-148.7543413796832,8,80,150,False,range_bb_reversion,24,6,0.008,66.93264846229354,32.02291954227584,18,0.0005,17.61674213537626,15,-775.1590517913224,-0.8810624305511859,-0.3695344110586938,677.8702878216885,0.7448659171213782,-0.6811674083238872,-318.0262258456561,-0.3695344110586938,0.11362720606011766,11,30.754206172322196,36.45372788222606,False,0.8744918688044623,0.4014061037135236,-2.6184199571250364,-0.740829234494697,3843.8863082703633,-28.304334100263397,19096.995216077277,89,0.172147001934236,1.205029013539652,0.3146067415730337,0.025,1172,False,14.001951349138718,15,-825.1596568576188,-0.8936264406461168,-0.26629272887402244,907.0114343385078,0.96746357094443,-0.5970628549030912,-241.28176094881218,-0.26629272887402244,0.11362720606011766,8,26.29497334375792,30.15842828713822,False,1.099195079159102,0.5589127521147974,-1.6979591216180836,-0.5391263144265399,4756.724475185887,-21.47407672444434,9479.985296405477,89,0.172147001934236,1.205029013539652,0.33707865168539325,0.2,0.0,20,0.5,0,11.57199965680779,-0.11130506211044375,0.8559432724003823,0.4088476538940935,-0.5591512173342267,0.1908850191864114,0.2,4,4,120,-15.3469916852473,148,11
True,False,4.0,1.3,80,1.5,-223.8226052945978,20,8,80,True,trend_state_tp,48,6,0.0,73.7985749844931,42.49694801330162,24,0.0,29.88279348332303,6,-265.1457135002941,-0.3560826603951646,-0.1875572046976749,59.934259230229415,0.07584184087395725,-0.7697445765039262,-138.3081518857835,-0.1875572046976749,0.19107099685711984,15,47.90222766148863,64.98617314142524,False,0.22604272359908595,0.14462449140225883,-6.893130328784703,-1.4857345042493206,8904.635341446941,-47.85462055248122,44328.56124557996,346,0.6692456479690522,4.6847195357833655,0.3901734104046243,0.025,87,False,15.189937458813892,6,-343.5907817119169,-0.39558001880855154,-0.09542116304009571,143.58474598546815,0.16278000321233937,-0.7203247558955591,-81.69873503066368,-0.09542116304009571,0.19107099685711984,6,29.0428406101171,34.1150656642339,False,0.4178946398680059,0.48580251884655645,-3.5908485401953594,-0.7913973496693502,11524.640622945388,-28.26776232060963,23015.820093289054,346,0.6692456479690522,4.6847195357833655,0.5375722543352601,0.08,0.0,50,0.75,0,9.518081281131288,-0.1039523952984534,0.5490563237181544,0.5226126814362109,-0.22162176887299995,0.23483732260598103,0.4,1,1,121,-15.481572178874485,547,11
True,False,5.0,4.0,40,2.0,-151.42616404927617,16,8,400,True,trend_state_tp,18,6,0.008,64.50170498533993,32.92676845613419,36,0.0025,20.36114693748295,7,-267.45551153028856,-0.3213962529041632,-0.16224741864069991,207.53618028743708,0.2500927428600913,-0.7338890633743202,-135.17934418864348,-0.16224741864069991,0.14102667418808928,13,32.53828546553445,39.19383272164781,False,0.775965240349643,0.2994953559244235,-4.635521466902382,-0.9987694609533992,5373.545129141201,-32.037504572708464,26734.40760969205,237,0.4584139264990329,3.2088974854932304,0.27848101265822783,0.04,978,False,11.913395015970492,7,-286.7323028842141,-0.3176683353680535,-0.08749441459893399,246.83067132323,0.2752796996567434,-0.6604364582666717,-79.61081078680965,-0.08749441459893399,0.14102667418808928,5,20.793125536123693,23.164547240182912,False,0.8608401245356131,0.5461882169467337,-2.4658870620034437,-0.5321740721962637,6358.383954023357,-18.867762156473823,12691.749881128553,237,0.4584139264990329,3.2088974854932304,0.3881856540084388,0.08,0.002,100,1.0,0,10.756593418510104,-0.09023657149368844,0.6672013378784604,0.3627757141714578,-0.27724578500133445,0.1697344919626767,0.21052631578947367,2,2,122,-15.83081321898607,344,11
True,False,3.0,8.0,80,2.5,-72.85038241379692,55,20,150,False,trend_reclaim,18,2,0.0025,59.74713815910438,28.087011748702345,6,0.0005,6.68559392451916,13,-518.4494358542429,-0.5564366325222301,-0.1770197579315737,508.9300773646713,0.5407959507534518,-0.7261012744250709,-163.1873611897586,-0.1770197579315737,0.11660891288580869,11,17.46104764730412,18.941114098678387,False,0.9816387909191441,0.5188662180572616,-1.8760750664494323,-0.30646382612481393,3954.232681607999,-17.46104764730412,19703.78425744362,107,0.20696324951644102,1.448742746615087,0.34579439252336447,0.006,952,True,3.2009484101904757,13,-633.9982787626866,-0.637461536592978,-0.06428750163745416,560.178936842246,0.5650800661568465,-0.4144605682924705,-64.8110077734197,-0.06428750163745416,0.11660891288580869,7,11.944912285148039,12.646575152511879,False,0.8835653906434783,0.804675623621739,-0.6111805562124261,-0.11488847906693646,4802.223098421727,-6.934777831755958,9600.210958001726,107,0.20696324951644102,1.448742746615087,0.4766355140186916,0.2,0.0005,10,0.25,0,6.6200839901525566,-0.11926004552997962,0.7295634713715669,0.3933154788796999,-0.5666327623897212,0.026436387766099686,0.2,2,2,123,-17.057390290611295,242,11
True,False,3.0,6.0,14,2.2,-131.17886297426463,30,8,400,False,channel_reclaim,12,6,0.0025,65.97839077409985,22.627957409183217,24,0.001,17.47606328923963,10,-468.3783928649214,-0.5495231044710047,-0.2660040673529104,360.1357150188151,0.4384977824556877,-0.7266582135297637,-230.6308662548057,-0.2660040673529104,0.09597872511886534,11,26.92576993125913,31.14375533346742,False,0.7688990792593563,0.30943499531169205,-3.165372140254092,-0.5390338112749591,3905.9143401406996,-26.522549619302737,19416.408518638473,115,0.22243713733075435,1.5570599613152805,0.28695652173913044,0.025,802,False,12.39776995686062,10,-510.31726264391705,-0.5721221223285747,-0.16780552508133537,419.78799808535047,0.4846144386585282,-0.6633852283209081,-154.45090201706688,-0.16780552508133537,0.09597872511886534,9,19.45089504785696,21.410932150386177,False,0.8226019945130977,0.509781517726427,-1.8790999763222471,-0.33057844514636864,4706.044762880823,-17.76185373196272,9385.963228440525,115,0.22243713733075435,1.5570599613152805,0.3826086956521739,0.2,0.0005,30,0.0,0,7.441051639092049,-0.1305985100092948,0.6914476413390855,0.37995217169858314,-0.41339175772733605,0.14731234945409957,0.2,3,3,124,-17.632638383060943,204,11
True,False,3.0,8.0,80,2.0,-199.31479091242116,16,50,400,True,trend_state_tp,36,8,0.0025,64.14726191997048,31.829608056657126,18,0.0,26.164406219714202,9,-390.1491164933516,-0.49992662143409033,-0.2633497124877133,280.6494376657674,0.3603530474618261,-0.7554915889330176,-205.67951409959386,-0.2633497124877133,0.1478765412200822,13,41.336271186629055,53.01175142181827,False,0.7193389035152405,0.27285268754026354,-4.58379557319188,-1.01140525207877,6446.755090266347,-41.135902819918705,32060.263990589643,200,0.38684719535783363,2.7079303675048356,0.275,0.08,951,False,16.29279445331354,9,-415.786733604669,-0.48387474626061766,-0.15936844209671777,390.0784116347937,0.45672323682314997,-0.7253124978591537,-137.76325849705438,-0.15936844209671777,0.1478765412200822,13,28.07635185571218,32.60087687417576,False,0.9381694510861455,0.4941503215644584,-2.6355636841747327,-0.5701173419195817,8119.432253839716,-27.552651699410912,16199.985135851062,200,0.38684719535783363,2.7079303675048356,0.345,1.0,0.003,30,1.5,0,11.169912116412016,-0.09841478847543064,0.7863532523790105,0.39805820332567615,-0.3059769355048687,0.2619494628663062,0.2564102564102564,2,2,125,-17.661017712133496,372,11
True,False,2.5,8.0,40,2.0,-162.7802115083028,30,8,150,False,trend_bb_reversion,8,4,0.005,62.8349768709652,30.1189185180715,36,0.005,12.505450533914109,6,-479.9851065214865,-0.5302255967400161,-0.34875792869182104,325.5247307128581,0.37711274350095975,-0.7222231339620797,-318.8831390746176,-0.34875792869182104,0.029736481585945683,20,17.635048936918277,19.29881877414128,False,0.6781975654869326,0.16954939137173314,-2.9696662616840515,-0.3393744100659211,2326.110668608111,-17.538572649103955,11554.399581578009,55,0.10638297872340426,0.7446808510638298,0.2,0.08,655,False,10.025543554371101,6,-503.75530652689804,-0.5446749587109154,-0.24338786001471804,383.34717286278726,0.4300774194238412,-0.6648117951014062,-229.55999471554077,-0.24338786001471804,0.029736481585945683,15,13.680355768316149,14.620973472648929,False,0.7609789274593347,0.3404379412318077,-1.9893610926269163,-0.22868242148607298,2806.3971876801393,-12.62579970935479,5593.13866526151,55,0.10638297872340426,0.7446808510638298,0.3090909090909091,1.0,0.001,150,0.0,0,4.219231108137353,-0.12333039541727478,0.7410122367097768,0.40947461629279813,-0.34515263353529213,0.1674083420464222,0.125,3,3,126,-18.287590166531032,118,11
False,True,4.0,1.7,14,2.2,-38.20984740112307,30,10,200,False,trend_reclaim,8,4,0.0,67.38229884596531,29.200539534393695,3,0.0005,6.387616336786138,5,-376.7479923554814,-0.40025581267058863,-0.16582316254447693,151.45399042803206,0.16096174369192118,-0.7095186771063123,-156.10665777502643,-0.16582316254447693,0.038036908695301797,6,12.514581854188666,13.308242699593091,False,0.4020034439496822,0.2883937750073806,-2.6092424839430137,-0.27699418630346706,1997.6743551938218,-12.332425964227122,10040.038166178103,79,0.1528046421663443,1.06963249516441,0.4177215189873418,0.04,16,False,3.3417820077790603,5,-382.3965407401483,-0.39350273277634185,-0.09108865481161894,244.78472120246167,0.2521921904456341,-0.6859747685876859,-88.6534180581664,-0.09108865481161894,0.038036908695301797,6,7.289441602565079,7.50429825547782,False,0.6401331997634397,0.5639268664582684,-1.396671974893835,-0.14703769369925127,2267.0651361664536,-7.003620026595178,4543.602610304633,79,0.1528046421663443,1.06963249516441,0.46835443037974683,1.0,0.001,100,1.0,0,3.3121392800695553,-0.13609981203115884,0.6493098827741459,0.4397481603363956,-0.609936303694898,0.0,0.0,2,2,127,-18.310291835509364,147,11
True,False,4.0,3.0,20,2.2,-66.13784816492264,40,8,300,False,trend_bb_reversion,8,2,0.0,58.47606790556544,22.370140852283175,18,0.0,7.761032904481951,6,-346.2410179173283,-0.3721738777062895,-0.20378810068843697,164.44800909140056,0.18109367535236875,-0.7209698360192438,-190.8139227407586,-0.20378810068843697,0.037311628656620195,7,13.166160669112346,14.061378947502151,False,0.4749524192152927,0.20779168340669057,-2.9412436087852645,-0.32980917166310525,2083.461411373744,-13.166160669112346,10361.875539986977,69,0.13346228239845262,0.9342359767891684,0.30434782608695654,0.01,516,False,5.00176491621385,6,-348.23846115077777,-0.36476214204116647,-0.1193917169290383,225.66856300353817,0.2399006912708637,-0.6404219860620984,-115.34865424757709,-0.1193917169290383,0.037311628656620195,5,8.886257143728114,9.256898572992887,False,0.6480288313295464,0.44255627505432443,-1.7271506624101245,-0.18499829619183808,2384.8939143575817,-7.959057143082828,4758.63624014977,69,0.13346228239845262,0.9342359767891684,0.4057971014492754,1.0,0.0,20,0.0,0,4.313164331107655,-0.0916183442561037,0.765621659185129,0.3850826950826951,-0.31340620181769047,0.06277402303017271,0.25,2,2,128,-19.10462674618744,124,11
True,True,4.0,3.0,40,2.2,-80.99947130662507,10,20,80,False,trend_bb_reversion,18,4,0.005,70.13310670624088,24.99393502022038,48,0.0005,11.552446955488369,14,-439.10477844823146,-0.4835576697428675,-0.20670352145725288,243.44802292762606,0.2801779117346902,-0.6673378196963269,-191.6793879494831,-0.20670352145725288,0.09106293819002337,11,16.62562488777074,18.07633714512988,False,0.5544189789688829,0.3152578507862276,-2.4712261690839026,-0.2806145684284743,2356.8119106585,-15.334351035958607,11764.879800155002,80,0.15473887814313347,1.0831721470019344,0.3625,0.08,320,False,8.494926617161626,14,-480.25170202486373,-0.515956079421182,-0.12347813597643369,301.0077380436421,0.33264487937827386,-0.5549113585615031,-118.91921099317977,-0.12347813597643369,0.09106293819002337,8,12.288511948472063,13.011969685544523,False,0.6267707886812617,0.5393143995629464,-1.4179570391097207,-0.1604543965114236,2722.6380715015134,-9.513536879454348,5435.762981952143,80,0.15473887814313347,1.0831721470019344,0.4625,0.12,0.0,50,0.75,0,5.883805862467303,-0.1168431516661485,0.7323158945594795,0.45427994465427624,-0.346106227203959,0.22580157424382233,0.3,2,2,129,-19.815220278510804,143,11
True,False,2.5,4.0,30,1.8,-159.230590427788,8,14,100,False,channel_reclaim,12,4,0.0025,73.27622715369925,24.877559778516787,24,0.01,18.767577360669424,9,-456.7713632846568,-0.5437058855384268,-0.2845066635857276,352.4110704867942,0.42447944352018463,-0.7431735826377237,-240.1398455820636,-0.2845066635857276,0.10016923200902571,13,30.497760388922018,36.132346275387405,False,0.7715261919061551,0.28206333897644387,-3.587220031230705,-0.6075058030236477,5161.612827889592,-30.497760388922018,25681.392032754324,127,0.24564796905222436,1.7195357833655704,0.2677165354330709,0.006,982,False,12.011526955052775,9,-509.0518156534044,-0.564248996377187,-0.16226174794975728,444.9561071722974,0.49934226508705404,-0.691631949282668,-148.48189206573758,-0.16226174794975728,0.10016923200902571,9,19.843797443804284,21.865665878907297,False,0.8740880466189171,0.5310914713633924,-1.895537819208438,-0.32373167934904096,6499.249688086613,-18.857200292348615,12973.785938306082,127,0.24564796905222436,1.7195357833655704,0.3779527559055118,0.05,0.0,100,0.5,0,5.735665127367656,-0.06429331502920449,1.7669483412545974,0.4335021633149976,-0.3326204363187272,0.17344631049712458,0.125,3,3,130,-20.184293407984924,122,11
True,False,3.0,4.0,55,2.5,-341.43355808529486,10,14,150,True,trend_state_tp,18,1,0.012,65.14704025441385,22.561261122671993,24,0.0025,38.88077498054173,2,-260.2290050575272,-0.3735275518003923,-0.26430088705960186,224.2680058067241,0.33037762097359097,-0.7812774614057447,-185.04843440617788,-0.26430088705960186,0.06213232331372391,27,53.664045977791496,76.64725724728453,False,0.8618101804491262,0.15829166579677834,-7.218546803198106,-2.065904068445225,7972.291838702461,-53.664045977791496,39632.84895018671,290,0.5609284332688588,3.9264990328820115,0.15517241379310345,0.08,1085,False,25.062314410032624,2,-270.02906044707083,-0.3424071064495221,-0.16386469942779625,253.58057243175446,0.3300253355803544,-0.7537582278934901,-131.0016751654517,-0.16386469942779625,0.06213232331372391,15,38.013448291587196,47.5578071492768,False,0.939086230244687,0.339481876661225,-4.546683372176934,-1.2495302223623668,10321.915758368847,-37.99048579798087,20588.466056242585,290,0.5609284332688588,3.9264990328820115,0.2655172413793103,0.12,0.002,150,1.25,0,8.682522899049875,-0.08109755548634116,0.672353022896019,0.32094846976696756,-0.23222976496650372,0.21647250442609112,0.15,3,3,131,-21.666319488916102,560,11
True,True,5.0,3.0,80,1.5,-186.25873022998434,20,8,150,False,range_bb_reversion,18,1,0.012,72.95201015196574,42.06914782824058,24,0.0025,24.98502424029995,14,-370.1222113639957,-0.4744453197093418,-0.21664610039884818,195.8629926657786,0.2451261275968711,-0.7613980009199377,-167.34798472340725,-0.21664610039884818,0.2888226287372069,12,42.506388119745445,55.02810950130746,False,0.5291846494269367,0.2954343748334432,-4.811795604906848,-0.9652220501984794,5548.971854974674,-42.506388119745445,27698.52558423353,254,0.4912959381044487,3.439071566731141,0.35826771653543305,0.08,1108,False,16.258449290765558,14,-414.2339287137955,-0.4879290845639511,-0.14723635199115168,262.6780978172921,0.30597875097266414,-0.7441959754418951,-123.74805906069096,-0.14723635199115168,0.2888226287372069,12,31.4446685027506,37.416502430784725,False,0.6341298469512451,0.47669071253576367,-3.1924652193538883,-0.6353478092739552,6620.453945371333,-31.432007001415464,13224.820023521903,254,0.4912959381044487,3.439071566731141,0.42913385826771655,0.2,0.001,150,0.5,0,9.618961986251366,-0.10494987442346271,0.6253662052172637,0.46389341173389,-0.21413076299748351,0.36097165327339426,0.35555555555555557,1,1,132,-22.15660733905846,435,11
True,False,5.0,8.0,40,2.2,-94.48370504053443,20,30,400,False,trend_bb_reversion,18,3,0.018,68.66046065743319,39.631269764674876,18,0.0,10.938699559812086,12,-408.5144465949033,-0.4508997184907502,-0.22802122706395125,127.66277880896114,0.14344292531404723,-0.7270748717671015,-207.44798706845415,-0.22802122706395125,0.08775888468047385,11,18.255422862023927,20.065867981627708,False,0.31250493066541624,0.18750295839924971,-3.2915189455465073,-0.3766034934549792,2243.6985351916596,-18.255422862023927,11138.312219021333,88,0.1702127659574468,1.1914893617021276,0.375,0.08,884,True,8.071674807355901,12,-433.5057441717361,-0.46582345341771125,-0.15870527241715976,192.35755102066383,0.209836544783502,-0.7018319616784173,-149.02242817519067,-0.15870527241715976,0.08775888468047385,6,13.470431248127875,14.387097696767379,False,0.4437254952369446,0.3697712460307871,-2.2890226271968745,-0.2547845957135916,2535.7782824289166,-13.113973679416812,5050.378062794522,88,0.1702127659574468,1.1914893617021276,0.45454545454545453,1.0,0.003,75,0.5,0,4.259667529005705,-0.13359646842363548,0.536821944307758,0.46192584654692603,-0.2656310736085386,0.11171620895534276,0.21428571428571427,2,2,133,-22.54214396427555,152,11
True,False,5.0,1.7,55,2.5,-100.84835653800516,30,50,80,True,trend_state_tp,8,6,0.008,73.79436533126916,44.54480764234804,12,0.0025,14.58760475626909,6,-225.10695003394594,-0.2598442450179608,-0.12827672280020205,95.77454088070195,0.10885078817366543,-0.7347280225907357,-110.60152174075205,-0.12827672280020205,0.13111451365944074,7,26.76945146521801,31.071791990480953,False,0.42546238961639893,0.23606300327103424,-5.2587807353162805,-1.0508831688204245,5861.879779844945,-26.654966739521363,29205.643778346534,241,0.4661508704061896,3.263056092843327,0.35684647302904565,0.006,1091,True,5.775713935614068,6,-226.10583613763546,-0.23755381738276402,-0.04822803042089891,168.8770822081175,0.1772417704155041,-0.6774761193773573,-45.82317631177314,-0.04822803042089891,0.13111451365944074,6,11.712306581472113,12.380013740298768,False,0.7468939550296191,0.6271628630019702,-2.0417392684920252,-0.395083959526303,7044.506143987852,-11.04338549113729,14081.05485798346,241,0.4661508704061896,3.263056092843327,0.45643153526970953,0.2,0.002,50,0.0,0,7.092848140888808,-0.07445724956717527,0.558043116824398,0.416371214940068,-0.15139650097216364,0.23111931938261593,0.24489795918367346,0,0,134,-22.63011924387448,495,11
True,False,5.0,12.0,30,1.5,-210.56987618719543,55,14,150,True,trend_state_tp,72,3,0.012,65.03101160458951,37.40611995809796,12,0.001,21.602891798015644,7,-264.3085804263836,-0.32725425120573265,-0.18791533006113725,345.32196258158274,0.42517592297508244,-0.7481201902184632,-151.4140354249084,-0.18791533006113725,0.14344427431702797,19,37.00312784215944,45.997141283364755,False,1.3065106022078739,0.2969342277745168,-4.893688342210863,-1.545368075261354,6385.715809750945,-36.79361060825272,31776.573791736748,243,0.4700193423597679,3.2901353965183753,0.18518518518518517,0.025,732,False,11.622101989313139,7,-251.18791906315232,-0.2800874685920492,-0.10121887731372646,399.8244625044317,0.4443303260851578,-0.7084086596330598,-90.44412114523034,-0.10121887731372646,0.14344427431702797,10,22.701929738951684,25.53180898549285,False,1.5917344432632128,0.5218801453322013,-2.577559209868447,-0.8080583701433479,7814.911856634219,-21.977921438290984,15601.50344808058,243,0.4700193423597679,3.2901353965183753,0.24691358024691357,0.04,0.002,20,0.25,0,8.791295430578637,-0.06768504847555155,1.5036449175599509,0.33836552336552334,-0.40529194366338733,0.08118470229069094,0.15384615384615385,3,3,135,-23.80408629784838,228,11
True,False,4.0,4.0,30,2.2,-236.70118557198353,55,8,80,True,trend_state_tp,48,6,0.0025,61.0719812988602,23.973867021222436,12,0.005,29.740747779087574,8,-278.9694413911113,-0.366197645637995,-0.192162016792154,250.3682255144208,0.32765492726055506,-0.7566743149268857,-146.19827741480623,-0.192162016792154,0.19800145056007737,19,44.748797961487554,59.0398310694526,False,0.8974754520277654,0.300476362793437,-5.353324402580488,-1.4136540159042292,7315.1363818454265,-44.29807805668625,36390.75239612061,303,0.586073500967118,4.102514506769825,0.2508250825082508,0.01,1127,True,17.316937851812146,8,-296.3803373718816,-0.3458995818041841,-0.10684158089412217,304.8620692080337,0.3573487121351244,-0.6996276684969429,-91.9976051021414,-0.10684158089412217,0.19800145056007737,9,29.4654371388129,34.62156379188414,False,1.0286177278538884,0.5297381298447525,-2.9007824699296365,-0.7526551315432388,9120.480600262334,-27.875274345948842,18203.44940765593,303,0.586073500967118,4.102514506769825,0.33993399339933994,0.12,0.001,10,0.5,0,7.430619002093181,-0.07603538588051872,0.6495274519820239,0.33982425591588233,-0.15920717203634868,0.3195478257282345,0.1935483870967742,2,2,136,-24.804184550069735,567,11
True,True,5.0,2.2,20,1.8,-114.58270691860127,8,20,400,False,range_bb_reversion,18,2,0.018,69.66927399032691,36.53190339736084,12,0.0,22.71345407582187,11,-411.3329211149353,-0.5077153884316955,-0.18663401210717023,140.7913907230197,0.17494411438441224,-0.7451970309459284,-151.64733376742254,-0.18663401210717023,0.2264485454105891,5,36.06085568324442,44.47158749282101,False,0.34228087151740416,0.3039454139074548,-4.335688363213334,-0.8143759884558783,5546.341643669975,-35.788770769111636,27682.604356567743,236,0.4564796905222437,3.195357833655706,0.4703389830508475,0.08,118,False,14.174323585678492,11,-432.00788172361104,-0.4921875352391749,-0.11043659164537435,235.83703042353372,0.2713143519484262,-0.6973611912966601,-98.08542565003866,-0.11043659164537435,0.2264485454105891,5,24.33951990392996,27.642654876759046,False,0.5459090919420237,0.5459090919420237,-2.5012558025349327,-0.45728025415535734,6651.34152717001,-23.148160453409044,13288.244895303644,236,0.4564796905222437,3.195357833655706,0.5,1.0,0.002,10,1.5,0,9.1523430527264,-0.10496534892894939,0.6004281888828888,0.5061193694577302,-0.17600659716781536,0.37669090773401404,0.4423076923076923,0,0,137,-24.95272452231498,389,11
False,True,4.0,2.2,30,2.5,-58.706470881266824,8,10,50,False,range_bb_reversion,24,8,0.0025,72.47747499511574,44.816344429953446,18,0.005,10.529796182868301,16,-615.7900133062852,-0.67568284158429,-0.26143281390009115,180.7378197407546,0.2015525111587194,-0.7049870623971607,-239.65186992296088,-0.26143281390009115,0.09533403175114837,5,17.765564787462672,19.44285465492374,False,0.29350560391575914,0.2626102771877844,-2.721116639455683,-0.33828953091850344,2298.347749481286,-17.25493463445321,11566.43692808224,72,0.13926499032882012,0.9748549323017408,0.4722222222222222,0.04,1154,False,7.513811656517228,16,-620.2070502338229,-0.6622229851037172,-0.17286311444696972,318.0660452416313,0.34446017739016316,-0.6666498526548893,-164.1020732665882,-0.17286311444696972,0.09533403175114837,5,12.750268211072457,13.513894628445911,False,0.5128384869564413,0.4851174876614985,-1.7246827455610794,-0.21158620950367843,2678.9645170185204,-11.815349275194414,5376.186762761428,72,0.13926499032882012,0.9748549323017408,0.4861111111111111,0.08,0.0,20,0.25,0,8.468948571946797,-0.1706874910619608,0.8319841544406525,0.5294459668298678,-0.7057457143288998,0.08969724533861738,0.16666666666666666,3,3,138,-25.355501659471887,128,11
True,False,3.0,12.0,30,2.2,-237.20266499930838,40,80,300,True,trend_state_tp,18,4,0.012,64.52658291359806,43.669010171791065,24,0.005,31.505309219865012,8,-352.07286521081414,-0.47598837326235305,-0.2301805868070683,316.61875836060756,0.4318617180458321,-0.7658588097484691,-171.01917651819093,-0.2301805868070683,0.1966314771536788,16,47.60738364114021,64.2127126660669,False,0.8992989510027211,0.33389812537229746,-4.797427381701973,-1.4416353735485452,8372.120833804123,-47.37231189553896,41665.669850681224,277,0.5357833655705996,3.750483558994197,0.27075812274368233,0.025,713,False,17.038464632725997,8,-384.8626375807544,-0.45283403618472484,-0.12322024606206666,437.90567505731883,0.5184746857724704,-0.7291529275978239,-105.65606217288843,-0.12322024606206666,0.1966314771536788,13,29.760445811605717,34.839133614696664,False,1.1378232966701909,0.5844556824426118,-2.3983122545054734,-0.7443902203785492,11003.702193827994,-29.26672922189007,21970.89316506444,277,0.5357833655705996,3.750483558994197,0.33935018050541516,1.0,0.001,10,0.5,0,11.795279877964193,-0.08965334857610155,0.7187426852742822,0.35538837796193845,-0.2728000854192119,0.308846061556057,0.21052631578947367,3,3,139,-26.208746317995157,570,11
True,False,4.0,12.0,14,1.5,-91.5994027815012,55,10,400,False,range_bb_reversion,36,4,0.012,71.5359150144508,42.00703018580344,24,0.005,12.456388658206262,28,-663.8957938006042,-0.7465611084871183,-0.23100870555705608,539.8854018640712,0.6082626480500223,-0.7205214904446331,-205.8197635919225,-0.23100870555705608,0.25981142718994277,9,23.673143140387563,26.73256198570552,False,0.8132080469638003,0.49954208599204863,-2.127228628606996,-0.4720704354902037,3605.0097355143807,-23.257633285887323,17926.742412791413,113,0.218568665377176,1.5299806576402322,0.3805309734513274,0.04,135,False,8.840531616062597,28,-713.5431771121636,-0.7627867248808682,-0.13783475552073965,687.0716188118497,0.7397573716658238,-0.5925176234741755,-130.98658057739698,-0.13783475552073965,0.25981142718994277,9,18.058470468546137,19.603475722121853,False,0.962901252300598,0.685702406941335,-1.15404323875216,-0.2793814272925346,4276.047651199991,-14.801483605245899,8531.036452893914,113,0.218568665377176,1.5299806576402322,0.415929203539823,0.12,0.002,50,0.0,0,9.418365384491329,-0.15930014139247675,0.759923208105945,0.38703745749200297,-0.5232425213606294,0.13190900839482378,0.2222222222222222,4,4,140,-26.38483664232786,184,11
True,False,3.0,12.0,14,2.0,-125.18780351414574,20,14,80,True,trend_state_tp,18,6,0.005,74.73659235290359,27.62726389888543,24,0.001,13.58188363071642,8,-475.21733257570736,-0.5361579920480966,-0.23631270688864006,518.2439810613852,0.5832644058805411,-0.7113422144644242,-209.11162356577188,-0.23631270688864006,0.07671851075832058,12,24.15350446470848,27.433452299424566,False,1.090540991534275,0.3989784115369297,-2.808233590346753,-0.6307787863810554,5181.655581345856,-23.420501839366406,25817.273136110824,112,0.21663442940038685,1.516441005802708,0.26785714285714285,0.006,30,False,5.71509891044251,8,-463.7583995749044,-0.48386974774045305,-0.09384388261312357,728.329076916668,0.7642130206670013,-0.5855922684934616,-91.23106317128801,-0.09384388261312357,0.07671851075832058,11,12.520731019297854,13.15491191100653,False,1.570492475358457,0.7138602160720262,-1.0014548296399446,-0.22504665457347933,6624.83405874718,-10.217879075184202,13242.520625363899,112,0.21663442940038685,1.516441005802708,0.3125,0.03,0.0,150,0.0,0,8.110812526536073,0.016265043196897654,1.792468263711033,0.3766779980729824,-0.4961127859742945,0.0,0.0,4,4,141,-27.78067689590008,102,11
True,True,5.0,8.0,80,2.2,-227.5997606728342,12,30,80,True,trend_state_tp,120,6,0.012,60.973161322895805,40.74230838409676,18,0.01,32.019267152525394,7,-203.84886409790053,-0.2749835855607092,-0.1463104477611816,182.90913697896968,0.2627346850331062,-0.761563046013333,-111.29972026338501,-0.1463104477611816,0.23813361270045935,17,44.338110098515386,58.359521946527,False,0.8972781761056352,0.2822563799007796,-6.011071549350993,-1.8818052510757712,7565.827671935608,-44.18598894456387,37805.75726105258,397,0.7678916827852998,5.375241779497099,0.23929471032745592,0.025,53,False,18.239377243323958,7,-220.3680383602785,-0.2618732206890559,-0.07393720778008903,212.32700270785878,0.25987920675751647,-0.719760589632581,-64.51063062037012,-0.07393720778008903,0.23813361270045935,10,26.205838561023064,30.161688294102333,False,0.9635108806510613,0.5424490391067002,-3.005848576849392,-0.9523274341534739,9390.162432964253,-25.610720356287025,18777.83466872237,397,0.7678916827852998,5.375241779497099,0.3602015113350126,0.08,0.001,10,1.0,0,9.387031667567381,-0.06811645313174003,0.6433085692791428,0.34934568322939885,-0.155677681587192,0.34452666550257105,0.2413793103448276,2,2,142,-29.904454879313136,742,11
True,False,2.0,12.0,40,2.0,-141.31122886136842,20,10,300,False,channel_reclaim,96,4,0.0,58.19477282061049,38.14350897517067,18,0.0005,14.355959510849392,39,-870.3829131744494,-1.0,-0.28034217313234605,1996.2819306089784,2.3365953791136684,-0.7366211717186442,-252.08265275057278,-0.28034217313234605,0.3205737770972681,15,25.712430580558475,28.594901659499293,False,2.293567463690394,0.6307310525148584,-1.3221307935708542,-27930016469410.23,4710.606107069174,-25.712430580558475,23448.08256943058,102,0.19729206963249515,1.381044487427466,0.21568627450980393,0.006,161,False,8.614545680664373,39,-923.0561951482163,-1.0,-0.14785612494730085,2660.7943802971927,2.9508488752443323,-0.673814137151341,-150.06881613057897,-0.14785612494730085,0.3205737770972681,15,16.435738560350902,17.115313656827716,False,2.882591974662979,0.7927127930323195,-0.5963036225769193,-20557237183652.73,6014.22151235356,-15.307019245319143,12009.868297523442,102,0.19729206963249515,1.381044487427466,0.21568627450980393,0.08,0.002,150,0.0,0,12.104330892714378,-0.058932137806211204,1.0171727463380789,0.2520244309119907,-0.7621518935162934,0.14349136992865222,0.1111111111111111,4,4,143,-29.925893496537004,167,11
True,False,2.5,8.0,14,2.2,-281.27820142744906,10,20,100,True,trend_state_tp,12,3,0.012,62.06859324534966,22.926019511608256,48,0.0005,37.75755020474008,6,-358.94538154847896,-0.5162613340573711,-0.2404373458293721,389.9173622971456,0.5732434194432248,-0.7809937849272265,-169.35987677743475,-0.2404373458293721,0.17277782254815052,19,53.51772106166936,75.97820128208159,False,1.08628605448287,0.36823256084165074,-4.72762292911761,-1.786232864098006,10522.084763768382,-53.51772106166936,52395.68063846042,316,0.6112185686653772,4.27852998065764,0.25316455696202533,0.015,959,False,18.05049859643706,6,-393.7037928936528,-0.47215607635562107,-0.11242291636013432,585.1751202685076,0.7119655752961895,-0.7430895355401306,-96.32285724945214,-0.11242291636013432,0.17277782254815052,15,30.438022890826893,35.52564156980244,False,1.486333458886882,0.648581872968822,-1.995762231492675,-0.7791349575701295,14851.314904554289,-30.438022890826893,29671.512732355008,316,0.6112185686653772,4.27852998065764,0.3037974683544304,0.2,0.002,100,0.25,0,10.601900873792545,-0.061874703453414955,0.8341526834310716,0.30618889593946763,-0.26503754097959226,0.3315462649857776,0.1935483870967742,2,2,144,-29.951249929517807,594,11
True,False,3.0,8.0,55,2.2,-88.51537791215114,8,10,100,False,range_bb_reversion,48,8,0.018,68.45344006621107,34.59035953109947,18,0.0005,13.939268330393885,20,-836.7097095597593,-0.9369231385471111,-0.262717302842369,484.7256983886919,0.5353222577877339,-0.6673044814693815,-231.5663919011228,-0.262717302842369,0.17584011604480618,6,27.305380213837303,31.58379521011938,False,0.5793236206661612,0.48942857608003265,-2.313542523602445,-0.8152534761629718,3736.5452645373143,-24.777603933420192,18577.459439361246,107,0.20696324951644102,1.448742746615087,0.45794392523364486,0.08,265,True,10.938695468955382,20,-888.610528650324,-0.94822757487508,-0.17372770798253737,666.8059594390786,0.7092021402749612,-0.5488946472387838,-161.78039402910775,-0.17372770798253737,0.17584011604480618,6,22.893280362476403,25.6818598470102,False,0.7503916934811298,0.6582383276150259,-1.4194369387008103,-0.5920731831842847,4459.811978957363,-17.310502161114535,8893.906750416709,107,0.20696324951644102,1.448742746615087,0.4672897196261682,1.0,0.002,20,1.0,0,10.196729646614655,-0.16247740993863324,0.7373079106596676,0.4290334481452826,-0.4433360715919415,0.2918154179720466,0.2608695652173913,3,3,145,-30.016016994762623,193,11
True,True,4.0,2.2,40,2.2,-71.23886464230357,30,50,100,True,trend_state_tp,36,8,0.0025,72.9921117339242,26.089103335463424,6,0.0,9.838374931646564,8,-453.91273407373757,-0.49480091543452304,-0.19332052529335866,150.6230030342536,0.16558470106517031,-0.7108154665457591,-177.9290280026981,-0.19332052529335866,0.06430816342976872,10,16.69097349742759,18.17103505138672,False,0.33183251256790053,0.2787393105570365,-2.9249571204814093,-0.36575267915847864,3521.2381424358873,-16.36947057624822,17612.86846680141,92,0.17794970986460348,1.2456479690522244,0.45652173913043476,0.015,72,False,4.863745777551259,8,-462.4660658728075,-0.479584726647126,-0.07827297278650173,293.02343062371637,0.30596168516515976,-0.6435976364475584,-76.50947527132243,-0.07827297278650173,0.06430816342976872,7,7.80894029086215,8.034239872911977,False,0.6336106630238831,0.6617711369360557,-1.139091915146009,-0.14180989207233588,4247.4714978421125,-7.0388717249616315,8499.789774216559,92,0.17794970986460348,1.2456479690522244,0.5108695652173914,0.03,0.003,50,1.5,0,7.786905874980045,-0.07990877344958962,1.3738670125915435,0.39591942148760334,-0.6228750646954111,0.0,0.0,3,3,146,-30.673089744835583,145,11
True,True,2.5,12.0,80,1.8,-399.5190261394124,10,30,80,True,trend_state_tp,48,8,0.005,64.10289705491526,26.563532462710302,24,0.001,70.75626932384824,9,-301.1146211164428,-0.5635275497956121,-0.2568465587781965,265.15592304898445,0.5498577871589185,-0.8225351295061969,-145.13590835231315,-0.2568465587781965,0.39286002095253447,15,73.00640020208158,129.76849721263736,False,0.8805813615621378,0.33476646803188703,-5.826436288772267,-2.288574773003802,12058.750401353389,-72.71309008450882,60246.758914309175,501,0.9690522243713733,6.783365570599613,0.2754491017964072,0.08,810,False,42.23033315595312,9,-403.0876483266308,-0.5967510354725396,-0.13643605813934997,382.928895424739,0.5981598642369318,-0.7614863011249877,-100.2908560232089,-0.13643605813934997,0.39286002095253447,11,51.125743387483006,70.15417205426584,False,0.9499891574808148,0.5952854136162249,-2.79741685482116,-1.1994775384409024,18014.931616846967,-50.24571886762772,36015.596988883095,501,0.9690522243713733,6.783365570599613,0.3852295409181637,0.08,0.003,150,1.0,0,15.581042906436116,-0.06432229887351831,0.8229535124590538,0.4092463895076525,-0.20706172506518236,0.5498952896518277,0.32558139534883723,2,2,147,-31.167806202905723,836,11
True,True,1.5,12.0,20,2.2,-230.93774528929313,40,20,150,True,trend_state_tp,12,8,0.008,74.26914541612298,35.903197462717756,48,0.0,33.2157836394185,8,-556.9523194150516,-0.7452747586955814,-0.33218533341764284,530.7595114038018,0.7662570019805116,-0.7300944144745166,-259.68945881859474,-0.33218533341764284,0.11564187283423322,17,43.53756461938624,56.533105452238466,False,0.9529711842501001,0.3583823257008922,-3.2388101875954605,-0.9915197017905701,8286.982892107155,-41.810002869793806,41388.97197487489,161,0.3114119922630561,2.1798839458413926,0.2732919254658385,0.006,10,False,20.349420509123995,8,-628.2992080924921,-0.7547601149643633,-0.15005344766842774,833.7840815882895,1.0481616153068518,-0.5755498589792908,-137.91102397595665,-0.15005344766842774,0.11564187283423322,17,28.240574227469878,32.5764863973087,False,1.3270493911963483,0.6697258609775966,-1.2184434436295575,-0.4215937290055382,11898.313758614637,-22.203674860129073,23784.92776370366,161,0.3114119922630561,2.1798839458413926,0.33540372670807456,0.04,0.003,150,1.5,0,16.54361559098037,-0.09039489304079419,0.8498678675788292,0.3107251703861398,-1.0,0.0,0.0,3,3,148,-31.2879124549186,202,11
False,True,3.0,2.2,40,2.5,-121.14858506023211,12,80,130,True,trend_state_tp,120,8,0.012,74.43433059752158,28.55236759133511,18,0.0005,18.331161723948348,8,-428.251746991837,-0.510511920931251,-0.2078511264230997,242.83101148725837,0.2919977614767262,-0.7385980322488942,-175.157678079721,-0.2078511264230997,0.12394229994358932,8,30.85153586908073,36.66165012313269,False,0.5670286535734482,0.34333845078759245,-3.755051503233305,-0.7164655082455276,5529.527938060281,-30.652593663951222,27773.32127531936,175,0.33849129593810445,2.369439071566731,0.37714285714285717,0.025,377,True,9.312575231688168,8,-464.46006840124704,-0.5082145230397918,-0.10636776525199367,367.81197660709853,0.40507356284156754,-0.7089567961808184,-98.26036859757502,-0.10636776525199367,0.12394229994358932,8,17.60354988702381,19.11123452450049,False,0.791913022519184,0.6222173748365021,-1.8246998169993338,-0.3548133002956304,6893.853376685745,-17.19556450457564,13808.324202079591,175,0.33849129593810445,2.369439071566731,0.44,0.08,0.0,100,1.5,0,9.660086090311244,-0.12829006800826745,0.6209881790558683,0.4562413616849101,-0.24363442888830725,0.3092246655678607,0.358974358974359,1,1,149,-31.542594982056393,314,11
True,False,1.5,2.2,20,2.5,-262.0043564085172,20,10,400,True,trend_state_tp,96,6,0.018,72.02239024071642,26.344836947360157,12,0.005,29.64019019391048,7,-610.9438940672085,-0.8081465216936125,-0.48358885771626114,351.4697755604464,0.4596568532179163,-0.7612405539421224,-364.56599464252884,-0.48358885771626114,0.0743009106293819,14,45.88757193056704,61.03409674356343,False,0.5752897753353797,0.19794917000787263,-4.8747176933337615,-1.3457797016196766,6325.1931126263735,-45.57074933031618,31429.54238169721,125,0.24177949709864605,1.6924564796905224,0.256,0.08,1041,False,21.506918855345617,7,-653.8488142431016,-0.8006187237540656,-0.3538698017629502,615.6708042704777,0.7505928109373076,-0.7391095685048493,-288.22716411119075,-0.3538698017629502,0.0743009106293819,14,36.61885465614848,45.165325839206275,False,0.9416103399731344,0.38087609257340255,-3.302729464206727,-0.9188094166665376,8513.459975861577,-36.02839551389886,16971.847908296615,125,0.24177949709864605,1.6924564796905224,0.288,0.05,0.001,50,0.0,0,7.699513988627429,-0.16330610764756917,0.713775099446322,0.38114915387642656,-0.8269815510900017,0.0,0.0,4,4,150,-31.569705069262284,116,11
True,False,5.0,6.0,30,1.5,-181.78022612625855,30,8,100,True,trend_state_tp,8,4,0.0025,77.6944179636709,23.765540327320434,12,0.005,20.664488991282518,5,-212.10165361724086,-0.25768912834092067,-0.14807900984626937,174.27887715562596,0.21380836550115057,-0.7415827424690062,-122.27887340067036,-0.14807900984626937,0.12144411314368603,16,33.377315853516464,40.48926081732831,False,0.8216761830161402,0.24887307466354233,-5.647789348561598,-1.5040317069932672,6059.632857701961,-33.13757469158151,30162.851702086784,271,0.5241779497098646,3.6692456479690527,0.23247232472324722,0.08,143,False,10.644779336947405,5,-208.832391088464,-0.23044818060965389,-0.07211674455876978,212.2872684097677,0.2359411581924069,-0.6803594899045988,-65.86925945068789,-0.07211674455876978,0.12144411314368603,13,19.06319473068064,21.039863501370082,False,1.016543780891922,0.5224694292852335,-2.7942313028455077,-0.7506988923176654,7270.875192086915,-17.850569311136425,14520.606759586295,271,0.5241779497098646,3.6692456479690527,0.33948339483394835,0.08,0.0005,75,0.75,0,6.546843493456823,-0.07240848831497065,0.6046999861201926,0.3320250648321907,-0.20969064243959362,0.13139441161024198,0.17857142857142858,1,1,151,-31.585510622809686,445,11
True,True,4.0,12.0,20,2.2,-109.88507970505923,8,8,50,False,range_bb_reversion,36,8,0.008,67.34779228425647,38.04317093660889,3,0.001,17.72090951985496,25,-700.4489009482563,-0.8231308776981104,-0.2534745418458957,459.9110848974231,0.5331937314738293,-0.7446510252329078,-213.097706893071,-0.2534745418458957,0.3075993230719639,6,31.990632205973373,38.059376268038214,False,0.6565947698323218,0.47546517815443984,-2.6766804024415185,-0.786180048728618,4957.4698689231245,-31.964656033960654,24744.458899186488,150,0.2901353965183752,2.0309477756286265,0.42,0.025,431,False,11.815325577293402,25,-747.6972186902533,-0.8204229628412065,-0.15654802645624621,648.6604033565754,0.7115961211240865,-0.666859308518188,-142.60891580329417,-0.15654802645624621,0.3075993230719639,6,23.448738509642187,26.323740176858717,False,0.8675442239745637,0.6634161712746668,-1.5132648869920973,-0.45838192026082325,6053.798889465361,-21.391337370494178,12096.067339356889,150,0.2901353965183752,2.0309477756286265,0.43333333333333335,0.04,0.0005,10,0.75,0,9.719485358963018,-0.0766234285902638,1.4903948070871196,0.4051634170874413,-1.0,0.0,0.0,2,2,152,-31.73832221935389,199,11
True,False,5.0,12.0,30,1.5,-263.9355411245532,30,20,80,True,trend_state_tp,8,1,0.0025,65.95187961650723,26.628418356376645,48,0.005,32.37384331721238,3,-181.19464778725302,-0.2460842976281515,-0.15148283371424526,196.43697859899342,0.27611578317661106,-0.7674599902740343,-112.78312126800546,-0.15148283371424526,0.11298251269240067,20,46.7536165012104,62.82921422219295,False,1.084121308205731,0.23984984694817085,-7.044432307401711,-2.578143186206434,8388.062558920263,-46.692212204954295,41748.878164583664,414,0.8007736943907157,5.605415860735009,0.18115942028985507,0.01,61,False,17.12992397790227,3,-179.40837688482898,-0.21160586793811734,-0.07525541343334166,218.65563756902185,0.26275621748185857,-0.7288567590746619,-64.9890104113791,-0.07525541343334166,0.11298251269240067,11,27.251146042161423,31.64029072869325,False,1.2187593543047748,0.49163512936362025,-3.5689264954305653,-1.3403267497547595,10571.327205558218,-26.905450310310975,21110.005268435587,414,0.8007736943907157,5.605415860735009,0.28743961352657005,0.12,0.003,50,0.75,0,6.356735596030267,-0.05365438710802977,0.6546334390480939,0.31799821082859564,-0.12072883113318766,0.23482367480352495,0.17391304347826086,1,1,153,-31.926140350925188,762,11
True,False,2.5,6.0,14,2.5,-270.47502342653604,40,20,400,True,trend_state_tp,12,3,0.0025,68.33767992481265,26.826828703683013,6,0.001,37.41816961489445,6,-367.9218961661899,-0.5254526421620226,-0.2676172069549282,364.39214613479425,0.5324309817023795,-0.7797134064710265,-189.43675323978516,-0.2676172069549282,0.15335643484567651,15,52.85285415390016,74.66520074042496,False,0.9904062517937195,0.3191830574501086,-5.104108640548775,-1.7476944533611687,9044.324955290915,-52.85285415390016,45002.61198253069,279,0.539651837524178,3.777562862669246,0.24372759856630824,0.01,559,False,21.69230070868947,6,-382.11756226966764,-0.47117302892586055,-0.14861997999477664,556.4416357718198,0.6975581483698852,-0.7465487121856558,-123.08867965606711,-0.14861997999477664,0.15335643484567651,15,34.441160547379745,41.619763113534326,False,1.4562053428445363,0.5550881752427193,-2.629358963345842,-0.8808397825320999,12297.326090300461,-34.3417416240428,24550.57337416483,279,0.539651837524178,3.777562862669246,0.27598566308243727,0.2,0.001,75,0.0,0,13.625618072977108,-0.08150190416382325,0.806331819927832,0.29787778579703655,-0.35889464760975986,0.22994576082721246,0.11764705882352941,3,3,154,-32.44893847485001,512,11
True,False,2.5,1.3,20,2.2,-148.39852652935113,30,20,80,False,channel_reclaim,36,8,0.008,77.22065169109725,30.379815387671243,48,0.0025,18.559457776318176,14,-761.8476312927787,-0.9042415625309215,-0.4646374380027231,126.56265797469291,0.1481440689153714,-0.7436964073002932,-390.7395357759868,-0.4646374380027231,0.08969296478362479,6,30.868423326302945,36.70635760221513,False,0.1661259453677487,0.11917730863338491,-3.976829290851367,-0.8770700093532836,3053.870046478891,-30.868423326302945,15129.960351171967,79,0.1528046421663443,1.06963249516441,0.4177215189873418,0.08,1153,False,15.543969097947086,14,-848.1826293437178,-0.978974300322311,-0.3850863010972875,249.4969389011606,0.28905683315814473,-0.7375305146181821,-334.0795404189013,-0.3850863010972875,0.08969296478362479,4,26.392283693093184,30.421817786685708,False,0.294154737752893,0.2591363165918343,-3.2125618069407156,-2.437212566356513,3670.9543099194975,-26.392283693093184,7296.404261372125,79,0.1528046421663443,1.06963249516441,0.46835443037974683,0.12,0.0,150,0.5,0,6.159607582158722,-0.1989242343702737,0.6850334126401544,0.596803701349156,-0.5430743228712039,0.14799880025042395,0.36363636363636365,2,2,155,-32.44980466489399,132,11
True,False,5.0,3.0,40,1.8,-66.71479071418193,30,8,300,False,channel_reclaim,18,4,0.025,75.00600749330779,40.093183723350506,36,0.005,9.148249615493077,14,-443.91700636368046,-0.4838303141598913,-0.22580871828544546,228.08405585456399,0.2520090518524171,-0.724376151668007,-208.28027026117917,-0.22580871828544546,0.09227173825449271,5,16.037580810110754,17.3872713079793,False,0.5137988691239852,0.27745138932695207,-2.825581045816729,-0.35463168705304,1862.9497803289944,-16.037580810110754,9243.75247453209,77,0.14893617021276595,1.0425531914893615,0.35064935064935066,0.04,946,False,6.757026926966044,14,-440.40017789388224,-0.46899579541542613,-0.16086056793395567,298.81093259022015,0.3218846217870147,-0.7193068592704946,-152.39584913384238,-0.16086056793395567,0.09227173825449271,4,11.734480383305868,12.386263730914584,False,0.678498664599134,0.43308425399944717,-1.9798877254969054,-0.2404141060090855,2078.284487475183,-11.734480383305868,4137.234507313153,77,0.14893617021276595,1.0425531914893615,0.38961038961038963,0.08,0.002,150,0.5,0,4.4891186970779895,-0.10721991009130888,0.6591967357418101,0.4478010625737898,-0.25196908181183236,0.19417401298792022,0.18181818181818182,1,1,156,-32.661593591064275,120,11
True,True,5.0,1.3,40,2.2,-216.66452574272958,30,14,200,True,trend_state_tp,8,4,0.008,74.71336854328536,42.65770193113818,3,0.0,27.23696563113331,4,-217.7059935892966,-0.2794892306271094,-0.1860090255788691,33.5760324329087,0.043131477039378245,-0.7571085578752259,-144.89636060759753,-0.1860090255788691,0.10927552582802805,15,41.106058565275305,52.81093882403748,False,0.15422649546456696,0.06291827178156471,-7.187934364234914,-1.4433757393854858,6689.259315758406,-41.00567005195007,33435.075525485714,283,0.5473887814313346,3.8317214700193425,0.28975265017667845,0.04,728,False,15.852855243100564,4,-263.25780373463704,-0.30453637062069117,-0.10360802788660686,102.42873314664632,0.11981229351174058,-0.729254859108747,-90.10587461063713,-0.10360802788660686,0.10927552582802805,7,25.747653475145384,29.654374414924067,False,0.3890814695464608,0.34991219408876334,-4.264095172574227,-0.8327846759521957,8226.281711566084,-25.49996251481031,16452.343399314355,283,0.5473887814313346,3.8317214700193425,0.4734982332155477,0.04,0.001,150,1.25,0,8.470716525477542,-0.08047882287614366,0.412092437098339,0.46774287090623223,-0.13133704186161677,0.0,0.0,0,0,157,-33.164295817014896,352,11
True,False,2.0,1.3,20,2.2,-244.8181092794403,16,50,200,False,channel_reclaim,48,1,0.008,60.95632349005265,28.637391363113412,48,0.0,36.86783552038417,6,-562.1748058225852,-0.7857219712304266,-0.3725247769090738,87.11991158264415,0.11959772419276231,-0.7777834488920804,-265.83003736583953,-0.3725247769090738,0.09823515190587477,11,51.83685728633877,72.6423314972694,False,0.15496943420502202,0.130115845700443,-5.597222632301516,-1.1905843152649684,8119.310832001775,-51.83685728633877,40377.8829361488,195,0.3771760154738878,2.6402321083172144,0.4564102564102564,0.08,855,False,24.344984162786623,6,-796.1436639248,-0.994967060583365,-0.24052339507483608,234.7623699279134,0.295528683049645,-0.7515472011686294,-193.4601364416752,-0.24052339507483608,0.09823515190587477,5,37.83802158729029,47.08431972195216,False,0.29487438080030737,0.4150083877930251,-3.4322857634120925,-6.489807741293717,11094.725877215615,-37.724726606126694,22136.17377766563,195,0.3771760154738878,2.6402321083172144,0.5846153846153846,0.05,0.0,20,0.0,0,12.289805798387567,-0.21574727372825564,0.8463012886108708,0.5740892440892441,-0.5775985307817771,0.17556875058531868,0.3,2,2,158,-33.87853306162373,217,11
True,False,2.0,6.0,40,2.5,-130.27448762604354,10,20,200,False,trend_reclaim,12,2,0.0,67.08400038855827,27.767297852076947,36,0.0005,14.547886663684768,8,-616.7591534384578,-0.7158928065531511,-0.29461713795282535,455.86781218692636,0.5171091503258513,-0.7425217941993858,-250.27827351645152,-0.29461713795282535,0.08598597791925215,8,30.033392821974118,35.35405655433904,False,0.7391342465619593,0.38360131783595364,-2.9083283237725417,-0.6349733129383536,5449.425780299009,-30.033392821974118,27124.272573924693,120,0.23210831721470018,1.6247582205029012,0.3416666666666667,0.015,1184,False,7.706469525465997,8,-710.4969243025984,-0.7620022587294223,-0.16650549586723115,625.1453570832738,0.6671899721398366,-0.7025064807054652,-153.9793070584849,-0.16650549586723115,0.08598597791925215,8,19.13091816804522,20.87875384768094,False,0.8798706028135125,0.6284790020096519,-1.4717881557377346,-0.3848734004098906,7029.860220681564,-18.477516847018254,14036.835484825908,120,0.23210831721470018,1.6247582205029012,0.4166666666666667,1.0,0.003,100,0.75,0,10.64109496644754,-0.1575988669689061,0.7573004468905473,0.36484857161784257,-0.7694814575583974,0.05553959195173974,0.09090909090909091,3,3,159,-34.24410573683818,234,11
True,False,4.0,4.0,30,2.5,-135.4723000948185,40,80,130,True,trend_state_tp,24,2,0.018,58.6596695846509,44.470153983540996,12,0.005,15.187008986941343,7,-329.947121999034,-0.3775317540565562,-0.17516992863088487,338.43591470994977,0.39910011649602023,-0.67837560180355,-155.79097863120018,-0.17516992863088487,0.0818760577000564,15,23.868777007054437,27.15363353597577,False,1.0257277367945663,0.36144691677522806,-3.425641532766835,-0.8352041644977253,4567.822933940683,-22.122318965630402,22751.4721139468,142,0.2746615087040619,1.9226305609284333,0.2605633802816901,0.01,1133,False,8.679121938089212,7,-307.61361387660185,-0.3295899820184232,-0.07207992113261581,444.07342687550215,0.4829973212212356,-0.508061969369942,-69.40293194811815,-0.07207992113261581,0.0818760577000564,12,13.911197750589624,14.868916061847703,False,1.4436078471274705,0.669714980626146,-1.350389217267486,-0.3416533020816747,5489.597038262088,-9.85521633663273,10970.489257407296,142,0.2746615087040619,1.9226305609284333,0.31690140845070425,0.04,0.002,20,0.25,0,5.261913039120275,-0.04717594108148033,1.4828565463801942,0.38970837081925075,-0.39059664923647763,0.07492872695661346,0.21052631578947367,3,3,160,-34.42813597950642,115,11
True,True,2.5,1.7,80,2.2,,10,30,400,True,trend_state_tp,12,4,0.0025,65.35154959336764,27.969991425090956,6,0.0025,,,,,,,,,,,,,,,,,,,,,,,,,,,0.006,977,False,,,,,,,,,,,,,,,,,,,,,,,,,,,0.12,0.0005,75,1.25,0,10.765576215474349,-0.10741115276675826,0.6349479039869755,0.42799483971445634,-0.23754289595554476,0.3955174406391008,0.3488372093023256,1,1,161,-34.94008698160693,529,11
True,True,2.5,1.3,40,2.0,,10,80,100,False,trend_bb_reversion,72,1,0.005,64.27963909474964,33.565466636376655,48,0.0025,,,,,,,,,,,,,,,,,,,,,,,,,,,0.01,527,False,,,,,,,,,,,,,,,,,,,,,,,,,,,1.0,0.0005,75,0.75,0,10.999642891364601,-0.18512418284945503,0.5807666252837136,0.6118055263602811,-0.3462982240605233,0.2631643254688947,0.5,1,1,162,-35.09443241939029,309,11
True,False,2.0,12.0,30,2.5,,30,8,80,True,trend_state_tp,72,8,0.0,69.17737865193736,23.174073769757786,24,0.0005,,,,,,,,,,,,,,,,,,,,,,,,,,,0.006,992,False,,,,,,,,,,,,,,,,,,,,,,,,,,,0.05,0.0,30,0.5,0,17.487444414043793,-0.08538048046322881,0.8352788664571285,0.334903459592508,-0.5024575394330912,0.12393608356319631,0.1724137931034483,3,3,163,-35.54618966569198,296,11
True,False,1.5,2.2,20,2.2,,10,50,150,False,trend_reclaim,120,4,0.0,59.2119808460246,31.642944165521875,48,0.0,,,,,,,,,,,,,,,,,,,,,,,,,,,0.08,1005,False,,,,,,,,,,,,,,,,,,,,,,,,,,,0.2,0.001,150,0.75,0,7.024627118643169,-0.1607301095626513,0.8653909949309877,0.42133951906679185,-0.6922156467855727,0.167073545826757,0.16666666666666666,3,3,164,-35.97849164154725,134,11
True,False,5.0,4.0,30,2.5,,10,20,300,True,trend_state_tp,8,2,0.008,71.15217911152597,36.189524764558485,36,0.0,,,,,,,,,,,,,,,,,,,,,,,,,,,0.01,100,True,,,,,,,,,,,,,,,,,,,,,,,,,,,0.08,0.003,150,0.75,0,10.102955270966948,-0.07313417241204137,0.5634305140196523,0.3322803916195985,-0.1323042431743324,0.24195795579039897,0.19117647058823528,2,2,165,-36.04563233436988,604,11
True,True,5.0,4.0,14,1.8,,55,10,150,False,range_bb_reversion,18,3,0.0,74.94836235746908,30.840142214888065,18,0.0025,,,,,,,,,,,,,,,,,,,,,,,,,,,0.015,984,False,,,,,,,,,,,,,,,,,,,,,,,,,,,0.12,0.0005,50,0.5,0,5.256157655884332,-0.1538407203545503,0.7228059588085496,0.40290941136674685,-0.4704291822419451,0.1413533840023364,0.25,2,2,166,-36.75344239653269,152,11
True,False,2.5,8.0,80,1.8,,30,80,200,True,trend_state_tp,12,2,0.008,65.67482892167996,22.0093856140124,12,0.0005,,,,,,,,,,,,,,,,,,,,,,,,,,,0.08,1104,False,,,,,,,,,,,,,,,,,,,,,,,,,,,1.0,0.0,30,1.5,0,12.37613616953814,-0.11177537406067778,0.6801405291748335,0.33636867451976155,-0.3009695352449095,0.18856698240442876,0.20408163265306123,3,3,167,-36.76141639268275,520,11
True,False,4.0,3.0,55,2.2,,20,30,150,True,trend_state_tp,72,3,0.025,75.85707696666049,24.08080907941266,6,0.0,,,,,,,,,,,,,,,,,,,,,,,,,,,0.025,958,False,,,,,,,,,,,,,,,,,,,,,,,,,,,1.0,0.0,30,0.25,0,7.871178186394918,-0.07544841014561932,0.7145940504951022,0.30032738350362237,-0.22826101383152353,0.2745215547851975,0.16666666666666666,2,2,168,-37.04403926680344,623,11
True,False,2.5,6.0,30,2.5,,40,8,100,True,trend_state_tp,36,6,0.012,64.41282095187536,22.737425160854954,3,0.0025,,,,,,,,,,,,,,,,,,,,,,,,,,,0.006,830,False,,,,,,,,,,,,,,,,,,,,,,,,,,,0.08,0.0005,20,0.5,0,10.652815271792742,-0.12970408521858948,0.6798137527617444,0.3282184498193859,-0.4305127525304741,0.060490436886816976,0.17391304347826086,3,3,169,-37.10118790623303,355,11
True,False,2.5,6.0,30,1.5,,12,14,200,True,trend_state_tp,48,8,0.008,61.546550103343264,43.82552239260933,36,0.005,,,,,,,,,,,,,,,,,,,,,,,,,,,0.006,1050,False,,,,,,,,,,,,,,,,,,,,,,,,,,,1.0,0.0,75,1.25,0,10.935716239171063,-0.13747223986664847,0.7586785215463792,0.37746507981318467,-0.5124589901703347,0.1003115556141304,0.16666666666666666,2,2,170,-37.110507324271055,362,11
True,False,5.0,6.0,30,2.5,,55,30,50,True,trend_state_tp,72,2,0.0025,62.7823112061989,31.147160117574472,48,0.01,,,,,,,,,,,,,,,,,,,,,,,,,,,0.025,480,True,,,,,,,,,,,,,,,,,,,,,,,,,,,0.2,0.0005,20,1.0,0,7.929750624413384,-0.06550622405183823,0.6160779239542603,0.2990795102837447,-0.13347031249910324,0.2456363815713098,0.18867924528301888,1,1,171,-37.95838250214252,715,11
True,True,2.0,3.0,14,2.2,,55,50,400,True,trend_state_tp,72,6,0.008,64.14862467198282,43.915643125905,12,0.0025,,,,,,,,,,,,,,,,,,,,,,,,,,,0.006,717,False,,,,,,,,,,,,,,,,,,,,,,,,,,,1.0,0.002,150,1.5,0,19.40155448528231,-0.1052146239338562,0.8079659577569518,0.38697715936324784,-0.3959500915363736,0.16628591440011534,0.16326530612244897,3,3,172,-38.49479059327501,606,11
True,False,3.0,1.7,14,1.8,,40,10,80,True,trend_state_tp,36,2,0.025,67.39443146391817,38.91277293412814,12,0.01,,,,,,,,,,,,,,,,,,,,,,,,,,,0.006,326,True,,,,,,,,,,,,,,,,,,,,,,,,,,,0.2,0.0005,75,1.0,0,8.225698165832661,-0.11335334179672855,0.5508732677239708,0.3388765674333553,-0.20720149738865057,0.12219083880162578,0.1111111111111111,2,2,173,-40.30237341358849,485,11
False,True,2.5,2.2,55,1.8,,10,50,80,True,trend_state_tp,18,4,0.0,74.16609900355246,29.279473832078,6,0.0025,,,,,,,,,,,,,,,,,,,,,,,,,,,0.08,773,True,,,,,,,,,,,,,,,,,,,,,,,,,,,0.04,0.001,100,0.25,0,8.653519299309702,-0.1085267892518526,1.4198724885199143,0.38942415471827235,-0.6979936250127208,0.0,0.0,2,2,174,-40.34459643246532,225,11
True,False,4.0,3.0,80,2.2,,8,80,150,True,trend_state_tp,96,1,0.018,62.38341696252776,32.3444202314928,24,0.0005,,,,,,,,,,,,,,,,,,,,,,,,,,,0.04,144,False,,,,,,,,,,,,,,,,,,,,,,,,,,,1.0,0.001,50,0.25,0,8.162412766399829,-0.07698293530329013,0.6745987889194442,0.30814385860065285,-0.18203580291894694,0.3207066284459682,0.17391304347826086,1,1,175,-40.83246605467579,600,11
True,False,2.5,6.0,80,2.5,,16,8,80,False,trend_reclaim,120,1,0.0,74.56119701414467,28.31157290641105,18,0.0,,,,,,,,,,,,,,,,,,,,,,,,,,,0.08,1094,False,,,,,,,,,,,,,,,,,,,,,,,,,,,0.08,0.0,150,0.0,0,10.882830154969037,-0.10789832896657292,0.8763897282710474,0.316738996851333,-0.5349831770792949,0.31725410396835685,0.14285714285714285,2,2,176,-41.25294667491525,212,11
True,True,4.0,3.0,20,2.0,,55,14,300,True,trend_state_tp,8,1,0.0025,64.02255217893452,44.1302932865434,6,0.0025,,,,,,,,,,,,,,,,,,,,,,,,,,,0.01,863,False,,,,,,,,,,,,,,,,,,,,,,,,,,,1.0,0.003,75,0.5,0,11.697224924234275,-0.055130267554645666,0.6853670055120973,0.3391909285099935,-0.12121685449769404,0.40854205205152005,0.25,1,1,177,-41.83592043233845,1050,11
True,False,5.0,6.0,80,1.5,,40,30,100,True,trend_state_tp,120,3,0.008,69.1763975864885,31.66771873060952,36,0.005,,,,,,,,,,,,,,,,,,,,,,,,,,,0.01,595,False,,,,,,,,,,,,,,,,,,,,,,,,,,,1.0,0.0005,50,0.5,0,9.345677688515146,-0.06840860794195981,0.6470056671934118,0.30316659157631615,-0.21147087808922316,0.18213724498981781,0.14634146341463414,2,2,178,-42.432785896565505,694,11
True,False,2.5,1.7,55,1.5,,16,30,150,True,trend_state_tp,120,1,0.005,59.12596113496091,37.18013251318359,12,0.01,,,,,,,,,,,,,,,,,,,,,,,,,,,0.015,362,False,,,,,,,,,,,,,,,,,,,,,,,,,,,0.08,0.001,75,1.25,0,6.584217473894302,-0.12352617114261051,0.5103549135189585,0.3128316873521477,-0.29649127801016334,0.06544950979215088,0.047619047619047616,2,2,179,-42.52576755938411,223,11
True,False,3.0,6.0,40,2.0,,40,20,50,False,range_bb_reversion,8,1,0.008,70.99093771656091,28.636847008992348,3,0.005,,,,,,,,,,,,,,,,,,,,,,,,,,,0.04,448,False,,,,,,,,,,,,,,,,,,,,,,,,,,,0.2,0.0,10,0.0,0,7.535618678705709,-0.14508571913242582,0.5179451541460679,0.4276057324554767,-0.250427452198153,0.2535304300452603,0.3333333333333333,1,1,180,-42.54425125263316,272,11
True,True,1.5,6.0,30,2.5,,20,8,150,False,trend_bb_reversion,96,1,0.0,71.43675260796161,43.700981611766956,18,0.0005,,,,,,,,,,,,,,,,,,,,,,,,,,,0.025,331,False,,,,,,,,,,,,,,,,,,,,,,,,,,,0.08,0.001,30,0.25,0,16.35193924286983,-0.05456829045070805,1.086487811348077,0.2517306551402661,-0.6539836454312584,0.2753586574295769,0.08333333333333333,3,3,181,-44.65024311928283,221,11
True,False,3.0,3.0,14,2.0,,16,8,300,False,trend_reclaim,24,6,0.0,71.14640722821585,35.21386018227559,18,0.001,,,,,,,,,,,,,,,,,,,,,,,,,,,0.015,383,False,,,,,,,,,,,,,,,,,,,,,,,,,,,0.2,0.002,10,1.25,0,6.513060985981788,-0.14257091258553414,0.6966044395530663,0.4311399711399711,-0.42175037787261294,0.20357592134101338,0.25,1,1,182,-44.665537812603034,151,11
True,False,5.0,3.0,20,2.2,,16,14,50,False,range_bb_reversion,18,8,0.025,74.41844107840913,42.567149332948645,18,0.0005,,,,,,,,,,,,,,,,,,,,,,,,,,,0.01,295,False,,,,,,,,,,,,,,,,,,,,,,,,,,,1.0,0.0,75,0.25,0,6.169588755603976,-0.14800104675478923,0.5145515755165663,0.4099344283167813,-0.2627941478469643,0.24465324312395068,0.2857142857142857,1,1,183,-45.06090463045163,193,11
False,True,2.5,1.7,30,1.8,,30,8,200,False,channel_reclaim,48,2,0.0,58.30579382939618,27.038659316859658,48,0.0005,,,,,,,,,,,,,,,,,,,,,,,,,,,0.04,1199,False,,,,,,,,,,,,,,,,,,,,,,,,,,,1.0,0.001,75,0.5,0,5.578190508251731,-0.1757180426149851,0.62374451828277,0.5470449039967756,-0.6147706804255924,0.17817864885480714,0.25,0,0,184,-45.09509766816982,178,11
True,False,4.0,4.0,40,1.8,,40,14,300,True,trend_state_tp,48,1,0.0025,58.33585563835928,24.591260965143906,48,0.0025,,,,,,,,,,,,,,,,,,,,,,,,,,,0.01,1010,False,,,,,,,,,,,,,,,,,,,,,,,,,,,0.08,0.002,100,1.0,0,9.41941647827967,-0.10061085899704905,0.5213009176077256,0.30545306534383415,-0.20018154473539668,0.12328544468616864,0.14814814814814814,2,2,185,-45.65525225834893,501,11
True,False,1.5,8.0,20,1.5,,30,30,200,True,trend_state_tp,18,3,0.005,73.59902865988946,24.04723874301955,6,0.0,,,,,,,,,,,,,,,,,,,,,,,,,,,0.01,929,False,,,,,,,,,,,,,,,,,,,,,,,,,,,0.04,0.003,50,0.0,0,16.820510114927107,0.005393969043668647,1.536283584119471,0.3716396227723459,-0.502351973444456,0.24649550778503185,0.15,3,3,186,-46.05848203501291,199,11
False,True,2.0,6.0,55,1.5,,16,20,200,False,range_bb_reversion,96,4,0.018,62.61254545563472,31.675170038503513,36,0.005,,,,,,,,,,,,,,,,,,,,,,,,,,,0.025,1036,False,,,,,,,,,,,,,,,,,,,,,,,,,,,0.08,0.0005,50,1.5,0,9.03317160666635,-0.1264906140211798,1.4782352847010807,0.28494348788466434,-0.8835976689536912,0.0,0.0,3,3,187,-46.442076448259925,112,11
True,False,2.5,4.0,14,2.2,,30,14,200,True,trend_state_tp,24,8,0.0025,77.73295590798615,36.05575050299992,36,0.0005,,,,,,,,,,,,,,,,,,,,,,,,,,,0.04,573,False,,,,,,,,,,,,,,,,,,,,,,,,,,,1.0,0.003,10,0.5,0,13.721496063976026,-0.10977026675084303,0.7174672137898229,0.3584957375332285,-0.28310815324223887,0.3654313416385889,0.2222222222222222,2,2,188,-46.44537651759262,592,11
True,False,4.0,1.7,30,1.5,,8,20,80,True,trend_state_tp,8,3,0.0025,60.802485500673114,25.914841013902137,36,0.0025,,,,,,,,,,,,,,,,,,,,,,,,,,,0.08,228,False,,,,,,,,,,,,,,,,,,,,,,,,,,,0.05,0.002,75,0.25,0,9.41034816006852,-0.10715929746524541,0.5141155793122588,0.40326166196286867,-0.19264100093283673,0.2475376315922442,0.3,0,0,189,-46.59277734638757,306,11
True,False,3.0,6.0,40,1.5,,20,80,150,False,range_bb_reversion,120,2,0.012,60.79593820624361,44.3083999824868,6,0.0005,,,,,,,,,,,,,,,,,,,,,,,,,,,0.04,652,True,,,,,,,,,,,,,,,,,,,,,,,,,,,0.2,0.002,10,0.75,0,14.208854852365036,-0.16994199585556696,0.6853059802480188,0.5015302933135996,-0.3636947861155146,0.38542156564682506,0.35294117647058826,2,2,190,-46.73763237530318,338,11
True,False,3.0,6.0,30,1.5,,20,30,200,True,trend_state_tp,12,3,0.0025,65.8439332753694,23.281109655283338,18,0.005,,,,,,,,,,,,,,,,,,,,,,,,,,,0.01,543,False,,,,,,,,,,,,,,,,,,,,,,,,,,,0.05,0.001,20,1.0,0,7.184197082076875,-0.1331324054753875,0.7858787090373212,0.2820932580591521,-0.5680945084189182,0.0,0.0,2,2,191,-47.121104580926634,186,11
True,False,2.0,1.7,14,1.5,,16,10,400,False,range_bb_reversion,18,1,0.0025,59.03194198099183,33.45669252089698,6,0.01,,,,,,,,,,,,,,,,,,,,,,,,,,,0.04,734,False,,,,,,,,,,,,,,,,,,,,,,,,,,,1.0,0.001,150,0.0,0,10.481812223269666,-0.19775243196533115,0.6017494096285874,0.49002689229961954,-0.34927785010390994,0.3291035965357198,0.375,2,2,192,-47.3118740742388,210,11
True,False,4.0,1.3,55,2.5,,10,8,100,True,trend_state_tp,120,1,0.005,76.3052241343633,35.840683660594486,36,0.0005,,,,,,,,,,,,,,,,,,,,,,,,,,,0.04,813,False,,,,,,,,,,,,,,,,,,,,,,,,,,,0.2,0.003,20,1.5,0,7.465510837531564,-0.09415946203151283,0.4735469904797293,0.3783427049067868,-0.18138623913206361,0.15888678723246366,0.21875,0,0,193,-48.22599339627712,555,11
True,False,2.5,6.0,55,2.0,,30,50,300,True,trend_state_tp,24,1,0.012,72.36599599513693,42.583530887076805,6,0.0005,,,,,,,,,,,,,,,,,,,,,,,,,,,0.01,1099,False,,,,,,,,,,,,,,,,,,,,,,,,,,,0.12,0.002,150,1.5,0,9.640102321663496,-0.10762882175994823,0.6067034253804001,0.313396885064415,-0.20482600728375214,0.29369880436609963,0.17391304347826086,2,2,194,-49.954929489228775,469,11
False,True,5.0,1.7,80,2.0,,12,10,50,True,trend_state_tp,96,3,0.0,65.59566828657483,40.35544792101183,48,0.001,,,,,,,,,,,,,,,,,,,,,,,,,,,0.006,1162,False,,,,,,,,,,,,,,,,,,,,,,,,,,,0.04,0.0005,100,1.25,0,5.275290779169493,-0.09126588766570501,0.3890708273252793,0.3519432760222234,-0.2418099694997436,0.0,0.0,0,0,195,-50.14025366740053,205,11
True,False,4.0,2.2,14,1.8,,55,20,80,True,trend_state_tp,120,4,0.025,76.89218934455593,24.447755102584978,48,0.0,,,,,,,,,,,,,,,,,,,,,,,,,,,0.006,382,False,,,,,,,,,,,,,,,,,,,,,,,,,,,1.0,0.001,20,0.5,0,9.653052205228422,-0.09464796727967541,0.5766518435076681,0.33791345231647374,-0.22448958616810283,0.19379082966529454,0.2222222222222222,1,1,196,-50.541106775900914,709,11
True,True,2.0,8.0,30,2.5,,12,14,50,False,range_bb_reversion,18,6,0.008,77.15238248210781,40.288636963169246,3,0.0,,,,,,,,,,,,,,,,,,,,,,,,,,,0.04,400,False,,,,,,,,,,,,,,,,,,,,,,,,,,,0.05,0.002,50,1.0,0,12.903855702312857,-0.07769651633719053,0.9751622702708342,0.37583828603752706,-0.42498147525052493,0.3202704884357856,0.23076923076923078,2,2,197,-50.742266955764926,182,11
True,False,3.0,4.0,40,1.5,,30,14,100,False,range_bb_reversion,36,6,0.008,72.01572613612994,24.604050553528314,48,0.01,,,,,,,,,,,,,,,,,,,,,,,,,,,0.08,31,False,,,,,,,,,,,,,,,,,,,,,,,,,,,0.08,0.003,150,1.25,0,10.85502397135675,-0.20381404040019435,0.7425517867532858,0.38083363426453776,-0.6988207337007547,0.004208050426699758,0.09090909090909091,4,4,198,-51.35915390235841,159,11
True,False,3.0,1.7,14,1.8,,55,10,100,True,trend_state_tp,72,3,0.025,60.79538452324996,29.190337417929342,12,0.0025,,,,,,,,,,,,,,,,,,,,,,,,,,,0.01,271,False,,,,,,,,,,,,,,,,,,,,,,,,,,,1.0,0.0,75,0.75,0,10.85338224252766,-0.10780855834392744,0.5817572950784308,0.39845681529280214,-0.2139999908930138,0.2808358460097472,0.3111111111111111,1,1,199,-52.47465569935541,756,11
True,False,2.5,12.0,14,1.5,,8,80,130,False,range_bb_reversion,12,3,0.008,73.07808589095647,28.959714535612978,36,0.005,,,,,,,,,,,,,,,,,,,,,,,,,,,0.025,545,True,,,,,,,,,,,,,,,,,,,,,,,,,,,0.05,0.003,20,0.0,0,9.57123049319783,-0.18766438610648303,0.5287019406666624,0.4719143397013416,-0.3437554071208166,0.1947095078012161,0.3125,1,1,200,-53.05603982399589,217,11
True,False,2.0,8.0,20,2.5,,12,80,400,False,channel_reclaim,96,3,0.008,70.40158485645608,42.73105542066651,36,0.0,,,,,,,,,,,,,,,,,,,,,,,,,,,0.015,167,False,,,,,,,,,,,,,,,,,,,,,,,,,,,0.05,0.003,75,0.25,0,15.745594014162371,-0.09169477793531437,0.9789376276273418,0.23749476039989872,-1.0,0.0,0.0,4,4,201,-53.144405875837116,155,11
True,False,2.5,2.2,55,2.5,,40,14,100,False,trend_reclaim,18,1,0.005,72.2475244848994,23.026569239766978,36,0.001,,,,,,,,,,,,,,,,,,,,,,,,,,,0.04,694,False,,,,,,,,,,,,,,,,,,,,,,,,,,,1.0,0.0,10,0.25,0,10.725284815310745,-0.17061720896979138,0.6862482212987516,0.430599912861055,-0.505140756801411,0.17221432100632802,0.15384615384615385,1,1,202,-53.472813752806985,210,11
True,False,2.5,1.7,30,1.8,,16,20,400,False,range_bb_reversion,12,1,0.005,66.87954617088837,27.704799338662458,48,0.0005,,,,,,,,,,,,,,,,,,,,,,,,,,,0.08,83,True,,,,,,,,,,,,,,,,,,,,,,,,,,,0.05,0.0,30,1.0,0,7.526856662717987,-0.1603995768776552,1.3314108842822658,0.4216450216450216,-0.3802024578514082,0.13471285858483267,0.25,2,2,203,-53.69367008389966,127,11
True,True,3.0,2.2,80,1.5,,12,20,50,False,range_bb_reversion,24,1,0.025,62.12137183277158,24.604066877463577,18,0.0005,,,,,,,,,,,,,,,,,,,,,,,,,,,0.025,907,False,,,,,,,,,,,,,,,,,,,,,,,,,,,0.08,0.003,10,0.5,0,14.02689749927793,-0.16847352818555011,0.6313257161163779,0.5054227195386566,-0.3545131037440575,0.34549128913811544,0.37037037037037035,1,1,204,-53.72869484368196,380,11
True,True,2.5,3.0,80,2.5,,12,80,300,False,trend_bb_reversion,96,4,0.025,68.74176442735374,40.073206889013704,36,0.0025,,,,,,,,,,,,,,,,,,,,,,,,,,,0.01,76,False,,,,,,,,,,,,,,,,,,,,,,,,,,,1.0,0.002,150,0.25,0,8.053685297519461,-0.20411648169028165,0.8569497833762139,0.39784205693296604,-0.6741111391554988,0.17739624825528086,0.18181818181818182,4,4,205,-53.83646049297605,123,11
True,True,3.0,1.3,30,1.5,,16,14,200,False,channel_reclaim,24,6,0.005,63.95400895297143,40.12524093526437,18,0.0,,,,,,,,,,,,,,,,,,,,,,,,,,,0.08,589,False,,,,,,,,,,,,,,,,,,,,,,,,,,,1.0,0.0,20,1.25,0,12.941009174863249,-0.1756312504433242,0.5114334557426566,0.6063713304980339,-0.3651819969130203,0.2601265064470472,0.48484848484848486,0,0,206,-53.88319874615483,338,11
True,False,3.0,1.7,40,1.8,,12,50,200,False,channel_reclaim,96,8,0.0025,75.71514044639517,39.719681289995364,48,0.0025,,,,,,,,,,,,,,,,,,,,,,,,,,,0.01,19,False,,,,,,,,,,,,,,,,,,,,,,,,,,,0.2,0.0,30,0.25,0,12.649880471010203,-0.20052478788694286,0.555456040490703,0.567777732801902,-0.39220229219089364,0.292407601023495,0.4444444444444444,1,1,207,-54.142509842173766,315,11
True,False,4.0,6.0,80,2.0,,20,50,150,True,trend_state_tp,24,1,0.0025,63.579404140207174,24.287841871640953,48,0.0005,,,,,,,,,,,,,,,,,,,,,,,,,,,0.08,1180,False,,,,,,,,,,,,,,,,,,,,,,,,,,,0.04,0.001,150,1.0,0,7.682631098786343,-0.06068041199134784,2.1790433690440287,0.43109752005100843,-0.2831261706167132,0.13826436245634544,0.11627906976744186,2,2,208,-54.26666046827796,173,11
True,False,4.0,12.0,40,1.8,,8,30,400,True,trend_state_tp,120,1,0.005,69.38604763965785,36.909311002803555,18,0.001,,,,,,,,,,,,,,,,,,,,,,,,,,,0.015,1028,False,,,,,,,,,,,,,,,,,,,,,,,,,,,0.12,0.002,30,0.75,0,9.582352094102372,-0.0689052788411142,0.649026328819624,0.2964938256354767,-0.17754309395687606,0.20185915582947578,0.1875,1,1,209,-54.39675838515328,792,11
True,False,3.0,3.0,80,1.8,,20,8,400,False,range_bb_reversion,48,1,0.012,71.74062402022813,42.257914732031665,24,0.001,,,,,,,,,,,,,,,,,,,,,,,,,,,0.08,1015,False,,,,,,,,,,,,,,,,,,,,,,,,,,,1.0,0.003,150,0.25,0,7.380752279675802,-0.1693811027203944,0.702607072091115,0.46242469182942025,-0.46405585938564,0.32610571121897564,0.3076923076923077,1,1,210,-54.775160361987275,153,11
True,False,2.5,2.2,20,2.2,,8,14,100,True,trend_state_tp,96,6,0.025,58.2772478726228,37.74390321980381,6,0.0025,,,,,,,,,,,,,,,,,,,,,,,,,,,0.08,831,False,,,,,,,,,,,,,,,,,,,,,,,,,,,0.12,0.002,50,0.75,0,10.513536529764377,-0.12219013825106564,0.6380085541761846,0.3939943479262357,-0.269353559121817,0.3542444101306587,0.2571428571428571,1,1,211,-54.97029440813766,547,11
True,False,1.0,6.0,14,2.5,,20,30,300,False,channel_reclaim,24,3,0.025,60.411611538717594,44.13939585403919,24,0.0005,,,,,,,,,,,,,,,,,,,,,,,,,,,0.08,534,False,,,,,,,,,,,,,,,,,,,,,,,,,,,0.04,0.0,30,0.25,0,15.88287074405914,-0.08144056846780584,1.7539677530921551,0.29664502164502166,-1.0,0.0,0.0,5,5,212,-55.172808985587366,120,11
True,True,3.0,1.3,30,2.2,,20,30,150,True,trend_state_tp,36,6,0.005,67.63137456140736,40.69960571004182,48,0.0025,,,,,,,,,,,,,,,,,,,,,,,,,,,0.08,385,False,,,,,,,,,,,,,,,,,,,,,,,,,,,0.12,0.0005,150,1.0,0,16.034937279195418,-0.1057045086725561,0.5537232582553734,0.5282050404933079,-0.17058443914037671,0.3444808227344549,0.46808510638297873,0,0,213,-55.43128907727354,978,11
True,True,1.5,1.7,14,2.2,,40,8,100,False,trend_reclaim,8,1,0.0,60.97405515229293,41.53908984962636,18,0.0025,,,,,,,,,,,,,,,,,,,,,,,,,,,0.08,214,False,,,,,,,,,,,,,,,,,,,,,,,,,,,0.08,0.002,20,1.5,0,9.172538685365485,-0.16367896672176074,0.6485928266249564,0.4480590912043205,-0.4127986060725821,0.25028899394377,0.25,1,1,214,-55.69105685440223,167,11
True,False,2.0,12.0,14,1.8,,16,30,400,False,trend_bb_reversion,96,4,0.012,75.97092132193708,28.337873821543667,18,0.0025,,,,,,,,,,,,,,,,,,,,,,,,,,,0.01,705,True,,,,,,,,,,,,,,,,,,,,,,,,,,,1.0,0.0,75,0.75,0,8.250146777140802,-0.21835042192264814,0.65004003252701,0.5300146363933549,-0.6350098764860714,0.10952153104434188,0.25,1,1,215,-55.856353694072794,176,11
True,False,2.0,8.0,55,2.0,,55,10,300,False,channel_reclaim,72,1,0.018,68.66457864261895,38.61735161953827,36,0.001,,,,,,,,,,,,,,,,,,,,,,,,,,,0.006,333,False,,,,,,,,,,,,,,,,,,,,,,,,,,,0.12,0.0,20,0.0,0,8.818607249110046,-0.13541056178632196,1.0949876584927944,0.2683982683982684,-1.0,0.0,0.0,4,4,216,-55.90105646122174,104,11
True,False,1.5,3.0,40,1.8,,20,50,300,True,trend_state_tp,120,6,0.018,71.56513533981463,24.474862192379415,3,0.001,,,,,,,,,,,,,,,,,,,,,,,,,,,0.08,961,False,,,,,,,,,,,,,,,,,,,,,,,,,,,0.08,0.0005,30,0.25,0,12.010382054836791,-0.15801281530897898,0.7512065904855323,0.2983246071094368,-0.4898211950772495,0.2631880681196428,0.16666666666666666,3,3,217,-56.72901576777397,310,11
True,False,1.5,12.0,14,1.8,,10,30,200,False,trend_bb_reversion,12,1,0.025,67.30008091371226,42.076750899145395,6,0.0025,,,,,,,,,,,,,,,,,,,,,,,,,,,0.025,1169,False,,,,,,,,,,,,,,,,,,,,,,,,,,,1.0,0.002,30,0.5,0,12.22527582785247,-0.15348077043847155,0.6864187474350282,0.3564455579438992,-0.39383287145818385,0.31423430999397584,0.25,2,2,218,-57.18038976084128,295,11
True,False,5.0,4.0,14,2.0,,12,8,50,True,trend_state_tp,48,2,0.005,61.729868094891394,28.199921605286736,24,0.001,,,,,,,,,,,,,,,,,,,,,,,,,,,0.04,749,False,,,,,,,,,,,,,,,,,,,,,,,,,,,0.04,0.002,150,1.25,0,4.6351312185364,-0.09626059366584422,1.334174309213182,0.375894386763952,-0.4171765408429678,0.0,0.0,2,2,219,-57.24643344958001,136,11
True,False,2.5,4.0,80,1.8,,30,30,50,True,trend_state_tp,24,1,0.012,61.18529818433621,35.91037099191786,36,0.005,,,,,,,,,,,,,,,,,,,,,,,,,,,0.04,690,True,,,,,,,,,,,,,,,,,,,,,,,,,,,0.08,0.0,75,1.0,0,13.51492034921902,-0.10459623480756716,0.6251281913679986,0.3025267896236451,-0.22614214102562033,0.22255414549158786,0.21428571428571427,2,2,220,-57.5388344159238,584,11
True,False,2.0,1.3,20,2.0,,55,30,300,False,trend_reclaim,72,8,0.005,58.4009461848249,35.75735711494828,3,0.0,,,,,,,,,,,,,,,,,,,,,,,,,,,0.08,303,False,,,,,,,,,,,,,,,,,,,,,,,,,,,0.12,0.0,20,0.75,0,5.909927550848459,-0.2163640809634571,1.4121852488155129,0.5650612412574135,-0.7531260051030654,0.09596476718820937,0.16666666666666666,3,3,221,-57.65252641291558,124,11
True,False,4.0,12.0,55,2.5,,55,80,100,False,range_bb_reversion,120,3,0.025,70.60766787933322,27.093842417883575,12,0.001,,,,,,,,,,,,,,,,,,,,,,,,,,,0.08,290,True,,,,,,,,,,,,,,,,,,,,,,,,,,,0.08,0.0,50,0.0,0,5.709869239606675,-0.1808672323698521,0.6791867749276445,0.4454878454878454,-0.3727656068218871,0.40852394065726355,0.3333333333333333,2,2,222,-58.59144799636072,116,11
True,False,3.0,8.0,14,2.2,,55,8,300,True,trend_state_tp,120,6,0.018,67.55156634681731,28.5561453981065,24,0.001,,,,,,,,,,,,,,,,,,,,,,,,,,,0.08,458,False,,,,,,,,,,,,,,,,,,,,,,,,,,,0.04,0.0,100,0.25,0,14.325346021171551,-0.06785369772503684,1.5543172829085903,0.35600909785401763,-0.5443148910249169,0.0,0.0,2,2,223,-58.8132269225413,178,11
True,True,4.0,2.2,20,1.5,,30,50,200,False,channel_reclaim,120,1,0.008,63.61705244560867,43.568348412120685,48,0.0005,,,,,,,,,,,,,,,,,,,,,,,,,,,0.006,1102,True,,,,,,,,,,,,,,,,,,,,,,,,,,,0.08,0.001,150,1.25,0,5.925300945271992,-0.1947723984649299,0.5456756382092395,0.5702374535872559,-0.6617963733761285,0.08824982681200158,0.25,0,0,224,-59.14484164786032,165,11
True,True,3.0,4.0,20,1.5,,55,20,80,False,trend_bb_reversion,12,4,0.0025,67.37310741009213,41.553031996971164,36,0.01,,,,,,,,,,,,,,,,,,,,,,,,,,,0.01,760,False,,,,,,,,,,,,,,,,,,,,,,,,,,,0.08,0.002,10,0.75,0,10.86066807226348,-0.13727456973117452,0.6081312322383213,0.3850550004164577,-0.3291111537049539,0.2294962050458648,0.21212121212121213,1,1,225,-59.328152188877155,369,11
True,False,1.0,1.3,30,1.8,,16,14,200,False,trend_bb_reversion,36,2,0.008,71.9313173802323,38.44180677380338,18,0.01,,,,,,,,,,,,,,,,,,,,,,,,,,,0.006,381,True,,,,,,,,,,,,,,,,,,,,,,,,,,,0.12,0.0005,150,0.5,0,10.846475122902007,-0.196365791629667,1.5540509568665286,0.46763971056167064,-1.0,0.0,0.0,3,3,226,-59.32955501780869,143,11
True,False,2.5,8.0,40,1.5,,16,14,300,True,trend_state_tp,36,6,0.025,71.83141956824494,27.366106286106366,24,0.0,,,,,,,,,,,,,,,,,,,,,,,,,,,0.04,911,False,,,,,,,,,,,,,,,,,,,,,,,,,,,0.2,0.0005,50,0.5,0,16.319767065485998,-0.10811116841504594,0.7335500131210495,0.32822065601490097,-0.2909105540154685,0.3603084464467718,0.19047619047619047,2,2,227,-59.760035858077416,624,11
True,False,2.5,1.7,30,1.5,,30,14,100,False,trend_reclaim,18,3,0.0025,76.02530085366311,38.879543800643454,48,0.0005,,,,,,,,,,,,,,,,,,,,,,,,,,,0.006,356,False,,,,,,,,,,,,,,,,,,,,,,,,,,,1.0,0.0005,150,0.25,0,10.81667645373586,-0.1936733252203089,0.5723167467646509,0.4714613969346651,-0.3102742446412623,0.36870095631211314,0.391304347826087,1,1,228,-60.939093972350705,287,11
True,True,2.5,1.7,55,2.2,,8,20,50,False,range_bb_reversion,48,2,0.008,70.38711899155824,25.303937257509748,18,0.005,,,,,,,,,,,,,,,,,,,,,,,,,,,0.04,463,False,,,,,,,,,,,,,,,,,,,,,,,,,,,0.05,0.002,20,0.0,0,9.985412034986581,-0.22353152540922913,0.5588824888363334,0.5417871900826446,-0.5123305574346687,0.22981147668679577,0.3333333333333333,1,1,229,-61.151471654052,190,11
True,False,3.0,6.0,55,2.5,,16,80,400,True,trend_state_tp,48,3,0.0025,70.14402504363568,25.26011169891464,24,0.0,,,,,,,,,,,,,,,,,,,,,,,,,,,0.025,442,False,,,,,,,,,,,,,,,,,,,,,,,,,,,0.2,0.002,50,1.0,0,11.078766742249153,-0.11862944398125613,0.6036638223211047,0.32497463896100215,-0.28021906593440793,0.2509298818184802,0.24074074074074073,1,1,230,-63.689011603164545,608,11
True,False,2.5,3.0,20,1.5,,16,80,130,True,trend_state_tp,36,2,0.008,71.90249893302618,26.679301547559433,3,0.0,,,,,,,,,,,,,,,,,,,,,,,,,,,0.025,485,False,,,,,,,,,,,,,,,,,,,,,,,,,,,0.2,0.001,50,1.5,0,13.79893295791283,-0.14255812940391713,0.5968357681223552,0.32709662353798863,-0.2844118394804634,0.21244244943104307,0.16981132075471697,3,3,231,-63.80264480224359,550,11
True,False,2.5,2.2,30,2.2,,10,80,150,True,trend_state_tp,12,4,0.008,77.01651207979707,24.558927701769317,6,0.005,,,,,,,,,,,,,,,,,,,,,,,,,,,0.01,132,False,,,,,,,,,,,,,,,,,,,,,,,,,,,0.12,0.0,10,0.75,0,10.242367315450041,-0.14165968232134907,0.5530756335697397,0.3594631947573124,-0.32020907620419153,0.200011510536392,0.15384615384615385,1,1,232,-64.25028825083606,415,11
True,False,2.5,4.0,55,2.5,,12,20,100,True,trend_state_tp,48,2,0.012,59.778259851101666,24.32964298041017,24,0.001,,,,,,,,,,,,,,,,,,,,,,,,,,,0.025,887,False,,,,,,,,,,,,,,,,,,,,,,,,,,,0.12,0.001,10,1.5,0,11.469396796725235,-0.12281360183501362,0.6192819180855349,0.3423406960901795,-0.3213878356639582,0.17864470679607658,0.1935483870967742,1,1,233,-64.49891474831479,519,11
True,False,2.5,1.3,20,1.5,,40,10,200,False,range_bb_reversion,72,1,0.012,65.43516228408156,24.622190772827057,48,0.01,,,,,,,,,,,,,,,,,,,,,,,,,,,0.08,1068,False,,,,,,,,,,,,,,,,,,,,,,,,,,,0.04,0.0,150,0.0,0,7.155799577460872,-0.23538575594899758,0.45707235673565966,0.5334363852098406,-1.0000000000000002,0.0,0.0,1,1,234,-64.60963746672977,124,11
True,False,2.5,12.0,80,1.8,,12,10,400,False,channel_reclaim,24,4,0.012,60.72031729051152,25.971282613361176,36,0.001,,,,,,,,,,,,,,,,,,,,,,,,,,,0.01,801,False,,,,,,,,,,,,,,,,,,,,,,,,,,,0.08,0.001,50,0.25,0,10.841135949494234,-0.18037103713762329,0.7076669583000503,0.34180683817780594,-0.5867868967489935,0.05298121201651321,0.15384615384615385,2,2,235,-64.6900019923399,292,11
True,True,1.0,6.0,14,2.0,,40,80,130,False,channel_reclaim,48,1,0.012,61.030830650772714,43.215299306465724,24,0.0,,,,,,,,,,,,,,,,,,,,,,,,,,,0.08,581,False,,,,,,,,,,,,,,,,,,,,,,,,,,,0.08,0.001,50,1.0,0,18.543900644555382,-0.09851478233875244,0.9295900473357638,0.22860234907027352,-0.6161663702837895,0.297957580000984,0.08695652173913043,4,4,236,-64.82428629762066,217,11
True,False,2.5,3.0,80,2.2,,12,80,130,False,range_bb_reversion,12,4,0.0025,77.02444439267735,39.52357210068173,6,0.01,,,,,,,,,,,,,,,,,,,,,,,,,,,0.08,469,False,,,,,,,,,,,,,,,,,,,,,,,,,,,0.2,0.0,30,0.0,0,10.062751734363992,-0.1825385880707456,0.5980739518884663,0.4173810171521842,-0.46675446966083844,0.16052423251292278,0.15,1,1,237,-65.2607465213836,199,11
True,False,3.0,6.0,55,1.8,,20,20,50,True,trend_state_tp,8,1,0.025,62.0112131569554,26.204717024714085,18,0.0,,,,,,,,,,,,,,,,,,,,,,,,,,,0.025,653,True,,,,,,,,,,,,,,,,,,,,,,,,,,,0.12,0.001,30,0.0,0,11.587062585621833,-0.07934792756905158,0.6773125678505681,0.29529262980054216,-0.19907890440123235,0.29307508958887196,0.225,0,0,238,-65.659701206327,717,11
True,True,4.0,1.3,20,2.0,,16,10,200,False,trend_bb_reversion,36,3,0.012,62.53246369595307,36.66493336581897,36,0.0025,,,,,,,,,,,,,,,,,,,,,,,,,,,0.025,898,True,,,,,,,,,,,,,,,,,,,,,,,,,,,0.04,0.002,20,1.25,0,6.587338349928965,-0.12504956449887558,1.218873733538475,0.5291265186426477,-0.40991224316641356,0.0,0.0,1,1,239,-65.7203738914935,129,11
False,True,2.5,2.2,30,2.0,,20,80,300,False,trend_bb_reversion,36,6,0.025,64.9747627905918,43.78470775681782,18,0.0,,,,,,,,,,,,,,,,,,,,,,,,,,,0.01,58,False,,,,,,,,,,,,,,,,,,,,,,,,,,,0.2,0.001,30,0.0,0,8.502030279083526,-0.26156108130485756,0.560744449323796,0.4481189667385113,-1.0,0.0,0.0,1,1,240,-65.78500533019498,225,11
True,False,4.0,3.0,14,2.2,,20,8,80,False,trend_reclaim,96,3,0.0025,67.52973936167258,27.742243631068977,36,0.01,,,,,,,,,,,,,,,,,,,,,,,,,,,0.04,507,False,,,,,,,,,,,,,,,,,,,,,,,,,,,0.08,0.003,10,0.5,0,6.349953402533564,-0.20820187689021266,0.6758200140760878,0.4837851394001127,-0.7380885466177208,0.11491386159382135,0.16666666666666666,1,1,241,-66.81091519333545,134,11
True,False,2.5,3.0,80,1.5,,30,30,100,True,trend_state_tp,8,2,0.0,61.00245742043873,39.8057832499667,24,0.001,,,,,,,,,,,,,,,,,,,,,,,,,,,0.01,544,False,,,,,,,,,,,,,,,,,,,,,,,,,,,0.04,0.003,50,1.25,0,9.43790344193853,-0.11228066835423985,2.2388600448696945,0.467170258079349,-0.561533186968661,0.12769239156051546,0.1891891891891892,2,2,242,-67.20495684823061,161,11
True,True,2.5,3.0,40,1.5,,8,8,200,False,trend_bb_reversion,8,4,0.0,58.40483036830226,41.871425577879165,24,0.001,,,,,,,,,,,,,,,,,,,,,,,,,,,0.04,947,False,,,,,,,,,,,,,,,,,,,,,,,,,,,1.0,0.002,20,1.0,0,14.380479270399851,-0.17914041531129066,0.5655697765694878,0.40906247222962766,-0.43349711245639444,0.06760935099059684,0.2,2,2,243,-67.30589934957824,340,11
True,False,2.5,3.0,30,1.8,,20,8,200,True,trend_state_tp,120,8,0.005,65.53718664656338,25.52743017227991,48,0.01,,,,,,,,,,,,,,,,,,,,,,,,,,,0.04,44,False,,,,,,,,,,,,,,,,,,,,,,,,,,,0.2,0.003,100,0.25,0,12.623292186627454,-0.1546543604369647,0.6310765393848933,0.3781317924310001,-0.34804024954603674,0.3269010843281873,0.23809523809523808,1,1,244,-67.38652982015547,487,11
True,False,3.0,12.0,55,2.5,,40,80,130,True,trend_state_tp,8,4,0.005,62.4268361374998,42.12026561778633,18,0.0,,,,,,,,,,,,,,,,,,,,,,,,,,,0.025,840,False,,,,,,,,,,,,,,,,,,,,,,,,,,,0.04,0.001,20,1.0,0,9.31670106974029,-0.13367539660924238,2.1866825651007846,0.4084232389713673,-1.0,0.0,0.0,2,2,245,-67.57486059140167,174,11
True,True,2.0,8.0,40,1.5,,8,30,400,False,trend_bb_reversion,8,3,0.018,74.67643252015776,34.75625457408905,6,0.0025,,,,,,,,,,,,,,,,,,,,,,,,,,,0.025,1058,True,,,,,,,,,,,,,,,,,,,,,,,,,,,0.08,0.0,50,0.25,0,5.779656606650537,-0.19838443019405602,0.5090318372940589,0.4835750553664992,-0.4098874295724477,0.08725035459323455,0.25,1,1,246,-67.87909972586834,121,11
True,False,3.0,4.0,14,2.0,,8,10,300,True,trend_state_tp,96,4,0.008,67.18431788732019,22.16986539418136,6,0.001,,,,,,,,,,,,,,,,,,,,,,,,,,,0.04,703,False,,,,,,,,,,,,,,,,,,,,,,,,,,,0.08,0.002,20,1.0,0,10.195360063317352,-0.14622457946168818,0.5710017057038674,0.32345285076140723,-0.4434951630964356,0.05510517109972807,0.16666666666666666,1,1,247,-68.60211253899737,457,11
False,True,2.5,12.0,80,2.5,,55,50,150,True,trend_state_tp,96,1,0.0025,68.66785493595614,36.96927990231506,18,0.0025,,,,,,,,,,,,,,,,,,,,,,,,,,,0.015,724,False,,,,,,,,,,,,,,,,,,,,,,,,,,,0.03,0.003,100,0.75,0,11.370584870698233,-0.07110356629682107,1.688507784312314,0.30308695933695934,-1.0000000000000002,0.0,0.0,3,3,248,-68.62836222260776,173,11
False,True,3.0,1.7,55,1.5,,30,10,50,True,trend_state_tp,12,3,0.012,60.310268597184226,37.392345644319825,24,0.0005,,,,,,,,,,,,,,,,,,,,,,,,,,,0.025,790,False,,,,,,,,,,,,,,,,,,,,,,,,,,,1.0,0.0,100,0.25,0,15.721943952456122,-0.09541279142016577,0.6024466959489099,0.4062890157281732,-0.15339832101306683,0.3990780840750126,0.3563218390804598,0,0,249,-69.35825619299521,873,11
True,True,2.5,2.2,80,2.2,,16,8,50,True,trend_state_tp,36,1,0.008,75.0028141012786,25.27089854221207,36,0.001,,,,,,,,,,,,,,,,,,,,,,,,,,,0.08,617,False,,,,,,,,,,,,,,,,,,,,,,,,,,,0.03,0.003,50,0.25,0,25.8245233726084,-0.09161691865927298,0.6865178968267467,0.3531124426438905,-0.24794965652254458,0.0,0.0,4,4,250,-69.73937258310559,385,11
False,True,2.5,1.7,55,2.5,,16,20,100,True,trend_state_tp,36,8,0.008,63.50659223293396,32.642117735669736,36,0.0,,,,,,,,,,,,,,,,,,,,,,,,,,,0.04,424,True,,,,,,,,,,,,,,,,,,,,,,,,,,,0.05,0.0005,150,0.25,0,13.348892616605777,-0.18246422768588583,0.5555360454521687,0.45637426625231503,-0.6464123077923776,0.0,0.0,1,1,251,-69.89818654644813,349,11
True,False,4.0,4.0,20,2.0,,20,80,400,True,trend_state_tp,36,6,0.005,76.069574283687,33.988923006783665,48,0.0,,,,,,,,,,,,,,,,,,,,,,,,,,,0.006,505,True,,,,,,,,,,,,,,,,,,,,,,,,,,,0.04,0.0005,20,0.75,0,6.600683555043711,-0.13248277290376653,1.6135410801945447,0.36623099435511486,-1.0,0.0,0.0,2,2,252,-70.98767016531437,148,11
True,False,2.0,8.0,30,1.5,,16,14,100,True,trend_state_tp,48,2,0.012,61.328536501366926,31.638232686862395,36,0.01,,,,,,,,,,,,,,,,,,,,,,,,,,,0.04,341,False,,,,,,,,,,,,,,,,,,,,,,,,,,,0.04,0.0,75,0.0,0,13.171333224716282,-0.07511264965635808,1.5319233648447272,0.3402600641158994,-0.6516520388068552,0.13193169842804495,0.08695652173913043,3,3,253,-71.7020038308971,167,11
True,False,2.0,8.0,14,2.0,,40,30,100,True,trend_state_tp,24,2,0.008,76.4912789114744,33.01042819266915,18,0.01,,,,,,,,,,,,,,,,,,,,,,,,,,,0.006,482,False,,,,,,,,,,,,,,,,,,,,,,,,,,,0.12,0.001,30,1.0,0,14.086123440001547,-0.15841678770564016,0.6240083939796047,0.309339183111914,-0.42670883266448767,0.08954820352717456,0.2,3,3,254,-71.93344847533228,497,11
True,True,2.0,12.0,30,1.5,,16,8,50,True,trend_state_tp,18,1,0.025,71.91029657308958,24.00354090612904,12,0.005,,,,,,,,,,,,,,,,,,,,,,,,,,,0.01,676,False,,,,,,,,,,,,,,,,,,,,,,,,,,,0.03,0.0005,10,1.0,0,15.645616579066452,-0.07618174182400929,1.3517477534001996,0.3403190028982841,-0.4946403265931554,0.0,0.0,3,3,255,-72.15537124788153,185,11
True,True,5.0,1.3,14,1.5,,8,30,400,True,trend_state_tp,24,1,0.012,69.52168963962131,32.468830373433256,36,0.005,,,,,,,,,,,,,,,,,,,,,,,,,,,0.025,43,True,,,,,,,,,,,,,,,,,,,,,,,,,,,0.12,0.003,30,1.0,0,13.590936001285643,-0.07544522393424631,0.42545633705231545,0.3797187345083594,-0.15782672946423523,0.14263077502315571,0.27906976744186046,0,0,256,-72.58656755572888,1278,11
True,False,2.0,2.2,80,1.8,,16,10,80,True,trend_state_tp,8,4,0.005,61.41168419272278,23.326131202234947,48,0.0025,,,,,,,,,,,,,,,,,,,,,,,,,,,0.08,1183,False,,,,,,,,,,,,,,,,,,,,,,,,,,,1.0,0.003,100,0.75,0,13.35971385098563,-0.15672975874052325,0.602326924556121,0.374384295882813,-0.36383690398655877,0.19542633637469994,0.25,2,2,257,-72.70532254186972,644,11
True,False,2.5,4.0,14,2.5,,8,20,150,True,trend_state_tp,18,8,0.005,58.91260938265209,44.349925347156585,18,0.01,,,,,,,,,,,,,,,,,,,,,,,,,,,0.006,1191,False,,,,,,,,,,,,,,,,,,,,,,,,,,,0.08,0.003,50,0.5,0,11.828088019607923,-0.1662604947269454,0.6057277268000342,0.3464008341010629,-0.4512639586875339,0.1355927015166783,0.16666666666666666,1,1,258,-73.46930283770652,276,11
True,True,3.0,1.7,80,2.0,,30,30,50,True,trend_state_tp,8,6,0.0,75.82091275878906,41.403982917607735,48,0.0025,,,,,,,,,,,,,,,,,,,,,,,,,,,0.025,1195,False,,,,,,,,,,,,,,,,,,,,,,,,,,,0.04,0.001,50,1.5,0,12.895833952792811,-0.15580039758541,0.43106397043850003,0.3899747187252952,-0.561577201917074,0.0,0.0,0,0,259,-73.63140710801235,264,11
True,False,2.0,2.2,30,1.8,,16,30,200,False,range_bb_reversion,120,3,0.0025,61.53853965553871,29.09795551243129,24,0.0025,,,,,,,,,,,,,,,,,,,,,,,,,,,0.025,26,False,,,,,,,,,,,,,,,,,,,,,,,,,,,0.2,0.0005,75,1.25,0,7.466805912042005,-0.23591360115459273,0.7502469705434005,0.43496503496503497,-0.7619040752409691,0.13084064937243428,0.125,3,3,260,-73.67365378173936,100,11
True,False,4.0,4.0,30,2.2,,10,14,50,False,range_bb_reversion,12,1,0.012,65.3912505124042,33.347239809265034,6,0.005,,,,,,,,,,,,,,,,,,,,,,,,,,,0.025,411,False,,,,,,,,,,,,,,,,,,,,,,,,,,,0.04,0.003,50,1.0,0,4.840255525335778,-0.1013537185027932,0.4714630863814642,0.34714817346396293,-0.30392444265565477,0.0,0.0,0,0,261,-73.81515812257939,102,11
True,False,2.0,6.0,30,1.8,,12,10,300,True,trend_state_tp,72,6,0.005,70.39208385685266,32.086209573309695,3,0.0,,,,,,,,,,,,,,,,,,,,,,,,,,,0.015,35,False,,,,,,,,,,,,,,,,,,,,,,,,,,,0.08,0.0005,75,0.75,0,15.017200528138227,-0.1553190051597256,0.6885440516969544,0.33731614626144374,-0.5478866434896614,0.12524786637947719,0.22727272727272727,2,2,262,-74.22864074798558,519,11
True,False,2.5,4.0,14,2.0,,12,30,80,True,trend_state_tp,48,4,0.025,66.72945478572481,44.548634109297225,12,0.0005,,,,,,,,,,,,,,,,,,,,,,,,,,,0.006,778,False,,,,,,,,,,,,,,,,,,,,,,,,,,,0.2,0.001,20,1.0,0,16.66944370418484,-0.1258249177726889,0.6309616584920081,0.3538887777618181,-0.26781549768273705,0.29659270918002034,0.225,2,2,263,-74.94408627736206,744,11
False,True,4.0,6.0,20,2.2,,30,8,200,False,trend_bb_reversion,12,6,0.008,62.878040816539325,24.907375952793668,3,0.0,,,,,,,,,,,,,,,,,,,,,,,,,,,0.01,619,True,,,,,,,,,,,,,,,,,,,,,,,,,,,0.2,0.0,30,0.0,0,6.318439985905495,-0.2082466754512091,0.3423240553640692,0.4324059242465314,-0.5198217466895076,0.0,0.0,0,0,264,-76.10495244631632,213,11
True,False,1.5,12.0,30,2.0,,16,10,50,True,trend_state_tp,72,8,0.005,61.990045524937806,41.586702404350405,12,0.001,,,,,,,,,,,,,,,,,,,,,,,,,,,0.04,921,False,,,,,,,,,,,,,,,,,,,,,,,,,,,0.2,0.001,20,1.0,0,20.427196151807017,-0.14379777210612782,0.7446136330532024,0.33801534057755905,-0.4034762714729975,0.32541015142802127,0.2,3,3,265,-76.26501516203777,613,11
True,False,2.0,1.3,20,1.8,,10,10,400,False,trend_bb_reversion,72,1,0.012,76.7169810798072,35.15500553246452,36,0.005,,,,,,,,,,,,,,,,,,,,,,,,,,,0.006,1021,False,,,,,,,,,,,,,,,,,,,,,,,,,,,0.05,0.002,30,0.75,0,10.429553586649874,-0.24872992993772633,1.2584244105912996,0.5525541125541126,-0.45164556661136124,0.24707777336917677,0.4,1,1,266,-77.39431613400578,114,11
True,False,3.0,2.2,20,2.0,,10,10,300,True,trend_state_tp,18,8,0.025,59.68889944658606,23.513497360662516,36,0.0005,,,,,,,,,,,,,,,,,,,,,,,,,,,0.025,272,False,,,,,,,,,,,,,,,,,,,,,,,,,,,0.12,0.001,75,0.0,0,14.308208418349995,-0.14322875278794842,0.6025542595333865,0.4032686871310238,-0.4006612881211256,0.20900224656923735,0.22727272727272727,0,0,267,-77.61920254070142,528,11
True,False,1.5,12.0,55,2.5,,40,10,200,True,trend_state_tp,18,8,0.0025,59.80105136028309,22.497865768565042,12,0.01,,,,,,,,,,,,,,,,,,,,,,,,,,,0.04,436,False,,,,,,,,,,,,,,,,,,,,,,,,,,,1.0,0.002,150,0.75,0,9.214172029529946,-0.24177081469786058,0.6272372715235013,0.2905667463269344,-0.8086802358490437,0.0,0.0,2,2,268,-78.28380584636798,253,11
True,False,2.0,2.2,14,1.5,,55,50,150,False,range_bb_reversion,12,4,0.0,68.62192620922238,29.597064822030422,3,0.0005,,,,,,,,,,,,,,,,,,,,,,,,,,,0.04,555,False,,,,,,,,,,,,,,,,,,,,,,,,,,,0.2,0.001,75,1.0,0,11.268335590337784,-0.20826766729255466,0.5581562358698549,0.43506362324544146,-0.39557333588933946,0.26552123792704563,0.32142857142857145,1,1,269,-78.45445467834165,289,11
True,False,4.0,3.0,14,1.8,,20,30,200,False,channel_reclaim,120,8,0.0,66.69756448968266,40.30437887620108,24,0.001,,,,,,,,,,,,,,,,,,,,,,,,,,,0.025,1149,False,,,,,,,,,,,,,,,,,,,,,,,,,,,0.08,0.002,75,0.5,0,6.584049503898241,-0.2389906949833957,0.6637787691636121,0.47206248890740865,-0.48803919017046654,0.2701772534715408,0.3333333333333333,1,1,270,-78.45785590872352,155,11
True,False,2.0,4.0,80,2.0,,30,20,400,False,channel_reclaim,8,3,0.025,70.44685054830761,37.08010720172118,48,0.0005,,,,,,,,,,,,,,,,,,,,,,,,,,,0.006,1174,False,,,,,,,,,,,,,,,,,,,,,,,,,,,0.08,0.002,20,1.0,0,8.305606683856125,-0.19534184577511435,0.6847923087344423,0.3817012562600798,-0.4641523943689516,0.09859820348588624,0.2,1,1,271,-79.11247765266725,145,11
True,False,2.5,1.3,20,1.8,,10,20,300,True,trend_state_tp,24,6,0.018,70.47924848744748,41.474308647228604,24,0.005,,,,,,,,,,,,,,,,,,,,,,,,,,,0.015,1115,True,,,,,,,,,,,,,,,,,,,,,,,,,,,1.0,0.002,10,1.25,0,15.816382965443474,-0.17683134517204835,0.4719535928568099,0.49756002487585554,-0.31701155381249707,0.23636228485675712,0.41379310344827586,0,0,272,-79.56904421485345,436,11
True,False,1.5,1.7,20,1.5,,8,10,100,False,range_bb_reversion,48,1,0.0025,64.21431121882712,43.52044857103596,36,0.0,,,,,,,,,,,,,,,,,,,,,,,,,,,0.015,631,False,,,,,,,,,,,,,,,,,,,,,,,,,,,0.05,0.0005,20,1.25,0,16.21791498661717,-0.21671231862679113,1.2675469885074753,0.432464110329723,-0.5260617291415739,0.0,0.0,2,2,273,-79.87777110072379,161,11
True,False,2.0,2.2,40,2.5,,12,80,130,False,range_bb_reversion,120,1,0.018,61.40453825929751,38.25731517061854,18,0.005,,,,,,,,,,,,,,,,,,,,,,,,,,,0.04,1123,False,,,,,,,,,,,,,,,,,,,,,,,,,,,0.05,0.002,30,1.0,0,8.0,-0.10959636304161986,2.2580003146293177,0.5141802641802642,-0.7467651724284889,0.13101875216034573,0.14285714285714285,3,3,274,-80.37761418829108,120,11
True,False,2.5,4.0,80,1.8,,40,8,400,False,trend_reclaim,14,8,0.0025,69.12031048766292,29.721492182242233,12,0.0005,,,,,,,,,,,,,,,,,,,,,,,,,,,0.006,610,False,,,,,,,,,,,,,,,,,,,,,,,,,,,0.2,0.002,10,0.0,0,10.385687347014803,-0.1969904342681318,0.6146130430180912,0.3461040551548269,-0.6687608427335181,0.0,0.0,1,1,275,-80.8840401032551,355,11
True,False,2.0,1.7,80,1.5,,16,50,150,False,range_bb_reversion,18,4,0.008,58.3772131774466,43.06983000018892,6,0.001,,,,,,,,,,,,,,,,,,,,,,,,,,,0.08,628,False,,,,,,,,,,,,,,,,,,,,,,,,,,,0.12,0.003,10,0.75,0,17.73540000462706,-0.17813070579159637,0.6035838789501544,0.4964195831269002,-0.3399055014726243,0.3416686407290227,0.42,0,0,276,-81.41065405467194,418,11
True,False,3.0,8.0,40,2.0,,40,50,100,False,range_bb_reversion,12,1,0.005,75.08845187007935,26.380453148855587,36,0.0,,,,,,,,,,,,,,,,,,,,,,,,,,,0.015,806,False,,,,,,,,,,,,,,,,,,,,,,,,,,,0.08,0.002,30,0.0,0,6.42213326340486,-0.20430569095788742,0.478183352583004,0.38427083752161156,-0.34042053240128806,0.1541999557143211,0.2,1,1,277,-81.53454542191987,150,11
True,False,4.0,4.0,40,1.8,,55,80,200,True,trend_state_tp,12,1,0.025,73.41634871992693,26.949390076733017,18,0.0,,,,,,,,,,,,,,,,,,,,,,,,,,,0.025,602,True,,,,,,,,,,,,,,,,,,,,,,,,,,,0.2,0.002,100,0.75,0,10.914260341486681,-0.08854263977943293,0.5310463629629139,0.31188009453185733,-0.1534482033523274,0.2785472709938302,0.23529411764705882,0,0,278,-81.88142096033886,837,11
True,False,2.0,1.7,30,1.8,,10,10,50,False,trend_bb_reversion,8,1,0.008,69.78020958077428,34.70524748158476,36,0.001,,,,,,,,,,,,,,,,,,,,,,,,,,,0.04,306,False,,,,,,,,,,,,,,,,,,,,,,,,,,,1.0,0.0,150,0.5,0,4.637000628923714,-0.19238419931502965,0.519957907664327,0.42409812409812414,-0.450601096500832,0.12966735088361236,0.2222222222222222,0,0,279,-82.28188609792043,135,11
True,True,2.5,1.3,55,2.2,,16,20,50,True,trend_state_tp,12,6,0.0,76.92247719265886,38.640207889701344,48,0.001,,,,,,,,,,,,,,,,,,,,,,,,,,,0.015,1071,True,,,,,,,,,,,,,,,,,,,,,,,,,,,0.04,0.0005,20,0.0,0,23.48171303494209,-0.18087986457183616,0.5794919148115576,0.502915207053286,-0.3383185740820159,0.21781125169557855,0.3584905660377358,1,1,280,-82.32959439536707,439,11
True,False,2.0,4.0,40,1.5,,12,10,400,False,channel_reclaim,96,3,0.012,72.7346713728204,35.37116436061194,24,0.0,,,,,,,,,,,,,,,,,,,,,,,,,,,0.006,968,False,,,,,,,,,,,,,,,,,,,,,,,,,,,1.0,0.003,10,1.25,0,11.732673038804176,-0.2101021977525942,0.7193458691081323,0.32273422916119227,-0.5072955280222942,0.3346272121051772,0.18181818181818182,3,2,281,-82.47628005753528,169,11
True,False,2.0,2.2,20,2.2,,30,80,400,False,trend_bb_reversion,120,4,0.008,67.77202888359483,43.53706845195192,24,0.0005,,,,,,,,,,,,,,,,,,,,,,,,,,,0.025,657,False,,,,,,,,,,,,,,,,,,,,,,,,,,,0.08,0.002,10,0.75,0,13.940135008931678,-0.2682277265828198,0.6188734501123616,0.41515237559225826,-0.6683912618586996,0.1662084361753392,0.2,3,3,282,-82.78149320883959,229,11
True,False,3.0,1.3,14,1.5,,8,14,300,False,range_bb_reversion,48,4,0.0025,75.82871009249237,42.750662103259984,12,0.0,,,,,,,,,,,,,,,,,,,,,,,,,,,0.025,1002,False,,,,,,,,,,,,,,,,,,,,,,,,,,,0.2,0.002,100,0.0,0,9.548542927959641,-0.25947447651323885,0.42923506208021034,0.5884781802518956,-0.5735255089273283,0.1406751321969619,0.3333333333333333,0,0,283,-82.88737038619276,194,11
True,False,1.0,6.0,14,2.0,,12,20,400,False,trend_bb_reversion,72,3,0.018,68.24043625104868,24.598106794046657,24,0.001,,,,,,,,,,,,,,,,,,,,,,,,,,,0.006,727,False,,,,,,,,,,,,,,,,,,,,,,,,,,,0.12,0.001,50,0.25,0,14.237265552086896,-0.16915065745226363,0.8177782311007273,0.17574392778938233,-1.0,0.0,0.0,4,4,284,-82.98951527832796,207,11
True,False,1.0,8.0,14,1.5,,10,50,100,False,trend_reclaim,8,2,0.0,66.32335678703186,35.190218173754786,36,0.001,,,,,,,,,,,,,,,,,,,,,,,,,,,0.01,1175,False,,,,,,,,,,,,,,,,,,,,,,,,,,,0.08,0.003,100,0.75,0,6.349633366812508,-0.19528298243655975,0.8154530218858071,0.32177292404565133,-0.7055148185347232,0.09375066601282103,0.125,2,2,285,-83.39192735446258,105,11
True,True,2.0,6.0,55,2.5,,40,20,50,False,range_bb_reversion,12,2,0.0025,76.5118923811536,27.730386542831283,18,0.01,,,,,,,,,,,,,,,,,,,,,,,,,,,0.04,159,False,,,,,,,,,,,,,,,,,,,,,,,,,,,1.0,0.003,75,1.0,0,14.663511245231875,-0.20917785037924908,0.5875566782320237,0.4124961391265739,-0.6023857806806635,0.05785742501674785,0.20833333333333334,1,1,286,-83.54986059161105,261,11
True,False,4.0,1.3,40,2.5,,55,8,80,True,trend_state_tp,120,1,0.0025,62.967529040129435,39.74295740823653,18,0.001,,,,,,,,,,,,,,,,,,,,,,,,,,,0.08,919,False,,,,,,,,,,,,,,,,,,,,,,,,,,,0.03,0.0,20,0.25,0,8.598824110525497,-0.16961079944594593,0.28382359006404195,0.3108924280104164,-0.4187101164398368,0.0,0.0,1,1,287,-83.61976640474421,156,11
True,False,3.0,2.2,30,1.5,,20,10,80,True,trend_state_tp,24,8,0.0,63.04218978136337,35.02313704142978,12,0.0,,,,,,,,,,,,,,,,,,,,,,,,,,,0.04,309,False,,,,,,,,,,,,,,,,,,,,,,,,,,,0.05,0.002,20,1.5,0,9.430364062935924,-0.17238213947711237,1.2986336423574976,0.44326029238207043,-0.5333457938119449,0.08876481468384215,0.2222222222222222,1,1,288,-83.95310513790838,202,11
True,False,3.0,1.7,40,2.5,,8,8,100,True,trend_state_tp,24,1,0.012,69.68709062768298,26.311997390068992,18,0.01,,,,,,,,,,,,,,,,,,,,,,,,,,,0.08,78,False,,,,,,,,,,,,,,,,,,,,,,,,,,,0.2,0.003,50,0.5,0,10.065578793930385,-0.12016250659551399,0.5019042072140059,0.3124205967772093,-0.24912841330230842,0.19526392422113428,0.22,0,0,289,-84.325398721482,662,11
True,True,1.5,3.0,20,1.5,,55,50,200,False,range_bb_reversion,8,4,0.012,73.46982549151144,24.02644614969494,6,0.005,,,,,,,,,,,,,,,,,,,,,,,,,,,0.01,892,False,,,,,,,,,,,,,,,,,,,,,,,,,,,1.0,0.0,10,0.0,0,9.11380335073991,-0.1981386483772952,0.6599837591785154,0.3867178276269185,-0.5977134884180407,0.0,0.0,3,3,290,-84.46105588612636,122,11
True,True,2.0,4.0,14,2.2,,10,30,50,False,trend_bb_reversion,12,1,0.0025,61.3397209689097,31.491718481207617,12,0.001,,,,,,,,,,,,,,,,,,,,,,,,,,,0.006,98,True,,,,,,,,,,,,,,,,,,,,,,,,,,,0.2,0.003,75,1.0,0,17.980572344624957,-0.20761558076987807,0.5598523363126993,0.47455244760115,-0.4669156724043158,0.19125860023323338,0.23684210526315788,1,1,291,-84.56562726998881,366,11
True,True,5.0,1.3,20,1.8,,40,10,200,True,trend_state_tp,72,1,0.0,60.252847178594315,26.967428165796964,12,0.001,,,,,,,,,,,,,,,,,,,,,,,,,,,0.01,1190,False,,,,,,,,,,,,,,,,,,,,,,,,,,,0.12,0.003,30,1.0,0,19.635605967446423,-0.06977240943442373,0.46088204290013357,0.39519383837475514,-0.12416309303851274,0.20992168133382832,0.31645569620253167,0,0,292,-85.72915079243214,1591,11
True,False,1.5,3.0,55,1.5,,16,30,200,True,trend_state_tp,48,6,0.005,75.86208572202645,40.49258917918615,3,0.0005,,,,,,,,,,,,,,,,,,,,,,,,,,,0.01,870,False,,,,,,,,,,,,,,,,,,,,,,,,,,,0.2,0.0,30,1.5,0,15.00220340433498,-0.19858707080849455,0.6247779304748029,0.36750087681228416,-0.41021268022504387,0.29196882452342415,0.23529411764705882,2,2,293,-86.10415972766825,442,11
True,True,3.0,1.3,80,1.5,,12,80,150,False,channel_reclaim,12,6,0.025,71.2727909003068,34.21832842901581,12,0.001,,,,,,,,,,,,,,,,,,,,,,,,,,,0.08,91,False,,,,,,,,,,,,,,,,,,,,,,,,,,,0.08,0.0005,150,0.0,0,18.074693079027195,-0.16903924923219568,0.44687588830904984,0.5235087868725885,-0.28178272343036503,0.19548030479566006,0.4411764705882353,0,0,294,-86.21529008516345,611,11
True,False,2.0,3.0,55,2.2,,16,20,50,True,trend_state_tp,36,8,0.008,68.82733136148511,32.47838116051044,18,0.001,,,,,,,,,,,,,,,,,,,,,,,,,,,0.08,483,False,,,,,,,,,,,,,,,,,,,,,,,,,,,1.0,0.001,20,0.75,0,15.97824208858701,-0.14090657612346133,0.6697384976530216,0.3864962909555443,-0.29589337201087057,0.36446230904246973,0.2857142857142857,0,0,295,-86.89291417828723,671,11
True,True,2.0,4.0,80,1.8,,30,50,80,False,range_bb_reversion,8,2,0.008,74.23721241966267,26.814285182626822,18,0.01,,,,,,,,,,,,,,,,,,,,,,,,,,,0.025,523,False,,,,,,,,,,,,,,,,,,,,,,,,,,,0.05,0.003,75,0.5,0,11.303020650314354,-0.20395580645853417,0.5481756587019976,0.38114875715682167,-0.4091283315490098,0.30492303429729156,0.28125,0,0,296,-87.070963652296,222,11
True,True,2.5,6.0,55,2.0,,16,30,150,False,range_bb_reversion,24,3,0.005,72.38963561619735,31.120888778539914,48,0.0005,,,,,,,,,,,,,,,,,,,,,,,,,,,0.025,191,False,,,,,,,,,,,,,,,,,,,,,,,,,,,0.05,0.0,10,0.0,0,11.132970387720588,-0.2071471073581187,0.6608431849054066,0.3928138561043699,-0.664474016979625,0.0032723399347681756,0.25,2,2,297,-87.27324565751567,146,11
True,False,1.5,6.0,80,1.5,,12,8,100,False,range_bb_reversion,12,1,0.005,67.18777976756476,43.874620775248935,3,0.001,,,,,,,,,,,,,,,,,,,,,,,,,,,0.04,879,False,,,,,,,,,,,,,,,,,,,,,,,,,,,0.2,0.0005,20,0.25,0,14.17838183892458,-0.2088691812905765,0.6737140713152896,0.36359408684719635,-0.5907659099551908,0.17806167568456782,0.21621621621621623,2,2,298,-87.4923851457262,262,11
True,False,1.0,2.2,20,2.2,,40,30,300,False,trend_bb_reversion,12,1,0.012,64.41726664393673,36.7936503624965,36,0.01,,,,,,,,,,,,,,,,,,,,,,,,,,,0.01,1136,True,,,,,,,,,,,,,,,,,,,,,,,,,,,0.08,0.0005,100,1.0,0,6.816571715909119,-0.26040924791928616,0.6559661586120529,0.4059482184482185,-1.0,0.0,0.0,2,2,299,-87.87156242560428,142,11
True,False,2.5,2.2,40,2.0,,10,8,150,False,range_bb_reversion,48,1,0.025,58.66311844385411,44.530949138185,48,0.0005,,,,,,,,,,,,,,,,,,,,,,,,,,,0.04,394,False,,,,,,,,,,,,,,,,,,,,,,,,,,,0.08,0.0,100,0.5,0,10.640579327894942,-0.22989080222202762,0.5796728735494484,0.47270917488308795,-0.7144695228213654,0.1171372326873379,0.14285714285714285,0,0,300,-88.2909737624752,199,11
True,True,3.0,6.0,80,1.5,,8,30,50,False,range_bb_reversion,72,3,0.0,74.40701534227087,34.91581440168403,24,0.001,,,,,,,,,,,,,,,,,,,,,,,,,,,0.04,1035,False,,,,,,,,,,,,,,,,,,,,,,,,,,,0.2,0.0,20,0.75,0,15.964658333094642,-0.15333649583844255,0.7340621799732525,0.3764353096286449,-0.30115173309858634,0.526634252605004,0.3170731707317073,0,0,301,-88.59055317869898,452,11
True,False,1.5,1.7,40,2.0,,30,20,200,False,channel_reclaim,72,1,0.012,58.359559260046744,40.48816542072676,36,0.0025,,,,,,,,,,,,,,,,,,,,,,,,,,,0.01,209,True,,,,,,,,,,,,,,,,,,,,,,,,,,,1.0,0.002,30,0.75,0,13.77976733272239,-0.22923092045715815,0.6373128193425232,0.3871065941045657,-0.7464641878388963,0.1516162124698336,0.1111111111111111,2,2,302,-88.74571774777928,200,11
True,False,2.5,2.2,30,1.5,,16,14,300,True,trend_state_tp,36,6,0.025,58.56894689007216,41.07917756326393,18,0.005,,,,,,,,,,,,,,,,,,,,,,,,,,,0.025,526,False,,,,,,,,,,,,,,,,,,,,,,,,,,,0.2,0.001,20,1.25,0,15.392287731538913,-0.1878747811951218,0.5436159070326947,0.3667257072429486,-0.4495088678150137,0.07436331821200495,0.1111111111111111,1,1,303,-89.49970927610413,368,11
True,False,2.5,2.2,80,2.5,,30,14,300,True,trend_state_tp,12,4,0.0,73.02831774720507,24.58236249561332,6,0.0,,,,,,,,,,,,,,,,,,,,,,,,,,,0.015,950,False,,,,,,,,,,,,,,,,,,,,,,,,,,,0.04,0.0,100,1.25,0,8.823608144626023,-0.16702885390598254,1.2856383422723345,0.3702359088722725,-0.9999999999999999,0.0,0.0,2,2,304,-90.19761389305943,127,11
True,True,2.5,4.0,40,1.5,,55,8,400,True,trend_state_tp,8,6,0.018,60.76889896555293,29.544114630551604,36,0.005,,,,,,,,,,,,,,,,,,,,,,,,,,,0.006,698,False,,,,,,,,,,,,,,,,,,,,,,,,,,,0.2,0.003,50,0.0,0,22.684163152871132,-0.10614864246086117,0.6757720931361036,0.3945743751850495,-0.2683930599428537,0.29568606596595787,0.2571428571428571,1,1,305,-92.22044090123532,1148,11
True,True,2.0,12.0,55,1.8,,8,14,150,True,trend_state_tp,18,2,0.005,64.89074909097701,24.18915865246212,12,0.01,,,,,,,,,,,,,,,,,,,,,,,,,,,0.04,1060,True,,,,,,,,,,,,,,,,,,,,,,,,,,,0.2,0.001,10,1.25,0,11.036150329636985,-0.155303912106607,0.544135231259611,0.3326685607748807,-0.30579380752301655,0.18146939288245598,0.2222222222222222,0,0,306,-92.50402445473279,524,11
True,True,3.0,1.7,80,2.2,,8,30,200,False,channel_reclaim,12,4,0.012,59.54135612394773,22.44180991199472,24,0.0,,,,,,,,,,,,,,,,,,,,,,,,,,,0.04,1118,False,,,,,,,,,,,,,,,,,,,,,,,,,,,0.04,0.0005,50,0.5,0,20.192080181948675,-0.15269510290036492,0.6860303992107264,0.4441398373968555,-0.4406311526306214,0.0,0.0,1,1,307,-92.52777753552279,362,11
True,False,2.5,1.3,55,2.0,,16,30,50,False,channel_reclaim,48,6,0.005,63.243346336410646,26.479729665646744,36,0.0025,,,,,,,,,,,,,,,,,,,,,,,,,,,0.08,375,False,,,,,,,,,,,,,,,,,,,,,,,,,,,0.05,0.0,75,0.75,0,9.652505389710967,-0.28928146065925614,1.3033120916772847,0.5434240002421821,-1.0,0.0,0.0,2,2,308,-92.60059408256818,109,11
True,False,1.0,3.0,14,1.5,,16,50,100,False,trend_bb_reversion,96,2,0.008,60.178923246998785,22.039113357581204,36,0.005,,,,,,,,,,,,,,,,,,,,,,,,,,,0.04,592,False,,,,,,,,,,,,,,,,,,,,,,,,,,,0.08,0.002,30,0.0,0,10.743241731020772,-0.22294181848286565,0.7366971902314879,0.2608780108780109,-0.7023714455867524,0.21377899702552425,0.1,4,4,309,-92.80218489999007,143,11
True,False,2.0,4.0,20,1.8,,30,80,150,True,trend_state_tp,120,2,0.018,77.35764279166412,42.81820880281764,24,0.0025,,,,,,,,,,,,,,,,,,,,,,,,,,,0.08,374,False,,,,,,,,,,,,,,,,,,,,,,,,,,,0.08,0.0005,10,1.25,0,14.809345445032912,-0.16921101087156512,0.5778487229500809,0.33131697537435245,-0.3736906757373704,0.10961541476083402,0.1875,2,1,310,-92.88482724033727,520,11
True,False,2.5,1.7,30,2.2,,10,10,300,False,range_bb_reversion,24,8,0.005,58.10448852154593,37.76444987880258,24,0.0025,,,,,,,,,,,,,,,,,,,,,,,,,,,0.04,1020,False,,,,,,,,,,,,,,,,,,,,,,,,,,,1.0,0.0005,20,1.5,0,5.439561511291685,-0.2850076194716507,0.4781087770390592,0.45398325757177427,-0.766570976314242,0.0,0.0,1,1,311,-93.8938172379588,111,11
True,False,1.0,8.0,14,2.2,,8,50,100,False,channel_reclaim,36,8,0.0025,76.38990396579021,23.86836601704954,12,0.001,,,,,,,,,,,,,,,,,,,,,,,,,,,0.01,327,False,,,,,,,,,,,,,,,,,,,,,,,,,,,1.0,0.001,30,1.5,0,7.743720696930834,-0.18118665836493644,0.892577115214685,0.165948430654313,-1.0,0.0,0.0,4,4,312,-94.37402626397687,115,11
True,False,3.0,12.0,14,1.8,,12,14,200,False,range_bb_reversion,24,1,0.0,73.89596507479916,31.411563515590036,24,0.0,,,,,,,,,,,,,,,,,,,,,,,,,,,0.04,645,False,,,,,,,,,,,,,,,,,,,,,,,,,,,0.2,0.0005,10,0.75,0,9.287745228090422,-0.21659170967066113,0.5984182321824246,0.38625640937893907,-0.538564994216012,0.20247850956630034,0.18181818181818182,0,0,313,-94.4305830745412,184,11
True,False,2.5,12.0,14,2.0,,10,10,80,False,range_bb_reversion,72,4,0.0025,69.63714972141086,41.954485754806164,12,0.0025,,,,,,,,,,,,,,,,,,,,,,,,,,,0.08,419,True,,,,,,,,,,,,,,,,,,,,,,,,,,,0.12,0.0005,20,0.0,0,23.095773656430094,-0.1914003150520144,0.6140236012452903,0.5310562995538861,-0.5312084920018134,0.18373964123596145,0.3488372093023256,0,0,314,-94.49860387735745,443,11
True,False,2.0,1.3,20,1.5,,16,30,50,True,trend_state_tp,36,8,0.025,70.88744869335378,42.81904026096652,36,0.005,,,,,,,,,,,,,,,,,,,,,,,,,,,0.04,474,True,,,,,,,,,,,,,,,,,,,,,,,,,,,0.12,0.0,10,0.25,0,12.274989621562233,-0.21067808610789288,0.43657640829401295,0.46060747678885094,-0.3667812823673295,0.2650643990100032,0.4,0,0,315,-95.6566758065429,465,11
True,False,1.5,2.2,20,2.5,,30,10,400,False,channel_reclaim,8,1,0.018,68.09978414850089,42.570500038761324,24,0.0,,,,,,,,,,,,,,,,,,,,,,,,,,,0.015,1110,False,,,,,,,,,,,,,,,,,,,,,,,,,,,1.0,0.003,50,1.25,0,9.969647880981412,-0.2384111905323364,0.595835005707774,0.40813279857397505,-0.6170731087132416,0.07393481008876475,0.23529411764705882,3,3,316,-96.16808039180151,106,11
True,False,2.5,1.7,30,2.2,,8,30,400,True,trend_state_tp,18,6,0.005,60.34436695219107,42.305677526854666,24,0.0,,,,,,,,,,,,,,,,,,,,,,,,,,,0.01,776,False,,,,,,,,,,,,,,,,,,,,,,,,,,,0.12,0.003,50,0.0,0,13.291636288086146,-0.18960213798684666,0.5299742550777181,0.41083718195444946,-0.5552122244548741,0.10847315303463338,0.125,0,0,317,-96.35371253446709,475,11
True,False,2.5,6.0,40,1.5,,30,50,100,True,trend_state_tp,96,2,0.005,59.19793263602927,33.18669101616455,36,0.0025,,,,,,,,,,,,,,,,,,,,,,,,,,,0.04,413,True,,,,,,,,,,,,,,,,,,,,,,,,,,,1.0,0.002,100,0.0,0,14.957057678693717,-0.14337148147223575,0.6049515696592602,0.2636645987146917,-0.37764977513402037,0.1452672447486437,0.12903225806451613,2,2,318,-96.46760581374923,588,11
True,False,2.0,12.0,55,1.8,,12,80,300,True,trend_state_tp,120,4,0.012,66.05298269785813,43.12721732793509,24,0.0005,,,,,,,,,,,,,,,,,,,,,,,,,,,0.015,833,False,,,,,,,,,,,,,,,,,,,,,,,,,,,0.12,0.001,75,0.5,0,18.90226645180504,-0.15366410096638308,0.6553430328434768,0.31550213383869613,-0.4579884713105382,0.2350247019794958,0.15789473684210525,2,2,319,-97.20197029307272,584,11
True,True,3.0,4.0,30,2.5,,55,10,200,True,trend_state_tp,18,6,0.018,73.58763278040462,26.51479237681969,12,0.0005,,,,,,,,,,,,,,,,,,,,,,,,,,,0.04,975,False,,,,,,,,,,,,,,,,,,,,,,,,,,,1.0,0.001,20,0.25,0,23.882481015747842,-0.06907357955738307,0.7599944049918107,0.3532770503407222,-0.186651147323374,0.39280340922399853,0.2698412698412698,0,0,320,-97.2231518408148,1347,11
False,True,1.5,1.7,20,2.5,,10,30,50,False,channel_reclaim,48,3,0.0025,74.70831618163406,31.874731697079977,24,0.001,,,,,,,,,,,,,,,,,,,,,,,,,,,0.08,637,False,,,,,,,,,,,,,,,,,,,,,,,,,,,0.12,0.0005,150,0.25,0,19.934797799969587,-0.20889086794352832,0.6165771606266134,0.4738355523169048,-0.3619020611184429,0.3510441556226669,0.36666666666666664,1,1,321,-98.41087016498824,491,11
True,True,1.0,2.2,40,1.5,,20,20,50,False,trend_bb_reversion,120,8,0.012,62.348730431151196,43.939333956989316,18,0.0005,,,,,,,,,,,,,,,,,,,,,,,,,,,0.015,805,False,,,,,,,,,,,,,,,,,,,,,,,,,,,0.05,0.001,10,0.5,0,17.396552411143134,-0.25903616998558476,0.6609582324709172,0.34297450205378593,-1.0,0.0,0.0,2,2,322,-99.38826103988568,169,11
True,True,4.0,6.0,14,2.0,,55,10,400,False,range_bb_reversion,96,1,0.025,69.85308859042233,36.7636322185177,24,0.0005,,,,,,,,,,,,,,,,,,,,,,,,,,,0.015,842,True,,,,,,,,,,,,,,,,,,,,,,,,,,,1.0,0.001,150,0.75,0,6.744030716254247,-0.23836428363478077,0.5272656812418067,0.5269583951402134,-0.5375062698973097,0.15485946886673602,0.2,1,1,323,-99.8264296370468,105,11
True,False,1.5,8.0,40,1.5,,8,20,50,False,range_bb_reversion,36,8,0.018,76.86749717419104,34.98075206649568,3,0.0,,,,,,,,,,,,,,,,,,,,,,,,,,,0.025,435,False,,,,,,,,,,,,,,,,,,,,,,,,,,,1.0,0.003,30,0.0,0,19.813137019439864,-0.14711353020024567,0.7888842003198647,0.2817768069805688,-0.535490189714591,0.3030043193409756,0.17142857142857143,2,2,324,-100.05470851791682,365,11
True,False,1.0,4.0,40,1.5,,20,30,100,True,trend_state_tp,120,1,0.0,63.57383281393397,39.455071808726224,48,0.0,,,,,,,,,,,,,,,,,,,,,,,,,,,0.01,391,False,,,,,,,,,,,,,,,,,,,,,,,,,,,0.03,0.0,30,1.0,0,25.337015556474714,-0.09220044450601303,1.314917468230709,0.2362824675324675,-0.598266091265649,0.0,0.0,3,3,325,-101.82191224015858,107,11
True,True,1.5,3.0,14,2.0,,20,8,50,False,range_bb_reversion,120,1,0.0,73.18971677039706,33.744249496864356,24,0.0005,,,,,,,,,,,,,,,,,,,,,,,,,,,0.006,868,False,,,,,,,,,,,,,,,,,,,,,,,,,,,0.2,0.003,20,0.75,0,10.02869241684005,-0.2445360332269856,0.727430299270084,0.3360253382980656,-1.0,0.0,0.0,4,3,326,-102.44686634021123,123,11
True,False,2.5,1.3,55,2.0,,55,14,300,True,trend_state_tp,120,4,0.012,75.09582979587977,25.943408427256944,3,0.0,,,,,,,,,,,,,,,,,,,,,,,,,,,0.006,1161,False,,,,,,,,,,,,,,,,,,,,,,,,,,,1.0,0.002,30,0.75,0,19.306967493894142,-0.1646975607408305,0.47245914490511026,0.4611145707205354,-0.32178279156490247,0.18142422398985594,0.36666666666666664,0,0,327,-102.45610402693029,804,11
True,True,2.0,12.0,40,2.2,,16,8,200,False,trend_bb_reversion,12,3,0.018,66.59156936207725,26.13109507614785,18,0.0025,,,,,,,,,,,,,,,,,,,,,,,,,,,0.006,457,True,,,,,,,,,,,,,,,,,,,,,,,,,,,0.12,0.002,150,0.75,0,9.364182691050921,-0.22827604967354473,0.5235720734006484,0.40774642024642027,-0.3851276392932246,0.29551887794611964,0.2857142857142857,0,0,328,-102.45889693965215,174,11
True,True,2.5,8.0,80,2.0,,20,80,150,False,range_bb_reversion,96,1,0.005,66.41568858253208,30.673865569602853,12,0.0025,,,,,,,,,,,,,,,,,,,,,,,,,,,0.08,430,False,,,,,,,,,,,,,,,,,,,,,,,,,,,0.04,0.0005,100,0.5,0,11.0,-0.11619051823349834,1.1134556833257458,0.27216117216117214,-0.9999999999999999,0.0,0.0,2,2,329,-102.93254670446481,117,11
True,False,1.5,12.0,30,1.5,,30,20,200,True,trend_state_tp,24,3,0.012,77.23749171374098,23.975229238087422,18,0.0005,,,,,,,,,,,,,,,,,,,,,,,,,,,0.01,3,False,,,,,,,,,,,,,,,,,,,,,,,,,,,0.05,0.003,10,0.5,0,22.543941253793065,-0.16503112683613075,0.7405486477758125,0.28428715812177585,-0.7397821710130602,0.0,0.0,2,2,330,-102.98678152531949,358,11
True,True,3.0,4.0,55,2.5,,10,50,100,True,trend_state_tp,72,3,0.0,61.91061288706714,28.467937674350186,6,0.001,,,,,,,,,,,,,,,,,,,,,,,,,,,0.01,917,False,,,,,,,,,,,,,,,,,,,,,,,,,,,0.08,0.0005,20,0.75,0,23.121444688397045,-0.0917860043923016,0.6453677770948156,0.34401219460817517,-0.15517748113018143,0.44737548070537714,0.28169014084507044,1,1,331,-103.58173235656739,1395,11
True,True,2.5,1.3,20,1.5,,20,20,80,True,trend_state_tp,48,8,0.0,64.24292261723973,38.35456121865616,3,0.0005,,,,,,,,,,,,,,,,,,,,,,,,,,,0.015,125,False,,,,,,,,,,,,,,,,,,,,,,,,,,,0.08,0.0005,150,1.0,0,25.76379019689513,-0.1508843831923247,0.5234247665001374,0.5382884862254895,-0.25296970123498863,0.27586374284764253,0.46938775510204084,0,0,332,-103.76411580075501,935,11
True,False,4.0,6.0,30,1.8,,12,8,400,False,range_bb_reversion,36,2,0.005,74.05611495979724,31.10852742110517,12,0.001,,,,,,,,,,,,,,,,,,,,,,,,,,,0.08,488,False,,,,,,,,,,,,,,,,,,,,,,,,,,,0.04,0.002,100,0.5,0,7.324294167940158,-0.23162975808310665,1.3214896529875637,0.3723140495867769,-1.0000000000000002,0.0,0.0,2,2,333,-104.30760236226446,103,11
True,False,2.5,2.2,55,2.0,,20,30,80,True,trend_state_tp,24,2,0.012,68.34563746994905,42.3878036160808,36,0.0,,,,,,,,,,,,,,,,,,,,,,,,,,,0.01,389,True,,,,,,,,,,,,,,,,,,,,,,,,,,,0.08,0.0,50,0.5,0,16.59594365272428,-0.14678022919777226,0.5136228125567966,0.34803128588822574,-0.27661086463647094,0.29820245597335987,0.25,0,0,334,-104.41673485431842,680,11
True,True,2.5,1.3,20,2.2,,20,30,300,True,trend_state_tp,24,2,0.0,62.390004036550984,36.444443749134614,6,0.0,,,,,,,,,,,,,,,,,,,,,,,,,,,0.08,237,False,,,,,,,,,,,,,,,,,,,,,,,,,,,0.04,0.0,100,0.75,0,34.326795174099146,-0.13844307591257718,0.5321711611623382,0.46192599646064686,-0.2921151217575006,0.1501947177177429,0.29914529914529914,3,3,335,-105.00241638102203,603,11
True,False,1.5,4.0,40,2.0,,40,80,130,True,trend_state_tp,8,2,0.012,76.98725344950843,33.96209152243684,12,0.005,,,,,,,,,,,,,,,,,,,,,,,,,,,0.04,648,False,,,,,,,,,,,,,,,,,,,,,,,,,,,0.08,0.002,50,1.25,0,14.902181432212924,-0.21919206140740286,0.5483889697378053,0.3148345451953864,-0.44963202711745454,0.08408578459123581,0.13333333333333333,2,2,336,-105.12462267437661,375,11
True,False,2.0,1.7,20,1.5,,55,80,150,True,trend_state_tp,36,4,0.0,63.33569648958484,40.866500485732786,24,0.0005,,,,,,,,,,,,,,,,,,,,,,,,,,,0.006,939,False,,,,,,,,,,,,,,,,,,,,,,,,,,,0.12,0.0005,30,0.5,0,20.114382427864207,-0.16636567805272512,0.554124273499521,0.42191790896381337,-0.27539764904262487,0.3869358639395862,0.3380281690140845,0,0,337,-105.61745580197666,620,11
True,False,2.0,1.7,20,2.2,,10,80,130,False,range_bb_reversion,8,1,0.008,74.31112274207815,41.43686196927906,3,0.0025,,,,,,,,,,,,,,,,,,,,,,,,,,,0.04,1197,False,,,,,,,,,,,,,,,,,,,,,,,,,,,1.0,0.002,30,1.5,0,15.399082712927267,-0.2304446486129433,0.48374699236665825,0.4210185185330219,-0.4399737917979219,0.17953736010693983,0.2857142857142857,1,1,338,-106.04022728008799,350,11
True,False,1.0,12.0,14,2.2,,16,50,300,True,trend_state_tp,72,1,0.025,63.00995158730669,38.93609687022214,6,0.0025,,,,,,,,,,,,,,,,,,,,,,,,,,,0.006,192,False,,,,,,,,,,,,,,,,,,,,,,,,,,,0.08,0.0005,30,0.5,0,18.771492719978717,-0.18316240004592751,0.6962340168313227,0.25959489631457794,-0.504861474755919,0.19291994918650637,0.17142857142857143,3,2,339,-107.06054760078331,418,11
True,False,1.5,8.0,14,2.2,,40,50,150,True,trend_state_tp,8,6,0.0025,69.08095407488236,33.58940423785518,12,0.005,,,,,,,,,,,,,,,,,,,,,,,,,,,0.08,365,False,,,,,,,,,,,,,,,,,,,,,,,,,,,0.12,0.003,75,1.25,0,16.043772027013567,-0.2136901938955756,0.6161560721203221,0.31062972627903646,-0.47687144682086763,0.13995361949219004,0.14705882352941177,2,2,340,-107.66910399056091,368,11
True,False,1.5,12.0,20,1.8,,20,80,150,True,trend_state_tp,36,1,0.012,75.0478286228638,26.908928584470416,48,0.005,,,,,,,,,,,,,,,,,,,,,,,,,,,0.006,900,False,,,,,,,,,,,,,,,,,,,,,,,,,,,0.04,0.0005,100,0.5,0,17.152287813287575,-0.25822616537563986,0.5958402689302834,0.26679086103638533,-1.0,0.0,0.0,3,3,341,-108.64034902451431,213,11
True,True,2.5,2.2,30,2.5,,8,50,100,False,range_bb_reversion,48,2,0.025,70.99030733315853,23.47035291113336,24,0.01,,,,,,,,,,,,,,,,,,,,,,,,,,,0.01,1096,False,,,,,,,,,,,,,,,,,,,,,,,,,,,0.2,0.002,150,0.5,0,8.867867135825575,-0.2782772503766852,0.6052540243035509,0.44327749545140854,-0.603288829429691,0.17500535945799905,0.2,1,1,342,-109.5060305381573,130,11
True,True,1.5,2.2,20,2.2,,12,30,300,True,trend_state_tp,48,6,0.012,66.55017835616775,26.225933750791064,3,0.0005,,,,,,,,,,,,,,,,,,,,,,,,,,,0.025,893,True,,,,,,,,,,,,,,,,,,,,,,,,,,,0.05,0.001,20,0.0,0,24.78339586113583,-0.16356393405362676,0.6576398820269137,0.36527450417812535,-0.3490619135371242,0.3506166439770927,0.2857142857142857,1,1,343,-109.65516092812766,546,11
True,True,2.5,2.2,14,2.0,,55,8,150,True,trend_state_tp,24,2,0.025,63.65544669776503,36.77123284615254,18,0.0025,,,,,,,,,,,,,,,,,,,,,,,,,,,0.04,88,False,,,,,,,,,,,,,,,,,,,,,,,,,,,0.08,0.0005,30,1.5,0,23.041847511400245,-0.12228516119633058,0.5794305701489771,0.36102794867858395,-0.26754813517531967,0.17110958836273624,0.20481927710843373,0,0,344,-110.545719017068,787,11
True,True,2.0,3.0,55,2.0,,16,80,130,False,range_bb_reversion,8,3,0.0025,58.96306366810098,24.783921977347468,12,0.001,,,,,,,,,,,,,,,,,,,,,,,,,,,0.08,858,False,,,,,,,,,,,,,,,,,,,,,,,,,,,0.05,0.003,50,0.0,0,16.952400374816655,-0.2524300822402864,0.49730411503370925,0.3794671994671994,-0.6454769989294059,0.16661249587657817,0.2,1,1,345,-110.89844467354683,264,11
True,True,2.5,8.0,14,2.2,,10,30,200,False,range_bb_reversion,24,4,0.018,62.44936085459743,30.057574261546122,18,0.0,,,,,,,,,,,,,,,,,,,,,,,,,,,0.04,110,False,,,,,,,,,,,,,,,,,,,,,,,,,,,0.12,0.003,75,0.25,0,11.651529151431006,-0.23847739679289964,0.5779268150525799,0.38990697455910567,-0.46185781586322294,0.2424407635086473,0.25,0,0,346,-110.99974851626402,311,11
True,True,2.5,1.3,80,2.2,,12,80,400,False,trend_bb_reversion,12,2,0.008,72.1267879801012,31.073057372551727,48,0.001,,,,,,,,,,,,,,,,,,,,,,,,,,,0.015,211,False,,,,,,,,,,,,,,,,,,,,,,,,,,,0.08,0.002,100,1.25,0,6.268643936242246,-0.25166364911877465,0.4689170313164935,0.4726648351648352,-0.6465249292763324,0.04577798318182782,0.16666666666666666,0,0,347,-111.15287767785198,102,11
True,True,2.0,2.2,80,1.8,,16,80,300,False,trend_bb_reversion,120,8,0.018,69.27043680157003,36.80328328452278,24,0.0005,,,,,,,,,,,,,,,,,,,,,,,,,,,0.025,1077,False,,,,,,,,,,,,,,,,,,,,,,,,,,,0.2,0.002,20,0.75,0,7.418309782044816,-0.2823336377573938,0.576067282599114,0.4052682834099946,-0.562807140950015,0.24552903412939528,0.25,1,1,348,-111.74816273518316,148,11
True,False,1.0,8.0,20,1.5,,16,14,80,False,range_bb_reversion,12,6,0.025,61.07651030387388,28.94778035565582,18,0.01,,,,,,,,,,,,,,,,,,,,,,,,,,,0.025,75,False,,,,,,,,,,,,,,,,,,,,,,,,,,,0.08,0.001,20,0.0,0,15.364682974170815,-0.23257988112684924,0.6786793753352217,0.29630846059824595,-0.6712231870866187,0.1853759193165808,0.14285714285714285,2,2,349,-111.81363604557319,255,11
True,False,2.0,2.2,20,1.8,,20,20,400,False,trend_bb_reversion,18,1,0.0,58.91240261664876,34.53315330869553,12,0.0005,,,,,,,,,,,,,,,,,,,,,,,,,,,0.006,604,False,,,,,,,,,,,,,,,,,,,,,,,,,,,1.0,0.0005,20,0.25,0,15.31651007684534,-0.23377226846765212,0.5566878950754529,0.4018618369042706,-0.5539781322975178,0.15953562588926845,0.21428571428571427,0,0,350,-112.01986781459796,354,11
True,False,4.0,3.0,14,1.5,,12,14,50,False,trend_reclaim,36,3,0.0,58.85887915675522,26.125673713483444,36,0.0005,,,,,,,,,,,,,,,,,,,,,,,,,,,0.01,187,True,,,,,,,,,,,,,,,,,,,,,,,,,,,0.08,0.0005,20,1.0,0,6.0,-0.24653265830369558,0.5223376213750037,0.35221697494424764,-0.7688518214178688,0.09943118387692196,0.14285714285714285,1,1,351,-112.6035055006629,115,11
True,True,2.0,1.7,55,2.2,,30,50,300,True,trend_state_tp,12,4,0.012,66.20855567751413,39.77722248271227,48,0.0,,,,,,,,,,,,,,,,,,,,,,,,,,,0.015,18,False,,,,,,,,,,,,,,,,,,,,,,,,,,,0.05,0.003,150,0.0,0,23.321543887879244,-0.17659640590566547,0.5441806083765388,0.45250314999608315,-0.25089124914443206,0.35694314445520314,0.35555555555555557,0,0,352,-112.72168217744391,608,11
True,False,1.0,8.0,20,2.2,,16,30,50,True,trend_state_tp,8,2,0.018,67.5811216889628,43.46430991127499,18,0.0005,,,,,,,,,,,,,,,,,,,,,,,,,,,0.015,824,False,,,,,,,,,,,,,,,,,,,,,,,,,,,0.03,0.001,100,0.0,0,15.174005203965343,-0.20252959378844249,0.5676043863266331,0.25061285932380784,-1.0,0.0,0.0,2,2,353,-114.07991854274465,135,11
True,True,2.0,4.0,55,2.0,,10,80,200,False,range_bb_reversion,96,6,0.008,59.70460407162362,28.081048074808606,18,0.0025,,,,,,,,,,,,,,,,,,,,,,,,,,,0.01,709,False,,,,,,,,,,,,,,,,,,,,,,,,,,,0.2,0.002,10,0.75,0,12.020423106019209,-0.29180942453866643,0.6805435839938846,0.2892296058071459,-1.0,0.0,0.0,2,2,354,-114.77345095365767,129,11
True,False,1.0,6.0,40,2.0,,20,10,80,True,trend_state_tp,96,1,0.008,65.15350088061889,31.39551084493326,6,0.01,,,,,,,,,,,,,,,,,,,,,,,,,,,0.04,23,False,,,,,,,,,,,,,,,,,,,,,,,,,,,0.12,0.003,50,0.5,0,14.146692109845109,-0.24035812673107182,0.560428541205888,0.29675085326675116,-0.5352297914971434,0.08625011157601549,0.13636363636363635,2,2,355,-116.4301790399144,266,11
True,True,2.0,8.0,14,2.0,,40,8,200,False,range_bb_reversion,8,2,0.0025,74.12134777364562,31.876621346661658,12,0.0005,,,,,,,,,,,,,,,,,,,,,,,,,,,0.025,334,True,,,,,,,,,,,,,,,,,,,,,,,,,,,0.12,0.003,150,0.5,0,15.114178822559952,-0.2563496125264889,0.4814172478664812,0.38986600178624486,-0.5211785800882742,0.08445259757238976,0.14285714285714285,1,1,356,-117.81435822700477,184,11
False,True,1.0,6.0,30,1.8,,40,8,50,False,trend_bb_reversion,24,6,0.0025,60.19392687447839,31.64784980606481,48,0.005,,,,,,,,,,,,,,,,,,,,,,,,,,,0.025,844,False,,,,,,,,,,,,,,,,,,,,,,,,,,,0.2,0.0,10,0.25,0,14.0,-0.27435617024576364,0.6969495997348351,0.2387806637806638,-1.0,0.0,0.0,3,3,357,-117.86667456433696,117,11
False,True,1.5,12.0,55,2.5,,55,80,400,True,trend_state_tp,18,3,0.008,64.86203704589933,29.93896727164608,6,0.0005,,,,,,,,,,,,,,,,,,,,,,,,,,,0.01,472,False,,,,,,,,,,,,,,,,,,,,,,,,,,,0.12,0.0005,50,0.0,0,25.876553850935125,-0.22334026865578593,0.6633342451101816,0.2789630969418736,-1.0,0.0,0.0,2,2,358,-118.69022732126786,480,11
True,False,1.0,4.0,55,1.8,,10,30,300,False,channel_reclaim,18,6,0.012,71.07223188771106,33.96063869321913,3,0.0005,,,,,,,,,,,,,,,,,,,,,,,,,,,0.025,761,False,,,,,,,,,,,,,,,,,,,,,,,,,,,0.12,0.002,10,0.5,0,20.671289414048303,-0.20791130353186024,0.7116384395018528,0.2865919878211579,-0.4796311709397434,0.35177772865480006,0.2,2,1,359,-119.56561851602402,332,11
True,False,1.5,1.3,14,1.8,,10,50,80,False,range_bb_reversion,12,2,0.0,63.801041753837765,39.103355627651595,18,0.005,,,,,,,,,,,,,,,,,,,,,,,,,,,0.04,140,False,,,,,,,,,,,,,,,,,,,,,,,,,,,0.05,0.0005,75,0.75,0,18.127570058281457,-0.25360207170841853,0.4736204976362291,0.5002468572022603,-0.3979909154821501,0.283820712081174,0.4,0,0,360,-120.34906147564071,351,11
True,False,2.0,8.0,20,2.0,,40,14,80,False,trend_bb_reversion,8,6,0.018,76.05104104327867,41.825126345432665,24,0.001,,,,,,,,,,,,,,,,,,,,,,,,,,,0.01,479,True,,,,,,,,,,,,,,,,,,,,,,,,,,,1.0,0.002,20,0.5,0,10.098177748988265,-0.26543392897183354,0.33930225081676,0.4167588786684082,-0.4916925887246045,0.12579515080734616,0.23529411764705882,0,0,361,-121.02185868530641,309,11
True,False,1.0,1.3,55,2.2,,8,10,80,False,trend_reclaim,18,1,0.008,64.91764149309002,34.647773683591986,3,0.0,,,,,,,,,,,,,,,,,,,,,,,,,,,0.015,225,False,,,,,,,,,,,,,,,,,,,,,,,,,,,0.2,0.002,20,0.0,0,13.708728477388886,-0.26398067679945214,0.5897269507199657,0.4040543277385382,-0.6590068124328613,0.14511857966500136,0.21428571428571427,1,1,362,-121.99662696614546,144,11
True,False,2.0,1.3,14,2.5,,40,10,100,True,trend_state_tp,96,8,0.025,68.09703272947624,29.453981199877052,48,0.0,,,,,,,,,,,,,,,,,,,,,,,,,,,0.08,455,True,,,,,,,,,,,,,,,,,,,,,,,,,,,0.08,0.0,10,1.0,0,16.744423927058648,-0.2463167583598879,0.41430734341179515,0.45928987443319064,-0.40455304364518235,0.18185754480582086,0.3333333333333333,0,0,363,-122.5061282092473,446,11
True,True,3.0,1.3,40,2.2,,30,10,50,True,trend_state_tp,36,3,0.012,70.92892835530928,31.047360641283618,6,0.001,,,,,,,,,,,,,,,,,,,,,,,,,,,0.006,1029,False,,,,,,,,,,,,,,,,,,,,,,,,,,,0.2,0.0005,150,0.25,0,28.093508793392587,-0.1109446437167804,0.5217730402016582,0.4606446810587237,-0.17684113668126694,0.29964343753710276,0.41139240506329117,0,0,364,-122.65465245647812,1832,11
True,True,1.5,6.0,40,1.8,,30,20,100,True,trend_state_tp,36,1,0.012,61.90027590834991,30.36349345352466,6,0.001,,,,,,,,,,,,,,,,,,,,,,,,,,,0.025,95,False,,,,,,,,,,,,,,,,,,,,,,,,,,,0.04,0.0,50,0.25,0,38.1027563973004,0.012074097261841348,1.5271599281459727,0.3411240316638638,-0.3173185350884278,0.39457231374709,0.18666666666666668,3,2,365,-123.33879627448468,593,11
True,True,1.5,4.0,20,1.5,,20,50,80,False,trend_bb_reversion,8,6,0.0,62.51564070323649,41.81711658443321,3,0.0005,,,,,,,,,,,,,,,,,,,,,,,,,,,0.006,261,False,,,,,,,,,,,,,,,,,,,,,,,,,,,1.0,0.0005,75,0.5,0,15.679865064938404,-0.195198615503295,0.5894229638930001,0.3601861641907707,-0.4053811610533989,0.28243775173057567,0.23529411764705882,0,0,366,-123.46698238855011,444,11
True,False,1.5,12.0,55,2.5,,10,80,200,True,trend_state_tp,18,4,0.008,70.9345493369273,29.32878204743055,36,0.0,,,,,,,,,,,,,,,,,,,,,,,,,,,0.015,651,False,,,,,,,,,,,,,,,,,,,,,,,,,,,0.2,0.003,10,1.0,0,21.214430214805247,-0.17414881556263453,0.6207540840352347,0.3330544845539729,-0.38557498022967734,0.24416344347329255,0.22950819672131148,1,1,367,-123.49867284390047,719,11
True,False,1.5,3.0,40,1.8,,12,20,400,True,trend_state_tp,12,8,0.025,66.33238474043472,28.612989453299697,36,0.0,,,,,,,,,,,,,,,,,,,,,,,,,,,0.01,33,False,,,,,,,,,,,,,,,,,,,,,,,,,,,1.0,0.001,10,0.75,0,21.76266207044202,-0.2164213344780962,0.6290956563061301,0.346641804098241,-0.46997675330370925,0.34008763242813034,0.23809523809523808,2,1,368,-123.85099375248603,602,11
True,False,4.0,4.0,30,1.5,,16,50,100,False,range_bb_reversion,72,8,0.025,70.59760414012872,36.573007555512675,36,0.0,,,,,,,,,,,,,,,,,,,,,,,,,,,0.006,948,True,,,,,,,,,,,,,,,,,,,,,,,,,,,0.08,0.0005,50,0.0,0,7.294381765610352,-0.3246195517471407,0.466264782769866,0.46116106116106115,-0.742506052863963,0.07274535294473153,0.2,1,1,369,-125.88057371564761,121,11
True,False,1.5,2.2,80,2.0,,8,14,200,False,channel_reclaim,72,6,0.025,68.56207357685587,34.446606936096785,18,0.0025,,,,,,,,,,,,,,,,,,,,,,,,,,,0.01,885,False,,,,,,,,,,,,,,,,,,,,,,,,,,,0.05,0.0,50,0.5,0,16.45638272836686,-0.2902246654136648,0.636222649986184,0.3681098964831022,-0.5877279545845308,0.249110064256842,0.21428571428571427,2,2,370,-126.03839026686087,175,11
True,False,1.0,12.0,40,2.2,,10,30,200,False,channel_reclaim,96,2,0.018,64.03461319446527,33.83755743228178,12,0.001,,,,,,,,,,,,,,,,,,,,,,,,,,,0.015,249,False,,,,,,,,,,,,,,,,,,,,,,,,,,,1.0,0.0005,20,1.5,0,17.0,-0.16556561992347674,0.8676628330037868,0.12196708520237931,-1.0,0.0,0.0,4,4,371,-127.24193301678514,125,11
True,False,1.0,3.0,30,2.5,,8,20,50,False,channel_reclaim,96,3,0.0,73.30716338281897,34.513353334096045,24,0.01,,,,,,,,,,,,,,,,,,,,,,,,,,,0.006,650,False,,,,,,,,,,,,,,,,,,,,,,,,,,,0.12,0.001,150,1.0,0,12.649104181573163,-0.26090163881687994,0.6677762957862384,0.24643631886454853,-0.5749592809805982,0.3325302545327615,0.13636363636363635,2,2,372,-127.28206473326485,221,11
True,True,1.5,8.0,30,2.5,,12,30,200,True,trend_state_tp,96,4,0.018,70.15162484642298,27.693201353033352,6,0.0005,,,,,,,,,,,,,,,,,,,,,,,,,,,0.006,721,False,,,,,,,,,,,,,,,,,,,,,,,,,,,1.0,0.0005,10,0.0,0,30.56822007529931,-0.08564713647688448,0.8256435238886662,0.27956575728504557,-0.27837144628615995,0.4874692849915864,0.24107142857142858,2,2,373,-127.28384419740686,1096,11
True,False,1.5,12.0,30,2.5,,16,50,100,False,range_bb_reversion,18,1,0.0025,60.45591306177791,37.90273724978816,18,0.0,,,,,,,,,,,,,,,,,,,,,,,,,,,0.01,888,False,,,,,,,,,,,,,,,,,,,,,,,,,,,1.0,0.0005,50,1.0,0,9.496061554639885,-0.2932713491132147,0.6345321801983898,0.2442175248993431,-1.0,0.0,0.0,2,2,374,-128.26744657442265,100,11
True,False,1.0,1.3,20,2.5,,12,80,130,False,trend_bb_reversion,8,2,0.018,73.86304633815115,40.32520527945829,24,0.005,,,,,,,,,,,,,,,,,,,,,,,,,,,0.015,1112,False,,,,,,,,,,,,,,,,,,,,,,,,,,,0.12,0.003,10,0.75,0,13.254502569383959,-0.3052423161627778,0.5047795053841747,0.40586114588090877,-0.5657540215482947,0.21694506224067392,0.2777777777777778,1,1,375,-128.3196313227116,204,11
True,True,1.5,8.0,30,2.0,,55,14,100,True,trend_state_tp,8,1,0.012,63.0861481246418,26.30231308348066,6,0.0025,,,,,,,,,,,,,,,,,,,,,,,,,,,0.015,45,False,,,,,,,,,,,,,,,,,,,,,,,,,,,0.03,0.003,20,0.0,0,20.799925651084735,-0.2890897992979912,0.5074396896394778,0.25637389942202776,-1.0,0.0,0.0,2,2,376,-128.99834987340773,203,11
True,False,1.5,6.0,40,2.5,,55,30,100,True,trend_state_tp,18,8,0.018,61.29992980350552,22.491826745185907,18,0.0,,,,,,,,,,,,,,,,,,,,,,,,,,,0.04,980,False,,,,,,,,,,,,,,,,,,,,,,,,,,,0.12,0.0,150,0.25,0,24.329421225921013,-0.19689023281616602,0.6979213570104202,0.28682625438509995,-0.7271312841790777,0.05463360926325447,0.13333333333333333,2,2,377,-129.5800510823959,502,11
True,True,2.5,8.0,14,1.5,,20,50,100,False,range_bb_reversion,120,6,0.0,59.88525845938009,35.47567247042895,12,0.01,,,,,,,,,,,,,,,,,,,,,,,,,,,0.006,296,True,,,,,,,,,,,,,,,,,,,,,,,,,,,1.0,0.002,10,0.75,0,14.837907082670064,-0.30222599928207255,0.42148802429536913,0.4815074286694467,-0.43944371935949866,0.20864305558733276,0.41935483870967744,0,0,378,-130.48520297880577,300,11
True,True,1.0,1.7,80,1.8,,16,80,300,True,trend_state_tp,8,1,0.012,62.80064612599096,44.13811026927095,36,0.01,,,,,,,,,,,,,,,,,,,,,,,,,,,0.01,894,False,,,,,,,,,,,,,,,,,,,,,,,,,,,0.03,0.0,50,0.0,0,12.949057467070986,-0.28550286129241115,0.47771394701316283,0.30550375550375547,-0.9999999999999999,0.0,0.0,3,2,379,-131.08526109671885,139,11
True,False,1.5,1.7,20,2.2,,8,50,400,False,trend_reclaim,120,6,0.0,59.87822722811296,26.53314468488623,18,0.005,,,,,,,,,,,,,,,,,,,,,,,,,,,0.08,570,False,,,,,,,,,,,,,,,,,,,,,,,,,,,0.08,0.002,50,0.0,0,7.832109940448141,-0.34667567874512856,0.5126193857742357,0.3847942164787085,-1.0,0.0,0.0,1,1,380,-131.35878895666198,106,11
True,True,2.0,1.7,40,2.5,,30,50,200,False,trend_bb_reversion,12,3,0.008,76.03379266229123,35.15974597997937,48,0.001,,,,,,,,,,,,,,,,,,,,,,,,,,,0.08,608,False,,,,,,,,,,,,,,,,,,,,,,,,,,,0.04,0.002,30,0.0,0,11.455397441311746,-0.15243761942969086,1.1664644257524062,0.37269901815356365,-0.4817609782956667,0.0,0.0,1,1,381,-132.08610516300195,100,11
True,True,1.0,2.2,30,1.5,,55,80,130,False,trend_bb_reversion,72,2,0.005,62.43747983379409,43.22586848134282,12,0.0005,,,,,,,,,,,,,,,,,,,,,,,,,,,0.025,519,False,,,,,,,,,,,,,,,,,,,,,,,,,,,0.12,0.002,75,1.25,0,9.577790540751643,-0.32393294560307895,0.5989454997502512,0.29913434518697674,-0.7631041295731743,0.16168491876325974,0.08333333333333333,3,3,382,-132.64996627340219,159,11
True,True,1.0,3.0,80,1.8,,16,14,100,False,range_bb_reversion,8,2,0.008,68.49366554532625,38.82387915184441,36,0.01,,,,,,,,,,,,,,,,,,,,,,,,,,,0.08,1168,True,,,,,,,,,,,,,,,,,,,,,,,,,,,1.0,0.0,10,0.25,0,23.512626580682173,-0.20797093248318124,0.6512598403234722,0.3614084315660935,-0.44060184236253147,0.38568474073570136,0.2641509433962264,1,1,383,-132.80070716648976,593,11
True,False,1.5,1.7,40,2.5,,40,8,50,False,range_bb_reversion,36,6,0.0025,69.79578102225491,32.42896945786756,18,0.0,,,,,,,,,,,,,,,,,,,,,,,,,,,0.04,1024,True,,,,,,,,,,,,,,,,,,,,,,,,,,,0.12,0.003,10,0.0,0,11.59290711537361,-0.26797882905924014,0.6382351881924744,0.3313918701619236,-0.7245566947108506,0.1752648583022477,0.125,1,1,384,-133.08106118125272,157,11
True,False,1.5,8.0,14,2.5,,12,80,200,False,trend_bb_reversion,12,2,0.0025,64.06032968268468,39.62593800005614,12,0.005,,,,,,,,,,,,,,,,,,,,,,,,,,,0.01,674,False,,,,,,,,,,,,,,,,,,,,,,,,,,,0.08,0.003,150,0.0,0,11.294451134250648,-0.27350598270715,0.5697533604244904,0.32971286289468105,-0.8594152393068766,0.0,0.0,1,1,385,-133.12129622666185,142,11
True,False,2.0,1.3,20,2.2,,12,14,80,True,trend_state_tp,72,6,0.0,63.41478420204422,27.408988386908526,36,0.005,,,,,,,,,,,,,,,,,,,,,,,,,,,0.015,781,False,,,,,,,,,,,,,,,,,,,,,,,,,,,0.2,0.0,30,0.0,0,18.29048513563762,-0.24160184249815175,0.42223460251891115,0.44136766376229614,-0.45693604078526984,0.17946847515938927,0.25806451612903225,0,0,386,-133.19796904903635,559,11
True,False,1.0,3.0,30,2.0,,40,14,100,True,trend_state_tp,36,3,0.025,77.60672153464314,36.60011049643016,48,0.0,,,,,,,,,,,,,,,,,,,,,,,,,,,0.006,835,False,,,,,,,,,,,,,,,,,,,,,,,,,,,0.05,0.0,75,0.75,0,22.315940305961096,-0.22706819111485912,0.6360994401399108,0.31632577859850586,-0.6448934510096497,0.2050571838402926,0.09090909090909091,1,1,387,-133.63724031207013,302,11
True,False,1.0,4.0,20,1.8,,55,20,300,True,trend_state_tp,72,3,0.0025,67.77266362251922,39.50833529584324,24,0.0005,,,,,,,,,,,,,,,,,,,,,,,,,,,0.01,314,False,,,,,,,,,,,,,,,,,,,,,,,,,,,0.12,0.0005,50,1.5,0,24.06543532729616,-0.24189917821054818,0.6141931958395005,0.31104577676753553,-0.5911333062018789,0.14625267961583077,0.15,3,2,388,-134.13977831878023,443,11
True,False,1.5,6.0,20,1.5,,8,20,150,True,trend_state_tp,120,3,0.018,62.16064147227432,22.616806154647048,18,0.001,,,,,,,,,,,,,,,,,,,,,,,,,,,0.015,81,True,,,,,,,,,,,,,,,,,,,,,,,,,,,0.2,0.002,100,0.0,0,19.43875866798197,-0.16931959746042213,0.684304312310489,0.23932890363465195,-0.5297982012562712,0.20755094097936955,0.1388888888888889,1,1,389,-135.00496529513313,645,11
True,True,1.0,3.0,14,2.2,,20,80,300,False,trend_reclaim,120,1,0.005,58.11276633557237,40.81020566922297,3,0.0005,,,,,,,,,,,,,,,,,,,,,,,,,,,0.08,986,True,,,,,,,,,,,,,,,,,,,,,,,,,,,1.0,0.002,20,0.5,0,10.067789353364988,-0.3931034952783277,0.5775480419333096,0.22744599816211067,-1.0,0.0,0.0,3,3,390,-135.56059033648967,120,11
True,False,1.0,3.0,30,2.2,,10,20,80,True,trend_state_tp,96,8,0.0025,69.22582319379336,41.390383023725256,18,0.0025,,,,,,,,,,,,,,,,,,,,,,,,,,,0.04,1082,False,,,,,,,,,,,,,,,,,,,,,,,,,,,0.08,0.003,75,0.75,0,25.52357512055213,-0.21168259828499433,0.6835487793924747,0.31842904336181116,-0.603440130814249,0.20467303746047688,0.17647058823529413,3,3,391,-135.88688811468222,471,11
True,False,1.0,12.0,20,2.0,,8,10,200,False,range_bb_reversion,24,6,0.0025,73.46306259621623,38.699880144090486,36,0.0025,,,,,,,,,,,,,,,,,,,,,,,,,,,0.04,291,False,,,,,,,,,,,,,,,,,,,,,,,,,,,0.2,0.0005,150,1.5,0,12.677253502023085,-0.2685706269776781,0.871700291568425,0.2334559472121707,-1.0,0.0,0.0,3,3,392,-136.30500031461577,145,11
True,False,1.0,12.0,30,2.2,,40,50,80,True,trend_state_tp,12,1,0.005,73.68502161308314,43.61283095392415,48,0.005,,,,,,,,,,,,,,,,,,,,,,,,,,,0.015,466,False,,,,,,,,,,,,,,,,,,,,,,,,,,,0.12,0.0005,10,1.5,0,20.82079263857378,-0.20158844017370392,0.6324563886849686,0.32766160926981086,-0.5276737352740527,0.16350937320832712,0.125,1,1,393,-136.45355252775363,539,11
True,False,1.0,4.0,40,2.2,,20,80,400,False,trend_bb_reversion,24,6,0.0025,75.14942295948032,27.17682548642856,24,0.0025,,,,,,,,,,,,,,,,,,,,,,,,,,,0.01,410,False,,,,,,,,,,,,,,,,,,,,,,,,,,,0.2,0.001,100,0.0,0,11.043600684756456,-0.3412650854008825,0.6235756889659083,0.21885059385059383,-1.0,0.0,0.0,3,3,394,-136.59200634827693,150,11
True,True,1.0,3.0,40,1.8,,55,20,400,False,trend_reclaim,36,8,0.0,60.66035906059472,39.70948550114336,24,0.0,,,,,,,,,,,,,,,,,,,,,,,,,,,0.015,378,False,,,,,,,,,,,,,,,,,,,,,,,,,,,1.0,0.003,30,1.0,0,24.677472839935177,-0.22171628824135603,0.7466311644097824,0.2845685900121384,-0.747802207270763,0.1647611716031004,0.09090909090909091,2,2,395,-137.2754173685086,355,11
True,False,1.5,1.7,40,2.5,,10,10,300,True,trend_state_tp,72,8,0.025,76.3124769270298,25.949029086945266,36,0.0005,,,,,,,,,,,,,,,,,,,,,,,,,,,0.006,549,False,,,,,,,,,,,,,,,,,,,,,,,,,,,0.08,0.003,50,1.0,0,22.159921085074938,-0.2760690687269158,0.5349714601375753,0.40090040815676903,-0.5036345701153396,0.20450873863040583,0.22727272727272727,1,1,396,-137.70359467388764,381,11
True,False,1.0,3.0,40,1.8,,20,8,80,False,trend_reclaim,36,2,0.0,67.44281850737072,23.175756173565514,3,0.0005,,,,,,,,,,,,,,,,,,,,,,,,,,,0.025,561,False,,,,,,,,,,,,,,,,,,,,,,,,,,,1.0,0.003,30,1.25,0,11.0,-0.274057670487702,0.6484991481630795,0.2425636986149229,-0.6340160108537575,0.26551497771491,0.13333333333333333,2,2,397,-137.7724720755746,150,11
False,True,1.5,1.7,80,1.8,,12,20,150,True,trend_state_tp,72,1,0.0025,73.16856416655624,29.109360273661782,18,0.0025,,,,,,,,,,,,,,,,,,,,,,,,,,,0.01,185,False,,,,,,,,,,,,,,,,,,,,,,,,,,,0.2,0.001,30,1.25,0,19.66956012646586,-0.1918050019858238,0.4743059107946475,0.3341566912501972,-0.31221524010263263,0.22903035204407365,0.2222222222222222,0,0,398,-140.6633368605434,690,11
True,True,1.5,4.0,40,1.5,,12,14,80,False,trend_reclaim,120,6,0.005,77.49952136842177,36.16952056378385,24,0.01,,,,,,,,,,,,,,,,,,,,,,,,,,,0.015,495,False,,,,,,,,,,,,,,,,,,,,,,,,,,,0.2,0.0005,75,0.75,0,20.633867248398634,-0.2683837190321619,0.7550924253798673,0.23774641095215257,-1.0,0.0,0.0,3,3,399,-142.70666535546377,185,11
True,False,1.5,12.0,20,1.5,,16,14,80,True,trend_state_tp,18,4,0.0025,75.02980329274078,26.23712378411734,36,0.0005,,,,,,,,,,,,,,,,,,,,,,,,,,,0.01,1146,False,,,,,,,,,,,,,,,,,,,,,,,,,,,0.2,0.003,30,1.0,0,25.31164399812566,-0.1796408553103881,0.6568786603947089,0.3211372918699474,-0.4246341757884176,0.2439636089281466,0.22807017543859648,1,1,400,-143.89772698144245,662,11
True,False,1.5,1.3,20,2.0,,40,8,200,False,trend_bb_reversion,72,6,0.018,72.62433400265597,23.96947272998369,48,0.005,,,,,,,,,,,,,,,,,,,,,,,,,,,0.04,96,True,,,,,,,,,,,,,,,,,,,,,,,,,,,0.2,0.003,20,0.25,0,9.491592736493967,-0.3009671316288007,0.5513278510997193,0.40664716073923235,-0.5531168666254044,0.2606421672836945,0.25,1,1,401,-144.37817192699626,133,11
True,True,1.0,1.3,20,1.5,,20,10,400,False,trend_bb_reversion,36,2,0.018,64.17161149765381,35.37781367003224,6,0.001,,,,,,,,,,,,,,,,,,,,,,,,,,,0.006,962,False,,,,,,,,,,,,,,,,,,,,,,,,,,,0.05,0.0005,150,0.75,0,12.575364136836937,-0.3051118297323737,0.49504648939730167,0.4414594177752073,-0.6769956074948376,0.15007587914203377,0.2,0,0,402,-144.6179542011782,146,11
True,True,2.0,12.0,40,2.5,,12,20,80,False,range_bb_reversion,48,2,0.018,68.34696113361896,26.31354873567807,6,0.0025,,,,,,,,,,,,,,,,,,,,,,,,,,,0.015,1092,False,,,,,,,,,,,,,,,,,,,,,,,,,,,0.2,0.0005,150,0.75,0,11.885216078060493,-0.2843233473973647,0.636789966611091,0.2679920001628466,-1.0,0.0,0.0,1,1,403,-144.88147496769372,164,11
True,True,1.0,3.0,14,2.5,,20,80,400,False,channel_reclaim,120,4,0.005,73.32236749828117,36.47917598378745,12,0.001,,,,,,,,,,,,,,,,,,,,,,,,,,,0.01,244,False,,,,,,,,,,,,,,,,,,,,,,,,,,,0.04,0.0005,75,0.0,0,26.174080349290577,-0.1367857615249833,0.905618733218311,0.2939114991900916,-0.674023945034583,0.0,0.0,3,3,404,-145.4669198871885,221,11
True,False,1.5,8.0,55,2.0,,16,30,50,True,trend_state_tp,36,2,0.008,68.44523244778568,22.123758803082588,48,0.005,,,,,,,,,,,,,,,,,,,,,,,,,,,0.04,520,True,,,,,,,,,,,,,,,,,,,,,,,,,,,0.08,0.002,30,1.0,0,27.25432788919136,-0.19737998235383317,0.5926950407078976,0.28742481275408155,-0.42584887326861487,0.18151469226826486,0.16326530612244897,2,2,405,-146.1141561111366,574,11
True,True,2.5,2.2,20,1.8,,8,20,300,True,trend_state_tp,24,2,0.0025,68.86764892894082,44.50355564980549,48,0.005,,,,,,,,,,,,,,,,,,,,,,,,,,,0.025,546,False,,,,,,,,,,,,,,,,,,,,,,,,,,,0.2,0.002,10,0.5,0,28.437569916610638,-0.11337073843548105,0.6010007377795045,0.3369398229810562,-0.21834412491303318,0.31846958974551093,0.25384615384615383,0,0,406,-146.53721004171888,1478,11
True,False,2.0,1.7,40,2.2,,12,30,300,True,trend_state_tp,48,1,0.012,70.66471996616293,40.126985257948526,48,0.001,,,,,,,,,,,,,,,,,,,,,,,,,,,0.006,849,True,,,,,,,,,,,,,,,,,,,,,,,,,,,0.08,0.001,75,0.75,0,21.416794608551424,-0.1922155879390342,0.4104853059816538,0.33087791413849904,-0.336319406604782,0.15248072146264097,0.20689655172413793,0,0,407,-147.7438061967232,645,11
True,False,2.0,3.0,14,1.5,,10,8,150,True,trend_state_tp,72,3,0.025,70.36486979723576,29.136742770669784,24,0.0,,,,,,,,,,,,,,,,,,,,,,,,,,,0.025,1090,True,,,,,,,,,,,,,,,,,,,,,,,,,,,0.08,0.0,10,0.25,0,22.390555632220977,-0.18809308683285045,0.5236557630147526,0.267918841640814,-0.3911328161639391,0.20954803378692616,0.13953488372093023,2,2,408,-148.18278401724726,717,11
True,False,1.5,8.0,55,1.8,,16,80,400,False,channel_reclaim,8,2,0.0,70.01002686539152,35.52408276433599,12,0.001,,,,,,,,,,,,,,,,,,,,,,,,,,,0.015,300,False,,,,,,,,,,,,,,,,,,,,,,,,,,,0.2,0.002,50,0.5,0,18.61927833603015,-0.27304840711678363,0.5199430151267358,0.35613016735096453,-0.7031935156326268,0.07894294780888167,0.2,0,0,409,-148.41223208196024,365,11
True,False,1.0,1.3,80,1.5,,40,30,150,False,channel_reclaim,72,4,0.008,70.75516039834037,41.97925308001957,24,0.001,,,,,,,,,,,,,,,,,,,,,,,,,,,0.006,765,False,,,,,,,,,,,,,,,,,,,,,,,,,,,0.2,0.0,20,1.0,0,9.260973424022174,-0.34530150416370387,0.5300162258198614,0.3821789321789322,-0.7872629960328462,0.1152523830357973,0.1111111111111111,1,1,410,-148.96412191923403,117,11
True,False,2.0,4.0,14,1.5,,16,14,80,False,range_bb_reversion,12,2,0.0,65.49902080729619,33.37491656796086,3,0.01,,,,,,,,,,,,,,,,,,,,,,,,,,,0.08,42,True,,,,,,,,,,,,,,,,,,,,,,,,,,,0.04,0.001,50,0.75,0,14.172454462934999,-0.40948208778192724,0.32299977183358614,0.30709052156420574,-1.0000000000000002,0.0,0.0,1,1,411,-149.45789737641832,220,11
True,True,2.0,12.0,20,1.8,,10,30,80,False,range_bb_reversion,120,6,0.0,69.35928499432833,34.49025225097284,36,0.01,,,,,,,,,,,,,,,,,,,,,,,,,,,0.01,582,False,,,,,,,,,,,,,,,,,,,,,,,,,,,0.12,0.001,10,0.0,0,19.10072433399929,-0.24611175915715575,0.6532825010228672,0.2968628593628594,-0.6179820460650851,0.2323701723734847,0.1875,0,0,412,-151.0167403138434,305,11
True,False,1.5,6.0,14,2.5,,30,20,200,True,trend_state_tp,120,1,0.008,75.08093644869255,28.097023756400056,12,0.0005,,,,,,,,,,,,,,,,,,,,,,,,,,,0.006,40,False,,,,,,,,,,,,,,,,,,,,,,,,,,,0.12,0.0,30,1.0,0,27.52311966273628,-0.18001295189095565,0.6008691452515477,0.29855261555765567,-0.44127029121125655,0.170189980045963,0.16666666666666666,1,1,413,-151.64164657629374,792,11
True,True,2.5,4.0,55,2.2,,16,20,80,False,trend_bb_reversion,12,8,0.0,65.71180493257555,43.98858597786669,18,0.0005,,,,,,,,,,,,,,,,,,,,,,,,,,,0.04,401,True,,,,,,,,,,,,,,,,,,,,,,,,,,,0.2,0.001,10,0.5,0,9.743039957880983,-0.3275370577832368,0.4318542530738807,0.3542437360619179,-0.5483927724892598,0.13051854642215052,0.2,1,1,414,-152.62272714598686,129,11
True,True,1.5,2.2,30,2.0,,55,50,200,False,range_bb_reversion,24,4,0.025,70.80910666839729,42.394772336383525,24,0.001,,,,,,,,,,,,,,,,,,,,,,,,,,,0.01,1043,False,,,,,,,,,,,,,,,,,,,,,,,,,,,0.2,0.0005,50,0.75,0,8.229292332352362,-0.3485283437405948,0.46951667727610596,0.3398798405834713,-0.5878065951680258,0.18474835534689393,0.2,1,1,415,-152.7606766887716,150,11
True,True,2.5,1.3,14,1.5,,12,30,80,False,channel_reclaim,96,8,0.012,76.79186570269825,28.727029306800425,18,0.0,,,,,,,,,,,,,,,,,,,,,,,,,,,0.025,1131,True,,,,,,,,,,,,,,,,,,,,,,,,,,,0.05,0.002,150,0.25,0,23.73827547632133,-0.306592682448856,0.3685691933707394,0.45362187946729904,-0.7953284364810003,0.045978436945064635,0.16666666666666666,1,1,416,-153.07390760373175,415,11
True,False,2.0,1.7,40,2.0,,16,14,80,False,trend_bb_reversion,8,1,0.018,74.61645263800243,35.422262172757996,36,0.0005,,,,,,,,,,,,,,,,,,,,,,,,,,,0.01,997,False,,,,,,,,,,,,,,,,,,,,,,,,,,,1.0,0.0,10,0.75,0,6.7687141537277755,-0.3015619824656421,0.3704934901923579,0.3335629017447199,-0.6042137658831382,0.05253099188617046,0.09090909090909091,0,0,417,-153.6011278105684,116,11
True,False,1.0,1.7,40,2.0,,55,30,50,True,trend_state_tp,72,1,0.0,65.5118316745768,28.290226046950057,48,0.0005,,,,,,,,,,,,,,,,,,,,,,,,,,,0.015,142,True,,,,,,,,,,,,,,,,,,,,,,,,,,,0.05,0.0005,150,1.5,0,17.25470129566211,-0.23644844054043726,0.48807039629370086,0.3058009246410666,-0.501915162921954,0.0,0.0,1,1,418,-155.01742670757469,190,11
True,False,1.0,8.0,30,2.5,,16,80,300,True,trend_state_tp,24,1,0.025,74.61392715377896,39.70343803468018,36,0.0025,,,,,,,,,,,,,,,,,,,,,,,,,,,0.04,572,False,,,,,,,,,,,,,,,,,,,,,,,,,,,0.12,0.001,30,1.5,0,25.279403553521796,-0.24620773201594545,0.5737595150318092,0.29167522141470714,-0.6422131691665679,0.12625383219606104,0.14,2,1,419,-156.46432584404022,479,11
True,False,1.0,1.7,55,2.2,,10,80,130,False,channel_reclaim,72,6,0.012,73.6869326638256,33.89374053428227,18,0.005,,,,,,,,,,,,,,,,,,,,,,,,,,,0.015,904,False,,,,,,,,,,,,,,,,,,,,,,,,,,,0.12,0.001,100,0.75,0,11.87286631290941,-0.31841903497756296,0.5269602223393761,0.333625473550266,-0.5631049926457725,0.26211222375624543,0.23529411764705882,0,0,420,-156.68598186961185,242,11
True,True,2.5,6.0,14,2.5,,40,80,100,False,range_bb_reversion,18,8,0.012,58.88028842076677,25.289949071766237,6,0.0025,,,,,,,,,,,,,,,,,,,,,,,,,,,0.025,372,True,,,,,,,,,,,,,,,,,,,,,,,,,,,0.08,0.0,20,1.5,0,11.17181516156051,-0.3474569046853089,0.400800242243054,0.39027012732546323,-0.6860579579476259,0.09138533380892079,0.21428571428571427,0,0,421,-156.7363401037819,242,11
True,False,1.0,8.0,40,2.5,,12,50,100,True,trend_state_tp,12,6,0.005,75.14871110603782,22.51829681745819,18,0.0025,,,,,,,,,,,,,,,,,,,,,,,,,,,0.006,539,False,,,,,,,,,,,,,,,,,,,,,,,,,,,0.05,0.0,10,1.5,0,19.078129004317383,-0.2741304906990983,0.6210416920534862,0.27864358118192906,-1.0,0.0,0.0,2,1,422,-157.5618154316586,180,11
True,True,1.0,3.0,30,2.5,,30,20,150,False,channel_reclaim,8,2,0.012,71.2842749791546,35.81015763014611,24,0.0,,,,,,,,,,,,,,,,,,,,,,,,,,,0.01,112,False,,,,,,,,,,,,,,,,,,,,,,,,,,,0.08,0.002,50,0.0,0,23.710650973903157,-0.23979637833125783,0.5910370500686867,0.35351200604327304,-0.5180950294334866,0.20773560022748833,0.2708333333333333,0,0,423,-157.72732181975684,474,11
False,True,1.0,1.3,40,1.8,,20,20,300,False,channel_reclaim,14,8,0.018,72.5826391047724,37.23896467496215,36,0.0025,,,,,,,,,,,,,,,,,,,,,,,,,,,0.025,329,False,,,,,,,,,,,,,,,,,,,,,,,,,,,0.2,0.0,10,1.25,0,9.263064184566,-0.4207584223237029,0.42633321661650747,0.3581709956709957,-1.0,0.0,0.0,1,1,424,-157.7842981287026,157,11
True,False,1.5,1.7,80,1.8,,30,20,400,True,trend_state_tp,36,8,0.0,76.91035157536595,34.554790227752285,12,0.0,,,,,,,,,,,,,,,,,,,,,,,,,,,0.08,181,False,,,,,,,,,,,,,,,,,,,,,,,,,,,0.08,0.003,20,0.75,0,22.337071542366512,-0.28967730806455183,0.4857622058127523,0.4000080488582847,-0.4915158425243584,0.2924996922979646,0.25,1,0,425,-158.93813388250035,482,11
True,False,2.0,3.0,40,1.8,,16,8,80,True,trend_state_tp,48,3,0.025,68.69668648310407,23.476830907314987,12,0.0005,,,,,,,,,,,,,,,,,,,,,,,,,,,0.015,551,False,,,,,,,,,,,,,,,,,,,,,,,,,,,0.12,0.003,100,0.25,0,20.98527927173151,-0.17463934021306607,0.5418627688467873,0.2843268690057302,-0.35245518892677286,0.29813070206760806,0.17543859649122806,0,0,426,-159.0860017363364,877,11
True,True,1.5,1.7,30,1.5,,30,30,100,False,channel_reclaim,36,6,0.0,69.35579508748735,25.202506527056247,36,0.001,,,,,,,,,,,,,,,,,,,,,,,,,,,0.025,860,False,,,,,,,,,,,,,,,,,,,,,,,,,,,0.12,0.002,20,0.5,0,18.2286980196915,-0.30996123242259777,0.4724346376214724,0.411521458896215,-0.5568474518452002,0.26617069640845387,0.2413793103448276,0,0,427,-161.69812577071093,406,11
True,True,2.0,3.0,30,1.5,,20,30,200,False,range_bb_reversion,72,3,0.008,72.64457382767243,42.125473969171225,48,0.0005,,,,,,,,,,,,,,,,,,,,,,,,,,,0.08,1025,False,,,,,,,,,,,,,,,,,,,,,,,,,,,0.05,0.0005,30,0.0,0,19.897546269698232,-0.2923480000637198,0.5746883159605511,0.36605820398288974,-0.8358629647926453,0.09689936768963327,0.07692307692307693,0,0,428,-161.95057459566465,429,11
True,False,3.0,6.0,20,1.8,,30,30,200,False,range_bb_reversion,36,2,0.0025,75.17600833227563,27.281676303853494,36,0.01,,,,,,,,,,,,,,,,,,,,,,,,,,,0.08,943,False,,,,,,,,,,,,,,,,,,,,,,,,,,,0.04,0.003,10,0.5,0,10.079038764917186,-0.3599783292158098,0.42756821099233416,0.2559580770107086,-1.0000000000000002,0.0,0.0,0,0,429,-163.49395315672078,110,11
True,True,1.5,8.0,14,2.0,,40,8,200,False,range_bb_reversion,18,6,0.025,64.48398562224969,36.49818672974802,18,0.0025,,,,,,,,,,,,,,,,,,,,,,,,,,,0.01,949,False,,,,,,,,,,,,,,,,,,,,,,,,,,,0.2,0.0005,100,0.0,0,11.419740875490701,-0.3485062263562247,0.707777221578086,0.28288905093717925,-1.0,0.0,0.0,1,1,430,-163.761595013177,131,11
True,False,1.5,1.7,30,2.2,,16,8,150,True,trend_state_tp,72,3,0.0,66.82792267724717,33.522063302169656,18,0.0025,,,,,,,,,,,,,,,,,,,,,,,,,,,0.006,7,False,,,,,,,,,,,,,,,,,,,,,,,,,,,0.12,0.0005,30,0.25,0,24.399688177979773,-0.21854877567768052,0.5206616642527152,0.35052931482519484,-0.3949240037607917,0.3118095281955129,0.2857142857142857,0,0,431,-164.453690659908,750,11
True,False,1.0,6.0,20,1.8,,30,10,200,True,trend_state_tp,8,1,0.012,62.686761781377434,26.402763375446163,12,0.005,,,,,,,,,,,,,,,,,,,,,,,,,,,0.025,489,False,,,,,,,,,,,,,,,,,,,,,,,,,,,0.2,0.002,20,1.0,0,25.59960117560904,-0.23384448731434684,0.5929582986476905,0.27156081272956234,-0.711842150227512,0.05057576673548621,0.05,1,1,432,-168.27796564804274,595,11
True,True,1.5,3.0,40,1.8,,20,10,300,False,channel_reclaim,72,3,0.005,72.22290839785764,23.695761709894263,18,0.0005,,,,,,,,,,,,,,,,,,,,,,,,,,,0.08,1151,True,,,,,,,,,,,,,,,,,,,,,,,,,,,0.12,0.003,50,1.5,0,12.603334092235581,-0.35314939928648637,0.47539368253088377,0.3321766507537258,-0.6319613473285087,0.20732509595795032,0.18181818181818182,0,0,433,-168.53480754924703,195,11
True,False,1.0,1.7,40,2.5,,16,30,400,False,channel_reclaim,36,3,0.012,71.71880592106606,25.6579650652144,48,0.01,,,,,,,,,,,,,,,,,,,,,,,,,,,0.006,24,False,,,,,,,,,,,,,,,,,,,,,,,,,,,0.05,0.003,150,0.0,0,18.471212052131143,-0.33902515608233164,0.6406534690965814,0.34223333410499185,-0.8210088125884737,0.09591150828245663,0.09090909090909091,1,1,434,-169.9536685772958,137,11
True,False,1.0,6.0,80,1.8,,16,8,100,True,trend_state_tp,96,6,0.0,76.90441888923213,41.69174312130181,36,0.0025,,,,,,,,,,,,,,,,,,,,,,,,,,,0.01,891,True,,,,,,,,,,,,,,,,,,,,,,,,,,,0.08,0.002,75,0.25,0,31.14943764694305,-0.2422850803628744,0.6322217658917931,0.2675965151933336,-0.6418431716143533,0.1586624983932215,0.125,3,3,435,-170.74628283194085,543,11
True,False,1.0,6.0,30,1.8,,10,14,200,True,trend_state_tp,72,3,0.0,62.015620610356805,34.0980494836738,48,0.0025,,,,,,,,,,,,,,,,,,,,,,,,,,,0.08,756,False,,,,,,,,,,,,,,,,,,,,,,,,,,,0.08,0.0005,50,0.25,0,30.736156662952155,-0.20408160441180875,0.6909488213882266,0.22751277853965862,-0.6317262631556441,0.17264699914143122,0.06060606060606061,2,2,436,-172.05755239658905,551,11
True,True,1.5,6.0,80,2.2,,40,30,200,False,range_bb_reversion,18,1,0.025,69.43696771124925,24.333458562297594,6,0.005,,,,,,,,,,,,,,,,,,,,,,,,,,,0.08,379,False,,,,,,,,,,,,,,,,,,,,,,,,,,,0.12,0.002,75,0.0,0,16.7202166426482,-0.3140226022256355,0.5251930341440721,0.2806802740270482,-0.5573405547549402,0.23889236286941154,0.2,0,0,437,-173.91191501120076,286,11
True,False,1.0,6.0,40,2.0,,40,80,200,True,trend_state_tp,24,1,0.0025,70.06561382043994,32.59840129303926,3,0.0005,,,,,,,,,,,,,,,,,,,,,,,,,,,0.006,725,False,,,,,,,,,,,,,,,,,,,,,,,,,,,0.12,0.0,30,0.25,0,25.102560556700645,-0.2371248916573549,0.6414095008770135,0.2223442014681708,-0.5211402425316481,0.3167213856855946,0.1111111111111111,2,1,438,-174.81239960222683,562,11
True,True,1.5,6.0,20,1.5,,10,20,80,False,range_bb_reversion,12,6,0.012,62.729597727695804,27.366371496842678,24,0.01,,,,,,,,,,,,,,,,,,,,,,,,,,,0.006,853,False,,,,,,,,,,,,,,,,,,,,,,,,,,,0.2,0.0,20,1.25,0,12.96213121071351,-0.34411795004374307,0.4347711556930465,0.2997677159441865,-0.5208375267180563,0.21249756639726716,0.14285714285714285,0,0,439,-175.94335441883175,182,11
True,False,1.0,1.7,55,1.8,,40,80,100,False,trend_bb_reversion,18,1,0.005,75.13428839111752,30.284642989773634,36,0.0,,,,,,,,,,,,,,,,,,,,,,,,,,,0.08,337,False,,,,,,,,,,,,,,,,,,,,,,,,,,,0.2,0.0,10,0.5,0,12.0,-0.3745841711609188,0.5325670628514403,0.3132026009453535,-1.0,0.0,0.0,1,1,440,-177.09149219757745,152,11
True,False,1.0,6.0,14,2.0,,10,14,200,False,channel_reclaim,18,4,0.0025,74.47546043761864,38.43471209459965,48,0.005,,,,,,,,,,,,,,,,,,,,,,,,,,,0.025,283,False,,,,,,,,,,,,,,,,,,,,,,,,,,,0.12,0.0005,30,0.5,0,31.791228695313386,-0.25821448851379053,0.6798467257707755,0.259251810615707,-0.6568844151134555,0.21656341029503076,0.13043478260869565,2,1,441,-180.23890322009794,428,11
True,False,1.0,2.2,30,2.5,,16,20,300,False,channel_reclaim,8,3,0.0,75.39705261714717,25.518817021510678,24,0.0,,,,,,,,,,,,,,,,,,,,,,,,,,,0.08,266,False,,,,,,,,,,,,,,,,,,,,,,,,,,,0.08,0.001,20,1.5,0,10.303731774671569,-0.37814787103439984,0.45851538965042615,0.3234126984126984,-1.0,0.0,0.0,1,1,442,-180.65595307269854,104,11
True,True,1.0,1.7,30,2.2,,16,8,200,False,channel_reclaim,48,4,0.018,59.00208858449714,23.87338128799201,36,0.0025,,,,,,,,,,,,,,,,,,,,,,,,,,,0.01,922,False,,,,,,,,,,,,,,,,,,,,,,,,,,,0.05,0.0005,20,0.5,0,28.485308516693784,-0.3275035939981166,0.546317384260316,0.36282774318884514,-0.5726633516142664,0.23950150954230723,0.23333333333333334,2,2,443,-182.4569073675064,378,11
True,False,1.0,6.0,55,2.2,,20,8,400,False,channel_reclaim,120,1,0.0,71.5291233535884,35.31639519453264,36,0.005,,,,,,,,,,,,,,,,,,,,,,,,,,,0.025,490,False,,,,,,,,,,,,,,,,,,,,,,,,,,,1.0,0.0,75,0.25,0,25.085878114717783,-0.26798045854236746,0.7024899784475239,0.15611417822308654,-0.8880497075742672,0.02415015258222622,0.05714285714285714,3,3,444,-183.01272846253164,308,11
True,False,1.0,3.0,40,2.5,,10,14,80,False,channel_reclaim,48,2,0.0025,62.20941891183438,35.7310600335703,48,0.0,,,,,,,,,,,,,,,,,,,,,,,,,,,0.01,370,False,,,,,,,,,,,,,,,,,,,,,,,,,,,0.2,0.0,10,0.0,0,23.426215905644497,-0.26813840077713036,0.6500460963778045,0.250342264944774,-0.684086055311133,0.21610096360856212,0.12121212121212122,1,0,445,-184.26318020490572,521,11
True,True,1.5,2.2,20,2.0,,20,20,300,True,trend_state_tp,8,6,0.0025,66.09071312005727,24.751743747778956,18,0.0005,,,,,,,,,,,,,,,,,,,,,,,,,,,0.08,1011,False,,,,,,,,,,,,,,,,,,,,,,,,,,,0.08,0.002,100,0.25,0,35.92802575351264,-0.19634347181534617,0.5709441325399749,0.3933092271732805,-0.3340920117963949,0.3211117326927519,0.29906542056074764,0,0,446,-187.6199048360965,1005,11
True,False,1.0,3.0,20,2.5,,8,8,150,True,trend_state_tp,18,4,0.005,59.836828753656384,25.212720171300916,36,0.01,,,,,,,,,,,,,,,,,,,,,,,,,,,0.006,800,False,,,,,,,,,,,,,,,,,,,,,,,,,,,0.08,0.0,10,0.5,0,26.248460393470875,-0.27742592535020316,0.5629837387866263,0.29285592853016634,-0.5851310853349905,0.199648092296771,0.12903225806451613,1,1,447,-187.92041704906921,527,11
True,True,1.0,2.2,55,2.0,,8,8,200,False,trend_bb_reversion,8,3,0.018,60.10610275224199,29.68811471278025,36,0.0,,,,,,,,,,,,,,,,,,,,,,,,,,,0.015,609,True,,,,,,,,,,,,,,,,,,,,,,,,,,,0.12,0.003,75,0.0,0,12.832546403859963,-0.37980791979069023,0.41943095151564996,0.29890428347647596,-0.6274449824849976,0.09414711144124595,0.17647058823529413,0,0,448,-187.98355415688837,220,11
True,False,1.0,12.0,40,1.8,,16,80,130,True,trend_state_tp,18,3,0.012,72.59138397468443,32.03188182922715,12,0.005,,,,,,,,,,,,,,,,,,,,,,,,,,,0.025,245,True,,,,,,,,,,,,,,,,,,,,,,,,,,,0.2,0.002,150,0.75,0,27.15486408983345,-0.2292569108481718,0.6050898560672541,0.28060910788481075,-0.44390793990962674,0.2480544481024963,0.17307692307692307,0,0,449,-188.44711948782947,608,11
True,False,1.0,3.0,80,2.5,,30,20,200,False,trend_reclaim,96,8,0.0,65.92353533284653,30.33182892949621,6,0.001,,,,,,,,,,,,,,,,,,,,,,,,,,,0.025,654,False,,,,,,,,,,,,,,,,,,,,,,,,,,,0.08,0.001,10,0.0,0,15.165014514024957,-0.35105537077019194,0.562115033540837,0.23169022158730793,-1.0,0.0,0.0,0,0,450,-189.48984588917378,234,11
True,False,2.0,8.0,80,1.5,,30,10,400,False,range_bb_reversion,36,6,0.025,60.83967635951638,38.61402305049592,3,0.0005,,,,,,,,,,,,,,,,,,,,,,,,,,,0.04,13,True,,,,,,,,,,,,,,,,,,,,,,,,,,,0.08,0.001,75,1.0,0,8.921325510612197,-0.40262269954806534,0.412917661362164,0.2969032429558745,-0.6987264773750987,0.12520789731301898,0.1111111111111111,1,1,451,-189.9743414827427,109,11
True,False,1.0,4.0,14,2.2,,12,50,100,True,trend_state_tp,8,6,0.025,66.52511050910299,37.37470569885532,36,0.0005,,,,,,,,,,,,,,,,,,,,,,,,,,,0.015,491,True,,,,,,,,,,,,,,,,,,,,,,,,,,,0.05,0.0,20,1.5,0,21.212622737700556,-0.3138895474510337,0.572007398222249,0.2474205618942461,-1.0,0.0,0.0,1,1,452,-191.92269235702648,205,11
True,False,1.0,3.0,30,1.5,,40,30,400,True,trend_state_tp,18,3,0.0025,77.2692768195307,43.392443494465965,18,0.005,,,,,,,,,,,,,,,,,,,,,,,,,,,0.04,942,False,,,,,,,,,,,,,,,,,,,,,,,,,,,1.0,0.001,150,0.75,0,28.10630684281037,-0.29939437728220025,0.5543044907975607,0.27377495003419144,-0.8922035729360466,0.0,0.0,1,1,453,-193.71935041269595,520,11
True,False,1.5,1.3,30,1.5,,12,14,200,False,range_bb_reversion,72,1,0.018,67.43906299934523,35.79881958788665,24,0.0005,,,,,,,,,,,,,,,,,,,,,,,,,,,0.08,323,True,,,,,,,,,,,,,,,,,,,,,,,,,,,0.04,0.003,50,0.25,0,17.590334187222034,-0.5143172646296188,0.3608968611386559,0.2649349253797996,-1.0,0.0,0.0,0,0,454,-194.60234581262023,214,11
True,False,1.0,3.0,40,2.2,,8,20,80,False,channel_reclaim,96,4,0.0,60.64240302048172,40.909786582796116,12,0.01,,,,,,,,,,,,,,,,,,,,,,,,,,,0.015,954,True,,,,,,,,,,,,,,,,,,,,,,,,,,,0.2,0.003,100,0.5,0,19.224399825285516,-0.34135902797113,0.5173346728718476,0.2545006502919152,-0.5109835067111295,0.30018886240708614,0.16666666666666666,0,0,455,-197.63658769692432,269,11
True,False,1.0,1.3,20,2.5,,8,20,200,False,channel_reclaim,36,2,0.008,65.06760345692592,43.549645194187484,3,0.0,,,,,,,,,,,,,,,,,,,,,,,,,,,0.08,218,True,,,,,,,,,,,,,,,,,,,,,,,,,,,1.0,0.003,30,1.25,0,10.819457462265005,-0.4250537439369978,0.3702942064472417,0.32302781564484884,-0.8233104632011621,0.07594854960246478,0.1111111111111111,0,0,456,-197.71619716421733,205,11
True,True,1.5,1.3,14,2.0,,20,8,400,False,trend_reclaim,72,8,0.0025,75.86871150136035,37.810255790493294,24,0.0025,,,,,,,,,,,,,,,,,,,,,,,,,,,0.025,679,False,,,,,,,,,,,,,,,,,,,,,,,,,,,0.12,0.0,75,0.25,0,23.37088068805182,-0.34958832884285646,0.39565545841381594,0.4352470506168581,-0.7082085056985399,0.09918927751316595,0.21212121212121213,0,0,457,-198.6290200667695,574,11
True,True,1.0,2.2,20,1.8,,55,50,300,True,trend_state_tp,18,1,0.012,63.027116433506166,22.836025307948965,24,0.001,,,,,,,,,,,,,,,,,,,,,,,,,,,0.015,475,False,,,,,,,,,,,,,,,,,,,,,,,,,,,0.08,0.0,150,1.5,0,41.62049761868792,-0.20787057119045088,0.5798777104076568,0.32320653478692696,-0.42284389476631873,0.2103037265709521,0.17525773195876287,2,2,458,-201.3776719460534,791,11
True,False,1.0,8.0,80,1.8,,40,50,100,True,trend_state_tp,120,1,0.0,64.05128768698111,30.233506473463358,18,0.005,,,,,,,,,,,,,,,,,,,,,,,,,,,0.025,1022,False,,,,,,,,,,,,,,,,,,,,,,,,,,,0.12,0.003,150,0.5,0,24.626503116176696,-0.2310725030483483,0.5985094378528524,0.2383260648942384,-0.4714589469841997,0.26845370021054166,0.13333333333333333,0,0,459,-203.41102660251926,715,11
True,True,1.5,12.0,14,1.8,,16,10,400,True,trend_state_tp,96,1,0.025,73.3822333817248,26.08538744310258,18,0.001,,,,,,,,,,,,,,,,,,,,,,,,,,,0.08,918,False,,,,,,,,,,,,,,,,,,,,,,,,,,,0.2,0.001,75,0.0,0,42.50730144132254,-0.12143531073861012,0.7087470703406764,0.2615575138702442,-0.30147022298810305,0.33919636233871153,0.19135802469135801,2,2,460,-207.39365762672776,1675,11
True,False,2.0,8.0,20,2.0,,20,30,300,False,range_bb_reversion,24,2,0.0025,58.39029750849018,43.14292743328692,12,0.005,,,,,,,,,,,,,,,,,,,,,,,,,,,0.08,758,False,,,,,,,,,,,,,,,,,,,,,,,,,,,0.03,0.0005,30,0.25,0,13.479961115683407,-0.3327238461557214,0.49644468983323814,0.17034931899933417,-1.0,0.0,0.0,2,2,461,-207.98764556924164,119,11
True,False,1.0,1.3,55,2.5,,12,8,100,False,range_bb_reversion,12,8,0.018,73.42906392541525,30.656930853695187,3,0.01,,,,,,,,,,,,,,,,,,,,,,,,,,,0.04,447,False,,,,,,,,,,,,,,,,,,,,,,,,,,,1.0,0.0005,20,0.25,0,8.0,-0.4732481655726733,0.35205680293442115,0.3191989828353465,-1.0,0.0,0.0,0,0,462,-209.12488827672823,103,11
True,False,1.0,2.2,30,2.0,,10,14,300,False,channel_reclaim,120,3,0.018,65.39031228706178,31.892534947339097,6,0.001,,,,,,,,,,,,,,,,,,,,,,,,,,,0.025,1080,False,,,,,,,,,,,,,,,,,,,,,,,,,,,0.12,0.0,20,0.0,0,23.933791369460717,-0.3352743827476941,0.5620296042839797,0.279056272745445,-0.8561404989655996,0.08720779522103626,0.06666666666666667,0,0,463,-211.2959545894122,434,11
True,True,1.0,4.0,80,2.5,,12,10,100,False,channel_reclaim,72,2,0.018,74.06309250222209,34.44109259814304,36,0.01,,,,,,,,,,,,,,,,,,,,,,,,,,,0.01,779,False,,,,,,,,,,,,,,,,,,,,,,,,,,,0.2,0.003,30,1.0,0,25.48603994549595,-0.29320427947282357,0.6359058343074561,0.21109698525966467,-0.6124986534894489,0.31640195388723824,0.11428571428571428,1,1,464,-211.89903741168084,370,11
True,False,1.0,2.2,20,1.8,,40,50,80,True,trend_state_tp,8,4,0.018,72.2915908325355,32.69442172979852,24,0.001,,,,,,,,,,,,,,,,,,,,,,,,,,,0.015,1119,False,,,,,,,,,,,,,,,,,,,,,,,,,,,0.08,0.0,50,0.75,0,35.499407127915205,-0.2803744401929347,0.5334369266084648,0.312262810564963,-0.4800254774159486,0.23487729145537567,0.1864406779661017,1,1,465,-212.26143254647963,613,11
True,False,1.5,1.3,20,2.2,,10,8,400,False,channel_reclaim,48,8,0.025,65.77650225923145,37.066084744728975,6,0.001,,,,,,,,,,,,,,,,,,,,,,,,,,,0.025,1083,True,,,,,,,,,,,,,,,,,,,,,,,,,,,0.08,0.002,100,0.25,0,19.941388027835334,-0.41314936300014815,0.30522110548254466,0.3443673624355443,-0.5778189063861473,0.08245211562145251,0.25,0,0,466,-212.5609457716737,274,11
True,True,1.0,1.7,40,1.8,,10,20,150,False,range_bb_reversion,12,8,0.008,75.72725057221453,36.61935651569795,3,0.0005,,,,,,,,,,,,,,,,,,,,,,,,,,,0.015,275,True,,,,,,,,,,,,,,,,,,,,,,,,,,,1.0,0.0005,10,0.0,0,12.428348104044773,-0.4243817522509344,0.3849535525685677,0.26258394519664957,-0.6590902361488914,0.09680192854427822,0.09523809523809523,0,0,467,-212.5821555955882,202,11
True,False,2.0,2.2,14,1.5,,10,14,50,False,range_bb_reversion,12,6,0.018,67.86360115713967,30.74763338756481,3,0.0,,,,,,,,,,,,,,,,,,,,,,,,,,,0.025,832,False,,,,,,,,,,,,,,,,,,,,,,,,,,,0.04,0.0,100,0.25,0,13.586396292477788,-0.48423867712925917,0.23254511008154263,0.22728177942081684,-1.0000000000000002,0.0,0.0,0,0,468,-212.90383676180085,179,11
True,False,1.0,1.7,14,1.8,,20,10,80,False,range_bb_reversion,18,6,0.0,60.465166109496174,41.09125965849059,48,0.0005,,,,,,,,,,,,,,,,,,,,,,,,,,,0.015,1187,False,,,,,,,,,,,,,,,,,,,,,,,,,,,0.05,0.0005,30,1.5,0,12.677813343306674,-0.31086157402112913,1.2013953755965667,0.32410292180113154,-0.7625744601899953,0.0,0.0,1,1,469,-218.56430104749268,105,11
True,False,1.0,3.0,40,2.2,,16,20,300,True,trend_state_tp,120,2,0.025,61.078949907166816,42.288066090788504,18,0.0025,,,,,,,,,,,,,,,,,,,,,,,,,,,0.04,467,True,,,,,,,,,,,,,,,,,,,,,,,,,,,0.12,0.003,75,0.5,0,36.18151002904866,-0.24706882346018205,0.5413761906922508,0.29020543747816474,-0.3862937102965252,0.3072705643054601,0.2,0,0,470,-220.4614697231288,678,11
True,False,1.0,2.2,40,1.5,,40,80,100,False,range_bb_reversion,96,1,0.0025,74.07320184874636,35.39393913231031,6,0.01,,,,,,,,,,,,,,,,,,,,,,,,,,,0.08,1014,True,,,,,,,,,,,,,,,,,,,,,,,,,,,0.05,0.003,150,0.25,0,23.696334255012005,-0.3857350896563949,0.48707395403574233,0.2684133924710421,-0.6895405195957683,0.186319861573257,0.15384615384615385,1,1,471,-220.77834281806287,319,11
True,True,1.0,12.0,40,2.2,,16,14,300,False,trend_bb_reversion,8,4,0.0025,73.88943155892301,35.63665689771429,48,0.001,,,,,,,,,,,,,,,,,,,,,,,,,,,0.08,845,False,,,,,,,,,,,,,,,,,,,,,,,,,,,1.0,0.003,50,0.75,0,18.063225706255885,-0.3925776405901058,0.41422296672525044,0.27439415899722036,-0.6690083594909588,0.12380422181763448,0.1111111111111111,0,0,472,-221.70291471087307,294,11
True,False,1.5,8.0,30,1.8,,8,8,200,False,channel_reclaim,96,8,0.005,59.952321450745465,28.11397801388549,18,0.001,,,,,,,,,,,,,,,,,,,,,,,,,,,0.01,384,True,,,,,,,,,,,,,,,,,,,,,,,,,,,0.04,0.0,150,0.25,0,16.188442187667764,-0.43139270239407684,1.1328280596760243,0.2317989845541578,-1.0,0.0,0.0,1,1,473,-226.8538157271857,120,11
True,True,2.0,1.3,20,1.8,,55,14,100,False,range_bb_reversion,96,8,0.018,65.89676770783214,37.78407842734602,12,0.0005,,,,,,,,,,,,,,,,,,,,,,,,,,,0.08,1147,False,,,,,,,,,,,,,,,,,,,,,,,,,,,0.2,0.0005,20,0.0,0,34.99701267793927,-0.32308473273865485,0.3674884817602612,0.4938041631979237,-0.4451355514722888,0.20712204491364242,0.390625,0,0,474,-228.88616871734655,865,11
True,True,1.5,12.0,80,1.5,,8,10,100,True,trend_state_tp,72,2,0.008,65.54346517923804,42.40364990421352,18,0.0,,,,,,,,,,,,,,,,,,,,,,,,,,,0.025,292,False,,,,,,,,,,,,,,,,,,,,,,,,,,,0.08,0.002,30,0.5,0,46.67007538051972,-0.1315409374488411,0.6904160894327125,0.3018766324765309,-0.2558385549790843,0.41069449965079274,0.2222222222222222,1,1,475,-228.98654332007555,1633,11
True,True,1.0,3.0,20,1.5,,30,50,100,True,trend_state_tp,8,6,0.012,66.56099637099278,38.688942257867154,12,0.0,,,,,,,,,,,,,,,,,,,,,,,,,,,0.006,55,False,,,,,,,,,,,,,,,,,,,,,,,,,,,0.05,0.003,50,0.75,0,49.46067021897218,-0.21954155061258032,0.6327233934176976,0.3181571031923203,-0.43935329999159894,0.32349170166488833,0.24752475247524752,0,0,476,-230.2627484060096,741,11
True,True,1.0,1.3,14,2.2,,16,8,400,False,range_bb_reversion,48,8,0.012,74.91254665380023,39.46183819658935,12,0.001,,,,,,,,,,,,,,,,,,,,,,,,,,,0.08,464,True,,,,,,,,,,,,,,,,,,,,,,,,,,,0.2,0.0,20,0.75,0,22.238244476708225,-0.4244794146028195,0.43441967272047377,0.26307735028535917,-0.6429257594877293,0.2634668869247624,0.125,1,1,477,-232.47930780020567,293,11
True,False,1.0,6.0,40,2.2,,20,80,150,False,channel_reclaim,18,4,0.018,74.5299890007668,29.33409798510659,12,0.0,,,,,,,,,,,,,,,,,,,,,,,,,,,0.025,282,False,,,,,,,,,,,,,,,,,,,,,,,,,,,1.0,0.0,20,1.0,0,13.671334638535798,-0.45925106260354553,0.4889940364268497,0.1786470703984073,-1.0,0.0,0.0,1,1,478,-237.52719494395393,174,11
False,True,1.0,3.0,55,2.2,,16,20,80,False,range_bb_reversion,96,4,0.025,61.10699462075517,33.8053840183199,3,0.0005,,,,,,,,,,,,,,,,,,,,,,,,,,,0.04,355,False,,,,,,,,,,,,,,,,,,,,,,,,,,,0.12,0.002,20,0.75,0,12.336100184336415,-0.46234114238806484,0.4373344923407377,0.1940518875376742,-1.0,0.0,0.0,0,0,479,-239.4021885133529,215,11
True,True,1.0,8.0,20,1.5,,8,20,400,False,range_bb_reversion,96,2,0.008,64.27601708459783,44.0781546648222,3,0.001,,,,,,,,,,,,,,,,,,,,,,,,,,,0.08,782,False,,,,,,,,,,,,,,,,,,,,,,,,,,,0.04,0.0,50,0.5,0,41.2770674393701,-0.4238331640191524,0.524218484725841,0.19486129416915488,-1.0,0.0,0.0,2,2,480,-247.39066124961028,426,11
True,False,1.0,1.3,20,2.2,,12,8,100,True,trend_state_tp,24,6,0.018,64.58757844942221,33.572517512828746,24,0.0005,,,,,,,,,,,,,,,,,,,,,,,,,,,0.08,908,False,,,,,,,,,,,,,,,,,,,,,,,,,,,1.0,0.0,10,0.0,0,31.140073004211075,-0.34833718688294674,0.4174364465533914,0.36779549809356066,-0.6226746024032048,0.16622466038215206,0.225,0,0,481,-247.85008646489743,745,11
True,True,1.0,1.7,55,1.8,,10,14,100,False,range_bb_reversion,12,8,0.008,68.44985626247137,40.739596908894185,36,0.0025,,,,,,,,,,,,,,,,,,,,,,,,,,,0.01,437,False,,,,,,,,,,,,,,,,,,,,,,,,,,,0.12,0.001,150,0.0,0,16.0,-0.5019811504301406,0.35082109071275247,0.2627954339184286,-1.0,0.0,0.0,1,1,482,-248.6863666201078,175,11
True,False,1.0,6.0,20,1.8,,8,14,200,False,range_bb_reversion,120,1,0.005,73.38574775915677,42.430391743940405,24,0.005,,,,,,,,,,,,,,,,,,,,,,,,,,,0.08,722,False,,,,,,,,,,,,,,,,,,,,,,,,,,,0.2,0.001,10,0.25,0,40.86951513282715,-0.2695591417410906,0.6934600939046456,0.1515232245730967,-0.8884677202788511,0.10054820746440671,0.021739130434782608,2,2,483,-255.7188113764184,471,11
False,True,1.0,1.7,30,2.5,,55,30,300,False,range_bb_reversion,72,6,0.018,60.726338617135966,22.744284082095056,48,0.0005,,,,,,,,,,,,,,,,,,,,,,,,,,,0.08,1039,False,,,,,,,,,,,,,,,,,,,,,,,,,,,0.08,0.003,10,0.75,0,12.61913911530695,-0.5748079094445916,0.3014690430542077,0.22839317545199897,-1.0,0.0,0.0,0,0,484,-268.3498054145433,149,11
True,False,1.5,1.3,14,2.0,,12,30,50,False,channel_reclaim,72,8,0.0025,61.79823068153041,41.358932852530195,12,0.0,,,,,,,,,,,,,,,,,,,,,,,,,,,0.025,346,False,,,,,,,,,,,,,,,,,,,,,,,,,,,0.08,0.003,30,0.5,0,21.637895912687775,-0.530811866987568,0.23590372661320272,0.3159417566001039,-0.7220186113355093,0.12756507783151216,0.17647058823529413,0,0,485,-273.87961583860175,276,11
True,False,1.5,2.2,14,1.5,,55,80,300,False,range_bb_reversion,36,6,0.0025,76.47251345701386,35.30227429206859,36,0.01,,,,,,,,,,,,,,,,,,,,,,,,,,,0.08,666,False,,,,,,,,,,,,,,,,,,,,,,,,,,,0.03,0.002,100,0.5,0,18.287165967659746,-0.5153174690491075,0.1973161057902556,0.17462537462537464,-1.0,0.0,0.0,0,0,486,-281.0630226564805,117,11
True,False,1.0,6.0,14,2.2,,16,8,100,False,range_bb_reversion,96,2,0.018,63.855660775194096,36.823750080545,6,0.0005,,,,,,,,,,,,,,,,,,,,,,,,,,,0.08,788,False,,,,,,,,,,,,,,,,,,,,,,,,,,,0.04,0.001,30,0.5,0,20.6828494202623,-0.536772790200598,0.34146048156527486,0.08634986225895316,-1.0,0.0,0.0,1,1,487,-284.93106610513826,138,11
True,True,1.0,4.0,40,1.5,,55,8,150,True,trend_state_tp,48,8,0.025,64.57495120111221,26.568101416098337,3,0.0,,,,,,,,,,,,,,,,,,,,,,,,,,,0.015,208,False,,,,,,,,,,,,,,,,,,,,,,,,,,,0.2,0.003,75,0.0,0,67.718991562844,-0.19936158301279344,0.6827214596375634,0.2997763210726936,-0.5123801342708584,0.2819295331470653,0.22900763358778625,2,2,488,-291.05676850780037,1361,11
True,True,1.0,1.3,14,2.2,,55,80,150,True,trend_state_tp,120,2,0.005,60.70298477812636,39.018901096567475,48,0.0005,,,,,,,,,,,,,,,,,,,,,,,,,,,0.025,32,False,,,,,,,,,,,,,,,,,,,,,,,,,,,1.0,0.0005,20,1.25,0,67.9771383715796,-0.2979181764309892,0.4190366115331814,0.36169963692770746,-0.4821073643374438,0.16689660074946555,0.2624113475177305,0,0,489,-368.47583232277884,1470,11
True,False,2.0,1.7,55,1.8,,55,30,80,True,trend_state_tp,48,8,0.008,65.4504105239599,44.727918532942766,6,0.0,,,,,,,,,,,,,,,,,,,,,,,,,,,0.025,148,False,,,,,,,,,,,,,,,,,,,,,,,,,,,0.03,0.002,20,0.75,,,,,,,,,,,490,-999901,,
True,True,2.5,2.2,20,2.5,,8,8,80,False,channel_reclaim,36,2,0.018,66.95985956463028,30.286193281103458,3,0.001,,,,,,,,,,,,,,,,,,,,,,,,,,,0.04,160,False,,,,,,,,,,,,,,,,,,,,,,,,,,,0.04,0.0005,20,0.75,,,,,,,,,,,491,-999901,,
True,False,2.0,4.0,40,2.2,,10,80,100,False,channel_reclaim,24,1,0.012,58.21584988896992,27.978774897612244,12,0.001,,,,,,,,,,,,,,,,,,,,,,,,,,,0.006,213,False,,,,,,,,,,,,,,,,,,,,,,,,,,,0.08,0.003,75,1.25,,,,,,,,,,,492,-999901,,
True,False,1.5,8.0,14,1.8,,8,10,50,False,trend_bb_reversion,120,1,0.008,73.20196515678816,34.01743402838105,18,0.0025,,,,,,,,,,,,,,,,,,,,,,,,,,,0.04,503,False,,,,,,,,,,,,,,,,,,,,,,,,,,,0.2,0.001,10,1.25,,,,,,,,,,,493,-999901,,
True,False,1.0,8.0,20,2.0,,16,20,150,False,range_bb_reversion,96,3,0.005,64.18562759205862,42.963883973113475,3,0.005,,,,,,,,,,,,,,,,,,,,,,,,,,,0.015,2,False,,,,,,,,,,,,,,,,,,,,,,,,,,,0.05,0.0,150,0.5,,,,,,,,,,,494,-999902,,
True,False,2.5,2.2,14,1.8,,40,20,150,False,range_bb_reversion,72,1,0.018,69.9255417045663,30.816142740242615,24,0.0,,,,,,,,,,,,,,,,,,,,,,,,,,,0.025,106,True,,,,,,,,,,,,,,,,,,,,,,,,,,,0.05,0.002,100,0.75,,,,,,,,,,,495,-999902,,
True,True,1.5,8.0,55,2.0,,8,30,80,False,trend_reclaim,36,1,0.0,64.49731540846233,41.97885879409518,12,0.01,,,,,,,,,,,,,,,,,,,,,,,,,,,0.025,113,False,,,,,,,,,,,,,,,,,,,,,,,,,,,1.0,0.0005,20,0.75,,,,,,,,,,,496,-999902,,
True,False,2.5,2.2,55,2.2,,30,30,80,False,range_bb_reversion,8,3,0.012,75.6332668901241,26.811025354251075,18,0.01,,,,,,,,,,,,,,,,,,,,,,,,,,,0.025,212,False,,,,,,,,,,,,,,,,,,,,,,,,,,,0.05,0.003,50,0.75,,,,,,,,,,,497,-999902,,
True,False,2.5,4.0,40,2.2,,10,50,100,False,trend_bb_reversion,96,6,0.025,73.06454894132423,42.30335360824237,12,0.001,,,,,,,,,,,,,,,,,,,,,,,,,,,0.04,576,False,,,,,,,,,,,,,,,,,,,,,,,,,,,0.2,0.0,75,0.25,,,,,,,,,,,498,-999903,,
True,True,4.0,12.0,14,1.5,,30,30,200,True,trend_state_tp,8,6,0.0,61.18350991156134,35.7750053259055,12,0.005,,,,,,,,,,,,,,,,,,,,,,,,,,,0.025,983,False,,,,,,,,,,,,,,,,,,,,,,,,,,,0.03,0.002,75,0.25,,,,,,,,,,,499,-999903,,
True,False,2.5,2.2,20,1.8,,10,8,300,False,channel_reclaim,8,4,0.005,65.46372311927762,43.97968447886378,18,0.005,,,,,,,,,,,,,,,,,,,,,,,,,,,0.015,993,False,,,,,,,,,,,,,,,,,,,,,,,,,,,0.05,0.002,20,0.75,,,,,,,,,,,500,-999903,,
True,False,2.0,1.7,80,2.0,,16,30,50,False,range_bb_reversion,12,1,0.0025,62.258794117783395,22.757689603496875,12,0.0,,,,,,,,,,,,,,,,,,,,,,,,,,,0.01,1182,False,,,,,,,,,,,,,,,,,,,,,,,,,,,1.0,0.003,50,0.5,,,,,,,,,,,501,-999903,,
True,False,3.0,1.3,14,2.2,,12,10,200,False,trend_reclaim,12,1,0.008,70.11584138354247,24.76299091193532,18,0.0,,,,,,,,,,,,,,,,,,,,,,,,,,,0.025,193,False,,,,,,,,,,,,,,,,,,,,,,,,,,,0.2,0.002,75,0.75,,,,,,,,,,,502,-999904,,
True,False,5.0,1.3,80,1.8,,40,20,200,False,channel_reclaim,48,2,0.025,63.90600992710378,23.468473276282314,36,0.001,,,,,,,,,,,,,,,,,,,,,,,,,,,0.006,234,False,,,,,,,,,,,,,,,,,,,,,,,,,,,0.12,0.0005,20,1.0,,,,,,,,,,,503,-999904,,
True,False,2.5,3.0,40,2.2,,8,80,300,False,range_bb_reversion,18,3,0.0,73.73255932549579,30.440104007944772,24,0.01,,,,,,,,,,,,,,,,,,,,,,,,,,,0.025,402,False,,,,,,,,,,,,,,,,,,,,,,,,,,,0.2,0.002,10,0.75,,,,,,,,,,,504,-999904,,
True,False,4.0,1.7,30,2.0,,8,30,400,False,range_bb_reversion,18,8,0.0025,75.54680864189174,40.759192822082696,18,0.0,,,,,,,,,,,,,,,,,,,,,,,,,,,0.025,744,False,,,,,,,,,,,,,,,,,,,,,,,,,,,0.12,0.003,50,0.5,,,,,,,,,,,505,-999904,,
True,False,5.0,8.0,40,1.5,,40,14,80,False,trend_bb_reversion,72,8,0.0025,66.72770430056339,40.34899629707726,36,0.01,,,,,,,,,,,,,,,,,,,,,,,,,,,0.025,1117,False,,,,,,,,,,,,,,,,,,,,,,,,,,,0.08,0.002,20,0.25,,,,,,,,,,,506,-999904,,
True,True,2.0,1.3,40,2.5,,55,20,80,False,trend_reclaim,8,4,0.012,66.40408990584221,29.298162926649653,36,0.005,,,,,,,,,,,,,,,,,,,,,,,,,,,0.015,305,False,,,,,,,,,,,,,,,,,,,,,,,,,,,0.12,0.001,50,0.25,,,,,,,,,,,507,-999905,,
False,True,3.0,4.0,40,1.8,,20,20,80,False,trend_bb_reversion,36,6,0.0025,63.143027203330995,35.645278636064134,18,0.0,,,,,,,,,,,,,,,,,,,,,,,,,,,0.08,540,False,,,,,,,,,,,,,,,,,,,,,,,,,,,0.12,0.002,50,1.0,,,,,,,,,,,508,-999905,,
True,False,3.0,1.7,14,2.5,,8,50,300,False,trend_reclaim,24,6,0.0,72.96859095219646,35.48051433575401,48,0.001,,,,,,,,,,,,,,,,,,,,,,,,,,,0.04,733,False,,,,,,,,,,,,,,,,,,,,,,,,,,,0.05,0.001,50,0.25,,,,,,,,,,,509,-999905,,
True,False,2.0,1.7,14,2.2,,55,50,400,False,channel_reclaim,120,6,0.0,61.17765659347655,31.797660443535733,36,0.0,,,,,,,,,,,,,,,,,,,,,,,,,,,0.04,1044,False,,,,,,,,,,,,,,,,,,,,,,,,,,,1.0,0.002,30,1.25,,,,,,,,,,,510,-999905,,
True,False,3.0,4.0,40,2.0,,20,50,80,False,trend_bb_reversion,48,3,0.018,66.70796481324398,25.614365170486053,48,0.0005,,,,,,,,,,,,,,,,,,,,,,,,,,,0.006,17,False,,,,,,,,,,,,,,,,,,,,,,,,,,,0.08,0.0,150,0.25,,,,,,,,,,,511,-999906,,
False,True,5.0,4.0,30,2.2,,40,30,100,False,trend_reclaim,36,1,0.0025,61.31005494762872,32.40260990247051,24,0.0,,,,,,,,,,,,,,,,,,,,,,,,,,,0.025,936,False,,,,,,,,,,,,,,,,,,,,,,,,,,,0.12,0.001,75,0.75,,,,,,,,,,,512,-999906,,
True,False,2.0,6.0,20,2.5,,40,80,150,False,range_bb_reversion,18,3,0.018,74.55374642108931,41.46703339395947,3,0.005,,,,,,,,,,,,,,,,,,,,,,,,,,,0.01,149,True,,,,,,,,,,,,,,,,,,,,,,,,,,,0.2,0.002,20,0.25,,,,,,,,,,,513,-999907,,
True,False,5.0,3.0,20,1.5,,16,14,300,False,range_bb_reversion,24,6,0.018,68.96468324993535,22.61719835756669,12,0.01,,,,,,,,,,,,,,,,,,,,,,,,,,,0.04,307,False,,,,,,,,,,,,,,,,,,,,,,,,,,,0.2,0.0005,30,0.5,,,,,,,,,,,514,-999907,,
True,False,3.0,12.0,30,2.5,,12,20,400,False,channel_reclaim,120,1,0.005,74.09555287396775,22.80496152263711,24,0.0025,,,,,,,,,,,,,,,,,,,,,,,,,,,0.015,626,False,,,,,,,,,,,,,,,,,,,,,,,,,,,0.05,0.001,10,0.5,,,,,,,,,,,515,-999907,,
True,True,2.5,1.3,14,2.2,,8,30,400,False,range_bb_reversion,18,2,0.018,59.97965581532496,44.05069477394949,3,0.001,,,,,,,,,,,,,,,,,,,,,,,,,,,0.025,1120,False,,,,,,,,,,,,,,,,,,,,,,,,,,,0.04,0.0005,150,0.5,,,,,,,,,,,516,-999907,,
True,False,2.5,12.0,30,2.5,,30,80,130,False,trend_bb_reversion,48,2,0.005,65.59719570278614,32.3006185478165,24,0.01,,,,,,,,,,,,,,,,,,,,,,,,,,,0.08,1181,True,,,,,,,,,,,,,,,,,,,,,,,,,,,0.12,0.001,100,0.0,,,,,,,,,,,517,-999907,,
True,False,3.0,3.0,14,1.8,,12,50,100,False,trend_reclaim,120,4,0.0025,68.83943931243238,24.246577071823285,18,0.0025,,,,,,,,,,,,,,,,,,,,,,,,,,,0.015,14,True,,,,,,,,,,,,,,,,,,,,,,,,,,,0.12,0.001,30,0.0,,,,,,,,,,,518,-999908,,
True,False,3.0,2.2,55,1.8,,40,80,300,True,trend_state_tp,18,4,0.025,68.9486828288085,24.84103344284572,12,0.0025,,,,,,,,,,,,,,,,,,,,,,,,,,,0.01,133,False,,,,,,,,,,,,,,,,,,,,,,,,,,,0.04,0.003,10,1.25,,,,,,,,,,,519,-999908,,
True,False,1.0,3.0,55,2.5,,8,50,100,False,range_bb_reversion,72,4,0.0,74.13149720710479,40.35577366162164,48,0.001,,,,,,,,,,,,,,,,,,,,,,,,,,,0.01,757,False,,,,,,,,,,,,,,,,,,,,,,,,,,,0.2,0.0,150,0.25,,,,,,,,,,,520,-999908,,
True,True,2.5,2.2,20,2.0,,20,20,400,False,range_bb_reversion,96,8,0.018,59.94363067399047,27.591926520433756,36,0.001,,,,,,,,,,,,,,,,,,,,,,,,,,,0.025,763,False,,,,,,,,,,,,,,,,,,,,,,,,,,,0.05,0.001,50,1.25,,,,,,,,,,,521,-999908,,
True,False,3.0,6.0,14,2.5,,55,20,150,True,trend_state_tp,8,2,0.0,59.40821761108827,23.569679225960126,12,0.001,,,,,,,,,,,,,,,,,,,,,,,,,,,0.04,90,False,,,,,,,,,,,,,,,,,,,,,,,,,,,0.03,0.0,30,1.0,,,,,,,,,,,522,-999909,,
True,False,4.0,6.0,20,1.8,,10,30,400,False,channel_reclaim,120,1,0.008,67.07813134444399,31.926178415188673,24,0.01,,,,,,,,,,,,,,,,,,,,,,,,,,,0.015,461,False,,,,,,,,,,,,,,,,,,,,,,,,,,,0.2,0.002,10,0.5,,,,,,,,,,,523,-999909,,
True,False,5.0,6.0,80,1.5,,30,50,150,False,range_bb_reversion,12,3,0.025,63.75796424157311,35.53798095788445,12,0.0025,,,,,,,,,,,,,,,,,,,,,,,,,,,0.01,771,False,,,,,,,,,,,,,,,,,,,,,,,,,,,0.08,0.0,100,0.0,,,,,,,,,,,524,-999909,,
True,False,4.0,1.3,14,1.5,,20,30,150,False,trend_reclaim,48,1,0.005,61.45792152514037,37.865401585494574,36,0.01,,,,,,,,,,,,,,,,,,,,,,,,,,,0.006,328,False,,,,,,,,,,,,,,,,,,,,,,,,,,,0.2,0.0005,100,0.75,,,,,,,,,,,525,-999910,,
True,False,4.0,1.3,55,2.0,,40,10,100,False,range_bb_reversion,48,2,0.0,66.09279911718595,31.42428919775464,48,0.01,,,,,,,,,,,,,,,,,,,,,,,,,,,0.025,924,False,,,,,,,,,,,,,,,,,,,,,,,,,,,1.0,0.0,75,1.5,,,,,,,,,,,526,-999910,,
True,False,1.0,4.0,20,2.2,,55,50,400,False,trend_bb_reversion,48,2,0.0,64.31592664150345,41.044144368394555,36,0.005,,,,,,,,,,,,,,,,,,,,,,,,,,,0.025,1047,False,,,,,,,,,,,,,,,,,,,,,,,,,,,0.05,0.001,75,1.0,,,,,,,,,,,527,-999910,,
True,False,3.0,8.0,20,2.0,,10,80,130,False,range_bb_reversion,18,2,0.025,69.46196267360753,44.74383213919147,12,0.0005,,,,,,,,,,,,,,,,,,,,,,,,,,,0.04,345,False,,,,,,,,,,,,,,,,,,,,,,,,,,,0.03,0.001,50,1.25,,,,,,,,,,,528,-999911,,
True,False,2.0,1.7,30,1.5,,30,80,150,False,trend_bb_reversion,8,4,0.008,62.506262154801405,26.319304919016286,48,0.0005,,,,,,,,,,,,,,,,,,,,,,,,,,,0.025,944,False,,,,,,,,,,,,,,,,,,,,,,,,,,,0.08,0.0005,150,0.75,,,,,,,,,,,529,-999911,,
True,False,1.5,6.0,80,2.0,,40,30,300,False,trend_reclaim,96,2,0.0025,58.86039330311988,28.309518003236114,36,0.0,,,,,,,,,,,,,,,,,,,,,,,,,,,0.08,838,False,,,,,,,,,,,,,,,,,,,,,,,,,,,0.12,0.003,20,1.25,,,,,,,,,,,530,-999913,,
True,True,1.5,8.0,40,2.2,,20,10,100,False,range_bb_reversion,8,4,0.005,66.68746514010103,37.34500368664957,6,0.001,,,,,,,,,,,,,,,,,,,,,,,,,,,0.025,65,False,,,,,,,,,,,,,,,,,,,,,,,,,,,0.03,0.0,50,1.0,,,,,,,,,,,531,-999914,,
True,False,3.0,2.2,40,1.8,,12,20,150,False,trend_bb_reversion,14,8,0.005,76.57437937188763,42.299405314370674,36,0.01,,,,,,,,,,,,,,,,,,,,,,,,,,,0.025,281,False,,,,,,,,,,,,,,,,,,,,,,,,,,,1.0,0.001,30,1.25,,,,,,,,,,,532,-999914,,
True,True,3.0,8.0,14,2.2,,10,50,150,False,trend_bb_reversion,24,3,0.0025,68.4100228646408,43.56034964428304,3,0.0,,,,,,,,,,,,,,,,,,,,,,,,,,,0.08,625,False,,,,,,,,,,,,,,,,,,,,,,,,,,,0.03,0.0005,100,0.0,,,,,,,,,,,533,-999914,,
True,False,5.0,1.7,55,2.0,,16,14,400,False,trend_bb_reversion,48,4,0.008,67.86026231480199,31.8523207962185,18,0.0025,,,,,,,,,,,,,,,,,,,,,,,,,,,0.025,663,False,,,,,,,,,,,,,,,,,,,,,,,,,,,0.2,0.002,20,0.0,,,,,,,,,,,534,-999914,,
True,False,1.0,4.0,40,2.0,,12,20,200,False,trend_reclaim,36,4,0.005,67.2461257671382,25.31544892581798,48,0.0,,,,,,,,,,,,,,,,,,,,,,,,,,,0.006,751,False,,,,,,,,,,,,,,,,,,,,,,,,,,,1.0,0.002,75,1.0,,,,,,,,,,,535,-999914,,
True,True,1.5,12.0,80,2.5,,30,50,400,True,trend_state_tp,8,4,0.012,63.30427227459648,30.221506153566526,6,0.01,,,,,,,,,,,,,,,,,,,,,,,,,,,0.01,120,False,,,,,,,,,,,,,,,,,,,,,,,,,,,1.0,0.002,30,1.5,,,,,,,,,,,536,-999915,,
True,False,1.0,3.0,14,2.0,,55,30,150,False,range_bb_reversion,36,1,0.018,64.12929553331514,24.349914737105376,6,0.001,,,,,,,,,,,,,,,,,,,,,,,,,,,0.025,223,False,,,,,,,,,,,,,,,,,,,,,,,,,,,1.0,0.002,20,0.25,,,,,,,,,,,537,-999915,,
True,False,1.5,12.0,40,2.0,,8,80,130,False,channel_reclaim,96,6,0.025,61.99216074420862,43.728907584775044,24,0.01,,,,,,,,,,,,,,,,,,,,,,,,,,,0.006,115,True,,,,,,,,,,,,,,,,,,,,,,,,,,,0.05,0.001,100,0.75,,,,,,,,,,,538,-999916,,
True,False,1.5,6.0,40,1.5,,12,30,200,False,range_bb_reversion,18,6,0.0,67.86965954443941,26.93351342909945,36,0.0005,,,,,,,,,,,,,,,,,,,,,,,,,,,0.015,339,False,,,,,,,,,,,,,,,,,,,,,,,,,,,0.12,0.002,50,0.25,,,,,,,,,,,539,-999916,,
True,False,1.5,4.0,80,2.2,,30,20,200,True,trend_state_tp,12,3,0.012,64.0397710369678,32.305516832387305,48,0.0005,,,,,,,,,,,,,,,,,,,,,,,,,,,0.04,367,False,,,,,,,,,,,,,,,,,,,,,,,,,,,0.03,0.002,30,0.0,,,,,,,,,,,540,-999916,,
True,True,2.5,8.0,20,1.8,,10,8,80,False,trend_reclaim,12,3,0.0025,73.39719895497342,44.793890404539255,24,0.0,,,,,,,,,,,,,,,,,,,,,,,,,,,0.025,412,False,,,,,,,,,,,,,,,,,,,,,,,,,,,0.08,0.001,150,1.5,,,,,,,,,,,541,-999916,,
True,False,2.0,4.0,20,2.0,,8,8,50,False,trend_reclaim,18,8,0.008,67.35672015902746,28.718975078203936,3,0.001,,,,,,,,,,,,,,,,,,,,,,,,,,,0.08,109,False,,,,,,,,,,,,,,,,,,,,,,,,,,,0.12,0.002,75,0.25,,,,,,,,,,,542,-999917,,
True,False,1.5,12.0,40,1.8,,10,8,300,False,trend_bb_reversion,18,1,0.008,77.92563400050278,31.475045933447966,36,0.001,,,,,,,,,,,,,,,,,,,,,,,,,,,0.04,259,False,,,,,,,,,,,,,,,,,,,,,,,,,,,0.12,0.0005,150,1.0,,,,,,,,,,,543,-999917,,
False,True,5.0,1.7,55,1.5,,20,20,200,False,range_bb_reversion,48,4,0.0,58.153178542910425,28.01994442127322,24,0.0025,,,,,,,,,,,,,,,,,,,,,,,,,,,0.025,574,True,,,,,,,,,,,,,,,,,,,,,,,,,,,0.05,0.002,20,0.5,,,,,,,,,,,544,-999917,,
True,False,1.0,8.0,55,1.8,,30,10,200,True,trend_state_tp,96,8,0.0025,62.464369972287585,30.026887974083476,36,0.01,,,,,,,,,,,,,,,,,,,,,,,,,,,0.01,153,False,,,,,,,,,,,,,,,,,,,,,,,,,,,0.04,0.001,10,1.0,,,,,,,,,,,545,-999918,,
True,False,1.5,1.3,80,2.5,,30,20,100,False,range_bb_reversion,24,1,0.008,74.69652605132725,33.144264750987425,48,0.0005,,,,,,,,,,,,,,,,,,,,,,,,,,,0.025,644,True,,,,,,,,,,,,,,,,,,,,,,,,,,,1.0,0.0,50,0.0,,,,,,,,,,,546,-999918,,
True,False,4.0,1.3,14,1.8,,55,80,300,False,trend_bb_reversion,24,4,0.025,65.9586497166656,22.743008369320577,18,0.005,,,,,,,,,,,,,,,,,,,,,,,,,,,0.025,822,True,,,,,,,,,,,,,,,,,,,,,,,,,,,0.12,0.002,75,0.75,,,,,,,,,,,547,-999918,,
True,True,2.0,6.0,14,2.2,,8,8,150,False,trend_bb_reversion,36,6,0.0025,65.6249131235383,24.428500759802116,24,0.01,,,,,,,,,,,,,,,,,,,,,,,,,,,0.04,417,False,,,,,,,,,,,,,,,,,,,,,,,,,,,0.04,0.0,150,0.0,,,,,,,,,,,548,-999919,,
True,False,4.0,6.0,30,1.5,,16,14,300,False,trend_bb_reversion,18,6,0.0,65.76980003935194,35.55954090455817,24,0.005,,,,,,,,,,,,,,,,,,,,,,,,,,,0.015,444,False,,,,,,,,,,,,,,,,,,,,,,,,,,,0.05,0.0,20,0.5,,,,,,,,,,,549,-999919,,
True,True,3.0,4.0,14,1.8,,8,80,200,False,trend_bb_reversion,18,1,0.025,65.85039644745746,32.13326328688345,6,0.0005,,,,,,,,,,,,,,,,,,,,,,,,,,,0.04,460,False,,,,,,,,,,,,,,,,,,,,,,,,,,,0.05,0.002,150,1.25,,,,,,,,,,,550,-999919,,
True,False,4.0,12.0,20,1.5,,10,80,400,True,trend_state_tp,120,1,0.018,65.687894420901,37.53495841812106,3,0.0,,,,,,,,,,,,,,,,,,,,,,,,,,,0.015,601,False,,,,,,,,,,,,,,,,,,,,,,,,,,,0.03,0.001,20,0.25,,,,,,,,,,,551,-999919,,
True,True,4.0,8.0,55,1.8,,40,14,150,False,trend_bb_reversion,36,3,0.025,68.32960480794121,39.62462032752838,6,0.0005,,,,,,,,,,,,,,,,,,,,,,,,,,,0.006,20,False,,,,,,,,,,,,,,,,,,,,,,,,,,,0.2,0.002,30,1.25,,,,,,,,,,,552,-999920,,
True,False,4.0,2.2,80,2.2,,30,14,80,False,channel_reclaim,14,8,0.008,67.9113150286589,36.216603795946824,36,0.0005,,,,,,,,,,,,,,,,,,,,,,,,,,,0.015,82,False,,,,,,,,,,,,,,,,,,,,,,,,,,,0.05,0.0005,10,0.25,,,,,,,,,,,553,-999920,,
True,False,2.0,12.0,14,2.5,,30,8,50,True,trend_state_tp,8,4,0.0025,74.06228636177222,33.83369673449384,36,0.001,,,,,,,,,,,,,,,,,,,,,,,,,,,0.08,605,False,,,,,,,,,,,,,,,,,,,,,,,,,,,0.03,0.002,100,0.75,,,,,,,,,,,554,-999920,,
True,False,2.5,2.2,40,1.5,,12,50,150,False,trend_bb_reversion,96,6,0.018,65.86935481560633,38.331693851484935,3,0.0,,,,,,,,,,,,,,,,,,,,,,,,,,,0.08,799,False,,,,,,,,,,,,,,,,,,,,,,,,,,,0.12,0.002,50,1.0,,,,,,,,,,,555,-999920,,
False,True,1.5,1.3,14,2.2,,8,50,80,False,range_bb_reversion,18,2,0.008,65.80398595716295,26.67363995683999,24,0.005,,,,,,,,,,,,,,,,,,,,,,,,,,,0.006,111,False,,,,,,,,,,,,,,,,,,,,,,,,,,,0.05,0.0,50,0.0,,,,,,,,,,,556,-999921,,
True,False,4.0,2.2,80,2.5,,10,14,150,False,channel_reclaim,96,2,0.025,72.95930797551226,40.17604267018536,6,0.0005,,,,,,,,,,,,,,,,,,,,,,,,,,,0.015,514,False,,,,,,,,,,,,,,,,,,,,,,,,,,,0.04,0.0005,75,0.5,,,,,,,,,,,557,-999921,,
True,False,1.0,6.0,30,2.2,,8,30,400,True,trend_state_tp,48,3,0.018,77.05796680758779,34.602996336014066,12,0.0005,,,,,,,,,,,,,,,,,,,,,,,,,,,0.04,57,False,,,,,,,,,,,,,,,,,,,,,,,,,,,0.03,0.002,150,0.0,,,,,,,,,,,558,-999922,,
True,False,2.0,1.3,40,1.8,,16,10,150,False,trend_bb_reversion,72,8,0.025,72.73345964630545,35.6800651844492,6,0.0005,,,,,,,,,,,,,,,,,,,,,,,,,,,0.01,415,False,,,,,,,,,,,,,,,,,,,,,,,,,,,0.08,0.0005,10,1.0,,,,,,,,,,,559,-999922,,
True,False,5.0,6.0,14,2.2,,8,50,100,False,range_bb_reversion,36,2,0.008,67.9012111444591,28.61892187055101,3,0.01,,,,,,,,,,,,,,,,,,,,,,,,,,,0.01,736,True,,,,,,,,,,,,,,,,,,,,,,,,,,,0.12,0.0,50,0.0,,,,,,,,,,,560,-999922,,
True,False,2.5,3.0,40,2.0,,16,20,150,False,trend_bb_reversion,120,6,0.0,66.43499040696996,24.01342513277995,18,0.0005,,,,,,,,,,,,,,,,,,,,,,,,,,,0.01,580,False,,,,,,,,,,,,,,,,,,,,,,,,,,,0.12,0.001,100,0.5,,,,,,,,,,,561,-999923,,
True,False,2.5,1.7,30,2.0,,10,14,400,False,trend_bb_reversion,8,4,0.0,64.584615613901,25.47615342288327,18,0.01,,,,,,,,,,,,,,,,,,,,,,,,,,,0.025,811,False,,,,,,,,,,,,,,,,,,,,,,,,,,,1.0,0.0,150,0.25,,,,,,,,,,,562,-999923,,
True,False,2.0,8.0,40,2.5,,10,80,130,True,trend_state_tp,12,4,0.008,72.33575125790978,24.991079449506525,24,0.0025,,,,,,,,,,,,,,,,,,,,,,,,,,,0.01,865,False,,,,,,,,,,,,,,,,,,,,,,,,,,,0.03,0.001,100,0.0,,,,,,,,,,,563,-999923,,
True,True,4.0,8.0,14,2.0,,8,14,200,False,trend_bb_reversion,18,3,0.008,70.34531385739093,35.51202611088808,6,0.0005,,,,,,,,,,,,,,,,,,,,,,,,,,,0.025,1188,False,,,,,,,,,,,,,,,,,,,,,,,,,,,0.03,0.003,10,0.25,,,,,,,,,,,564,-999923,,
True,False,4.0,12.0,80,2.2,,16,8,200,False,trend_reclaim,120,2,0.008,61.71180208498624,36.9598014000105,48,0.01,,,,,,,,,,,,,,,,,,,,,,,,,,,0.015,671,False,,,,,,,,,,,,,,,,,,,,,,,,,,,0.2,0.003,100,0.25,,,,,,,,,,,565,-999924,,
True,False,2.5,6.0,40,1.5,,55,14,100,False,trend_bb_reversion,24,4,0.025,73.97965424902597,36.68625520734471,24,0.01,,,,,,,,,,,,,,,,,,,,,,,,,,,0.08,828,False,,,,,,,,,,,,,,,,,,,,,,,,,,,0.08,0.003,20,1.0,,,,,,,,,,,566,-999924,,
True,True,4.0,6.0,14,2.2,,20,10,400,False,channel_reclaim,120,8,0.018,67.78640096754826,34.627670216017876,24,0.01,,,,,,,,,,,,,,,,,,,,,,,,,,,0.015,834,False,,,,,,,,,,,,,,,,,,,,,,,,,,,0.08,0.001,20,1.25,,,,,,,,,,,567,-999924,,
True,False,2.0,6.0,40,1.5,,12,80,200,False,range_bb_reversion,18,1,0.012,67.38890116724042,36.23079474773742,48,0.0,,,,,,,,,,,,,,,,,,,,,,,,,,,0.01,1084,False,,,,,,,,,,,,,,,,,,,,,,,,,,,0.08,0.002,150,1.5,,,,,,,,,,,568,-999924,,
True,True,1.0,3.0,30,1.8,,12,30,150,False,range_bb_reversion,8,6,0.005,76.9073058838857,29.017906020315188,3,0.0005,,,,,,,,,,,,,,,,,,,,,,,,,,,0.015,1093,False,,,,,,,,,,,,,,,,,,,,,,,,,,,0.04,0.002,150,0.75,,,,,,,,,,,569,-999924,,
True,False,1.5,1.7,30,1.5,,55,20,150,False,range_bb_reversion,72,6,0.018,68.21394567730826,29.489345956575743,6,0.01,,,,,,,,,,,,,,,,,,,,,,,,,,,0.006,117,False,,,,,,,,,,,,,,,,,,,,,,,,,,,0.12,0.003,75,0.0,,,,,,,,,,,570,-999925,,
True,False,2.5,4.0,20,2.5,,12,14,300,False,range_bb_reversion,96,3,0.0025,62.044112100048835,30.05808078235826,48,0.001,,,,,,,,,,,,,,,,,,,,,,,,,,,0.08,122,False,,,,,,,,,,,,,,,,,,,,,,,,,,,0.05,0.0,100,0.25,,,,,,,,,,,571,-999925,,
True,False,1.5,12.0,30,1.5,,8,50,400,False,trend_reclaim,8,4,0.005,59.80562247927784,25.037973910935676,12,0.0025,,,,,,,,,,,,,,,,,,,,,,,,,,,0.01,256,False,,,,,,,,,,,,,,,,,,,,,,,,,,,0.12,0.0,100,0.5,,,,,,,,,,,572,-999925,,
True,True,2.5,4.0,80,1.8,,8,30,150,False,range_bb_reversion,18,6,0.005,67.67000767842075,29.181203752762706,36,0.0,,,,,,,,,,,,,,,,,,,,,,,,,,,0.01,276,True,,,,,,,,,,,,,,,,,,,,,,,,,,,0.05,0.002,75,0.5,,,,,,,,,,,573,-999925,,
True,False,1.5,12.0,40,2.5,,55,14,150,False,range_bb_reversion,24,2,0.012,68.27371561692063,33.57292430460674,24,0.0,,,,,,,,,,,,,,,,,,,,,,,,,,,0.04,522,False,,,,,,,,,,,,,,,,,,,,,,,,,,,0.05,0.003,75,1.0,,,,,,,,,,,574,-999925,,
False,True,1.0,1.3,80,1.8,,16,80,130,False,range_bb_reversion,120,6,0.008,60.59910651634909,26.895745285781558,36,0.001,,,,,,,,,,,,,,,,,,,,,,,,,,,0.08,533,True,,,,,,,,,,,,,,,,,,,,,,,,,,,0.04,0.001,75,1.0,,,,,,,,,,,575,-999925,,
True,True,2.5,1.3,30,2.5,,10,14,100,False,range_bb_reversion,12,6,0.012,70.81502956421815,44.560644235940345,18,0.01,,,,,,,,,,,,,,,,,,,,,,,,,,,0.006,764,False,,,,,,,,,,,,,,,,,,,,,,,,,,,1.0,0.002,50,0.5,,,,,,,,,,,576,-999925,,
True,False,2.5,3.0,40,1.5,,12,14,50,False,channel_reclaim,96,1,0.025,67.0992183632868,26.71361136656913,18,0.005,,,,,,,,,,,,,,,,,,,,,,,,,,,0.025,783,False,,,,,,,,,,,,,,,,,,,,,,,,,,,0.04,0.0,30,0.5,,,,,,,,,,,577,-999925,,
True,False,2.5,3.0,14,1.5,,20,8,50,True,trend_state_tp,72,8,0.018,64.15750572150729,44.525442997826524,3,0.0,,,,,,,,,,,,,,,,,,,,,,,,,,,0.08,47,True,,,,,,,,,,,,,,,,,,,,,,,,,,,0.03,0.0,150,1.25,,,,,,,,,,,578,-999926,,
True,False,1.5,4.0,55,2.5,,12,10,150,False,channel_reclaim,120,1,0.005,64.66597968830361,34.54531903559293,18,0.0025,,,,,,,,,,,,,,,,,,,,,,,,,,,0.025,780,False,,,,,,,,,,,,,,,,,,,,,,,,,,,0.08,0.0005,30,1.5,,,,,,,,,,,579,-999926,,
True,False,1.5,4.0,40,1.5,,10,10,200,False,trend_bb_reversion,18,6,0.008,74.38250250863159,22.68175641267357,36,0.001,,,,,,,,,,,,,,,,,,,,,,,,,,,0.015,937,False,,,,,,,,,,,,,,,,,,,,,,,,,,,0.12,0.0,150,0.25,,,,,,,,,,,580,-999926,,
True,False,3.0,3.0,40,2.0,,30,20,300,False,range_bb_reversion,8,1,0.0025,62.76814086462019,39.03629196116475,36,0.001,,,,,,,,,,,,,,,,,,,,,,,,,,,0.08,1125,False,,,,,,,,,,,,,,,,,,,,,,,,,,,0.03,0.001,10,0.0,,,,,,,,,,,581,-999926,,
True,False,1.0,6.0,14,2.5,,20,14,50,False,channel_reclaim,18,3,0.005,66.33534427330602,24.82489046795956,36,0.005,,,,,,,,,,,,,,,,,,,,,,,,,,,0.01,1128,False,,,,,,,,,,,,,,,,,,,,,,,,,,,0.2,0.001,100,1.25,,,,,,,,,,,582,-999927,,
False,True,1.5,4.0,20,1.5,,12,8,100,False,channel_reclaim,36,6,0.008,77.61087177622016,44.14086312985236,6,0.001,,,,,,,,,,,,,,,,,,,,,,,,,,,0.01,129,False,,,,,,,,,,,,,,,,,,,,,,,,,,,0.12,0.002,75,1.5,,,,,,,,,,,583,-999928,,
True,True,4.0,1.7,55,2.2,,12,50,100,False,range_bb_reversion,48,2,0.0025,74.77047764668481,22.943031289028436,24,0.001,,,,,,,,,,,,,,,,,,,,,,,,,,,0.01,686,False,,,,,,,,,,,,,,,,,,,,,,,,,,,0.05,0.001,100,1.25,,,,,,,,,,,584,-999928,,
True,False,3.0,12.0,55,1.5,,55,10,100,False,trend_reclaim,18,3,0.0025,75.87930070848265,26.68630408399193,48,0.0,,,,,,,,,,,,,,,,,,,,,,,,,,,0.015,707,True,,,,,,,,,,,,,,,,,,,,,,,,,,,0.2,0.0005,150,1.5,,,,,,,,,,,585,-999929,,
True,False,4.0,2.2,80,2.2,,20,8,150,False,range_bb_reversion,8,4,0.018,62.57127618294738,26.464729276280472,48,0.0005,,,,,,,,,,,,,,,,,,,,,,,,,,,0.04,960,False,,,,,,,,,,,,,,,,,,,,,,,,,,,1.0,0.0005,100,0.5,,,,,,,,,,,586,-999929,,
True,False,2.0,1.3,20,1.5,,40,30,150,False,trend_reclaim,18,3,0.008,60.01445324924902,33.061660038139486,24,0.0005,,,,,,,,,,,,,,,,,,,,,,,,,,,0.08,998,False,,,,,,,,,,,,,,,,,,,,,,,,,,,0.08,0.002,150,0.25,,,,,,,,,,,587,-999929,,
True,False,2.5,2.2,30,2.2,,55,14,150,True,trend_state_tp,72,6,0.008,69.90041005273704,36.73817037481353,48,0.005,,,,,,,,,,,,,,,,,,,,,,,,,,,0.015,1063,False,,,,,,,,,,,,,,,,,,,,,,,,,,,0.03,0.0005,10,0.0,,,,,,,,,,,588,-999929,,
True,False,2.0,3.0,80,1.8,,12,30,80,False,channel_reclaim,12,3,0.012,65.11351384762006,37.64624447062181,36,0.0,,,,,,,,,,,,,,,,,,,,,,,,,,,0.015,1089,False,,,,,,,,,,,,,,,,,,,,,,,,,,,0.03,0.003,75,0.0,,,,,,,,,,,589,-999929,,
True,False,1.0,1.7,30,2.5,,40,50,200,True,trend_state_tp,48,3,0.018,67.79753278111473,43.646816646874214,36,0.01,,,,,,,,,,,,,,,,,,,,,,,,,,,0.08,36,False,,,,,,,,,,,,,,,,,,,,,,,,,,,0.04,0.0,75,1.25,,,,,,,,,,,590,-999930,,
True,True,3.0,12.0,40,1.5,,16,8,200,False,channel_reclaim,12,6,0.0,74.2361777876699,36.298756806654644,18,0.01,,,,,,,,,,,,,,,,,,,,,,,,,,,0.04,421,True,,,,,,,,,,,,,,,,,,,,,,,,,,,0.08,0.0,75,1.25,,,,,,,,,,,591,-999930,,
True,False,2.5,2.2,20,1.8,,10,14,300,False,trend_bb_reversion,120,2,0.005,70.98432403326841,25.1147310737052,24,0.0025,,,,,,,,,,,,,,,,,,,,,,,,,,,0.04,499,False,,,,,,,,,,,,,,,,,,,,,,,,,,,0.12,0.002,10,1.25,,,,,,,,,,,592,-999930,,
True,False,3.0,6.0,20,2.0,,30,10,300,True,trend_state_tp,12,4,0.008,61.723357216495955,23.545202628119675,3,0.0005,,,,,,,,,,,,,,,,,,,,,,,,,,,0.006,146,False,,,,,,,,,,,,,,,,,,,,,,,,,,,0.03,0.001,10,0.25,,,,,,,,,,,593,-999931,,
True,False,3.0,3.0,55,1.8,,20,50,300,False,range_bb_reversion,36,3,0.012,69.97735622263129,36.80285527841558,6,0.0005,,,,,,,,,,,,,,,,,,,,,,,,,,,0.015,359,True,,,,,,,,,,,,,,,,,,,,,,,,,,,0.08,0.003,100,0.5,,,,,,,,,,,594,-999931,,
True,False,4.0,1.7,55,2.5,,8,10,200,True,trend_state_tp,24,2,0.0025,66.37834258561973,29.971440467569227,12,0.01,,,,,,,,,,,,,,,,,,,,,,,,,,,0.01,407,False,,,,,,,,,,,,,,,,,,,,,,,,,,,0.05,0.0005,30,0.25,,,,,,,,,,,595,-999932,,
False,True,4.0,12.0,14,1.5,,30,30,150,False,range_bb_reversion,96,6,0.008,74.39144684297786,35.14421318646294,48,0.001,,,,,,,,,,,,,,,,,,,,,,,,,,,0.015,449,False,,,,,,,,,,,,,,,,,,,,,,,,,,,0.12,0.0005,10,0.75,,,,,,,,,,,596,-999932,,
True,True,1.0,1.3,14,1.8,,16,80,300,False,channel_reclaim,36,1,0.012,72.72537026247699,43.184139905762,12,0.0,,,,,,,,,,,,,,,,,,,,,,,,,,,0.025,1086,False,,,,,,,,,,,,,,,,,,,,,,,,,,,0.03,0.002,100,1.0,,,,,,,,,,,597,-999932,,
True,False,5.0,2.2,40,2.0,,10,8,200,False,trend_bb_reversion,48,3,0.012,68.90171233796548,23.163789326454534,24,0.0005,,,,,,,,,,,,,,,,,,,,,,,,,,,0.01,294,False,,,,,,,,,,,,,,,,,,,,,,,,,,,1.0,0.003,150,0.25,,,,,,,,,,,598,-999933,,
True,False,2.0,1.7,14,2.0,,10,50,200,False,trend_bb_reversion,96,2,0.0,70.06404469832059,31.035677214191118,12,0.0025,,,,,,,,,,,,,,,,,,,,,,,,,,,0.01,614,True,,,,,,,,,,,,,,,,,,,,,,,,,,,0.12,0.002,30,1.5,,,,,,,,,,,599,-999933,,
True,True,2.5,6.0,14,1.5,,55,10,50,False,trend_reclaim,72,3,0.0025,65.72637868269982,23.561866661522455,18,0.0005,,,,,,,,,,,,,,,,,,,,,,,,,,,0.025,670,False,,,,,,,,,,,,,,,,,,,,,,,,,,,0.04,0.003,100,0.75,,,,,,,,,,,600,-999933,,
True,True,1.5,2.2,30,1.8,,30,14,50,False,trend_bb_reversion,96,8,0.012,74.94019655915005,27.01714920164718,36,0.0025,,,,,,,,,,,,,,,,,,,,,,,,,,,0.08,1076,False,,,,,,,,,,,,,,,,,,,,,,,,,,,0.04,0.002,30,0.0,,,,,,,,,,,601,-999933,,
True,True,3.0,6.0,20,1.8,,40,50,100,False,channel_reclaim,96,2,0.0025,58.83473227597467,34.40919014429325,48,0.0025,,,,,,,,,,,,,,,,,,,,,,,,,,,0.006,173,True,,,,,,,,,,,,,,,,,,,,,,,,,,,0.03,0.001,50,0.25,,,,,,,,,,,602,-999934,,
False,True,2.5,8.0,55,2.5,,10,20,100,False,trend_reclaim,48,2,0.008,71.34361117122604,27.665805987496878,36,0.005,,,,,,,,,,,,,,,,,,,,,,,,,,,0.006,380,False,,,,,,,,,,,,,,,,,,,,,,,,,,,0.12,0.001,75,0.0,,,,,,,,,,,603,-999934,,
True,False,1.0,2.2,20,1.5,,20,14,400,False,trend_reclaim,8,3,0.005,77.11115861889553,30.291178802985932,48,0.0025,,,,,,,,,,,,,,,,,,,,,,,,,,,0.08,73,False,,,,,,,,,,,,,,,,,,,,,,,,,,,0.05,0.002,75,0.25,,,,,,,,,,,604,-999935,,
True,False,3.0,6.0,55,1.8,,20,14,80,False,trend_bb_reversion,8,4,0.005,62.892019711523204,33.322144109794905,18,0.0,,,,,,,,,,,,,,,,,,,,,,,,,,,0.01,267,False,,,,,,,,,,,,,,,,,,,,,,,,,,,1.0,0.0,10,0.25,,,,,,,,,,,605,-999935,,
True,False,4.0,12.0,20,1.5,,10,10,50,False,channel_reclaim,36,3,0.025,64.01817499683436,42.00861777104013,6,0.001,,,,,,,,,,,,,,,,,,,,,,,,,,,0.006,562,False,,,,,,,,,,,,,,,,,,,,,,,,,,,0.2,0.001,20,1.5,,,,,,,,,,,606,-999935,,
True,False,2.0,3.0,40,2.2,,8,30,50,False,trend_bb_reversion,36,1,0.005,58.03061353933557,39.58201639162887,36,0.001,,,,,,,,,,,,,,,,,,,,,,,,,,,0.01,598,False,,,,,,,,,,,,,,,,,,,,,,,,,,,0.2,0.0,75,1.25,,,,,,,,,,,607,-999935,,
True,False,3.0,12.0,80,2.2,,30,50,300,False,trend_bb_reversion,120,1,0.018,59.859836508656684,30.771077716424152,36,0.0005,,,,,,,,,,,,,,,,,,,,,,,,,,,0.025,752,False,,,,,,,,,,,,,,,,,,,,,,,,,,,0.2,0.0,75,0.5,,,,,,,,,,,608,-999935,,
True,False,1.0,1.7,40,2.0,,10,80,400,False,trend_bb_reversion,48,6,0.018,58.32421623225249,33.3318535121562,18,0.005,,,,,,,,,,,,,,,,,,,,,,,,,,,0.006,15,False,,,,,,,,,,,,,,,,,,,,,,,,,,,0.08,0.003,150,0.75,,,,,,,,,,,609,-999936,,
True,True,3.0,4.0,80,1.8,,30,14,400,False,range_bb_reversion,72,1,0.0,62.226347763960604,31.43589922859209,12,0.001,,,,,,,,,,,,,,,,,,,,,,,,,,,0.025,48,False,,,,,,,,,,,,,,,,,,,,,,,,,,,0.05,0.0005,100,1.5,,,,,,,,,,,610,-999936,,
True,False,5.0,6.0,14,1.5,,30,50,400,True,trend_state_tp,24,2,0.018,69.85683567683229,30.10804202672526,24,0.0025,,,,,,,,,,,,,,,,,,,,,,,,,,,0.025,151,False,,,,,,,,,,,,,,,,,,,,,,,,,,,0.03,0.001,50,0.0,,,,,,,,,,,611,-999936,,
True,False,5.0,4.0,40,2.0,,16,80,130,False,trend_bb_reversion,24,8,0.012,74.12499728520064,24.545105349718547,24,0.005,,,,,,,,,,,,,,,,,,,,,,,,,,,0.006,233,False,,,,,,,,,,,,,,,,,,,,,,,,,,,1.0,0.002,20,0.75,,,,,,,,,,,612,-999936,,
True,False,2.0,1.7,55,1.5,,30,80,300,True,trend_state_tp,48,4,0.0025,67.56734487064223,31.777986311393114,24,0.0025,,,,,,,,,,,,,,,,,,,,,,,,,,,0.04,691,False,,,,,,,,,,,,,,,,,,,,,,,,,,,0.03,0.001,50,0.0,,,,,,,,,,,613,-999936,,
True,False,4.0,3.0,20,2.2,,16,20,200,False,range_bb_reversion,72,6,0.008,65.49642473769097,44.3973976872231,12,0.0005,,,,,,,,,,,,,,,,,,,,,,,,,,,0.025,793,False,,,,,,,,,,,,,,,,,,,,,,,,,,,0.04,0.003,150,0.25,,,,,,,,,,,614,-999936,,
True,False,2.0,1.7,80,2.2,,10,20,200,False,trend_bb_reversion,24,2,0.005,65.91895662408827,34.31786719164195,24,0.0,,,,,,,,,,,,,,,,,,,,,,,,,,,0.006,816,False,,,,,,,,,,,,,,,,,,,,,,,,,,,1.0,0.003,20,0.25,,,,,,,,,,,615,-999936,,
True,False,5.0,2.2,20,1.5,,16,8,400,False,range_bb_reversion,96,6,0.012,75.84925018768487,44.10124586997208,36,0.005,,,,,,,,,,,,,,,,,,,,,,,,,,,0.006,825,False,,,,,,,,,,,,,,,,,,,,,,,,,,,0.12,0.0005,10,0.75,,,,,,,,,,,616,-999936,,
True,False,1.0,6.0,20,2.0,,55,30,150,False,range_bb_reversion,120,6,0.0,60.748939566888694,24.615835303866753,12,0.001,,,,,,,,,,,,,,,,,,,,,,,,,,,0.015,866,False,,,,,,,,,,,,,,,,,,,,,,,,,,,0.12,0.001,75,0.5,,,,,,,,,,,617,-999936,,
True,False,2.0,1.3,14,1.5,,30,20,80,True,trend_state_tp,24,6,0.018,69.49645294572586,38.557186313673974,18,0.001,,,,,,,,,,,,,,,,,,,,,,,,,,,0.006,883,False,,,,,,,,,,,,,,,,,,,,,,,,,,,0.03,0.0,75,1.25,,,,,,,,,,,618,-999936,,
True,True,4.0,4.0,80,1.5,,20,14,150,False,trend_reclaim,8,2,0.012,58.88937777385792,28.414130247685517,12,0.0,,,,,,,,,,,,,,,,,,,,,,,,,,,0.08,913,True,,,,,,,,,,,,,,,,,,,,,,,,,,,0.08,0.0,20,0.5,,,,,,,,,,,619,-999936,,
True,True,1.0,3.0,80,2.2,,30,30,50,False,range_bb_reversion,24,1,0.012,68.29540185440561,43.725966167181994,3,0.01,,,,,,,,,,,,,,,,,,,,,,,,,,,0.08,205,True,,,,,,,,,,,,,,,,,,,,,,,,,,,0.03,0.002,75,1.5,,,,,,,,,,,620,-999937,,
True,False,5.0,1.7,40,2.2,,40,80,150,False,channel_reclaim,120,3,0.012,69.78560217908249,43.974085349193146,36,0.0025,,,,,,,,,,,,,,,,,,,,,,,,,,,0.025,423,False,,,,,,,,,,,,,,,,,,,,,,,,,,,0.05,0.0005,100,0.25,,,,,,,,,,,621,-999937,,
True,True,2.5,4.0,14,1.5,,55,50,300,False,channel_reclaim,12,1,0.0025,65.60404187516376,36.38799943565491,24,0.0025,,,,,,,,,,,,,,,,,,,,,,,,,,,0.006,500,False,,,,,,,,,,,,,,,,,,,,,,,,,,,0.04,0.003,75,0.25,,,,,,,,,,,622,-999937,,
True,False,2.0,12.0,55,2.5,,20,10,300,False,range_bb_reversion,120,6,0.0,66.01007177070036,44.07661759946154,6,0.01,,,,,,,,,,,,,,,,,,,,,,,,,,,0.08,556,False,,,,,,,,,,,,,,,,,,,,,,,,,,,0.05,0.0005,10,1.5,,,,,,,,,,,623,-999937,,
True,False,5.0,6.0,55,1.8,,55,30,300,False,range_bb_reversion,48,1,0.0025,67.47158980811251,43.5746865141562,24,0.01,,,,,,,,,,,,,,,,,,,,,,,,,,,0.015,189,False,,,,,,,,,,,,,,,,,,,,,,,,,,,0.12,0.002,30,0.0,,,,,,,,,,,624,-999938,,
True,False,1.0,4.0,80,1.8,,16,80,130,False,range_bb_reversion,120,3,0.0025,74.22603296030526,38.630824625138594,6,0.005,,,,,,,,,,,,,,,,,,,,,,,,,,,0.04,536,False,,,,,,,,,,,,,,,,,,,,,,,,,,,0.03,0.001,150,1.0,,,,,,,,,,,625,-999938,,
True,False,4.0,1.3,80,1.8,,20,8,300,False,channel_reclaim,18,1,0.005,77.74936169259333,30.037586310406667,48,0.0,,,,,,,,,,,,,,,,,,,,,,,,,,,0.015,568,False,,,,,,,,,,,,,,,,,,,,,,,,,,,0.05,0.0005,50,1.0,,,,,,,,,,,626,-999938,,
True,False,2.0,12.0,20,2.0,,16,30,150,False,trend_bb_reversion,48,6,0.008,60.69697043854327,24.87176071875773,3,0.0,,,,,,,,,,,,,,,,,,,,,,,,,,,0.025,128,False,,,,,,,,,,,,,,,,,,,,,,,,,,,1.0,0.0005,10,1.25,,,,,,,,,,,627,-999939,,
True,False,5.0,6.0,20,2.0,,10,50,200,False,trend_bb_reversion,120,3,0.012,76.60452873260633,33.58628987121199,24,0.001,,,,,,,,,,,,,,,,,,,,,,,,,,,0.006,273,False,,,,,,,,,,,,,,,,,,,,,,,,,,,0.08,0.0,30,1.5,,,,,,,,,,,628,-999939,,
True,False,2.5,8.0,80,1.8,,10,20,150,False,range_bb_reversion,48,6,0.025,75.80197335019682,42.912948590366305,12,0.001,,,,,,,,,,,,,,,,,,,,,,,,,,,0.025,344,False,,,,,,,,,,,,,,,,,,,,,,,,,,,0.05,0.0005,30,1.5,,,,,,,,,,,629,-999939,,
True,False,2.5,1.3,80,1.5,,16,14,300,False,trend_bb_reversion,18,4,0.0025,62.93273550120481,43.35435699087323,6,0.001,,,,,,,,,,,,,,,,,,,,,,,,,,,0.025,590,False,,,,,,,,,,,,,,,,,,,,,,,,,,,0.12,0.003,100,0.25,,,,,,,,,,,630,-999939,,
True,False,1.5,6.0,20,2.0,,12,20,200,False,range_bb_reversion,18,8,0.018,59.32148998316442,29.458218759567032,12,0.005,,,,,,,,,,,,,,,,,,,,,,,,,,,0.08,665,False,,,,,,,,,,,,,,,,,,,,,,,,,,,0.03,0.002,20,0.25,,,,,,,,,,,631,-999939,,
True,False,2.0,4.0,80,1.8,,8,50,80,False,trend_reclaim,72,1,0.0,62.463850734259054,40.02679901850696,24,0.0,,,,,,,,,,,,,,,,,,,,,,,,,,,0.04,787,False,,,,,,,,,,,,,,,,,,,,,,,,,,,0.12,0.001,150,1.0,,,,,,,,,,,632,-999939,,
True,False,4.0,1.7,80,2.2,,40,14,100,False,trend_reclaim,12,6,0.008,64.95036382723211,27.244042368635153,12,0.005,,,,,,,,,,,,,,,,,,,,,,,,,,,0.01,920,False,,,,,,,,,,,,,,,,,,,,,,,,,,,0.08,0.002,75,0.25,,,,,,,,,,,633,-999939,,
True,False,2.0,8.0,20,1.8,,16,8,100,False,channel_reclaim,96,8,0.0025,77.96695759502823,35.86552503766903,24,0.001,,,,,,,,,,,,,,,,,,,,,,,,,,,0.015,1081,False,,,,,,,,,,,,,,,,,,,,,,,,,,,0.04,0.0,20,0.5,,,,,,,,,,,634,-999939,,
True,False,1.0,2.2,14,2.0,,40,50,400,False,range_bb_reversion,72,8,0.008,76.82086947032779,28.798424006255626,48,0.0025,,,,,,,,,,,,,,,,,,,,,,,,,,,0.025,34,False,,,,,,,,,,,,,,,,,,,,,,,,,,,0.08,0.0,10,1.0,,,,,,,,,,,635,-999940,,
True,False,3.0,4.0,20,2.5,,12,20,100,False,trend_bb_reversion,72,6,0.0,71.31858552430567,23.481257992567397,48,0.0005,,,,,,,,,,,,,,,,,,,,,,,,,,,0.04,183,True,,,,,,,,,,,,,,,,,,,,,,,,,,,0.12,0.0005,100,1.25,,,,,,,,,,,636,-999940,,
True,True,2.5,12.0,55,2.2,,20,30,300,False,range_bb_reversion,72,3,0.0025,77.41026530490564,37.328673440239314,6,0.0005,,,,,,,,,,,,,,,,,,,,,,,,,,,0.01,74,False,,,,,,,,,,,,,,,,,,,,,,,,,,,1.0,0.002,150,0.75,,,,,,,,,,,637,-999941,,
True,True,5.0,1.3,14,2.2,,40,50,400,False,range_bb_reversion,24,6,0.005,61.63218707984112,34.28792712701253,3,0.005,,,,,,,,,,,,,,,,,,,,,,,,,,,0.01,524,False,,,,,,,,,,,,,,,,,,,,,,,,,,,0.12,0.002,10,0.5,,,,,,,,,,,638,-999941,,
True,False,2.0,1.3,80,1.8,,40,20,200,False,channel_reclaim,120,6,0.018,72.7954561428398,34.09460096997044,24,0.0005,,,,,,,,,,,,,,,,,,,,,,,,,,,0.025,791,False,,,,,,,,,,,,,,,,,,,,,,,,,,,0.2,0.003,50,1.5,,,,,,,,,,,639,-999941,,
True,False,4.0,1.7,55,1.5,,10,30,100,False,trend_bb_reversion,12,4,0.0,67.62390463862387,40.69839911058864,24,0.005,,,,,,,,,,,,,,,,,,,,,,,,,,,0.006,987,False,,,,,,,,,,,,,,,,,,,,,,,,,,,0.05,0.001,10,0.5,,,,,,,,,,,640,-999941,,
True,False,1.0,3.0,55,2.2,,20,30,300,False,trend_bb_reversion,36,4,0.008,72.84367615817828,34.99999027413253,12,0.0025,,,,,,,,,,,,,,,,,,,,,,,,,,,0.04,1017,False,,,,,,,,,,,,,,,,,,,,,,,,,,,0.08,0.002,10,0.75,,,,,,,,,,,641,-999941,,
True,True,2.5,6.0,30,2.0,,10,30,50,False,trend_bb_reversion,120,3,0.018,67.95022953509343,27.28407147116077,48,0.0025,,,,,,,,,,,,,,,,,,,,,,,,,,,0.025,69,False,,,,,,,,,,,,,,,,,,,,,,,,,,,0.03,0.001,10,0.25,,,,,,,,,,,642,-999942,,
True,True,2.5,8.0,80,1.8,,12,30,100,False,trend_reclaim,36,1,0.0,72.25621115326798,31.713936518691227,24,0.01,,,,,,,,,,,,,,,,,,,,,,,,,,,0.015,662,False,,,,,,,,,,,,,,,,,,,,,,,,,,,0.08,0.003,50,1.25,,,,,,,,,,,643,-999942,,
False,True,2.5,4.0,14,2.0,,40,8,400,False,range_bb_reversion,120,2,0.012,73.83778874077693,38.677536009863886,48,0.001,,,,,,,,,,,,,,,,,,,,,,,,,,,0.08,852,False,,,,,,,,,,,,,,,,,,,,,,,,,,,0.05,0.002,30,1.5,,,,,,,,,,,644,-999942,,
True,False,2.5,1.3,30,1.8,,30,10,150,False,range_bb_reversion,18,4,0.018,63.807632289289614,29.131953300639,24,0.005,,,,,,,,,,,,,,,,,,,,,,,,,,,0.01,197,False,,,,,,,,,,,,,,,,,,,,,,,,,,,0.12,0.002,100,0.75,,,,,,,,,,,645,-999943,,
True,False,2.5,12.0,40,2.5,,8,14,80,False,range_bb_reversion,120,1,0.018,75.33519374132298,43.52943347774156,48,0.001,,,,,,,,,,,,,,,,,,,,,,,,,,,0.08,203,False,,,,,,,,,,,,,,,,,,,,,,,,,,,0.04,0.0005,150,1.25,,,,,,,,,,,646,-999943,,
True,False,1.0,2.2,14,2.5,,8,50,200,False,trend_bb_reversion,18,2,0.0025,74.55333130972862,24.9187504011238,36,0.01,,,,,,,,,,,,,,,,,,,,,,,,,,,0.01,360,False,,,,,,,,,,,,,,,,,,,,,,,,,,,0.2,0.0005,100,1.5,,,,,,,,,,,647,-999943,,
True,False,1.0,6.0,14,2.2,,10,10,300,False,channel_reclaim,48,6,0.018,69.8356397578152,40.64018788831388,6,0.0025,,,,,,,,,,,,,,,,,,,,,,,,,,,0.04,518,False,,,,,,,,,,,,,,,,,,,,,,,,,,,0.08,0.003,50,1.25,,,,,,,,,,,648,-999943,,
True,True,1.0,12.0,40,2.5,,40,8,150,False,channel_reclaim,48,1,0.0,76.59769466514734,43.162889367935335,12,0.0005,,,,,,,,,,,,,,,,,,,,,,,,,,,0.01,528,False,,,,,,,,,,,,,,,,,,,,,,,,,,,0.05,0.001,50,1.25,,,,,,,,,,,649,-999943,,
True,False,5.0,3.0,14,2.2,,40,14,300,False,trend_reclaim,48,8,0.012,70.79163464583328,36.81998684285469,6,0.001,,,,,,,,,,,,,,,,,,,,,,,,,,,0.01,878,False,,,,,,,,,,,,,,,,,,,,,,,,,,,0.2,0.001,20,0.5,,,,,,,,,,,650,-999943,,
True,False,1.0,1.7,20,2.2,,40,20,80,False,channel_reclaim,12,4,0.018,67.01569997895007,26.258166168844426,36,0.01,,,,,,,,,,,,,,,,,,,,,,,,,,,0.01,956,True,,,,,,,,,,,,,,,,,,,,,,,,,,,0.12,0.0005,50,1.0,,,,,,,,,,,651,-999943,,
True,False,2.0,1.7,14,2.5,,12,50,80,False,trend_reclaim,72,6,0.005,58.33192090754836,44.19694058062018,6,0.0005,,,,,,,,,,,,,,,,,,,,,,,,,,,0.006,1027,False,,,,,,,,,,,,,,,,,,,,,,,,,,,0.2,0.001,50,0.25,,,,,,,,,,,652,-999943,,
True,False,2.0,6.0,14,2.2,,30,50,400,False,range_bb_reversion,24,1,0.012,70.8710386584172,42.273775857933714,3,0.0,,,,,,,,,,,,,,,,,,,,,,,,,,,0.015,487,False,,,,,,,,,,,,,,,,,,,,,,,,,,,0.2,0.0005,75,0.0,,,,,,,,,,,653,-999944,,
True,True,5.0,3.0,40,1.8,,12,20,150,False,trend_bb_reversion,24,3,0.0025,75.23662637455196,41.412351156394124,18,0.005,,,,,,,,,,,,,,,,,,,,,,,,,,,0.015,632,False,,,,,,,,,,,,,,,,,,,,,,,,,,,0.04,0.001,20,0.5,,,,,,,,,,,654,-999944,,
True,False,4.0,3.0,40,2.2,,12,20,100,False,trend_reclaim,36,1,0.005,66.49338585642937,32.849515309463655,24,0.0,,,,,,,,,,,,,,,,,,,,,,,,,,,0.08,784,False,,,,,,,,,,,,,,,,,,,,,,,,,,,1.0,0.001,30,1.5,,,,,,,,,,,655,-999944,,
True,True,1.0,3.0,80,1.8,,12,10,300,False,range_bb_reversion,24,4,0.0025,77.24466273391728,44.41203623413328,6,0.0005,,,,,,,,,,,,,,,,,,,,,,,,,,,0.015,1003,False,,,,,,,,,,,,,,,,,,,,,,,,,,,0.05,0.0,150,0.5,,,,,,,,,,,656,-999944,,
False,True,2.5,6.0,30,1.5,,40,20,100,False,trend_reclaim,96,3,0.0,58.54620161684623,34.93127495894285,12,0.0025,,,,,,,,,,,,,,,,,,,,,,,,,,,0.01,302,False,,,,,,,,,,,,,,,,,,,,,,,,,,,0.12,0.003,20,1.5,,,,,,,,,,,657,-999945,,
True,True,1.0,2.2,40,2.5,,55,8,300,False,trend_bb_reversion,36,1,0.025,65.43657164711199,32.245469577017985,6,0.001,,,,,,,,,,,,,,,,,,,,,,,,,,,0.006,416,False,,,,,,,,,,,,,,,,,,,,,,,,,,,0.05,0.0,30,1.5,,,,,,,,,,,658,-999945,,
True,False,1.0,2.2,80,1.5,,55,50,200,False,range_bb_reversion,48,8,0.0,60.80974565788503,32.86855955170849,24,0.0025,,,,,,,,,,,,,,,,,,,,,,,,,,,0.006,869,False,,,,,,,,,,,,,,,,,,,,,,,,,,,0.08,0.002,20,0.5,,,,,,,,,,,659,-999945,,
True,True,5.0,6.0,40,2.5,,16,80,400,False,trend_reclaim,120,6,0.0,68.4829764196876,32.92628939022359,36,0.0,,,,,,,,,,,,,,,,,,,,,,,,,,,0.025,979,False,,,,,,,,,,,,,,,,,,,,,,,,,,,0.04,0.0,50,0.75,,,,,,,,,,,660,-999945,,
True,False,2.5,1.7,40,1.8,,55,30,100,False,trend_reclaim,14,8,0.0,69.9883354259143,36.12962290385505,24,0.0005,,,,,,,,,,,,,,,,,,,,,,,,,,,0.025,989,False,,,,,,,,,,,,,,,,,,,,,,,,,,,1.0,0.002,75,1.5,,,,,,,,,,,661,-999945,,
True,False,5.0,6.0,80,2.0,,10,80,150,True,trend_state_tp,36,8,0.0,67.23983457389433,42.690051445821034,48,0.0005,,,,,,,,,,,,,,,,,,,,,,,,,,,0.015,352,False,,,,,,,,,,,,,,,,,,,,,,,,,,,0.03,0.001,30,1.0,,,,,,,,,,,662,-999946,,
True,False,1.5,12.0,80,1.8,,16,14,150,False,trend_reclaim,120,2,0.0025,61.735372441986186,41.90961512479659,24,0.005,,,,,,,,,,,,,,,,,,,,,,,,,,,0.025,741,False,,,,,,,,,,,,,,,,,,,,,,,,,,,1.0,0.001,75,1.5,,,,,,,,,,,663,-999946,,
True,False,3.0,12.0,30,1.5,,20,80,300,False,trend_bb_reversion,24,8,0.012,59.13450927744191,38.72417144542688,24,0.0005,,,,,,,,,,,,,,,,,,,,,,,,,,,0.04,812,False,,,,,,,,,,,,,,,,,,,,,,,,,,,0.04,0.001,20,1.0,,,,,,,,,,,664,-999946,,
True,False,4.0,1.7,55,1.8,,10,50,80,False,channel_reclaim,72,4,0.025,76.65199744889567,36.6228415068881,36,0.0005,,,,,,,,,,,,,,,,,,,,,,,,,,,0.01,846,False,,,,,,,,,,,,,,,,,,,,,,,,,,,0.04,0.001,30,1.25,,,,,,,,,,,665,-999946,,
True,True,4.0,1.3,80,1.8,,55,30,200,False,trend_bb_reversion,12,8,0.012,77.0680207040571,44.21469634890748,48,0.01,,,,,,,,,,,,,,,,,,,,,,,,,,,0.01,867,False,,,,,,,,,,,,,,,,,,,,,,,,,,,0.05,0.001,150,0.25,,,,,,,,,,,666,-999946,,
True,False,1.0,1.7,30,1.5,,10,10,150,True,trend_state_tp,18,6,0.0025,66.84512990886215,24.49886958737029,18,0.001,,,,,,,,,,,,,,,,,,,,,,,,,,,0.015,903,False,,,,,,,,,,,,,,,,,,,,,,,,,,,0.03,0.003,20,1.5,,,,,,,,,,,667,-999946,,
True,False,2.0,8.0,40,2.2,,8,8,400,True,trend_state_tp,8,3,0.012,77.28088510163049,36.909933995874916,24,0.01,,,,,,,,,,,,,,,,,,,,,,,,,,,0.025,1059,False,,,,,,,,,,,,,,,,,,,,,,,,,,,0.05,0.002,50,1.5,,,,,,,,,,,668,-999946,,
True,False,1.5,4.0,30,1.8,,10,14,50,False,trend_reclaim,18,8,0.0025,76.31763038253175,43.47023682467297,6,0.001,,,,,,,,,,,,,,,,,,,,,,,,,,,0.08,1088,False,,,,,,,,,,,,,,,,,,,,,,,,,,,1.0,0.001,75,1.5,,,,,,,,,,,669,-999946,,
True,False,1.5,8.0,55,2.2,,40,50,150,False,channel_reclaim,72,6,0.008,66.10429577821886,22.182961013127894,18,0.0,,,,,,,,,,,,,,,,,,,,,,,,,,,0.01,41,False,,,,,,,,,,,,,,,,,,,,,,,,,,,1.0,0.0005,20,1.5,,,,,,,,,,,670,-999947,,
True,True,2.5,8.0,55,2.2,,16,14,100,False,range_bb_reversion,18,4,0.0025,75.56367088811365,30.598667325280058,48,0.0025,,,,,,,,,,,,,,,,,,,,,,,,,,,0.025,94,False,,,,,,,,,,,,,,,,,,,,,,,,,,,0.03,0.0005,30,0.75,,,,,,,,,,,671,-999947,,
True,False,3.0,3.0,30,2.2,,10,50,100,False,trend_bb_reversion,72,2,0.012,72.50869530641579,39.87674826811558,3,0.001,,,,,,,,,,,,,,,,,,,,,,,,,,,0.01,196,False,,,,,,,,,,,,,,,,,,,,,,,,,,,0.2,0.002,150,0.25,,,,,,,,,,,672,-999947,,
True,False,4.0,4.0,20,1.8,,30,30,50,False,trend_bb_reversion,8,3,0.025,67.0097351140709,34.65866020085333,24,0.0005,,,,,,,,,,,,,,,,,,,,,,,,,,,0.08,510,False,,,,,,,,,,,,,,,,,,,,,,,,,,,0.04,0.0005,50,1.0,,,,,,,,,,,673,-999947,,
True,False,2.0,12.0,20,2.0,,40,8,150,False,channel_reclaim,24,3,0.018,59.30969092534682,35.611819754226936,36,0.0025,,,,,,,,,,,,,,,,,,,,,,,,,,,0.025,753,False,,,,,,,,,,,,,,,,,,,,,,,,,,,1.0,0.001,150,1.0,,,,,,,,,,,674,-999947,,
True,True,1.0,3.0,40,2.5,,40,80,200,False,range_bb_reversion,36,4,0.025,72.23073783751734,25.75906578168116,6,0.005,,,,,,,,,,,,,,,,,,,,,,,,,,,0.01,1037,False,,,,,,,,,,,,,,,,,,,,,,,,,,,0.05,0.001,50,0.25,,,,,,,,,,,675,-999947,,
True,False,5.0,4.0,80,2.0,,55,14,200,False,channel_reclaim,96,3,0.018,68.75791131535415,32.101146516147004,24,0.001,,,,,,,,,,,,,,,,,,,,,,,,,,,0.006,108,False,,,,,,,,,,,,,,,,,,,,,,,,,,,0.08,0.001,10,0.75,,,,,,,,,,,676,-999948,,
True,False,5.0,3.0,30,1.8,,55,10,200,False,trend_reclaim,48,3,0.0025,58.07197686521483,36.7832438939896,48,0.01,,,,,,,,,,,,,,,,,,,,,,,,,,,0.025,172,False,,,,,,,,,,,,,,,,,,,,,,,,,,,0.12,0.001,150,1.5,,,,,,,,,,,677,-999948,,
True,False,4.0,4.0,30,2.0,,10,80,130,True,trend_state_tp,48,3,0.0025,73.94834041902138,43.34969457307655,48,0.005,,,,,,,,,,,,,,,,,,,,,,,,,,,0.08,471,False,,,,,,,,,,,,,,,,,,,,,,,,,,,0.03,0.002,10,1.5,,,,,,,,,,,678,-999948,,
True,False,4.0,6.0,20,2.2,,55,14,300,False,range_bb_reversion,14,8,0.0025,65.07635292755668,44.030564630719496,36,0.0025,,,,,,,,,,,,,,,,,,,,,,,,,,,0.01,585,False,,,,,,,,,,,,,,,,,,,,,,,,,,,0.12,0.0005,75,0.75,,,,,,,,,,,679,-999948,,
True,False,2.5,2.2,80,2.2,,55,30,300,False,range_bb_reversion,24,1,0.0025,65.630980973128,23.733243444093393,6,0.005,,,,,,,,,,,,,,,,,,,,,,,,,,,0.08,701,False,,,,,,,,,,,,,,,,,,,,,,,,,,,0.04,0.0,10,0.5,,,,,,,,,,,680,-999948,,
True,False,2.5,1.7,14,1.8,,12,50,400,True,trend_state_tp,120,8,0.0,76.76611504070127,25.454173051223005,24,0.0,,,,,,,,,,,,,,,,,,,,,,,,,,,0.08,889,False,,,,,,,,,,,,,,,,,,,,,,,,,,,0.03,0.0005,30,1.0,,,,,,,,,,,681,-999948,,
True,False,1.0,1.3,55,2.5,,20,14,150,False,range_bb_reversion,120,2,0.005,74.40400562296577,33.24601011394449,3,0.005,,,,,,,,,,,,,,,,,,,,,,,,,,,0.025,1143,False,,,,,,,,,,,,,,,,,,,,,,,,,,,0.05,0.003,150,0.5,,,,,,,,,,,682,-999948,,
True,False,4.0,6.0,80,1.8,,55,30,100,True,trend_state_tp,18,6,0.025,65.95037412693131,25.351504096047275,24,0.0025,,,,,,,,,,,,,,,,,,,,,,,,,,,0.08,169,False,,,,,,,,,,,,,,,,,,,,,,,,,,,0.03,0.0005,100,1.25,,,,,,,,,,,683,-999949,,
True,False,1.0,12.0,14,1.5,,12,10,400,False,range_bb_reversion,12,4,0.0,71.3582125472781,26.60034527096046,18,0.0005,,,,,,,,,,,,,,,,,,,,,,,,,,,0.025,322,False,,,,,,,,,,,,,,,,,,,,,,,,,,,0.05,0.001,10,0.75,,,,,,,,,,,684,-999949,,
True,True,5.0,12.0,20,2.5,,12,14,80,False,range_bb_reversion,96,8,0.018,76.3125640041606,36.10382271515476,48,0.001,,,,,,,,,,,,,,,,,,,,,,,,,,,0.006,440,False,,,,,,,,,,,,,,,,,,,,,,,,,,,0.08,0.0005,150,1.25,,,,,,,,,,,685,-999949,,
True,True,2.0,6.0,55,2.2,,55,10,200,False,range_bb_reversion,72,8,0.012,59.527985237510144,26.880702653280284,12,0.0,,,,,,,,,,,,,,,,,,,,,,,,,,,0.006,541,False,,,,,,,,,,,,,,,,,,,,,,,,,,,1.0,0.003,30,1.25,,,,,,,,,,,686,-999949,,
True,False,3.0,2.2,20,2.5,,16,14,200,False,channel_reclaim,24,6,0.0025,58.8434123743064,27.357702154321302,18,0.01,,,,,,,,,,,,,,,,,,,,,,,,,,,0.01,880,False,,,,,,,,,,,,,,,,,,,,,,,,,,,0.2,0.001,50,1.5,,,,,,,,,,,687,-999949,,
True,True,3.0,2.2,20,2.5,,40,10,300,False,range_bb_reversion,12,3,0.008,63.31805714135076,31.21925517036496,6,0.0005,,,,,,,,,,,,,,,,,,,,,,,,,,,0.01,896,False,,,,,,,,,,,,,,,,,,,,,,,,,,,0.08,0.001,50,0.5,,,,,,,,,,,688,-999949,,
True,False,4.0,6.0,14,2.0,,12,10,150,False,range_bb_reversion,96,8,0.005,68.82552457518602,28.72005739560124,6,0.0,,,,,,,,,,,,,,,,,,,,,,,,,,,0.025,127,False,,,,,,,,,,,,,,,,,,,,,,,,,,,0.05,0.001,30,0.0,,,,,,,,,,,689,-999950,,
True,True,1.0,12.0,20,2.2,,12,50,150,False,trend_reclaim,48,3,0.0,66.8919891923411,44.031383904109866,24,0.0,,,,,,,,,,,,,,,,,,,,,,,,,,,0.015,506,False,,,,,,,,,,,,,,,,,,,,,,,,,,,0.05,0.0,75,1.5,,,,,,,,,,,690,-999950,,
True,False,2.5,8.0,40,2.2,,8,30,80,False,range_bb_reversion,96,8,0.012,62.65886378537225,26.89082798078186,12,0.0025,,,,,,,,,,,,,,,,,,,,,,,,,,,0.006,627,False,,,,,,,,,,,,,,,,,,,,,,,,,,,0.12,0.002,100,1.0,,,,,,,,,,,691,-999950,,
True,True,1.5,4.0,40,2.5,,55,10,100,False,range_bb_reversion,36,6,0.0025,62.82636452110765,37.57577167493528,48,0.0,,,,,,,,,,,,,,,,,,,,,,,,,,,0.01,723,False,,,,,,,,,,,,,,,,,,,,,,,,,,,0.04,0.002,150,0.25,,,,,,,,,,,692,-999950,,
True,False,2.0,12.0,20,1.5,,16,50,300,False,trend_bb_reversion,24,4,0.0,65.09340618095601,44.42778046062371,48,0.0025,,,,,,,,,,,,,,,,,,,,,,,,,,,0.01,963,False,,,,,,,,,,,,,,,,,,,,,,,,,,,0.03,0.0,30,0.0,,,,,,,,,,,693,-999950,,
True,False,2.5,1.3,14,2.2,,10,10,200,False,range_bb_reversion,18,1,0.025,68.0326921201563,24.64211694205373,6,0.0025,,,,,,,,,,,,,,,,,,,,,,,,,,,0.08,1098,False,,,,,,,,,,,,,,,,,,,,,,,,,,,0.04,0.0005,75,1.0,,,,,,,,,,,694,-999950,,
True,False,5.0,1.7,80,1.5,,10,30,300,False,range_bb_reversion,72,2,0.025,61.64619258633451,37.953249179003535,24,0.0005,,,,,,,,,,,,,,,,,,,,,,,,,,,0.006,178,False,,,,,,,,,,,,,,,,,,,,,,,,,,,1.0,0.0005,50,0.0,,,,,,,,,,,695,-999951,,
True,False,1.5,1.7,80,1.5,,12,50,100,False,trend_reclaim,48,6,0.0025,62.412823538753024,41.80366171070212,12,0.0,,,,,,,,,,,,,,,,,,,,,,,,,,,0.08,200,False,,,,,,,,,,,,,,,,,,,,,,,,,,,0.05,0.0005,30,0.25,,,,,,,,,,,696,-999951,,
True,False,3.0,2.2,55,2.5,,16,30,300,False,range_bb_reversion,48,3,0.012,60.25283434673422,31.72358043929781,24,0.005,,,,,,,,,,,,,,,,,,,,,,,,,,,0.08,240,False,,,,,,,,,,,,,,,,,,,,,,,,,,,0.04,0.0,50,1.5,,,,,,,,,,,697,-999951,,
True,False,1.5,6.0,14,1.8,,10,20,50,False,trend_bb_reversion,18,4,0.018,68.29834539689416,30.244739076806013,6,0.005,,,,,,,,,,,,,,,,,,,,,,,,,,,0.08,672,True,,,,,,,,,,,,,,,,,,,,,,,,,,,0.12,0.0,50,0.25,,,,,,,,,,,698,-999951,,
True,True,4.0,3.0,30,2.5,,10,80,150,False,range_bb_reversion,72,3,0.0025,77.96652880524367,37.59311041894885,24,0.0,,,,,,,,,,,,,,,,,,,,,,,,,,,0.01,1160,False,,,,,,,,,,,,,,,,,,,,,,,,,,,0.04,0.002,100,1.5,,,,,,,,,,,699,-999951,,
True,True,1.5,1.7,20,2.5,,30,30,80,False,range_bb_reversion,36,2,0.018,72.01096311510841,34.5174447726543,18,0.001,,,,,,,,,,,,,,,,,,,,,,,,,,,0.01,441,False,,,,,,,,,,,,,,,,,,,,,,,,,,,0.03,0.0,30,1.25,,,,,,,,,,,700,-999952,,
True,False,2.0,12.0,55,2.2,,30,10,200,False,channel_reclaim,24,6,0.018,67.46793451810171,23.903831943177178,48,0.0005,,,,,,,,,,,,,,,,,,,,,,,,,,,0.015,513,False,,,,,,,,,,,,,,,,,,,,,,,,,,,0.05,0.002,30,1.0,,,,,,,,,,,701,-999952,,
True,True,2.5,4.0,55,1.5,,20,50,80,False,trend_reclaim,12,2,0.005,67.71364238327362,24.16335921667115,12,0.0005,,,,,,,,,,,,,,,,,,,,,,,,,,,0.015,708,False,,,,,,,,,,,,,,,,,,,,,,,,,,,0.05,0.0005,20,0.5,,,,,,,,,,,702,-999952,,
True,False,2.0,4.0,55,2.5,,55,50,200,False,trend_reclaim,12,3,0.012,58.73611566872874,27.729570757798246,12,0.0,,,,,,,,,,,,,,,,,,,,,,,,,,,0.006,740,False,,,,,,,,,,,,,,,,,,,,,,,,,,,1.0,0.0,100,0.0,,,,,,,,,,,703,-999952,,
True,False,5.0,12.0,55,2.5,,30,14,150,False,trend_reclaim,18,4,0.0025,65.54229633509848,25.726980864797046,18,0.005,,,,,,,,,,,,,,,,,,,,,,,,,,,0.015,774,True,,,,,,,,,,,,,,,,,,,,,,,,,,,0.05,0.001,30,0.75,,,,,,,,,,,704,-999952,,
True,False,4.0,3.0,55,2.0,,10,8,100,False,range_bb_reversion,24,1,0.0025,67.64129352625923,22.609672528015484,18,0.01,,,,,,,,,,,,,,,,,,,,,,,,,,,0.025,797,True,,,,,,,,,,,,,,,,,,,,,,,,,,,0.12,0.003,30,0.5,,,,,,,,,,,705,-999952,,
True,True,3.0,3.0,14,2.2,,30,8,80,False,channel_reclaim,12,4,0.025,70.18227182611415,39.23742070252586,48,0.005,,,,,,,,,,,,,,,,,,,,,,,,,,,0.08,991,False,,,,,,,,,,,,,,,,,,,,,,,,,,,0.12,0.0005,150,1.5,,,,,,,,,,,706,-999952,,
True,True,1.0,12.0,80,2.5,,12,20,50,False,trend_reclaim,12,1,0.012,62.568031641157596,43.18203983453534,36,0.0005,,,,,,,,,,,,,,,,,,,,,,,,,,,0.025,1145,False,,,,,,,,,,,,,,,,,,,,,,,,,,,0.2,0.001,100,1.25,,,,,,,,,,,707,-999952,,
True,False,4.0,1.3,80,2.5,,12,14,100,False,range_bb_reversion,12,4,0.025,73.8726595404102,22.53853403817679,3,0.005,,,,,,,,,,,,,,,,,,,,,,,,,,,0.08,9,False,,,,,,,,,,,,,,,,,,,,,,,,,,,0.05,0.002,20,0.0,,,,,,,,,,,708,-999953,,
True,False,2.5,12.0,20,1.5,,30,8,100,False,trend_bb_reversion,12,1,0.008,71.46120507660399,34.99146798197887,24,0.0005,,,,,,,,,,,,,,,,,,,,,,,,,,,0.08,130,True,,,,,,,,,,,,,,,,,,,,,,,,,,,0.03,0.0,100,0.0,,,,,,,,,,,709,-999953,,
True,True,3.0,8.0,30,2.5,,8,50,300,False,range_bb_reversion,8,6,0.0,71.9123536674293,24.55277477589897,18,0.0025,,,,,,,,,,,,,,,,,,,,,,,,,,,0.025,498,False,,,,,,,,,,,,,,,,,,,,,,,,,,,0.04,0.0,20,1.25,,,,,,,,,,,710,-999953,,
True,False,4.0,6.0,40,2.0,,8,20,100,False,trend_bb_reversion,120,1,0.008,73.57481445079969,27.095905962793616,3,0.0,,,,,,,,,,,,,,,,,,,,,,,,,,,0.015,1155,True,,,,,,,,,,,,,,,,,,,,,,,,,,,0.2,0.001,10,0.5,,,,,,,,,,,711,-999953,,
True,True,1.0,1.3,55,1.5,,20,50,400,False,trend_reclaim,18,8,0.012,70.36205996715698,40.57887389413434,36,0.005,,,,,,,,,,,,,,,,,,,,,,,,,,,0.015,248,False,,,,,,,,,,,,,,,,,,,,,,,,,,,0.08,0.003,75,0.0,,,,,,,,,,,712,-999954,,
True,False,1.5,4.0,80,2.2,,12,50,300,True,trend_state_tp,72,3,0.008,62.94771269184245,24.670495957260282,12,0.005,,,,,,,,,,,,,,,,,,,,,,,,,,,0.01,575,False,,,,,,,,,,,,,,,,,,,,,,,,,,,0.04,0.002,20,1.0,,,,,,,,,,,713,-999954,,
True,True,3.0,1.3,40,1.5,,10,30,300,False,trend_bb_reversion,120,4,0.025,77.13048838789206,32.64280851678519,36,0.01,,,,,,,,,,,,,,,,,,,,,,,,,,,0.025,600,False,,,,,,,,,,,,,,,,,,,,,,,,,,,0.2,0.003,50,1.5,,,,,,,,,,,714,-999954,,
True,False,2.5,1.3,55,2.5,,30,50,400,True,trend_state_tp,8,4,0.008,67.12952768692983,38.481681808665265,3,0.0005,,,,,,,,,,,,,,,,,,,,,,,,,,,0.025,700,True,,,,,,,,,,,,,,,,,,,,,,,,,,,0.03,0.001,10,0.75,,,,,,,,,,,715,-999954,,
True,True,5.0,3.0,55,1.5,,40,20,150,False,trend_bb_reversion,24,6,0.008,75.81116145436916,35.76717336389885,36,0.0,,,,,,,,,,,,,,,,,,,,,,,,,,,0.006,966,False,,,,,,,,,,,,,,,,,,,,,,,,,,,0.04,0.002,50,1.0,,,,,,,,,,,716,-999954,,
True,False,2.5,12.0,80,2.2,,16,8,150,False,channel_reclaim,36,6,0.025,64.21197185096123,43.65806570502429,48,0.0,,,,,,,,,,,,,,,,,,,,,,,,,,,0.04,1152,False,,,,,,,,,,,,,,,,,,,,,,,,,,,0.05,0.0005,10,1.25,,,,,,,,,,,717,-999954,,
True,False,1.5,8.0,30,2.2,,20,10,300,False,range_bb_reversion,120,2,0.005,72.85175249088253,25.131543225718104,18,0.0025,,,,,,,,,,,,,,,,,,,,,,,,,,,0.025,105,False,,,,,,,,,,,,,,,,,,,,,,,,,,,0.08,0.0,30,0.5,,,,,,,,,,,718,-999955,,
True,False,1.5,2.2,30,2.0,,20,20,200,False,trend_bb_reversion,8,4,0.005,69.69075291187168,32.16038108822859,3,0.0025,,,,,,,,,,,,,,,,,,,,,,,,,,,0.04,207,False,,,,,,,,,,,,,,,,,,,,,,,,,,,0.2,0.002,100,0.25,,,,,,,,,,,719,-999955,,
True,False,4.0,1.7,14,2.5,,40,10,150,False,trend_reclaim,18,3,0.012,68.92965959965734,26.52768107079234,3,0.001,,,,,,,,,,,,,,,,,,,,,,,,,,,0.08,254,False,,,,,,,,,,,,,,,,,,,,,,,,,,,0.12,0.002,150,0.25,,,,,,,,,,,720,-999955,,
True,False,2.5,12.0,80,2.2,,30,14,50,False,range_bb_reversion,96,6,0.0,61.91334482490157,28.886056977021752,12,0.0,,,,,,,,,,,,,,,,,,,,,,,,,,,0.015,315,False,,,,,,,,,,,,,,,,,,,,,,,,,,,0.05,0.0005,150,0.0,,,,,,,,,,,721,-999955,,
True,True,3.0,1.3,20,1.5,,8,80,300,False,range_bb_reversion,24,6,0.005,77.00613408611169,28.666308428314018,36,0.001,,,,,,,,,,,,,,,,,,,,,,,,,,,0.01,579,False,,,,,,,,,,,,,,,,,,,,,,,,,,,0.04,0.002,20,0.75,,,,,,,,,,,722,-999955,,
True,False,2.5,3.0,40,1.5,,20,8,100,False,range_bb_reversion,120,1,0.012,63.52009646306144,28.887037800582956,24,0.005,,,,,,,,,,,,,,,,,,,,,,,,,,,0.006,615,True,,,,,,,,,,,,,,,,,,,,,,,,,,,1.0,0.002,30,1.0,,,,,,,,,,,723,-999955,,
True,False,1.0,3.0,80,2.0,,20,14,150,False,trend_bb_reversion,72,1,0.005,61.119936439725365,31.361906443025678,12,0.0,,,,,,,,,,,,,,,,,,,,,,,,,,,0.01,850,False,,,,,,,,,,,,,,,,,,,,,,,,,,,0.2,0.0,100,0.25,,,,,,,,,,,724,-999955,,
True,False,5.0,12.0,55,1.8,,30,30,150,True,trend_state_tp,36,1,0.018,60.752467405723266,27.719095547277025,6,0.005,,,,,,,,,,,,,,,,,,,,,,,,,,,0.08,856,False,,,,,,,,,,,,,,,,,,,,,,,,,,,0.05,0.002,150,1.5,,,,,,,,,,,725,-999955,,
True,True,1.0,1.7,80,2.2,,20,10,200,False,range_bb_reversion,12,2,0.0,73.06725136850197,37.56573517260633,18,0.0,,,,,,,,,,,,,,,,,,,,,,,,,,,0.015,1032,False,,,,,,,,,,,,,,,,,,,,,,,,,,,0.05,0.0,30,0.0,,,,,,,,,,,726,-999955,,
True,False,2.5,1.3,14,1.5,,16,8,400,False,range_bb_reversion,24,3,0.005,72.8673171852508,34.31256942701269,36,0.0025,,,,,,,,,,,,,,,,,,,,,,,,,,,0.04,1186,False,,,,,,,,,,,,,,,,,,,,,,,,,,,0.03,0.003,50,1.25,,,,,,,,,,,727,-999955,,
True,False,4.0,1.7,30,2.0,,8,10,150,False,trend_bb_reversion,72,8,0.025,70.81742972052355,30.95237061093764,12,0.0025,,,,,,,,,,,,,,,,,,,,,,,,,,,0.04,147,False,,,,,,,,,,,,,,,,,,,,,,,,,,,0.05,0.003,50,0.75,,,,,,,,,,,728,-999956,,
True,True,5.0,4.0,80,1.5,,16,14,150,False,range_bb_reversion,48,3,0.008,62.09589508514083,41.735765812173526,48,0.001,,,,,,,,,,,,,,,,,,,,,,,,,,,0.01,285,False,,,,,,,,,,,,,,,,,,,,,,,,,,,0.05,0.0005,100,1.5,,,,,,,,,,,729,-999956,,
True,False,3.0,1.3,40,2.5,,55,14,300,False,trend_bb_reversion,120,4,0.008,68.24781599436427,43.40719857891366,6,0.001,,,,,,,,,,,,,,,,,,,,,,,,,,,0.08,388,False,,,,,,,,,,,,,,,,,,,,,,,,,,,0.08,0.0005,20,1.5,,,,,,,,,,,730,-999956,,
True,False,1.5,8.0,80,2.5,,10,80,400,False,trend_bb_reversion,12,2,0.0,70.60373948007742,25.51361648511187,12,0.001,,,,,,,,,,,,,,,,,,,,,,,,,,,0.08,508,False,,,,,,,,,,,,,,,,,,,,,,,,,,,0.2,0.003,50,0.0,,,,,,,,,,,731,-999956,,
True,False,3.0,3.0,80,1.8,,20,30,150,False,trend_bb_reversion,48,3,0.008,69.59567078049771,23.036831090766086,48,0.001,,,,,,,,,,,,,,,,,,,,,,,,,,,0.015,569,False,,,,,,,,,,,,,,,,,,,,,,,,,,,1.0,0.002,50,0.0,,,,,,,,,,,732,-999956,,
True,True,1.5,1.7,14,1.5,,40,8,300,False,channel_reclaim,96,4,0.012,63.888332636160364,25.74305267307548,48,0.001,,,,,,,,,,,,,,,,,,,,,,,,,,,0.015,1008,True,,,,,,,,,,,,,,,,,,,,,,,,,,,0.03,0.002,75,0.75,,,,,,,,,,,733,-999956,,
True,False,5.0,3.0,20,1.5,,10,14,300,False,range_bb_reversion,36,8,0.0025,59.35857342048848,33.01167850770001,24,0.0025,,,,,,,,,,,,,,,,,,,,,,,,,,,0.015,1171,True,,,,,,,,,,,,,,,,,,,,,,,,,,,0.04,0.003,30,0.75,,,,,,,,,,,734,-999956,,
True,False,4.0,3.0,80,1.5,,16,80,200,True,trend_state_tp,72,8,0.025,63.328210765921895,22.062885410571145,12,0.001,,,,,,,,,,,,,,,,,,,,,,,,,,,0.04,70,True,,,,,,,,,,,,,,,,,,,,,,,,,,,0.03,0.0,100,1.0,,,,,,,,,,,735,-999957,,
True,False,2.0,8.0,30,1.5,,55,14,400,False,trend_bb_reversion,36,2,0.012,69.72294180965054,27.832301397840247,18,0.01,,,,,,,,,,,,,,,,,,,,,,,,,,,0.006,450,False,,,,,,,,,,,,,,,,,,,,,,,,,,,0.08,0.001,30,0.75,,,,,,,,,,,736,-999957,,
True,False,1.5,6.0,20,2.2,,20,20,50,False,trend_reclaim,36,4,0.0025,71.79009422004727,38.4669841298524,6,0.0025,,,,,,,,,,,,,,,,,,,,,,,,,,,0.015,649,False,,,,,,,,,,,,,,,,,,,,,,,,,,,0.2,0.002,30,1.0,,,,,,,,,,,737,-999957,,
True,True,2.5,1.3,55,1.5,,55,20,200,False,trend_reclaim,12,1,0.005,71.35716984633987,34.871134812290144,36,0.0,,,,,,,,,,,,,,,,,,,,,,,,,,,0.006,706,False,,,,,,,,,,,,,,,,,,,,,,,,,,,0.04,0.0,75,1.0,,,,,,,,,,,738,-999957,,
True,True,3.0,8.0,80,2.0,,55,80,300,False,trend_reclaim,120,2,0.0,58.6243878732011,40.86961547333767,3,0.0,,,,,,,,,,,,,,,,,,,,,,,,,,,0.04,955,False,,,,,,,,,,,,,,,,,,,,,,,,,,,0.04,0.003,30,1.25,,,,,,,,,,,739,-999957,,
True,False,3.0,3.0,80,1.5,,8,14,400,False,trend_reclaim,8,1,0.012,73.63732406663276,25.251709128235547,24,0.005,,,,,,,,,,,,,,,,,,,,,,,,,,,0.025,52,True,,,,,,,,,,,,,,,,,,,,,,,,,,,1.0,0.0,100,1.0,,,,,,,,,,,740,-999958,,
True,False,1.5,3.0,20,1.8,,8,8,150,False,trend_reclaim,120,8,0.005,70.624916204993,30.919714039803345,24,0.0025,,,,,,,,,,,,,,,,,,,,,,,,,,,0.08,246,False,,,,,,,,,,,,,,,,,,,,,,,,,,,0.12,0.002,75,1.5,,,,,,,,,,,741,-999958,,
True,False,1.5,1.3,14,1.5,,10,80,400,False,range_bb_reversion,12,8,0.008,72.81893101250586,23.476764526233957,18,0.001,,,,,,,,,,,,,,,,,,,,,,,,,,,0.015,318,False,,,,,,,,,,,,,,,,,,,,,,,,,,,0.08,0.001,30,0.0,,,,,,,,,,,742,-999958,,
True,False,1.5,3.0,14,2.0,,55,80,150,False,trend_reclaim,48,8,0.005,72.44304748190577,34.03374967346541,24,0.0005,,,,,,,,,,,,,,,,,,,,,,,,,,,0.01,596,False,,,,,,,,,,,,,,,,,,,,,,,,,,,0.08,0.0005,10,0.5,,,,,,,,,,,743,-999958,,
True,False,1.0,3.0,55,2.0,,16,30,200,False,range_bb_reversion,36,3,0.025,61.445535777115985,31.402701218505797,48,0.001,,,,,,,,,,,,,,,,,,,,,,,,,,,0.006,646,False,,,,,,,,,,,,,,,,,,,,,,,,,,,0.08,0.0,150,0.25,,,,,,,,,,,744,-999958,,
True,False,4.0,8.0,20,1.5,,40,20,100,False,channel_reclaim,24,1,0.0025,63.89048320055427,25.760285611801343,6,0.001,,,,,,,,,,,,,,,,,,,,,,,,,,,0.006,468,False,,,,,,,,,,,,,,,,,,,,,,,,,,,1.0,0.003,100,0.5,,,,,,,,,,,745,-999959,,
True,False,3.0,8.0,14,2.2,,30,50,300,False,channel_reclaim,18,2,0.0,77.62303111995037,23.1514989118514,12,0.0,,,,,,,,,,,,,,,,,,,,,,,,,,,0.01,1142,False,,,,,,,,,,,,,,,,,,,,,,,,,,,0.08,0.0,75,1.5,,,,,,,,,,,746,-999959,,
True,False,2.0,4.0,55,1.5,,20,80,300,False,trend_reclaim,12,4,0.0,70.70570202658648,31.427059072479928,36,0.005,,,,,,,,,,,,,,,,,,,,,,,,,,,0.015,93,False,,,,,,,,,,,,,,,,,,,,,,,,,,,0.12,0.003,50,1.25,,,,,,,,,,,747,-999960,,
True,False,1.5,4.0,80,1.5,,30,80,200,False,channel_reclaim,24,8,0.008,62.160102148521325,28.565635648154977,36,0.0005,,,,,,,,,,,,,,,,,,,,,,,,,,,0.025,227,False,,,,,,,,,,,,,,,,,,,,,,,,,,,0.03,0.0005,50,0.0,,,,,,,,,,,748,-999960,,
True,False,4.0,1.3,20,2.0,,20,30,300,False,trend_bb_reversion,96,3,0.0,66.99210587287023,37.971981406875855,6,0.0,,,,,,,,,,,,,,,,,,,,,,,,,,,0.04,231,False,,,,,,,,,,,,,,,,,,,,,,,,,,,0.03,0.002,50,0.25,,,,,,,,,,,749,-999960,,
True,True,1.5,1.7,55,2.0,,12,50,100,False,trend_reclaim,72,3,0.008,70.60687552743977,27.465697368672526,48,0.01,,,,,,,,,,,,,,,,,,,,,,,,,,,0.015,486,True,,,,,,,,,,,,,,,,,,,,,,,,,,,1.0,0.0,150,1.5,,,,,,,,,,,750,-999960,,
True,False,2.0,6.0,14,2.0,,40,8,150,True,trend_state_tp,18,6,0.008,63.441792318388,29.2805156582402,24,0.005,,,,,,,,,,,,,,,,,,,,,,,,,,,0.006,1095,True,,,,,,,,,,,,,,,,,,,,,,,,,,,0.03,0.003,100,0.75,,,,,,,,,,,751,-999960,,
False,True,2.5,1.7,55,1.5,,55,8,400,False,trend_bb_reversion,18,4,0.0,74.75157814315763,33.22759158648127,18,0.0,,,,,,,,,,,,,,,,,,,,,,,,,,,0.08,116,False,,,,,,,,,,,,,,,,,,,,,,,,,,,0.2,0.0,100,1.25,,,,,,,,,,,752,-999961,,
True,False,4.0,1.3,40,2.2,,40,50,300,False,trend_reclaim,120,3,0.0,63.67386643634777,28.799242636132007,24,0.0025,,,,,,,,,,,,,,,,,,,,,,,,,,,0.015,154,False,,,,,,,,,,,,,,,,,,,,,,,,,,,0.04,0.003,100,0.25,,,,,,,,,,,753,-999961,,
True,False,2.0,2.2,30,1.8,,20,20,300,False,range_bb_reversion,18,1,0.0,67.12016363344468,32.706523743088546,3,0.0005,,,,,,,,,,,,,,,,,,,,,,,,,,,0.025,827,False,,,,,,,,,,,,,,,,,,,,,,,,,,,0.03,0.001,100,0.0,,,,,,,,,,,754,-999961,,
True,False,1.0,1.3,80,2.0,,40,8,80,False,range_bb_reversion,48,8,0.005,62.82280956632135,26.736010331912386,48,0.005,,,,,,,,,,,,,,,,,,,,,,,,,,,0.025,121,False,,,,,,,,,,,,,,,,,,,,,,,,,,,0.05,0.002,10,1.25,,,,,,,,,,,755,-999962,,
True,False,5.0,2.2,80,1.5,,16,10,200,False,channel_reclaim,36,2,0.012,67.0997468409286,43.86648628048618,48,0.0005,,,,,,,,,,,,,,,,,,,,,,,,,,,0.025,364,False,,,,,,,,,,,,,,,,,,,,,,,,,,,0.03,0.0005,10,0.0,,,,,,,,,,,756,-999962,,
True,False,2.5,2.2,55,2.5,,10,20,300,False,channel_reclaim,96,1,0.0,63.75198361126439,32.693553199220084,12,0.005,,,,,,,,,,,,,,,,,,,,,,,,,,,0.015,478,False,,,,,,,,,,,,,,,,,,,,,,,,,,,0.08,0.0005,10,1.5,,,,,,,,,,,757,-999962,,
True,False,2.0,2.2,40,2.0,,20,8,100,False,range_bb_reversion,120,3,0.025,66.57836288465249,28.509949108747023,48,0.0,,,,,,,,,,,,,,,,,,,,,,,,,,,0.015,542,False,,,,,,,,,,,,,,,,,,,,,,,,,,,0.04,0.0005,75,0.0,,,,,,,,,,,758,-999962,,
True,False,2.5,4.0,55,2.0,,55,8,80,False,range_bb_reversion,72,6,0.008,67.830588342985,30.464690103918663,12,0.0005,,,,,,,,,,,,,,,,,,,,,,,,,,,0.025,599,False,,,,,,,,,,,,,,,,,,,,,,,,,,,0.03,0.002,20,0.5,,,,,,,,,,,759,-999962,,
True,False,1.5,8.0,80,1.8,,55,20,150,False,range_bb_reversion,12,1,0.018,72.05571486418263,39.14371884104089,12,0.0,,,,,,,,,,,,,,,,,,,,,,,,,,,0.015,1067,False,,,,,,,,,,,,,,,,,,,,,,,,,,,0.04,0.002,20,1.25,,,,,,,,,,,760,-999962,,
True,False,2.5,6.0,80,1.5,,12,80,150,False,channel_reclaim,96,2,0.0,58.816314621801865,24.364918936034208,36,0.0,,,,,,,,,,,,,,,,,,,,,,,,,,,0.08,260,False,,,,,,,,,,,,,,,,,,,,,,,,,,,0.03,0.001,20,0.75,,,,,,,,,,,761,-999963,,
False,True,4.0,1.7,80,2.5,,10,10,400,False,trend_bb_reversion,48,6,0.018,76.88740114849604,44.70143865687065,48,0.0005,,,,,,,,,,,,,,,,,,,,,,,,,,,0.04,354,True,,,,,,,,,,,,,,,,,,,,,,,,,,,0.2,0.0005,100,0.75,,,,,,,,,,,762,-999963,,
True,False,2.0,4.0,20,1.8,,10,20,400,False,trend_bb_reversion,18,6,0.008,68.30475068146646,34.62038379496769,36,0.005,,,,,,,,,,,,,,,,,,,,,,,,,,,0.08,427,False,,,,,,,,,,,,,,,,,,,,,,,,,,,0.04,0.003,150,0.75,,,,,,,,,,,763,-999963,,
True,False,2.0,4.0,40,2.0,,20,80,130,False,trend_bb_reversion,18,1,0.005,63.017866157698506,38.56679958041921,12,0.01,,,,,,,,,,,,,,,,,,,,,,,,,,,0.025,492,False,,,,,,,,,,,,,,,,,,,,,,,,,,,1.0,0.0,20,0.5,,,,,,,,,,,764,-999963,,
True,False,1.0,8.0,30,2.0,,55,80,300,False,channel_reclaim,120,1,0.0025,76.23914369270612,33.69791398102757,6,0.001,,,,,,,,,,,,,,,,,,,,,,,,,,,0.025,667,False,,,,,,,,,,,,,,,,,,,,,,,,,,,0.12,0.0005,100,1.0,,,,,,,,,,,765,-999963,,
True,True,2.5,12.0,55,2.0,,30,80,130,False,trend_reclaim,18,4,0.0025,64.4004113897252,35.32608091023301,36,0.01,,,,,,,,,,,,,,,,,,,,,,,,,,,0.015,768,False,,,,,,,,,,,,,,,,,,,,,,,,,,,0.05,0.003,30,0.0,,,,,,,,,,,766,-999963,,
True,False,2.0,6.0,55,2.5,,8,14,150,False,trend_bb_reversion,18,8,0.018,71.61254536932381,30.583280318477488,6,0.0005,,,,,,,,,,,,,,,,,,,,,,,,,,,0.08,910,False,,,,,,,,,,,,,,,,,,,,,,,,,,,0.12,0.001,100,0.25,,,,,,,,,,,767,-999963,,
True,True,5.0,1.3,55,2.5,,55,20,100,False,range_bb_reversion,48,4,0.012,58.379025857673255,26.90215944071956,3,0.0,,,,,,,,,,,,,,,,,,,,,,,,,,,0.006,925,False,,,,,,,,,,,,,,,,,,,,,,,,,,,0.05,0.001,20,0.0,,,,,,,,,,,768,-999963,,
True,False,5.0,6.0,40,2.2,,55,20,200,False,channel_reclaim,18,4,0.0,70.4841921390383,25.890739241649985,24,0.0025,,,,,,,,,,,,,,,,,,,,,,,,,,,0.015,934,False,,,,,,,,,,,,,,,,,,,,,,,,,,,0.05,0.0,100,0.0,,,,,,,,,,,769,-999963,,
True,False,1.0,1.7,20,2.2,,30,14,300,False,range_bb_reversion,24,4,0.005,69.76790694006247,24.52993110817244,48,0.0,,,,,,,,,,,,,,,,,,,,,,,,,,,0.025,988,False,,,,,,,,,,,,,,,,,,,,,,,,,,,0.2,0.0,50,1.25,,,,,,,,,,,770,-999963,,
True,False,4.0,4.0,30,1.8,,20,20,100,False,channel_reclaim,48,1,0.012,62.62636409799287,44.30413563979023,18,0.0005,,,,,,,,,,,,,,,,,,,,,,,,,,,0.04,1057,False,,,,,,,,,,,,,,,,,,,,,,,,,,,0.04,0.0,50,1.25,,,,,,,,,,,771,-999963,,
True,False,4.0,3.0,40,2.0,,16,20,50,False,trend_bb_reversion,48,2,0.012,58.70922125148988,34.17324489091246,24,0.0025,,,,,,,,,,,,,,,,,,,,,,,,,,,0.08,157,False,,,,,,,,,,,,,,,,,,,,,,,,,,,0.04,0.0,100,0.5,,,,,,,,,,,772,-999964,,
True,False,2.0,2.2,14,2.2,,16,10,400,False,range_bb_reversion,36,3,0.005,77.4375095327249,43.50012018931937,24,0.001,,,,,,,,,,,,,,,,,,,,,,,,,,,0.015,301,False,,,,,,,,,,,,,,,,,,,,,,,,,,,1.0,0.003,20,1.5,,,,,,,,,,,773,-999964,,
True,False,5.0,4.0,80,2.5,,10,10,50,False,trend_reclaim,8,3,0.012,76.54695385476911,41.52509974175031,3,0.001,,,,,,,,,,,,,,,,,,,,,,,,,,,0.015,376,False,,,,,,,,,,,,,,,,,,,,,,,,,,,1.0,0.0005,50,1.0,,,,,,,,,,,774,-999964,,
True,False,5.0,3.0,40,2.5,,40,50,200,False,range_bb_reversion,8,6,0.008,71.40901409167735,41.33173571314191,6,0.005,,,,,,,,,,,,,,,,,,,,,,,,,,,0.01,443,False,,,,,,,,,,,,,,,,,,,,,,,,,,,0.2,0.003,100,1.25,,,,,,,,,,,775,-999964,,
True,True,1.0,1.3,20,1.5,,40,30,100,False,channel_reclaim,36,3,0.005,63.09051010584114,35.185814674413535,12,0.005,,,,,,,,,,,,,,,,,,,,,,,,,,,0.04,739,False,,,,,,,,,,,,,,,,,,,,,,,,,,,0.05,0.002,75,0.25,,,,,,,,,,,776,-999964,,
True,False,3.0,1.3,14,1.5,,30,30,50,False,channel_reclaim,72,6,0.005,69.72839801948223,39.260253764072914,6,0.0005,,,,,,,,,,,,,,,,,,,,,,,,,,,0.01,901,False,,,,,,,,,,,,,,,,,,,,,,,,,,,0.2,0.003,100,0.5,,,,,,,,,,,777,-999964,,
True,True,3.0,8.0,40,1.8,,55,8,50,False,trend_bb_reversion,48,6,0.005,61.01749612084644,27.299382943482012,48,0.0025,,,,,,,,,,,,,,,,,,,,,,,,,,,0.01,932,False,,,,,,,,,,,,,,,,,,,,,,,,,,,0.04,0.0,10,0.5,,,,,,,,,,,778,-999964,,
True,False,2.0,6.0,40,1.8,,8,80,150,False,trend_reclaim,36,2,0.005,71.3139099000902,27.84995522474639,24,0.01,,,,,,,,,,,,,,,,,,,,,,,,,,,0.01,104,False,,,,,,,,,,,,,,,,,,,,,,,,,,,1.0,0.0,150,0.25,,,,,,,,,,,779,-999965,,
False,True,4.0,8.0,30,1.8,,10,8,300,False,trend_bb_reversion,72,2,0.0025,67.40993394234991,29.058298697169295,6,0.0005,,,,,,,,,,,,,,,,,,,,,,,,,,,0.006,755,False,,,,,,,,,,,,,,,,,,,,,,,,,,,0.04,0.002,50,1.25,,,,,,,,,,,780,-999965,,
True,False,2.5,1.7,30,1.8,,55,10,300,False,trend_reclaim,120,6,0.008,65.47761850656731,24.18247460821445,3,0.0005,,,,,,,,,,,,,,,,,,,,,,,,,,,0.08,847,False,,,,,,,,,,,,,,,,,,,,,,,,,,,0.12,0.002,100,1.25,,,,,,,,,,,781,-999965,,
True,False,5.0,3.0,14,1.5,,8,80,300,False,trend_reclaim,48,1,0.005,60.81785879980016,22.76635998442815,12,0.0025,,,,,,,,,,,,,,,,,,,,,,,,,,,0.025,6,False,,,,,,,,,,,,,,,,,,,,,,,,,,,0.12,0.003,10,0.75,,,,,,,,,,,782,-999966,,
False,True,5.0,1.7,55,2.5,,30,50,100,False,range_bb_reversion,8,3,0.012,58.6322333519343,35.94846648536396,48,0.001,,,,,,,,,,,,,,,,,,,,,,,,,,,0.006,252,False,,,,,,,,,,,,,,,,,,,,,,,,,,,0.05,0.001,10,1.0,,,,,,,,,,,783,-999966,,
True,False,3.0,3.0,30,1.8,,30,8,80,False,trend_reclaim,120,6,0.008,72.5254207343377,39.59664834505262,36,0.0,,,,,,,,,,,,,,,,,,,,,,,,,,,0.006,439,False,,,,,,,,,,,,,,,,,,,,,,,,,,,1.0,0.001,50,1.5,,,,,,,,,,,784,-999966,,
True,False,2.5,2.2,20,1.8,,12,80,200,False,range_bb_reversion,120,2,0.008,60.66449464329777,27.37697554496725,18,0.005,,,,,,,,,,,,,,,,,,,,,,,,,,,0.025,560,False,,,,,,,,,,,,,,,,,,,,,,,,,,,0.03,0.0,30,1.25,,,,,,,,,,,785,-999966,,
True,False,4.0,12.0,30,2.0,,10,30,300,False,channel_reclaim,120,8,0.012,73.86263517338013,27.20346002468508,48,0.0,,,,,,,,,,,,,,,,,,,,,,,,,,,0.015,660,False,,,,,,,,,,,,,,,,,,,,,,,,,,,0.03,0.001,20,0.0,,,,,,,,,,,786,-999966,,
True,False,3.0,6.0,40,2.5,,8,14,100,False,trend_bb_reversion,36,8,0.012,73.7023368955022,34.814607324993055,6,0.001,,,,,,,,,,,,,,,,,,,,,,,,,,,0.025,719,False,,,,,,,,,,,,,,,,,,,,,,,,,,,0.12,0.0005,50,0.5,,,,,,,,,,,787,-999966,,
True,False,2.0,1.3,40,1.5,,16,30,300,False,trend_bb_reversion,12,1,0.025,77.18523837057677,34.52861991253377,48,0.005,,,,,,,,,,,,,,,,,,,,,,,,,,,0.015,876,False,,,,,,,,,,,,,,,,,,,,,,,,,,,0.04,0.0,150,0.75,,,,,,,,,,,788,-999966,,
True,False,1.5,12.0,40,2.5,,20,80,200,False,trend_reclaim,96,6,0.012,65.4495021477492,34.785793357804664,24,0.0,,,,,,,,,,,,,,,,,,,,,,,,,,,0.025,1048,False,,,,,,,,,,,,,,,,,,,,,,,,,,,1.0,0.0005,50,0.0,,,,,,,,,,,789,-999966,,
True,False,3.0,12.0,55,1.5,,8,80,200,False,channel_reclaim,48,1,0.008,60.13740802705734,44.062288886522225,12,0.001,,,,,,,,,,,,,,,,,,,,,,,,,,,0.01,1065,False,,,,,,,,,,,,,,,,,,,,,,,,,,,0.05,0.001,50,1.5,,,,,,,,,,,790,-999966,,
True,False,1.0,8.0,80,1.5,,8,10,200,False,trend_bb_reversion,120,8,0.018,59.224381245008296,36.624224293303826,36,0.0005,,,,,,,,,,,,,,,,,,,,,,,,,,,0.006,1097,True,,,,,,,,,,,,,,,,,,,,,,,,,,,0.05,0.001,50,0.75,,,,,,,,,,,791,-999966,,
True,False,2.0,12.0,14,2.5,,55,50,80,False,channel_reclaim,120,6,0.008,76.15566044742023,28.477941723384102,18,0.0025,,,,,,,,,,,,,,,,,,,,,,,,,,,0.08,126,False,,,,,,,,,,,,,,,,,,,,,,,,,,,0.08,0.001,50,0.0,,,,,,,,,,,792,-999967,,
True,False,1.5,6.0,40,2.0,,8,20,150,False,trend_bb_reversion,36,2,0.018,66.94819081778583,26.367580050786746,48,0.0025,,,,,,,,,,,,,,,,,,,,,,,,,,,0.08,137,False,,,,,,,,,,,,,,,,,,,,,,,,,,,0.2,0.0005,150,1.5,,,,,,,,,,,793,-999967,,
True,False,5.0,6.0,40,1.8,,40,50,400,False,trend_reclaim,14,8,0.008,64.50412075233247,41.96663745845701,12,0.001,,,,,,,,,,,,,,,,,,,,,,,,,,,0.025,330,False,,,,,,,,,,,,,,,,,,,,,,,,,,,1.0,0.001,100,1.25,,,,,,,,,,,794,-999967,,
True,False,2.5,3.0,55,1.8,,55,10,400,False,channel_reclaim,120,1,0.0,58.6280442192719,34.20491462468662,24,0.005,,,,,,,,,,,,,,,,,,,,,,,,,,,0.08,699,False,,,,,,,,,,,,,,,,,,,,,,,,,,,1.0,0.002,75,1.5,,,,,,,,,,,795,-999967,,
True,False,1.5,4.0,80,1.5,,16,14,150,False,range_bb_reversion,24,8,0.005,74.54549202151247,34.53132577053691,18,0.01,,,,,,,,,,,,,,,,,,,,,,,,,,,0.006,742,False,,,,,,,,,,,,,,,,,,,,,,,,,,,0.12,0.0005,20,1.25,,,,,,,,,,,796,-999967,,
True,True,1.0,3.0,30,2.5,,20,50,300,False,range_bb_reversion,12,1,0.025,61.328606503462275,38.48455373865999,6,0.0005,,,,,,,,,,,,,,,,,,,,,,,,,,,0.015,775,True,,,,,,,,,,,,,,,,,,,,,,,,,,,0.03,0.0,30,0.0,,,,,,,,,,,797,-999967,,
True,True,1.5,1.3,20,1.5,,12,30,80,False,channel_reclaim,18,8,0.005,72.70590243118288,33.35683669446698,48,0.005,,,,,,,,,,,,,,,,,,,,,,,,,,,0.006,815,False,,,,,,,,,,,,,,,,,,,,,,,,,,,0.03,0.002,50,1.5,,,,,,,,,,,798,-999967,,
True,False,5.0,1.7,14,2.5,,12,20,200,False,trend_bb_reversion,72,2,0.018,64.93828039470455,41.50257745027108,18,0.005,,,,,,,,,,,,,,,,,,,,,,,,,,,0.01,969,False,,,,,,,,,,,,,,,,,,,,,,,,,,,0.04,0.002,50,0.5,,,,,,,,,,,799,-999967,,
True,False,3.0,8.0,20,2.5,,55,80,300,False,trend_bb_reversion,12,1,0.008,69.72889646519536,24.084221775335248,48,0.01,,,,,,,,,,,,,,,,,,,,,,,,,,,0.01,1105,True,,,,,,,,,,,,,,,,,,,,,,,,,,,0.08,0.0,150,1.5,,,,,,,,,,,800,-999967,,
True,False,2.5,1.7,20,2.2,,30,8,80,False,channel_reclaim,72,8,0.018,72.21022127782634,42.24526489184433,18,0.001,,,,,,,,,,,,,,,,,,,,,,,,,,,0.04,1129,False,,,,,,,,,,,,,,,,,,,,,,,,,,,0.08,0.003,20,1.25,,,,,,,,,,,801,-999967,,
True,False,5.0,6.0,80,1.5,,8,14,300,False,trend_bb_reversion,96,8,0.012,69.89721636732386,44.13239496269423,3,0.001,,,,,,,,,,,,,,,,,,,,,,,,,,,0.006,235,False,,,,,,,,,,,,,,,,,,,,,,,,,,,1.0,0.0005,30,0.5,,,,,,,,,,,802,-999968,,
True,False,3.0,2.2,20,2.5,,12,50,400,False,trend_reclaim,18,6,0.0025,62.91819397224686,26.23923185419665,24,0.01,,,,,,,,,,,,,,,,,,,,,,,,,,,0.08,298,False,,,,,,,,,,,,,,,,,,,,,,,,,,,0.12,0.003,100,1.0,,,,,,,,,,,803,-999968,,
True,False,1.5,6.0,40,2.5,,20,10,400,False,trend_bb_reversion,12,6,0.005,68.1984656911415,29.388031971441386,36,0.0025,,,,,,,,,,,,,,,,,,,,,,,,,,,0.08,390,False,,,,,,,,,,,,,,,,,,,,,,,,,,,0.04,0.0005,20,0.5,,,,,,,,,,,804,-999968,,
True,False,1.0,8.0,20,2.0,,16,30,100,False,trend_bb_reversion,36,3,0.018,72.51438873684143,39.170138625339504,6,0.005,,,,,,,,,,,,,,,,,,,,,,,,,,,0.015,673,False,,,,,,,,,,,,,,,,,,,,,,,,,,,0.08,0.001,100,1.0,,,,,,,,,,,805,-999968,,
True,False,5.0,12.0,14,2.5,,20,14,80,False,channel_reclaim,12,6,0.018,73.44009898579345,29.600168069159423,12,0.0005,,,,,,,,,,,,,,,,,,,,,,,,,,,0.08,798,False,,,,,,,,,,,,,,,,,,,,,,,,,,,0.05,0.0005,10,1.5,,,,,,,,,,,806,-999968,,
True,False,3.0,2.2,55,2.5,,20,14,150,False,range_bb_reversion,24,1,0.012,66.89430230772092,33.03366550497445,3,0.005,,,,,,,,,,,,,,,,,,,,,,,,,,,0.01,1177,False,,,,,,,,,,,,,,,,,,,,,,,,,,,1.0,0.0,150,0.5,,,,,,,,,,,807,-999968,,
True,False,2.0,6.0,55,1.5,,8,20,100,False,channel_reclaim,120,4,0.025,68.21943168890124,32.57109688005311,6,0.001,,,,,,,,,,,,,,,,,,,,,,,,,,,0.025,195,False,,,,,,,,,,,,,,,,,,,,,,,,,,,0.04,0.003,50,1.25,,,,,,,,,,,808,-999969,,
True,False,2.5,1.7,55,1.5,,55,10,300,False,channel_reclaim,72,2,0.005,68.6529833887604,36.46088784157128,18,0.01,,,,,,,,,,,,,,,,,,,,,,,,,,,0.08,332,False,,,,,,,,,,,,,,,,,,,,,,,,,,,1.0,0.0,150,0.75,,,,,,,,,,,809,-999969,,
True,False,1.0,1.7,80,1.5,,55,20,100,False,trend_bb_reversion,12,6,0.005,68.77767957547725,28.62510012324027,48,0.005,,,,,,,,,,,,,,,,,,,,,,,,,,,0.015,368,False,,,,,,,,,,,,,,,,,,,,,,,,,,,0.2,0.003,30,1.5,,,,,,,,,,,810,-999969,,
True,False,2.0,12.0,14,2.2,,55,80,400,False,range_bb_reversion,72,4,0.0,71.08986071586772,43.551161485885295,12,0.0025,,,,,,,,,,,,,,,,,,,,,,,,,,,0.006,476,False,,,,,,,,,,,,,,,,,,,,,,,,,,,1.0,0.002,20,1.5,,,,,,,,,,,811,-999969,,
True,True,5.0,1.3,20,2.5,,16,80,400,True,trend_state_tp,12,4,0.008,73.9407838885457,31.496746434842983,24,0.01,,,,,,,,,,,,,,,,,,,,,,,,,,,0.04,616,False,,,,,,,,,,,,,,,,,,,,,,,,,,,0.03,0.003,10,1.25,,,,,,,,,,,812,-999969,,
True,False,2.0,2.2,14,2.0,,55,14,300,False,channel_reclaim,12,4,0.025,61.35660201502334,38.861262673675334,48,0.0025,,,,,,,,,,,,,,,,,,,,,,,,,,,0.08,668,False,,,,,,,,,,,,,,,,,,,,,,,,,,,0.04,0.002,30,0.5,,,,,,,,,,,813,-999969,,
True,False,5.0,2.2,14,2.5,,55,20,300,False,trend_reclaim,18,8,0.0,76.17372793953591,37.97209846824958,36,0.01,,,,,,,,,,,,,,,,,,,,,,,,,,,0.04,745,False,,,,,,,,,,,,,,,,,,,,,,,,,,,0.04,0.0,20,0.5,,,,,,,,,,,814,-999969,,
True,False,5.0,1.7,80,2.5,,12,14,200,False,trend_bb_reversion,8,6,0.025,65.46291291557347,27.88433634234661,24,0.0025,,,,,,,,,,,,,,,,,,,,,,,,,,,0.006,854,False,,,,,,,,,,,,,,,,,,,,,,,,,,,1.0,0.001,20,0.0,,,,,,,,,,,815,-999969,,
True,False,2.5,4.0,40,2.5,,16,80,130,False,trend_bb_reversion,48,6,0.005,65.10908983635149,41.494837553860485,18,0.01,,,,,,,,,,,,,,,,,,,,,,,,,,,0.08,875,False,,,,,,,,,,,,,,,,,,,,,,,,,,,0.12,0.0005,10,1.25,,,,,,,,,,,816,-999969,,
True,False,2.5,4.0,80,2.0,,10,30,80,False,range_bb_reversion,18,3,0.012,59.05626280805387,36.41775689006167,36,0.0005,,,,,,,,,,,,,,,,,,,,,,,,,,,0.006,895,False,,,,,,,,,,,,,,,,,,,,,,,,,,,0.05,0.0005,75,1.0,,,,,,,,,,,817,-999969,,
True,True,4.0,2.2,20,1.8,,55,50,400,False,channel_reclaim,24,8,0.005,66.82360845637514,22.790207535254325,36,0.0025,,,,,,,,,,,,,,,,,,,,,,,,,,,0.006,1045,True,,,,,,,,,,,,,,,,,,,,,,,,,,,0.04,0.001,75,1.25,,,,,,,,,,,818,-999969,,
True,False,3.0,4.0,55,1.5,,8,14,50,False,trend_bb_reversion,18,3,0.0025,68.27617715947146,39.83940781813252,12,0.0025,,,,,,,,,,,,,,,,,,,,,,,,,,,0.04,335,True,,,,,,,,,,,,,,,,,,,,,,,,,,,0.2,0.0005,50,1.25,,,,,,,,,,,819,-999970,,
True,False,1.5,1.3,40,2.2,,8,20,100,False,trend_bb_reversion,12,3,0.012,72.98052420938492,42.77103138440378,36,0.0005,,,,,,,,,,,,,,,,,,,,,,,,,,,0.01,594,False,,,,,,,,,,,,,,,,,,,,,,,,,,,0.03,0.0,50,0.25,,,,,,,,,,,820,-999970,,
True,True,4.0,12.0,14,2.0,,20,14,100,False,trend_reclaim,8,4,0.0,72.89752683738342,26.910113117864043,6,0.0005,,,,,,,,,,,,,,,,,,,,,,,,,,,0.01,726,False,,,,,,,,,,,,,,,,,,,,,,,,,,,0.04,0.0005,150,1.5,,,,,,,,,,,821,-999970,,
True,False,1.5,6.0,14,2.5,,8,30,80,False,range_bb_reversion,14,8,0.025,68.69990635283064,30.887757036077375,6,0.001,,,,,,,,,,,,,,,,,,,,,,,,,,,0.006,999,False,,,,,,,,,,,,,,,,,,,,,,,,,,,1.0,0.0005,20,1.5,,,,,,,,,,,822,-999970,,
True,False,2.5,12.0,55,1.8,,10,8,100,False,channel_reclaim,12,6,0.0,65.19689919567864,27.816805329347574,3,0.005,,,,,,,,,,,,,,,,,,,,,,,,,,,0.006,1163,True,,,,,,,,,,,,,,,,,,,,,,,,,,,0.12,0.003,150,0.25,,,,,,,,,,,823,-999970,,
True,True,2.5,8.0,55,2.2,,30,20,200,False,trend_reclaim,18,6,0.012,77.09954397970772,35.500608547135144,3,0.0025,,,,,,,,,,,,,,,,,,,,,,,,,,,0.04,79,False,,,,,,,,,,,,,,,,,,,,,,,,,,,0.2,0.0005,75,0.75,,,,,,,,,,,824,-999971,,
True,True,5.0,12.0,40,2.0,,10,80,130,False,trend_bb_reversion,12,2,0.005,69.98730885581466,24.87974036119775,12,0.0025,,,,,,,,,,,,,,,,,,,,,,,,,,,0.04,166,True,,,,,,,,,,,,,,,,,,,,,,,,,,,0.08,0.001,100,1.5,,,,,,,,,,,825,-999971,,
True,False,5.0,1.3,30,2.0,,20,10,200,False,range_bb_reversion,24,1,0.008,61.94528188513564,24.655763941140766,48,0.005,,,,,,,,,,,,,,,,,,,,,,,,,,,0.015,280,False,,,,,,,,,,,,,,,,,,,,,,,,,,,0.08,0.0,10,1.25,,,,,,,,,,,826,-999971,,
True,False,1.0,2.2,40,1.8,,40,20,150,False,channel_reclaim,18,1,0.018,77.23472370160484,33.844599077507176,48,0.0,,,,,,,,,,,,,,,,,,,,,,,,,,,0.08,418,False,,,,,,,,,,,,,,,,,,,,,,,,,,,0.03,0.0005,10,0.75,,,,,,,,,,,827,-999971,,
False,True,2.0,3.0,30,1.5,,16,50,150,False,trend_bb_reversion,120,3,0.0,70.75386886841014,42.68180240324536,18,0.005,,,,,,,,,,,,,,,,,,,,,,,,,,,0.015,558,False,,,,,,,,,,,,,,,,,,,,,,,,,,,0.04,0.002,10,1.0,,,,,,,,,,,828,-999971,,
True,False,5.0,2.2,40,1.8,,55,10,300,False,range_bb_reversion,36,8,0.0,77.6760169471587,26.135273800538144,12,0.01,,,,,,,,,,,,,,,,,,,,,,,,,,,0.006,571,False,,,,,,,,,,,,,,,,,,,,,,,,,,,0.08,0.0005,100,0.25,,,,,,,,,,,829,-999971,,
True,True,2.0,2.2,55,1.5,,16,80,130,False,trend_reclaim,24,8,0.005,76.69554625954915,39.75576903165785,12,0.0025,,,,,,,,,,,,,,,,,,,,,,,,,,,0.08,659,False,,,,,,,,,,,,,,,,,,,,,,,,,,,0.12,0.002,50,0.75,,,,,,,,,,,830,-999971,,
True,False,2.5,1.7,30,2.2,,40,20,80,False,channel_reclaim,72,1,0.018,72.582116406826,43.33230046882914,48,0.0025,,,,,,,,,,,,,,,,,,,,,,,,,,,0.025,871,True,,,,,,,,,,,,,,,,,,,,,,,,,,,1.0,0.002,100,1.5,,,,,,,,,,,831,-999971,,
True,False,1.5,8.0,40,2.5,,20,30,100,False,trend_reclaim,8,4,0.018,66.13438346510935,25.32189657746793,12,0.001,,,,,,,,,,,,,,,,,,,,,,,,,,,0.08,905,False,,,,,,,,,,,,,,,,,,,,,,,,,,,1.0,0.001,20,0.5,,,,,,,,,,,832,-999971,,
True,False,2.0,1.7,20,2.5,,8,30,300,False,range_bb_reversion,36,4,0.012,74.20804287787497,35.92343729594624,18,0.0,,,,,,,,,,,,,,,,,,,,,,,,,,,0.015,976,False,,,,,,,,,,,,,,,,,,,,,,,,,,,0.05,0.0005,20,0.5,,,,,,,,,,,833,-999971,,
True,False,4.0,8.0,40,2.2,,55,14,300,False,trend_bb_reversion,18,3,0.008,67.15726247833457,40.72094286837001,6,0.005,,,,,,,,,,,,,,,,,,,,,,,,,,,0.08,1078,False,,,,,,,,,,,,,,,,,,,,,,,,,,,0.2,0.002,10,0.5,,,,,,,,,,,834,-999971,,
True,True,3.0,2.2,20,1.8,,30,14,300,False,channel_reclaim,8,6,0.008,61.5805627556287,38.2181438903578,6,0.001,,,,,,,,,,,,,,,,,,,,,,,,,,,0.01,1100,False,,,,,,,,,,,,,,,,,,,,,,,,,,,0.04,0.002,100,1.25,,,,,,,,,,,835,-999971,,
True,True,4.0,1.3,80,2.2,,40,10,50,False,channel_reclaim,8,4,0.0,67.89995703639526,42.92427766164791,24,0.005,,,,,,,,,,,,,,,,,,,,,,,,,,,0.01,11,False,,,,,,,,,,,,,,,,,,,,,,,,,,,0.05,0.002,150,0.25,,,,,,,,,,,836,-999972,,
True,False,1.5,6.0,55,1.5,,20,80,200,False,trend_bb_reversion,12,2,0.008,64.08493859876704,25.037156069881675,6,0.0025,,,,,,,,,,,,,,,,,,,,,,,,,,,0.08,155,False,,,,,,,,,,,,,,,,,,,,,,,,,,,1.0,0.002,75,0.25,,,,,,,,,,,837,-999972,,
True,False,2.0,2.2,80,2.2,,40,50,80,False,range_bb_reversion,36,1,0.012,71.13876148560789,26.353820814701134,18,0.0005,,,,,,,,,,,,,,,,,,,,,,,,,,,0.025,304,False,,,,,,,,,,,,,,,,,,,,,,,,,,,0.03,0.003,10,0.0,,,,,,,,,,,838,-999972,,
True,False,2.0,6.0,30,2.5,,55,20,300,False,channel_reclaim,12,6,0.0025,73.66849269522801,34.22831567711092,48,0.005,,,,,,,,,,,,,,,,,,,,,,,,,,,0.04,829,False,,,,,,,,,,,,,,,,,,,,,,,,,,,0.05,0.003,75,1.0,,,,,,,,,,,839,-999972,,
True,False,2.0,6.0,30,1.8,,40,10,150,False,trend_bb_reversion,24,2,0.0,60.340628847392054,22.95345204657974,3,0.0,,,,,,,,,,,,,,,,,,,,,,,,,,,0.015,928,False,,,,,,,,,,,,,,,,,,,,,,,,,,,0.12,0.0,75,1.25,,,,,,,,,,,840,-999972,,
True,False,5.0,4.0,55,2.5,,12,80,130,False,trend_bb_reversion,12,4,0.0025,66.73752474412355,38.7715988362153,24,0.0005,,,,,,,,,,,,,,,,,,,,,,,,,,,0.015,995,False,,,,,,,,,,,,,,,,,,,,,,,,,,,0.04,0.0005,30,0.25,,,,,,,,,,,841,-999972,,
True,False,4.0,6.0,14,2.5,,20,30,100,False,trend_reclaim,24,8,0.008,69.43369307336683,30.95814385295051,3,0.001,,,,,,,,,,,,,,,,,,,,,,,,,,,0.04,1013,True,,,,,,,,,,,,,,,,,,,,,,,,,,,0.12,0.001,75,1.0,,,,,,,,,,,842,-999972,,
True,True,5.0,1.7,20,2.5,,10,80,150,False,channel_reclaim,12,2,0.012,65.88203994577052,34.01500918887891,3,0.0025,,,,,,,,,,,,,,,,,,,,,,,,,,,0.08,1178,False,,,,,,,,,,,,,,,,,,,,,,,,,,,0.05,0.001,75,0.75,,,,,,,,,,,843,-999972,,
True,False,1.5,12.0,20,2.0,,10,10,150,False,trend_bb_reversion,120,1,0.008,77.09455800946589,35.13606573138254,12,0.01,,,,,,,,,,,,,,,,,,,,,,,,,,,0.04,103,False,,,,,,,,,,,,,,,,,,,,,,,,,,,0.12,0.0,150,1.5,,,,,,,,,,,844,-999973,,
True,True,2.0,6.0,55,2.2,,12,50,300,False,trend_bb_reversion,120,6,0.0025,74.17233229718885,32.628865115844185,6,0.001,,,,,,,,,,,,,,,,,,,,,,,,,,,0.025,277,False,,,,,,,,,,,,,,,,,,,,,,,,,,,0.04,0.0005,150,0.75,,,,,,,,,,,845,-999973,,
True,False,3.0,6.0,80,1.5,,30,80,200,False,range_bb_reversion,72,4,0.025,72.29192962117212,30.791744762684957,3,0.0,,,,,,,,,,,,,,,,,,,,,,,,,,,0.006,279,False,,,,,,,,,,,,,,,,,,,,,,,,,,,0.04,0.003,50,0.25,,,,,,,,,,,846,-999973,,
True,True,5.0,8.0,20,1.8,,8,20,200,False,trend_reclaim,8,4,0.012,59.69164949692498,44.155454784711026,36,0.0005,,,,,,,,,,,,,,,,,,,,,,,,,,,0.01,613,True,,,,,,,,,,,,,,,,,,,,,,,,,,,0.08,0.001,50,1.25,,,,,,,,,,,847,-999973,,
True,False,3.0,2.2,55,1.5,,30,8,300,False,trend_bb_reversion,12,8,0.0025,67.60625626304203,32.397456273358756,36,0.0005,,,,,,,,,,,,,,,,,,,,,,,,,,,0.025,1062,False,,,,,,,,,,,,,,,,,,,,,,,,,,,0.08,0.001,50,1.5,,,,,,,,,,,848,-999973,,
True,True,5.0,4.0,80,1.8,,40,30,300,False,range_bb_reversion,48,4,0.012,76.47018027696149,25.5962783232655,3,0.005,,,,,,,,,,,,,,,,,,,,,,,,,,,0.015,1106,False,,,,,,,,,,,,,,,,,,,,,,,,,,,0.04,0.0,30,0.5,,,,,,,,,,,849,-999973,,
True,False,1.0,6.0,80,2.5,,10,80,130,False,trend_reclaim,24,8,0.012,63.339768739961585,38.6031961545247,48,0.001,,,,,,,,,,,,,,,,,,,,,,,,,,,0.015,1156,False,,,,,,,,,,,,,,,,,,,,,,,,,,,1.0,0.0,100,1.0,,,,,,,,,,,850,-999973,,
True,False,2.0,2.2,30,2.2,,16,20,200,True,trend_state_tp,8,4,0.0025,75.6419975566712,26.653288591494633,6,0.0025,,,,,,,,,,,,,,,,,,,,,,,,,,,0.01,62,False,,,,,,,,,,,,,,,,,,,,,,,,,,,0.03,0.0,150,0.5,,,,,,,,,,,851,-999974,,
True,False,5.0,12.0,30,1.5,,40,8,100,False,channel_reclaim,48,4,0.0025,66.0798260992582,36.32885127181046,12,0.005,,,,,,,,,,,,,,,,,,,,,,,,,,,0.04,67,False,,,,,,,,,,,,,,,,,,,,,,,,,,,1.0,0.0005,50,1.0,,,,,,,,,,,852,-999974,,
True,False,3.0,1.7,55,2.2,,40,30,150,False,range_bb_reversion,48,1,0.005,74.27403927802482,23.51974769589362,6,0.001,,,,,,,,,,,,,,,,,,,,,,,,,,,0.015,102,False,,,,,,,,,,,,,,,,,,,,,,,,,,,0.05,0.0,150,0.25,,,,,,,,,,,853,-999974,,
True,True,1.0,3.0,14,2.0,,30,30,50,False,trend_bb_reversion,36,4,0.018,75.53625947272832,25.488699053763575,24,0.0025,,,,,,,,,,,,,,,,,,,,,,,,,,,0.01,199,False,,,,,,,,,,,,,,,,,,,,,,,,,,,0.03,0.0,20,1.5,,,,,,,,,,,854,-999974,,
True,False,1.0,1.3,20,2.0,,16,80,150,False,range_bb_reversion,12,3,0.008,59.45190537938558,32.948405433518474,24,0.001,,,,,,,,,,,,,,,,,,,,,,,,,,,0.01,258,False,,,,,,,,,,,,,,,,,,,,,,,,,,,0.03,0.0005,100,1.5,,,,,,,,,,,855,-999974,,
True,False,1.5,1.7,30,2.5,,40,30,400,False,range_bb_reversion,12,1,0.025,58.8936557126424,33.33641010859306,12,0.005,,,,,,,,,,,,,,,,,,,,,,,,,,,0.025,350,False,,,,,,,,,,,,,,,,,,,,,,,,,,,0.05,0.0005,150,1.5,,,,,,,,,,,856,-999974,,
True,False,5.0,2.2,20,2.5,,20,10,300,False,range_bb_reversion,12,2,0.025,64.82511849882854,39.56848448242083,36,0.005,,,,,,,,,,,,,,,,,,,,,,,,,,,0.04,688,False,,,,,,,,,,,,,,,,,,,,,,,,,,,0.03,0.0,150,1.0,,,,,,,,,,,857,-999974,,
True,False,1.0,2.2,40,1.8,,20,14,100,False,channel_reclaim,36,4,0.008,76.78722005136906,41.07493135458384,3,0.001,,,,,,,,,,,,,,,,,,,,,,,,,,,0.025,1000,False,,,,,,,,,,,,,,,,,,,,,,,,,,,1.0,0.0,10,1.5,,,,,,,,,,,858,-999974,,
True,False,4.0,6.0,14,2.0,,12,30,200,False,trend_bb_reversion,12,1,0.008,76.20959041374601,26.143539756015095,3,0.0005,,,,,,,,,,,,,,,,,,,,,,,,,,,0.08,1052,False,,,,,,,,,,,,,,,,,,,,,,,,,,,0.04,0.0,10,0.25,,,,,,,,,,,859,-999974,,
True,False,2.5,2.2,40,2.2,,20,14,50,False,trend_bb_reversion,14,8,0.025,64.97401457597888,39.442515057635525,36,0.01,,,,,,,,,,,,,,,,,,,,,,,,,,,0.006,1166,False,,,,,,,,,,,,,,,,,,,,,,,,,,,0.08,0.001,150,1.25,,,,,,,,,,,860,-999974,,
True,False,3.0,1.7,80,1.5,,12,80,130,False,trend_bb_reversion,48,1,0.025,64.21643808808223,24.52034289824821,24,0.005,,,,,,,,,,,,,,,,,,,,,,,,,,,0.08,387,False,,,,,,,,,,,,,,,,,,,,,,,,,,,0.08,0.001,75,1.0,,,,,,,,,,,861,-999975,,
True,False,3.0,6.0,80,2.5,,10,20,300,False,trend_bb_reversion,12,4,0.012,67.33482374920195,43.52095873633561,48,0.001,,,,,,,,,,,,,,,,,,,,,,,,,,,0.01,396,False,,,,,,,,,,,,,,,,,,,,,,,,,,,0.05,0.003,20,0.75,,,,,,,,,,,862,-999975,,
True,False,4.0,2.2,55,1.8,,55,50,150,False,trend_bb_reversion,48,6,0.018,72.75938044319993,31.283252220638058,48,0.0,,,,,,,,,,,,,,,,,,,,,,,,,,,0.08,406,False,,,,,,,,,,,,,,,,,,,,,,,,,,,0.04,0.001,20,1.0,,,,,,,,,,,863,-999975,,
True,False,1.0,12.0,20,2.0,,55,30,150,False,channel_reclaim,8,1,0.018,58.548509772235015,36.996259032139875,3,0.0005,,,,,,,,,,,,,,,,,,,,,,,,,,,0.04,538,False,,,,,,,,,,,,,,,,,,,,,,,,,,,0.08,0.001,150,0.0,,,,,,,,,,,864,-999975,,
True,True,2.5,12.0,20,2.0,,16,8,150,True,trend_state_tp,24,6,0.0,74.54871061932168,28.539173795769113,3,0.01,,,,,,,,,,,,,,,,,,,,,,,,,,,0.006,606,False,,,,,,,,,,,,,,,,,,,,,,,,,,,0.12,0.002,100,0.0,,,,,,,,,,,865,-999975,,
True,False,4.0,8.0,14,2.0,,20,10,300,False,range_bb_reversion,120,8,0.012,72.41594833829463,25.800728110520865,24,0.001,,,,,,,,,,,,,,,,,,,,,,,,,,,0.015,807,False,,,,,,,,,,,,,,,,,,,,,,,,,,,0.2,0.001,50,1.25,,,,,,,,,,,866,-999975,,
True,False,1.0,12.0,40,2.0,,16,20,80,False,trend_reclaim,36,1,0.018,62.33575405460881,40.46480733096059,48,0.0005,,,,,,,,,,,,,,,,,,,,,,,,,,,0.015,964,False,,,,,,,,,,,,,,,,,,,,,,,,,,,0.12,0.0005,100,0.25,,,,,,,,,,,867,-999975,,
True,False,2.0,8.0,20,1.8,,12,30,100,False,trend_reclaim,18,3,0.008,76.5055005178434,36.13593579893818,24,0.01,,,,,,,,,,,,,,,,,,,,,,,,,,,0.006,1159,False,,,,,,,,,,,,,,,,,,,,,,,,,,,0.12,0.002,20,1.25,,,,,,,,,,,868,-999975,,
True,False,5.0,2.2,55,2.0,,20,8,80,False,range_bb_reversion,18,2,0.018,73.27822019497513,23.54368565411146,18,0.005,,,,,,,,,,,,,,,,,,,,,,,,,,,0.015,456,False,,,,,,,,,,,,,,,,,,,,,,,,,,,1.0,0.001,50,1.0,,,,,,,,,,,869,-999976,,
True,False,2.5,12.0,30,2.5,,30,80,400,True,trend_state_tp,18,8,0.0025,58.351527182153596,26.11865574981847,6,0.001,,,,,,,,,,,,,,,,,,,,,,,,,,,0.01,504,False,,,,,,,,,,,,,,,,,,,,,,,,,,,0.03,0.0,100,1.25,,,,,,,,,,,870,-999976,,
True,False,3.0,1.3,30,2.2,,55,10,80,False,range_bb_reversion,48,8,0.0,76.71993659863469,23.664943155229555,18,0.0025,,,,,,,,,,,,,,,,,,,,,,,,,,,0.01,521,False,,,,,,,,,,,,,,,,,,,,,,,,,,,1.0,0.003,10,1.5,,,,,,,,,,,871,-999976,,
True,True,1.5,6.0,80,2.2,,16,10,400,False,range_bb_reversion,18,4,0.012,71.69322896080651,41.84123102509671,24,0.001,,,,,,,,,,,,,,,,,,,,,,,,,,,0.025,1034,False,,,,,,,,,,,,,,,,,,,,,,,,,,,0.03,0.001,150,0.25,,,,,,,,,,,872,-999976,,
True,False,2.5,2.2,80,2.2,,55,30,150,False,range_bb_reversion,12,6,0.0,58.8154229145687,22.10939990387295,24,0.0,,,,,,,,,,,,,,,,,,,,,,,,,,,0.01,1073,False,,,,,,,,,,,,,,,,,,,,,,,,,,,0.08,0.0005,10,0.5,,,,,,,,,,,873,-999976,,
True,False,4.0,4.0,80,2.5,,10,20,50,False,range_bb_reversion,18,8,0.0,63.01565571383467,30.215439649699054,3,0.0005,,,,,,,,,,,,,,,,,,,,,,,,,,,0.01,1138,False,,,,,,,,,,,,,,,,,,,,,,,,,,,0.04,0.003,75,0.25,,,,,,,,,,,874,-999976,,
True,False,4.0,4.0,55,2.5,,30,30,300,False,channel_reclaim,8,3,0.025,74.83629114174157,36.5502997418487,12,0.005,,,,,,,,,,,,,,,,,,,,,,,,,,,0.025,182,False,,,,,,,,,,,,,,,,,,,,,,,,,,,0.2,0.0005,150,1.5,,,,,,,,,,,875,-999977,,
True,False,2.0,4.0,20,2.2,,30,8,50,False,channel_reclaim,18,6,0.018,60.78164776863812,23.730992988497075,12,0.001,,,,,,,,,,,,,,,,,,,,,,,,,,,0.01,216,False,,,,,,,,,,,,,,,,,,,,,,,,,,,0.2,0.0005,30,1.0,,,,,,,,,,,876,-999977,,
True,False,1.5,1.7,80,1.8,,8,80,400,False,range_bb_reversion,12,1,0.008,62.09426564891289,32.909243567647685,3,0.0005,,,,,,,,,,,,,,,,,,,,,,,,,,,0.015,220,False,,,,,,,,,,,,,,,,,,,,,,,,,,,0.04,0.0,100,1.25,,,,,,,,,,,877,-999977,,
True,False,4.0,1.7,55,1.8,,10,50,300,False,range_bb_reversion,8,4,0.008,64.82653265910854,24.451244408046083,12,0.01,,,,,,,,,,,,,,,,,,,,,,,,,,,0.006,321,True,,,,,,,,,,,,,,,,,,,,,,,,,,,1.0,0.001,30,0.25,,,,,,,,,,,878,-999977,,
True,False,1.5,1.7,14,2.5,,40,50,100,False,trend_bb_reversion,18,4,0.008,60.40539373260319,36.38513759882145,24,0.0005,,,,,,,,,,,,,,,,,,,,,,,,,,,0.015,517,False,,,,,,,,,,,,,,,,,,,,,,,,,,,0.03,0.002,10,1.5,,,,,,,,,,,879,-999977,,
True,True,1.5,8.0,20,2.5,,16,14,100,False,trend_bb_reversion,120,6,0.018,67.84347009880341,28.080027252519322,12,0.0005,,,,,,,,,,,,,,,,,,,,,,,,,,,0.006,710,False,,,,,,,,,,,,,,,,,,,,,,,,,,,0.03,0.0005,75,1.5,,,,,,,,,,,880,-999977,,
True,False,2.0,3.0,30,2.5,,20,10,80,False,channel_reclaim,14,8,0.0025,77.88145119786307,42.82737874674695,48,0.0,,,,,,,,,,,,,,,,,,,,,,,,,,,0.08,759,True,,,,,,,,,,,,,,,,,,,,,,,,,,,0.03,0.0,30,0.75,,,,,,,,,,,881,-999977,,
True,False,3.0,1.3,30,1.8,,16,20,200,False,trend_reclaim,8,1,0.0025,62.06209527493945,31.212950864452537,24,0.0,,,,,,,,,,,,,,,,,,,,,,,,,,,0.025,877,False,,,,,,,,,,,,,,,,,,,,,,,,,,,0.04,0.001,50,1.0,,,,,,,,,,,882,-999977,,
True,False,2.5,6.0,30,1.5,,30,20,200,False,channel_reclaim,18,1,0.018,64.82187408311447,26.778727013826778,24,0.0025,,,,,,,,,,,,,,,,,,,,,,,,,,,0.015,1019,True,,,,,,,,,,,,,,,,,,,,,,,,,,,0.05,0.0005,20,1.5,,,,,,,,,,,883,-999977,,
True,False,5.0,1.7,40,1.5,,20,14,400,False,channel_reclaim,24,6,0.0025,59.31113220273729,28.2493976256289,24,0.0005,,,,,,,,,,,,,,,,,,,,,,,,,,,0.006,1069,False,,,,,,,,,,,,,,,,,,,,,,,,,,,0.03,0.002,20,1.0,,,,,,,,,,,884,-999977,,
False,True,1.5,1.3,40,2.5,,12,80,300,False,trend_reclaim,72,8,0.005,64.94184757315179,26.76755743838194,6,0.0005,,,,,,,,,,,,,,,,,,,,,,,,,,,0.025,509,False,,,,,,,,,,,,,,,,,,,,,,,,,,,0.2,0.002,50,1.5,,,,,,,,,,,885,-999978,,
True,False,4.0,1.7,55,1.8,,12,8,100,False,range_bb_reversion,36,3,0.025,67.16918905996086,28.18504622594297,12,0.01,,,,,,,,,,,,,,,,,,,,,,,,,,,0.025,587,False,,,,,,,,,,,,,,,,,,,,,,,,,,,0.03,0.003,50,1.5,,,,,,,,,,,886,-999978,,
True,False,2.5,1.3,14,2.2,,12,10,400,False,range_bb_reversion,12,1,0.025,74.02611155815859,36.314156064324926,36,0.0025,,,,,,,,,,,,,,,,,,,,,,,,,,,0.025,591,False,,,,,,,,,,,,,,,,,,,,,,,,,,,0.03,0.002,20,0.75,,,,,,,,,,,887,-999978,,
True,False,3.0,6.0,55,2.0,,40,20,400,False,range_bb_reversion,36,8,0.005,70.77412745585636,28.055171007506413,36,0.0025,,,,,,,,,,,,,,,,,,,,,,,,,,,0.015,682,False,,,,,,,,,,,,,,,,,,,,,,,,,,,0.12,0.0005,10,1.25,,,,,,,,,,,888,-999978,,
True,False,5.0,4.0,20,1.8,,20,30,150,False,trend_reclaim,18,3,0.0,58.95691407761801,23.701288442954265,12,0.0005,,,,,,,,,,,,,,,,,,,,,,,,,,,0.01,953,False,,,,,,,,,,,,,,,,,,,,,,,,,,,0.03,0.003,75,0.5,,,,,,,,,,,889,-999978,,
True,False,3.0,8.0,55,1.8,,16,14,400,False,trend_reclaim,72,3,0.018,75.50030056537635,32.10473032446656,24,0.0025,,,,,,,,,,,,,,,,,,,,,,,,,,,0.08,21,False,,,,,,,,,,,,,,,,,,,,,,,,,,,1.0,0.002,100,1.25,,,,,,,,,,,890,-999979,,
True,False,3.0,3.0,40,2.2,,40,10,80,False,channel_reclaim,48,2,0.018,72.36665813070407,24.640506453755567,24,0.01,,,,,,,,,,,,,,,,,,,,,,,,,,,0.025,284,False,,,,,,,,,,,,,,,,,,,,,,,,,,,0.05,0.002,20,0.75,,,,,,,,,,,891,-999979,,
True,False,4.0,2.2,40,2.5,,10,8,300,False,range_bb_reversion,120,1,0.018,61.57406367000292,27.109632631157783,18,0.001,,,,,,,,,,,,,,,,,,,,,,,,,,,0.015,451,False,,,,,,,,,,,,,,,,,,,,,,,,,,,1.0,0.0005,20,1.25,,,,,,,,,,,892,-999979,,
True,False,3.0,1.3,20,2.2,,10,30,150,False,trend_reclaim,96,8,0.008,72.36790991686125,38.23719750124869,24,0.005,,,,,,,,,,,,,,,,,,,,,,,,,,,0.01,502,False,,,,,,,,,,,,,,,,,,,,,,,,,,,0.05,0.002,100,0.25,,,,,,,,,,,893,-999979,,
True,False,1.5,1.7,30,1.8,,40,50,100,False,channel_reclaim,12,2,0.0,63.335736021920674,36.57676970953055,24,0.0025,,,,,,,,,,,,,,,,,,,,,,,,,,,0.025,857,False,,,,,,,,,,,,,,,,,,,,,,,,,,,0.03,0.0,10,0.0,,,,,,,,,,,894,-999979,,
True,False,3.0,1.7,55,2.0,,16,10,400,False,range_bb_reversion,48,3,0.005,58.997228758130376,24.58386081283499,48,0.01,,,,,,,,,,,,,,,,,,,,,,,,,,,0.015,1012,False,,,,,,,,,,,,,,,,,,,,,,,,,,,0.2,0.002,75,1.5,,,,,,,,,,,895,-999979,,
True,False,1.0,1.7,55,2.0,,8,10,100,False,trend_reclaim,24,4,0.008,72.04868445095966,35.64078958285589,18,0.0025,,,,,,,,,,,,,,,,,,,,,,,,,,,0.025,1070,False,,,,,,,,,,,,,,,,,,,,,,,,,,,0.08,0.001,30,1.25,,,,,,,,,,,896,-999979,,
True,False,4.0,12.0,55,2.2,,55,20,150,False,channel_reclaim,8,4,0.005,62.29447285965597,44.79073364414001,18,0.001,,,,,,,,,,,,,,,,,,,,,,,,,,,0.015,163,False,,,,,,,,,,,,,,,,,,,,,,,,,,,0.04,0.0005,30,0.25,,,,,,,,,,,897,-999980,,
True,False,1.0,6.0,55,1.5,,20,50,100,False,channel_reclaim,12,8,0.012,61.448698920848884,25.28037011610031,3,0.0025,,,,,,,,,,,,,,,,,,,,,,,,,,,0.08,236,False,,,,,,,,,,,,,,,,,,,,,,,,,,,0.08,0.0005,30,0.5,,,,,,,,,,,898,-999980,,
True,False,1.5,1.7,40,2.5,,55,8,100,False,trend_reclaim,120,1,0.012,62.53416959102251,31.41246073491885,12,0.0005,,,,,,,,,,,,,,,,,,,,,,,,,,,0.04,247,False,,,,,,,,,,,,,,,,,,,,,,,,,,,0.12,0.001,50,1.5,,,,,,,,,,,899,-999980,,
True,False,1.5,6.0,55,2.5,,20,20,300,False,trend_reclaim,36,4,0.008,64.16782334196304,33.92951905624277,36,0.01,,,,,,,,,,,,,,,,,,,,,,,,,,,0.025,257,False,,,,,,,,,,,,,,,,,,,,,,,,,,,0.12,0.001,150,1.5,,,,,,,,,,,900,-999980,,
True,False,2.5,1.3,40,2.2,,8,10,200,False,channel_reclaim,48,8,0.018,74.2864858461674,27.54071958341993,3,0.005,,,,,,,,,,,,,,,,,,,,,,,,,,,0.025,428,False,,,,,,,,,,,,,,,,,,,,,,,,,,,0.12,0.003,30,0.75,,,,,,,,,,,901,-999980,,
True,False,1.0,3.0,80,2.0,,12,10,400,False,trend_bb_reversion,24,8,0.0,62.23562402746863,35.74729478583666,18,0.01,,,,,,,,,,,,,,,,,,,,,,,,,,,0.01,484,False,,,,,,,,,,,,,,,,,,,,,,,,,,,0.08,0.0,30,0.5,,,,,,,,,,,902,-999980,,
True,False,3.0,8.0,20,2.0,,10,10,100,False,channel_reclaim,36,4,0.018,69.70479256938168,30.416881835675145,12,0.0,,,,,,,,,,,,,,,,,,,,,,,,,,,0.025,566,False,,,,,,,,,,,,,,,,,,,,,,,,,,,0.04,0.0,100,1.5,,,,,,,,,,,903,-999980,,
True,True,2.5,12.0,40,2.0,,40,14,100,False,channel_reclaim,18,4,0.008,65.40942038113648,44.07280051996,18,0.001,,,,,,,,,,,,,,,,,,,,,,,,,,,0.015,748,False,,,,,,,,,,,,,,,,,,,,,,,,,,,0.03,0.0005,150,1.0,,,,,,,,,,,904,-999980,,
True,False,5.0,3.0,40,2.2,,10,50,100,False,trend_bb_reversion,8,2,0.018,77.93126686606558,25.020644604894528,48,0.0,,,,,,,,,,,,,,,,,,,,,,,,,,,0.08,820,False,,,,,,,,,,,,,,,,,,,,,,,,,,,0.03,0.0,75,0.75,,,,,,,,,,,905,-999980,,
True,False,3.0,2.2,55,2.5,,30,10,300,False,trend_reclaim,18,6,0.012,73.00032754176432,36.28405619202379,18,0.01,,,,,,,,,,,,,,,,,,,,,,,,,,,0.006,970,False,,,,,,,,,,,,,,,,,,,,,,,,,,,0.12,0.002,150,1.0,,,,,,,,,,,906,-999980,,
False,True,2.5,4.0,40,2.2,,30,8,80,False,trend_bb_reversion,14,8,0.0,66.77736332752602,28.339904239859795,3,0.0,,,,,,,,,,,,,,,,,,,,,,,,,,,0.015,353,False,,,,,,,,,,,,,,,,,,,,,,,,,,,0.04,0.0005,20,1.5,,,,,,,,,,,907,-999981,,
True,False,5.0,2.2,40,2.0,,30,20,100,False,trend_bb_reversion,24,8,0.025,74.87775678636724,38.400216901889294,12,0.0005,,,,,,,,,,,,,,,,,,,,,,,,,,,0.04,704,False,,,,,,,,,,,,,,,,,,,,,,,,,,,0.03,0.0,75,0.75,,,,,,,,,,,908,-999981,,
False,True,5.0,6.0,30,2.2,,10,30,400,True,trend_state_tp,48,4,0.012,59.1474326380319,30.503592819929246,6,0.01,,,,,,,,,,,,,,,,,,,,,,,,,,,0.015,720,False,,,,,,,,,,,,,,,,,,,,,,,,,,,0.12,0.003,20,0.75,,,,,,,,,,,909,-999981,,
True,False,1.0,8.0,80,2.0,,16,50,100,False,trend_reclaim,36,8,0.018,70.94871849628257,26.94261368056552,36,0.0,,,,,,,,,,,,,,,,,,,,,,,,,,,0.025,941,False,,,,,,,,,,,,,,,,,,,,,,,,,,,0.2,0.002,30,0.5,,,,,,,,,,,910,-999981,,
True,False,2.0,6.0,80,1.5,,16,10,50,False,range_bb_reversion,24,8,0.005,67.29581626954807,41.96019856519763,48,0.001,,,,,,,,,,,,,,,,,,,,,,,,,,,0.006,967,False,,,,,,,,,,,,,,,,,,,,,,,,,,,0.04,0.0005,150,0.0,,,,,,,,,,,911,-999981,,
False,True,2.5,12.0,20,2.5,,8,14,300,False,trend_reclaim,36,6,0.0,64.75972680909373,23.087609604715134,24,0.005,,,,,,,,,,,,,,,,,,,,,,,,,,,0.025,22,False,,,,,,,,,,,,,,,,,,,,,,,,,,,0.03,0.003,100,1.0,,,,,,,,,,,912,-999982,,
True,False,1.5,1.3,55,2.2,,55,10,100,False,range_bb_reversion,18,3,0.018,68.89712259530161,28.615706417344544,36,0.0,,,,,,,,,,,,,,,,,,,,,,,,,,,0.015,89,False,,,,,,,,,,,,,,,,,,,,,,,,,,,0.04,0.0005,20,1.25,,,,,,,,,,,913,-999982,,
True,False,2.0,1.7,40,2.2,,40,10,200,False,trend_bb_reversion,48,4,0.0025,66.2722450032589,44.998586863972136,36,0.005,,,,,,,,,,,,,,,,,,,,,,,,,,,0.08,131,False,,,,,,,,,,,,,,,,,,,,,,,,,,,0.03,0.002,30,0.75,,,,,,,,,,,914,-999982,,
True,False,1.5,3.0,80,2.5,,10,80,200,False,range_bb_reversion,96,1,0.0,77.55511702272383,26.10983525964698,3,0.01,,,,,,,,,,,,,,,,,,,,,,,,,,,0.08,162,False,,,,,,,,,,,,,,,,,,,,,,,,,,,0.03,0.001,10,1.0,,,,,,,,,,,915,-999982,,
True,False,2.0,4.0,30,2.2,,8,8,80,False,trend_bb_reversion,24,4,0.008,63.09613595070835,42.91242180738142,12,0.005,,,,,,,,,,,,,,,,,,,,,,,,,,,0.04,190,True,,,,,,,,,,,,,,,,,,,,,,,,,,,0.05,0.003,100,1.25,,,,,,,,,,,916,-999982,,
True,False,1.0,8.0,14,2.5,,40,20,300,False,channel_reclaim,24,3,0.008,68.42716464366298,22.272432139109515,6,0.0005,,,,,,,,,,,,,,,,,,,,,,,,,,,0.01,222,False,,,,,,,,,,,,,,,,,,,,,,,,,,,0.03,0.003,10,0.25,,,,,,,,,,,917,-999982,,
True,False,4.0,1.7,14,1.5,,12,10,80,False,channel_reclaim,48,6,0.025,67.23177012754614,28.81722516329478,3,0.0025,,,,,,,,,,,,,,,,,,,,,,,,,,,0.01,242,False,,,,,,,,,,,,,,,,,,,,,,,,,,,0.08,0.001,50,1.25,,,,,,,,,,,918,-999982,,
True,False,5.0,1.7,30,1.8,,20,30,50,False,trend_bb_reversion,18,4,0.008,61.02887304355706,25.663228766173454,48,0.0005,,,,,,,,,,,,,,,,,,,,,,,,,,,0.08,264,True,,,,,,,,,,,,,,,,,,,,,,,,,,,0.03,0.002,50,0.5,,,,,,,,,,,919,-999982,,
True,False,5.0,3.0,20,1.5,,20,50,300,False,range_bb_reversion,18,8,0.005,63.11299463108773,29.08711425825271,3,0.001,,,,,,,,,,,,,,,,,,,,,,,,,,,0.006,369,False,,,,,,,,,,,,,,,,,,,,,,,,,,,0.04,0.001,30,0.0,,,,,,,,,,,920,-999982,,
True,False,2.5,1.3,55,1.5,,10,8,100,False,trend_reclaim,72,4,0.008,67.42947139262334,31.552699406693648,48,0.0025,,,,,,,,,,,,,,,,,,,,,,,,,,,0.08,473,False,,,,,,,,,,,,,,,,,,,,,,,,,,,0.08,0.0005,150,1.25,,,,,,,,,,,921,-999982,,
True,True,2.0,1.7,20,1.8,,10,14,400,False,trend_reclaim,18,6,0.0,72.71327034558101,23.498262370921307,6,0.0025,,,,,,,,,,,,,,,,,,,,,,,,,,,0.01,530,True,,,,,,,,,,,,,,,,,,,,,,,,,,,0.03,0.0,20,0.25,,,,,,,,,,,922,-999982,,
True,False,2.5,3.0,30,1.5,,16,20,80,False,trend_reclaim,24,2,0.025,76.41686133957492,32.84713477274953,48,0.0005,,,,,,,,,,,,,,,,,,,,,,,,,,,0.01,641,False,,,,,,,,,,,,,,,,,,,,,,,,,,,1.0,0.0,100,0.0,,,,,,,,,,,923,-999982,,
True,False,1.0,12.0,40,1.5,,40,14,100,False,trend_reclaim,18,8,0.018,62.511259506533186,40.1413170288541,36,0.01,,,,,,,,,,,,,,,,,,,,,,,,,,,0.04,716,False,,,,,,,,,,,,,,,,,,,,,,,,,,,0.2,0.003,100,1.25,,,,,,,,,,,924,-999982,,
True,False,5.0,3.0,80,1.5,,16,14,400,False,range_bb_reversion,48,3,0.005,75.98379731276634,31.143267234650526,48,0.0025,,,,,,,,,,,,,,,,,,,,,,,,,,,0.01,933,False,,,,,,,,,,,,,,,,,,,,,,,,,,,0.2,0.003,100,1.5,,,,,,,,,,,925,-999982,,
True,False,5.0,12.0,40,2.5,,10,14,150,True,trend_state_tp,48,8,0.0,71.75405139179608,25.592453486184812,12,0.005,,,,,,,,,,,,,,,,,,,,,,,,,,,0.08,1173,True,,,,,,,,,,,,,,,,,,,,,,,,,,,0.03,0.0005,20,1.25,,,,,,,,,,,926,-999982,,
True,False,2.0,12.0,40,1.5,,8,80,150,False,trend_bb_reversion,24,2,0.0,76.40427684849725,23.36848922302022,18,0.0,,,,,,,,,,,,,,,,,,,,,,,,,,,0.006,1179,True,,,,,,,,,,,,,,,,,,,,,,,,,,,1.0,0.0,150,1.5,,,,,,,,,,,927,-999982,,
True,False,1.5,1.3,30,2.2,,16,20,300,False,trend_reclaim,14,8,0.0025,73.56219903504292,22.0055655910195,6,0.0025,,,,,,,,,,,,,,,,,,,,,,,,,,,0.04,0,False,,,,,,,,,,,,,,,,,,,,,,,,,,,0.08,0.003,100,1.25,,,,,,,,,,,928,-999983,,
True,False,3.0,2.2,80,1.8,,10,30,200,False,trend_bb_reversion,24,4,0.0,76.78012815490293,25.381983271867078,36,0.0,,,,,,,,,,,,,,,,,,,,,,,,,,,0.025,145,False,,,,,,,,,,,,,,,,,,,,,,,,,,,0.08,0.002,150,1.5,,,,,,,,,,,929,-999983,,
True,False,1.0,6.0,20,2.2,,30,8,150,False,range_bb_reversion,12,4,0.005,76.23090501618093,37.74482180624012,36,0.0005,,,,,,,,,,,,,,,,,,,,,,,,,,,0.01,241,False,,,,,,,,,,,,,,,,,,,,,,,,,,,0.03,0.002,10,1.5,,,,,,,,,,,930,-999983,,
True,False,1.5,1.3,55,2.5,,40,14,50,False,trend_reclaim,12,4,0.0,67.35622726994517,32.77553100715472,24,0.001,,,,,,,,,,,,,,,,,,,,,,,,,,,0.04,253,False,,,,,,,,,,,,,,,,,,,,,,,,,,,0.03,0.001,10,1.25,,,,,,,,,,,931,-999983,,
True,False,1.5,12.0,55,2.5,,20,50,300,False,channel_reclaim,72,2,0.005,59.77464310941996,35.16580508891743,3,0.0,,,,,,,,,,,,,,,,,,,,,,,,,,,0.025,278,False,,,,,,,,,,,,,,,,,,,,,,,,,,,0.03,0.001,30,1.0,,,,,,,,,,,932,-999983,,
True,False,2.5,6.0,40,2.2,,16,30,100,False,trend_bb_reversion,8,4,0.0025,74.63264410974227,41.14689036421279,48,0.0005,,,,,,,,,,,,,,,,,,,,,,,,,,,0.025,319,True,,,,,,,,,,,,,,,,,,,,,,,,,,,0.04,0.002,100,1.5,,,,,,,,,,,933,-999983,,
True,False,2.5,1.7,30,1.8,,30,8,150,False,range_bb_reversion,24,2,0.0,71.22297177624506,22.91557077779996,3,0.001,,,,,,,,,,,,,,,,,,,,,,,,,,,0.01,836,False,,,,,,,,,,,,,,,,,,,,,,,,,,,0.12,0.0005,20,1.5,,,,,,,,,,,934,-999983,,
True,True,5.0,2.2,55,1.8,,30,20,150,False,trend_reclaim,18,3,0.018,70.2697091212892,27.917093820692816,48,0.01,,,,,,,,,,,,,,,,,,,,,,,,,,,0.01,1046,False,,,,,,,,,,,,,,,,,,,,,,,,,,,0.12,0.0005,100,1.25,,,,,,,,,,,935,-999983,,
True,True,3.0,12.0,20,2.5,,20,50,300,False,trend_bb_reversion,18,1,0.025,76.90870287435753,44.487715266551554,3,0.0025,,,,,,,,,,,,,,,,,,,,,,,,,,,0.025,1061,False,,,,,,,,,,,,,,,,,,,,,,,,,,,0.08,0.002,75,1.25,,,,,,,,,,,936,-999983,,
True,False,4.0,4.0,40,2.0,,8,14,200,False,channel_reclaim,120,1,0.0,69.43068866797545,44.67290990798726,24,0.001,,,,,,,,,,,,,,,,,,,,,,,,,,,0.015,1075,False,,,,,,,,,,,,,,,,,,,,,,,,,,,0.03,0.002,150,1.0,,,,,,,,,,,937,-999983,,
True,True,1.0,12.0,20,2.5,,8,10,200,False,range_bb_reversion,96,4,0.012,74.79078346304624,24.653891761309687,6,0.01,,,,,,,,,,,,,,,,,,,,,,,,,,,0.01,119,False,,,,,,,,,,,,,,,,,,,,,,,,,,,0.04,0.001,150,1.0,,,,,,,,,,,938,-999984,,
True,True,5.0,8.0,14,2.2,,55,50,150,False,channel_reclaim,48,4,0.005,64.50982855039629,33.60641848155787,18,0.0025,,,,,,,,,,,,,,,,,,,,,,,,,,,0.04,124,False,,,,,,,,,,,,,,,,,,,,,,,,,,,0.03,0.002,10,0.25,,,,,,,,,,,939,-999984,,
True,False,1.0,1.3,20,2.2,,40,14,150,False,range_bb_reversion,12,2,0.005,70.39646123712826,23.068582858670315,24,0.005,,,,,,,,,,,,,,,,,,,,,,,,,,,0.006,525,True,,,,,,,,,,,,,,,,,,,,,,,,,,,0.12,0.001,150,0.5,,,,,,,,,,,940,-999984,,
True,False,1.0,6.0,30,1.8,,16,80,130,False,trend_reclaim,24,3,0.012,67.09054520730649,31.895732280124854,48,0.005,,,,,,,,,,,,,,,,,,,,,,,,,,,0.08,1055,False,,,,,,,,,,,,,,,,,,,,,,,,,,,1.0,0.003,150,1.5,,,,,,,,,,,941,-999984,,
True,True,4.0,3.0,40,2.5,,40,20,50,False,channel_reclaim,36,6,0.0025,72.82504310760736,42.5776959982622,12,0.005,,,,,,,,,,,,,,,,,,,,,,,,,,,0.04,1167,False,,,,,,,,,,,,,,,,,,,,,,,,,,,0.12,0.0005,75,1.25,,,,,,,,,,,942,-999984,,
True,False,1.5,3.0,55,1.5,,10,14,80,False,trend_bb_reversion,8,3,0.018,75.71883221817255,44.90199719738848,3,0.001,,,,,,,,,,,,,,,,,,,,,,,,,,,0.025,134,True,,,,,,,,,,,,,,,,,,,,,,,,,,,0.08,0.002,150,0.5,,,,,,,,,,,943,-999985,,
True,False,2.0,6.0,40,2.2,,40,14,200,False,trend_bb_reversion,24,3,0.0025,58.31198537796683,40.17775090673586,18,0.0025,,,,,,,,,,,,,,,,,,,,,,,,,,,0.006,496,False,,,,,,,,,,,,,,,,,,,,,,,,,,,0.03,0.001,150,0.5,,,,,,,,,,,944,-999985,,
True,False,1.0,3.0,14,1.8,,30,20,300,False,range_bb_reversion,8,3,0.018,69.09635745856662,26.843396115461083,48,0.001,,,,,,,,,,,,,,,,,,,,,,,,,,,0.006,529,False,,,,,,,,,,,,,,,,,,,,,,,,,,,1.0,0.0005,100,1.5,,,,,,,,,,,945,-999985,,
True,True,1.0,1.3,80,2.0,,55,50,150,False,trend_bb_reversion,24,1,0.0025,73.38885391252147,23.48126851286819,18,0.01,,,,,,,,,,,,,,,,,,,,,,,,,,,0.015,681,False,,,,,,,,,,,,,,,,,,,,,,,,,,,1.0,0.002,150,0.5,,,,,,,,,,,946,-999985,,
True,False,1.5,1.3,14,2.2,,12,14,150,False,channel_reclaim,12,3,0.012,77.27861030085069,36.64181036238219,12,0.005,,,,,,,,,,,,,,,,,,,,,,,,,,,0.01,685,False,,,,,,,,,,,,,,,,,,,,,,,,,,,0.03,0.003,50,0.0,,,,,,,,,,,947,-999985,,
True,False,3.0,6.0,40,1.5,,8,30,80,False,trend_bb_reversion,8,4,0.005,60.71736393982716,41.643176481404154,24,0.01,,,,,,,,,,,,,,,,,,,,,,,,,,,0.025,226,False,,,,,,,,,,,,,,,,,,,,,,,,,,,0.04,0.0,75,1.0,,,,,,,,,,,948,-999986,,
True,False,2.0,12.0,80,2.0,,16,80,200,False,channel_reclaim,96,6,0.012,76.8818733877849,41.33479252605822,36,0.01,,,,,,,,,,,,,,,,,,,,,,,,,,,0.01,325,False,,,,,,,,,,,,,,,,,,,,,,,,,,,0.05,0.0,75,1.5,,,,,,,,,,,949,-999986,,
True,False,3.0,4.0,55,1.5,,40,80,130,False,trend_reclaim,18,1,0.018,69.75748593085258,30.54228969736723,24,0.001,,,,,,,,,,,,,,,,,,,,,,,,,,,0.08,493,False,,,,,,,,,,,,,,,,,,,,,,,,,,,0.2,0.003,150,1.0,,,,,,,,,,,950,-999986,,
True,False,2.5,4.0,40,2.2,,55,14,300,True,trend_state_tp,48,1,0.0,65.99179732717354,32.68768529051704,3,0.01,,,,,,,,,,,,,,,,,,,,,,,,,,,0.015,621,False,,,,,,,,,,,,,,,,,,,,,,,,,,,0.2,0.002,10,1.25,,,,,,,,,,,951,-999986,,
True,False,1.0,12.0,80,2.0,,8,20,300,False,trend_bb_reversion,8,2,0.025,71.01474270058438,37.68624001778898,12,0.005,,,,,,,,,,,,,,,,,,,,,,,,,,,0.015,634,False,,,,,,,,,,,,,,,,,,,,,,,,,,,0.12,0.001,50,1.5,,,,,,,,,,,952,-999986,,
True,False,3.0,3.0,30,2.5,,12,20,400,False,range_bb_reversion,120,6,0.0025,70.53121475724457,24.970762271322094,12,0.0,,,,,,,,,,,,,,,,,,,,,,,,,,,0.01,639,False,,,,,,,,,,,,,,,,,,,,,,,,,,,0.2,0.0005,50,0.0,,,,,,,,,,,953,-999986,,
True,False,2.0,8.0,80,1.8,,30,14,200,False,range_bb_reversion,48,6,0.012,58.43695930116036,32.93944344795959,12,0.001,,,,,,,,,,,,,,,,,,,,,,,,,,,0.006,837,False,,,,,,,,,,,,,,,,,,,,,,,,,,,0.04,0.001,30,0.25,,,,,,,,,,,954,-999986,,
False,True,5.0,12.0,55,1.8,,12,30,200,False,trend_reclaim,96,8,0.008,77.41068200051959,38.916307201310666,12,0.001,,,,,,,,,,,,,,,,,,,,,,,,,,,0.015,843,False,,,,,,,,,,,,,,,,,,,,,,,,,,,0.04,0.0005,30,1.0,,,,,,,,,,,955,-999986,,
True,True,1.5,12.0,30,1.8,,12,20,400,False,trend_reclaim,24,3,0.018,67.71778426035279,40.26007460556009,3,0.0025,,,,,,,,,,,,,,,,,,,,,,,,,,,0.015,972,False,,,,,,,,,,,,,,,,,,,,,,,,,,,0.12,0.003,30,0.5,,,,,,,,,,,956,-999986,,
True,False,5.0,1.7,80,1.8,,30,10,200,False,channel_reclaim,8,3,0.018,64.86395326495739,28.12189448396014,18,0.001,,,,,,,,,,,,,,,,,,,,,,,,,,,0.04,1079,False,,,,,,,,,,,,,,,,,,,,,,,,,,,0.05,0.001,75,1.5,,,,,,,,,,,957,-999986,,
True,False,5.0,3.0,14,2.0,,10,8,400,False,channel_reclaim,36,3,0.0,69.1139224674933,26.301345072985043,48,0.005,,,,,,,,,,,,,,,,,,,,,,,,,,,0.08,1148,False,,,,,,,,,,,,,,,,,,,,,,,,,,,0.03,0.0,50,1.0,,,,,,,,,,,958,-999986,,
True,True,4.0,4.0,20,2.5,,20,30,300,False,trend_bb_reversion,36,4,0.0,69.34886126608475,44.956518753660305,6,0.01,,,,,,,,,,,,,,,,,,,,,,,,,,,0.015,1185,False,,,,,,,,,,,,,,,,,,,,,,,,,,,0.12,0.0005,30,0.0,,,,,,,,,,,959,-999986,,
True,False,5.0,2.2,30,2.0,,20,50,100,False,trend_bb_reversion,72,6,0.025,58.96449381369911,36.01531658018082,6,0.005,,,,,,,,,,,,,,,,,,,,,,,,,,,0.006,1196,False,,,,,,,,,,,,,,,,,,,,,,,,,,,0.08,0.0005,75,1.25,,,,,,,,,,,960,-999986,,
True,False,1.0,3.0,80,1.5,,12,8,200,False,range_bb_reversion,24,2,0.0025,67.00858438049906,26.626611459136445,6,0.0005,,,,,,,,,,,,,,,,,,,,,,,,,,,0.006,92,False,,,,,,,,,,,,,,,,,,,,,,,,,,,0.05,0.0,75,0.25,,,,,,,,,,,961,-999987,,
True,False,3.0,12.0,30,2.0,,40,80,400,False,trend_bb_reversion,36,4,0.018,64.7609472702943,36.79796132014264,3,0.0005,,,,,,,,,,,,,,,,,,,,,,,,,,,0.01,138,False,,,,,,,,,,,,,,,,,,,,,,,,,,,0.04,0.0,50,1.25,,,,,,,,,,,962,-999987,,
True,False,1.0,4.0,40,2.0,,30,20,50,False,channel_reclaim,12,1,0.0,67.54664972951488,43.542893390920476,6,0.001,,,,,,,,,,,,,,,,,,,,,,,,,,,0.01,171,True,,,,,,,,,,,,,,,,,,,,,,,,,,,1.0,0.0005,10,1.0,,,,,,,,,,,963,-999987,,
True,False,1.5,2.2,80,2.5,,30,10,80,False,trend_reclaim,18,8,0.005,59.95003394050305,36.387859031120286,3,0.0005,,,,,,,,,,,,,,,,,,,,,,,,,,,0.04,186,False,,,,,,,,,,,,,,,,,,,,,,,,,,,0.04,0.003,150,0.0,,,,,,,,,,,964,-999987,,
True,False,5.0,2.2,20,1.5,,12,20,100,False,trend_bb_reversion,72,1,0.012,64.84473127713075,34.56446269056888,18,0.01,,,,,,,,,,,,,,,,,,,,,,,,,,,0.01,219,True,,,,,,,,,,,,,,,,,,,,,,,,,,,0.05,0.002,30,1.25,,,,,,,,,,,965,-999987,,
True,False,5.0,2.2,30,2.2,,55,30,200,False,trend_reclaim,48,2,0.0025,65.38510931417659,39.50210312344956,6,0.005,,,,,,,,,,,,,,,,,,,,,,,,,,,0.025,452,False,,,,,,,,,,,,,,,,,,,,,,,,,,,0.12,0.0005,10,1.5,,,,,,,,,,,966,-999987,,
True,False,1.0,3.0,80,2.5,,20,30,300,False,trend_reclaim,96,2,0.005,64.22678886397875,40.15694052558684,6,0.001,,,,,,,,,,,,,,,,,,,,,,,,,,,0.04,481,False,,,,,,,,,,,,,,,,,,,,,,,,,,,0.04,0.003,75,0.5,,,,,,,,,,,967,-999987,,
True,False,2.0,4.0,20,1.8,,20,14,400,False,range_bb_reversion,96,2,0.0025,58.29196514191661,25.944029372696633,6,0.0025,,,,,,,,,,,,,,,,,,,,,,,,,,,0.04,737,False,,,,,,,,,,,,,,,,,,,,,,,,,,,0.03,0.003,150,1.5,,,,,,,,,,,968,-999987,,
True,False,4.0,1.3,40,2.2,,16,10,80,False,trend_reclaim,24,2,0.008,66.32781797331668,39.260824005015486,3,0.0025,,,,,,,,,,,,,,,,,,,,,,,,,,,0.04,803,False,,,,,,,,,,,,,,,,,,,,,,,,,,,0.2,0.003,20,1.5,,,,,,,,,,,969,-999987,,
True,True,2.5,2.2,55,2.2,,8,8,150,False,trend_bb_reversion,18,2,0.0025,74.46067764852364,31.560568953535682,3,0.001,,,,,,,,,,,,,,,,,,,,,,,,,,,0.015,864,False,,,,,,,,,,,,,,,,,,,,,,,,,,,1.0,0.001,75,1.5,,,,,,,,,,,970,-999987,,
True,False,4.0,1.7,40,2.5,,8,14,100,False,trend_reclaim,72,1,0.0,68.86283903162501,23.161079486501777,3,0.0025,,,,,,,,,,,,,,,,,,,,,,,,,,,0.025,912,True,,,,,,,,,,,,,,,,,,,,,,,,,,,0.04,0.0005,30,0.0,,,,,,,,,,,971,-999987,,
True,True,2.5,1.7,40,1.5,,55,8,400,False,range_bb_reversion,24,3,0.008,69.28508708780193,26.214729216015115,18,0.01,,,,,,,,,,,,,,,,,,,,,,,,,,,0.006,935,False,,,,,,,,,,,,,,,,,,,,,,,,,,,0.03,0.003,50,0.5,,,,,,,,,,,972,-999987,,
True,False,1.5,4.0,80,2.0,,12,20,300,False,range_bb_reversion,18,1,0.0,70.61944191890838,41.603731600021064,12,0.005,,,,,,,,,,,,,,,,,,,,,,,,,,,0.025,965,False,,,,,,,,,,,,,,,,,,,,,,,,,,,0.03,0.0005,100,1.5,,,,,,,,,,,973,-999987,,
True,False,5.0,2.2,80,1.5,,30,8,300,False,trend_bb_reversion,8,4,0.008,61.34822677065867,23.51621477817148,48,0.0005,,,,,,,,,,,,,,,,,,,,,,,,,,,0.006,1137,False,,,,,,,,,,,,,,,,,,,,,,,,,,,0.04,0.0,30,0.75,,,,,,,,,,,974,-999987,,
True,False,4.0,2.2,55,2.5,,10,8,200,False,channel_reclaim,18,6,0.0,62.587326905257385,29.31019581250451,12,0.001,,,,,,,,,,,,,,,,,,,,,,,,,,,0.006,97,True,,,,,,,,,,,,,,,,,,,,,,,,,,,0.03,0.003,30,1.25,,,,,,,,,,,975,-999988,,
True,True,4.0,8.0,80,2.5,,20,14,200,False,trend_bb_reversion,72,1,0.025,65.68803186464294,25.909484993041517,12,0.001,,,,,,,,,,,,,,,,,,,,,,,,,,,0.025,270,False,,,,,,,,,,,,,,,,,,,,,,,,,,,0.04,0.001,10,1.5,,,,,,,,,,,976,-999988,,
True,True,1.0,12.0,55,1.5,,55,10,150,False,trend_bb_reversion,18,6,0.018,67.51595333864583,40.889396890077094,3,0.001,,,,,,,,,,,,,,,,,,,,,,,,,,,0.04,586,False,,,,,,,,,,,,,,,,,,,,,,,,,,,0.05,0.002,100,1.5,,,,,,,,,,,977,-999988,,
True,True,2.0,8.0,55,2.2,,30,20,400,False,trend_reclaim,96,4,0.008,71.8655945665357,43.59725425142949,24,0.005,,,,,,,,,,,,,,,,,,,,,,,,,,,0.08,588,False,,,,,,,,,,,,,,,,,,,,,,,,,,,0.04,0.0,100,0.5,,,,,,,,,,,978,-999988,,
True,False,5.0,6.0,80,2.0,,55,8,100,False,channel_reclaim,12,2,0.0025,72.36392363234425,33.919795475182134,12,0.0025,,,,,,,,,,,,,,,,,,,,,,,,,,,0.08,826,False,,,,,,,,,,,,,,,,,,,,,,,,,,,0.2,0.002,150,1.0,,,,,,,,,,,979,-999988,,
True,False,3.0,6.0,30,1.5,,12,8,150,True,trend_state_tp,18,4,0.0025,74.53069375661174,37.59393355906325,6,0.005,,,,,,,,,,,,,,,,,,,,,,,,,,,0.006,909,False,,,,,,,,,,,,,,,,,,,,,,,,,,,0.04,0.0005,30,1.5,,,,,,,,,,,980,-999988,,
False,True,5.0,6.0,80,2.0,,40,8,80,False,range_bb_reversion,96,8,0.012,67.32692071234905,32.43541806215082,3,0.0025,,,,,,,,,,,,,,,,,,,,,,,,,,,0.01,1176,False,,,,,,,,,,,,,,,,,,,,,,,,,,,0.2,0.0,30,1.0,,,,,,,,,,,981,-999988,,
True,False,1.5,1.3,40,2.2,,55,8,50,False,trend_bb_reversion,72,6,0.0025,62.77767152439452,31.56163240227083,12,0.005,,,,,,,,,,,,,,,,,,,,,,,,,,,0.025,1189,False,,,,,,,,,,,,,,,,,,,,,,,,,,,0.2,0.0005,10,1.0,,,,,,,,,,,982,-999988,,
True,True,1.0,2.2,14,2.5,,40,50,300,False,range_bb_reversion,96,6,0.008,67.590250751686,28.124383919711686,36,0.0005,,,,,,,,,,,,,,,,,,,,,,,,,,,0.01,54,False,,,,,,,,,,,,,,,,,,,,,,,,,,,0.04,0.003,20,1.25,,,,,,,,,,,983,-999989,,
True,False,2.5,2.2,40,1.8,,40,20,100,False,trend_reclaim,120,2,0.012,65.28698454646326,40.82888314675892,3,0.0025,,,,,,,,,,,,,,,,,,,,,,,,,,,0.025,210,False,,,,,,,,,,,,,,,,,,,,,,,,,,,0.12,0.0,20,0.75,,,,,,,,,,,984,-999989,,
True,False,5.0,6.0,20,2.2,,10,14,80,False,range_bb_reversion,18,1,0.0025,70.32213609833683,22.172436944728013,24,0.0025,,,,,,,,,,,,,,,,,,,,,,,,,,,0.006,425,False,,,,,,,,,,,,,,,,,,,,,,,,,,,0.04,0.0,75,0.25,,,,,,,,,,,985,-999989,,
True,False,1.0,3.0,80,1.8,,8,10,100,False,trend_bb_reversion,12,4,0.012,59.992204768384056,26.26651996679896,18,0.001,,,,,,,,,,,,,,,,,,,,,,,,,,,0.006,683,False,,,,,,,,,,,,,,,,,,,,,,,,,,,0.08,0.0005,150,0.5,,,,,,,,,,,986,-999989,,
True,False,2.5,1.7,80,1.8,,10,30,300,False,trend_bb_reversion,96,6,0.005,75.39150353385288,28.215065432269245,3,0.0,,,,,,,,,,,,,,,,,,,,,,,,,,,0.006,914,False,,,,,,,,,,,,,,,,,,,,,,,,,,,0.05,0.002,100,1.0,,,,,,,,,,,987,-999989,,
True,False,4.0,6.0,80,2.2,,20,10,100,False,trend_reclaim,36,4,0.025,70.48665983786384,43.26917198812924,48,0.005,,,,,,,,,,,,,,,,,,,,,,,,,,,0.08,1004,False,,,,,,,,,,,,,,,,,,,,,,,,,,,1.0,0.002,30,1.5,,,,,,,,,,,988,-999989,,
False,True,1.5,6.0,40,2.5,,16,10,50,False,trend_bb_reversion,18,6,0.025,72.3793237015653,24.510625241572527,48,0.0025,,,,,,,,,,,,,,,,,,,,,,,,,,,0.04,1140,False,,,,,,,,,,,,,,,,,,,,,,,,,,,1.0,0.002,75,1.5,,,,,,,,,,,989,-999989,,
True,False,2.0,3.0,55,1.5,,20,50,150,False,trend_reclaim,8,3,0.0,70.78581567219935,39.624360067056294,3,0.0005,,,,,,,,,,,,,,,,,,,,,,,,,,,0.025,1192,False,,,,,,,,,,,,,,,,,,,,,,,,,,,0.03,0.0,50,0.25,,,,,,,,,,,990,-999989,,
True,False,3.0,1.7,30,2.2,,12,80,300,False,trend_reclaim,24,3,0.018,68.15811569178902,44.331756921903136,18,0.005,,,,,,,,,,,,,,,,,,,,,,,,,,,0.025,39,False,,,,,,,,,,,,,,,,,,,,,,,,,,,0.12,0.002,75,0.75,,,,,,,,,,,991,-999990,,
True,False,1.0,8.0,80,1.5,,40,8,80,False,trend_bb_reversion,14,8,0.0,63.3561386059519,34.7971769635042,24,0.0005,,,,,,,,,,,,,,,,,,,,,,,,,,,0.025,68,True,,,,,,,,,,,,,,,,,,,,,,,,,,,0.12,0.001,100,1.25,,,,,,,,,,,992,-999990,,
True,True,1.5,12.0,55,2.2,,30,8,50,False,trend_bb_reversion,12,3,0.008,62.16534239283812,43.57624418123486,6,0.001,,,,,,,,,,,,,,,,,,,,,,,,,,,0.006,107,False,,,,,,,,,,,,,,,,,,,,,,,,,,,0.12,0.0,30,0.0,,,,,,,,,,,993,-999990,,
True,False,1.0,1.7,14,2.0,,20,8,50,False,trend_reclaim,96,3,0.0025,62.737543080808635,33.9860422087708,6,0.001,,,,,,,,,,,,,,,,,,,,,,,,,,,0.01,202,False,,,,,,,,,,,,,,,,,,,,,,,,,,,0.04,0.001,20,1.5,,,,,,,,,,,994,-999990,,
True,False,2.0,1.7,40,1.5,,12,14,150,False,trend_bb_reversion,48,4,0.012,74.35617346266596,40.753471946705055,36,0.001,,,,,,,,,,,,,,,,,,,,,,,,,,,0.006,342,False,,,,,,,,,,,,,,,,,,,,,,,,,,,0.03,0.002,150,1.25,,,,,,,,,,,995,-999990,,
True,False,1.5,6.0,80,2.5,,10,14,200,False,channel_reclaim,24,6,0.018,66.33981905651366,43.53013642011428,24,0.0025,,,,,,,,,,,,,,,,,,,,,,,,,,,0.01,438,False,,,,,,,,,,,,,,,,,,,,,,,,,,,0.03,0.0,50,1.5,,,,,,,,,,,996,-999990,,
True,False,3.0,12.0,30,2.5,,55,14,150,False,trend_bb_reversion,14,8,0.0025,66.06066839131888,32.42116862538001,18,0.005,,,,,,,,,,,,,,,,,,,,,,,,,,,0.015,584,False,,,,,,,,,,,,,,,,,,,,,,,,,,,0.03,0.001,10,0.75,,,,,,,,,,,997,-999990,,
True,False,2.0,3.0,30,1.5,,30,8,100,False,trend_bb_reversion,18,4,0.025,60.793654628153185,33.20425235712302,3,0.0025,,,,,,,,,,,,,,,,,,,,,,,,,,,0.025,629,False,,,,,,,,,,,,,,,,,,,,,,,,,,,0.05,0.001,10,0.0,,,,,,,,,,,998,-999990,,
True,False,4.0,2.2,20,2.0,,40,80,150,False,trend_reclaim,36,2,0.005,59.483487845624204,39.710079100862494,48,0.005,,,,,,,,,,,,,,,,,,,,,,,,,,,0.015,754,False,,,,,,,,,,,,,,,,,,,,,,,,,,,0.04,0.0,150,0.75,,,,,,,,,,,999,-999990,,
True,False,4.0,4.0,20,1.8,,16,10,150,False,trend_bb_reversion,120,2,0.0025,65.94539917725453,30.56934743820692,48,0.001,,,,,,,,,,,,,,,,,,,,,,,,,,,0.025,915,False,,,,,,,,,,,,,,,,,,,,,,,,,,,0.03,0.001,50,1.25,,,,,,,,,,,1000,-999990,,
True,False,4.0,12.0,30,2.0,,10,10,100,False,range_bb_reversion,48,6,0.008,71.89079640533652,29.13069752879922,24,0.001,,,,,,,,,,,,,,,,,,,,,,,,,,,0.006,957,False,,,,,,,,,,,,,,,,,,,,,,,,,,,0.03,0.001,10,0.75,,,,,,,,,,,1001,-999990,,
True,False,4.0,1.3,40,2.0,,10,10,200,False,trend_bb_reversion,18,6,0.0,68.30530800443161,26.613472090788633,12,0.005,,,,,,,,,,,,,,,,,,,,,,,,,,,0.015,1018,False,,,,,,,,,,,,,,,,,,,,,,,,,,,0.04,0.0,10,0.75,,,,,,,,,,,1002,-999990,,
True,False,2.5,4.0,40,1.5,,10,10,150,False,trend_bb_reversion,18,6,0.0,72.4048558329239,36.23188138580299,48,0.01,,,,,,,,,,,,,,,,,,,,,,,,,,,0.006,1150,False,,,,,,,,,,,,,,,,,,,,,,,,,,,0.04,0.0005,100,1.5,,,,,,,,,,,1003,-999990,,
True,False,2.5,3.0,80,1.5,,30,10,80,False,trend_bb_reversion,72,3,0.012,58.40828877568793,29.42557740598168,24,0.001,,,,,,,,,,,,,,,,,,,,,,,,,,,0.015,1165,True,,,,,,,,,,,,,,,,,,,,,,,,,,,0.04,0.0005,30,0.25,,,,,,,,,,,1004,-999990,,
True,False,1.0,2.2,14,1.5,,55,14,400,False,channel_reclaim,72,4,0.025,61.10213499667157,41.10197465267021,18,0.01,,,,,,,,,,,,,,,,,,,,,,,,,,,0.04,404,False,,,,,,,,,,,,,,,,,,,,,,,,,,,0.05,0.0005,30,1.25,,,,,,,,,,,1005,-999991,,
True,False,2.5,1.7,30,1.5,,55,50,300,False,range_bb_reversion,24,1,0.0025,62.758306256024746,26.967593337120075,36,0.01,,,,,,,,,,,,,,,,,,,,,,,,,,,0.01,552,False,,,,,,,,,,,,,,,,,,,,,,,,,,,0.03,0.002,30,0.75,,,,,,,,,,,1006,-999991,,
False,True,4.0,4.0,14,2.5,,40,80,300,False,channel_reclaim,120,1,0.005,60.25446206520892,43.05589172001051,3,0.0005,,,,,,,,,,,,,,,,,,,,,,,,,,,0.006,557,True,,,,,,,,,,,,,,,,,,,,,,,,,,,0.03,0.0,30,1.5,,,,,,,,,,,1007,-999991,,
True,False,2.0,8.0,80,1.8,,10,10,300,False,trend_reclaim,48,4,0.0025,67.97463055749003,35.106488669079376,24,0.005,,,,,,,,,,,,,,,,,,,,,,,,,,,0.006,638,False,,,,,,,,,,,,,,,,,,,,,,,,,,,0.03,0.001,100,0.0,,,,,,,,,,,1008,-999991,,
True,False,5.0,12.0,14,2.5,,8,20,400,True,trend_state_tp,36,4,0.012,76.35621141246955,34.45500060527318,6,0.0025,,,,,,,,,,,,,,,,,,,,,,,,,,,0.015,647,False,,,,,,,,,,,,,,,,,,,,,,,,,,,0.03,0.001,75,0.75,,,,,,,,,,,1009,-999991,,
True,True,2.0,12.0,80,1.5,,40,8,200,False,trend_bb_reversion,72,1,0.025,75.0696526766631,43.43486708171637,12,0.001,,,,,,,,,,,,,,,,,,,,,,,,,,,0.01,743,True,,,,,,,,,,,,,,,,,,,,,,,,,,,0.03,0.0,75,1.25,,,,,,,,,,,1010,-999991,,
True,False,2.0,1.7,14,2.0,,16,30,80,False,trend_reclaim,96,3,0.025,72.87850062610747,37.42144659965998,48,0.0,,,,,,,,,,,,,,,,,,,,,,,,,,,0.08,1053,False,,,,,,,,,,,,,,,,,,,,,,,,,,,0.12,0.002,75,0.5,,,,,,,,,,,1011,-999991,,
True,False,2.5,1.3,80,2.5,,30,80,150,False,trend_bb_reversion,72,8,0.0025,77.37911877139521,30.54058225443347,18,0.005,,,,,,,,,,,,,,,,,,,,,,,,,,,0.025,56,False,,,,,,,,,,,,,,,,,,,,,,,,,,,0.12,0.002,75,1.5,,,,,,,,,,,1012,-999992,,
True,True,1.0,12.0,40,2.5,,30,8,300,False,trend_reclaim,72,8,0.0025,76.54469911217163,23.595173835468945,3,0.0025,,,,,,,,,,,,,,,,,,,,,,,,,,,0.025,340,False,,,,,,,,,,,,,,,,,,,,,,,,,,,0.05,0.0,10,1.25,,,,,,,,,,,1013,-999992,,
True,False,2.0,8.0,80,2.0,,40,30,300,False,channel_reclaim,18,6,0.0,72.96032516682985,24.930599866912416,48,0.005,,,,,,,,,,,,,,,,,,,,,,,,,,,0.006,358,False,,,,,,,,,,,,,,,,,,,,,,,,,,,0.03,0.0,100,1.25,,,,,,,,,,,1014,-999992,,
True,False,5.0,8.0,40,2.2,,8,20,300,False,trend_bb_reversion,72,6,0.012,72.4785056350862,30.71144871855218,6,0.0,,,,,,,,,,,,,,,,,,,,,,,,,,,0.01,432,False,,,,,,,,,,,,,,,,,,,,,,,,,,,0.03,0.001,100,1.25,,,,,,,,,,,1015,-999992,,
True,False,5.0,2.2,80,1.5,,10,8,300,True,trend_state_tp,18,1,0.012,70.83892408059171,34.28695158746181,12,0.01,,,,,,,,,,,,,,,,,,,,,,,,,,,0.006,446,False,,,,,,,,,,,,,,,,,,,,,,,,,,,0.04,0.003,150,0.5,,,,,,,,,,,1016,-999992,,
True,False,3.0,1.7,20,1.8,,55,14,50,False,trend_reclaim,96,4,0.018,65.53576705632504,43.5557489801605,24,0.0025,,,,,,,,,,,,,,,,,,,,,,,,,,,0.04,630,False,,,,,,,,,,,,,,,,,,,,,,,,,,,0.08,0.0,50,0.25,,,,,,,,,,,1017,-999992,,
True,False,2.5,4.0,20,2.0,,12,10,400,False,trend_bb_reversion,96,8,0.0025,74.82397842071407,30.452836041074494,18,0.005,,,,,,,,,,,,,,,,,,,,,,,,,,,0.006,730,False,,,,,,,,,,,,,,,,,,,,,,,,,,,0.03,0.003,75,0.0,,,,,,,,,,,1018,-999992,,
True,False,3.0,12.0,14,2.2,,16,8,300,False,trend_bb_reversion,24,4,0.025,62.251885156291785,24.06434794009272,24,0.01,,,,,,,,,,,,,,,,,,,,,,,,,,,0.04,851,False,,,,,,,,,,,,,,,,,,,,,,,,,,,0.05,0.0005,100,1.25,,,,,,,,,,,1019,-999992,,
True,False,5.0,6.0,30,1.5,,16,50,100,False,trend_reclaim,12,8,0.012,63.05530043668892,36.491158355540584,36,0.005,,,,,,,,,,,,,,,,,,,,,,,,,,,0.015,985,False,,,,,,,,,,,,,,,,,,,,,,,,,,,0.08,0.002,100,1.25,,,,,,,,,,,1020,-999992,,
True,True,3.0,6.0,55,2.2,,30,10,150,False,channel_reclaim,12,8,0.005,66.05775065619316,43.52339839418803,3,0.005,,,,,,,,,,,,,,,,,,,,,,,,,,,0.015,77,False,,,,,,,,,,,,,,,,,,,,,,,,,,,1.0,0.001,10,1.0,,,,,,,,,,,1021,-999993,,
True,False,4.0,8.0,80,2.2,,30,8,150,False,trend_reclaim,48,6,0.0,72.11477667167539,24.088033213617248,48,0.01,,,,,,,,,,,,,,,,,,,,,,,,,,,0.025,262,False,,,,,,,,,,,,,,,,,,,,,,,,,,,0.03,0.001,30,1.5,,,,,,,,,,,1022,-999993,,
True,False,5.0,4.0,14,2.2,,55,80,150,False,channel_reclaim,96,3,0.025,77.3626787457246,27.19079260418888,12,0.0025,,,,,,,,,,,,,,,,,,,,,,,,,,,0.025,310,False,,,,,,,,,,,,,,,,,,,,,,,,,,,0.04,0.0005,75,0.5,,,,,,,,,,,1023,-999993,,
True,False,1.5,1.7,14,2.2,,20,30,300,False,trend_reclaim,72,8,0.025,66.75504763436673,26.278805485149956,3,0.0005,,,,,,,,,,,,,,,,,,,,,,,,,,,0.015,398,False,,,,,,,,,,,,,,,,,,,,,,,,,,,0.12,0.003,150,0.5,,,,,,,,,,,1024,-999993,,
True,True,2.0,12.0,40,2.0,,55,30,150,False,trend_bb_reversion,96,4,0.0025,67.33496733113758,36.308739739002746,3,0.0025,,,,,,,,,,,,,,,,,,,,,,,,,,,0.01,426,False,,,,,,,,,,,,,,,,,,,,,,,,,,,0.05,0.0,30,0.5,,,,,,,,,,,1025,-999993,,
True,False,1.5,1.3,30,2.2,,12,14,50,False,trend_bb_reversion,18,2,0.008,65.67124111047116,29.585575037778973,6,0.0025,,,,,,,,,,,,,,,,,,,,,,,,,,,0.025,578,False,,,,,,,,,,,,,,,,,,,,,,,,,,,0.05,0.003,50,0.0,,,,,,,,,,,1026,-999993,,
True,False,5.0,8.0,80,2.0,,55,50,400,False,trend_bb_reversion,72,2,0.008,58.329219142341,32.78162009362909,12,0.0,,,,,,,,,,,,,,,,,,,,,,,,,,,0.025,583,False,,,,,,,,,,,,,,,,,,,,,,,,,,,0.03,0.0005,10,1.0,,,,,,,,,,,1027,-999993,,
True,False,1.5,2.2,40,2.0,,16,14,150,False,trend_reclaim,36,2,0.025,73.41154223300319,30.643695406286,36,0.0005,,,,,,,,,,,,,,,,,,,,,,,,,,,0.025,624,False,,,,,,,,,,,,,,,,,,,,,,,,,,,0.12,0.001,50,0.25,,,,,,,,,,,1028,-999993,,
False,True,1.5,12.0,20,1.5,,55,14,80,False,trend_bb_reversion,18,8,0.0025,77.62781673005199,43.84469000455278,6,0.0005,,,,,,,,,,,,,,,,,,,,,,,,,,,0.08,940,False,,,,,,,,,,,,,,,,,,,,,,,,,,,0.08,0.003,50,1.5,,,,,,,,,,,1029,-999993,,
True,False,5.0,12.0,30,2.0,,10,10,400,False,range_bb_reversion,72,8,0.005,68.58840119055141,24.676178879641185,3,0.005,,,,,,,,,,,,,,,,,,,,,,,,,,,0.006,1107,False,,,,,,,,,,,,,,,,,,,,,,,,,,,0.04,0.003,100,0.25,,,,,,,,,,,1030,-999993,,
True,False,5.0,8.0,80,1.5,,10,80,130,False,trend_reclaim,72,1,0.008,65.09731383689586,24.98452868156255,12,0.005,,,,,,,,,,,,,,,,,,,,,,,,,,,0.08,86,False,,,,,,,,,,,,,,,,,,,,,,,,,,,0.08,0.0,10,1.0,,,,,,,,,,,1031,-999994,,
True,False,5.0,12.0,30,1.8,,40,8,400,False,channel_reclaim,12,2,0.005,76.85211817129252,35.56827953507102,6,0.0,,,,,,,,,,,,,,,,,,,,,,,,,,,0.01,158,True,,,,,,,,,,,,,,,,,,,,,,,,,,,0.03,0.002,100,1.25,,,,,,,,,,,1032,-999994,,
True,False,1.0,6.0,80,1.5,,40,14,150,False,channel_reclaim,36,1,0.005,63.06500113908436,38.50947284669788,12,0.005,,,,,,,,,,,,,,,,,,,,,,,,,,,0.08,176,True,,,,,,,,,,,,,,,,,,,,,,,,,,,0.04,0.002,100,0.75,,,,,,,,,,,1033,-999994,,
False,True,1.5,1.3,20,1.8,,40,30,400,False,trend_reclaim,48,4,0.012,75.60049773476665,26.63301792450155,48,0.001,,,,,,,,,,,,,,,,,,,,,,,,,,,0.015,238,False,,,,,,,,,,,,,,,,,,,,,,,,,,,0.04,0.0,30,0.25,,,,,,,,,,,1034,-999994,,
True,False,3.0,12.0,14,2.5,,8,50,100,False,range_bb_reversion,72,2,0.005,66.43034020953023,23.9737853521097,6,0.0,,,,,,,,,,,,,,,,,,,,,,,,,,,0.015,429,False,,,,,,,,,,,,,,,,,,,,,,,,,,,0.03,0.0005,50,1.0,,,,,,,,,,,1035,-999994,,
True,False,1.5,8.0,80,2.2,,55,14,200,False,channel_reclaim,12,1,0.018,62.22490986716948,23.624855493150733,18,0.0005,,,,,,,,,,,,,,,,,,,,,,,,,,,0.025,618,False,,,,,,,,,,,,,,,,,,,,,,,,,,,0.03,0.0005,75,1.0,,,,,,,,,,,1036,-999994,,
True,False,3.0,3.0,40,2.0,,20,8,200,False,trend_bb_reversion,12,2,0.0025,70.10030129336909,44.53137306386533,12,0.01,,,,,,,,,,,,,,,,,,,,,,,,,,,0.01,729,False,,,,,,,,,,,,,,,,,,,,,,,,,,,0.05,0.003,75,1.0,,,,,,,,,,,1037,-999994,,
True,False,3.0,2.2,80,1.5,,8,20,80,False,trend_reclaim,96,4,0.012,59.74296644111223,30.628208624738914,48,0.0005,,,,,,,,,,,,,,,,,,,,,,,,,,,0.025,747,False,,,,,,,,,,,,,,,,,,,,,,,,,,,0.05,0.001,50,0.25,,,,,,,,,,,1038,-999994,,
True,False,1.0,6.0,80,2.5,,8,30,300,False,trend_bb_reversion,24,6,0.025,71.70549053023318,24.65428850809761,12,0.01,,,,,,,,,,,,,,,,,,,,,,,,,,,0.08,927,False,,,,,,,,,,,,,,,,,,,,,,,,,,,0.12,0.0,20,1.0,,,,,,,,,,,1039,-999994,,
True,False,1.5,12.0,55,1.5,,40,30,100,False,trend_reclaim,72,1,0.018,70.1956584482131,39.29163232668009,48,0.0025,,,,,,,,,,,,,,,,,,,,,,,,,,,0.08,938,False,,,,,,,,,,,,,,,,,,,,,,,,,,,0.12,0.001,75,1.5,,,,,,,,,,,1040,-999994,,
True,False,2.5,2.2,40,1.8,,10,14,400,False,trend_reclaim,24,1,0.005,63.537861424985955,22.889165382841522,6,0.005,,,,,,,,,,,,,,,,,,,,,,,,,,,0.04,1134,False,,,,,,,,,,,,,,,,,,,,,,,,,,,0.05,0.001,50,0.5,,,,,,,,,,,1041,-999994,,
True,False,4.0,1.7,20,2.2,,12,50,400,False,trend_bb_reversion,36,3,0.012,68.08746844255025,43.169234177541426,3,0.0025,,,,,,,,,,,,,,,,,,,,,,,,,,,0.04,179,False,,,,,,,,,,,,,,,,,,,,,,,,,,,0.04,0.001,20,0.0,,,,,,,,,,,1042,-999995,,
False,True,3.0,1.3,80,1.5,,55,8,400,False,range_bb_reversion,72,6,0.008,70.55586754502318,42.80801976877268,48,0.0,,,,,,,,,,,,,,,,,,,,,,,,,,,0.01,221,False,,,,,,,,,,,,,,,,,,,,,,,,,,,0.03,0.001,10,1.25,,,,,,,,,,,1043,-999995,,
False,True,5.0,6.0,55,2.5,,8,8,50,False,trend_reclaim,48,2,0.012,68.08550805105935,35.17729440896026,6,0.01,,,,,,,,,,,,,,,,,,,,,,,,,,,0.025,268,False,,,,,,,,,,,,,,,,,,,,,,,,,,,0.12,0.003,150,1.25,,,,,,,,,,,1044,-999995,,
True,False,3.0,3.0,20,2.5,,20,50,200,False,trend_reclaim,96,2,0.025,77.59042434732534,42.78280878450378,12,0.001,,,,,,,,,,,,,,,,,,,,,,,,,,,0.015,288,False,,,,,,,,,,,,,,,,,,,,,,,,,,,0.12,0.0,100,0.0,,,,,,,,,,,1045,-999995,,
True,False,4.0,4.0,40,2.5,,8,80,130,False,trend_bb_reversion,96,2,0.025,59.68658443960361,34.74914234175357,6,0.005,,,,,,,,,,,,,,,,,,,,,,,,,,,0.006,537,False,,,,,,,,,,,,,,,,,,,,,,,,,,,0.08,0.0,50,1.25,,,,,,,,,,,1046,-999995,,
True,False,3.0,4.0,40,2.0,,16,14,300,False,channel_reclaim,24,2,0.025,58.41400689377825,31.753146685414222,3,0.001,,,,,,,,,,,,,,,,,,,,,,,,,,,0.015,623,False,,,,,,,,,,,,,,,,,,,,,,,,,,,0.03,0.001,30,0.5,,,,,,,,,,,1047,-999995,,
True,False,4.0,12.0,55,1.5,,16,30,150,False,trend_reclaim,96,3,0.005,66.76121971250879,40.396891927334444,6,0.005,,,,,,,,,,,,,,,,,,,,,,,,,,,0.015,684,False,,,,,,,,,,,,,,,,,,,,,,,,,,,0.08,0.001,10,1.25,,,,,,,,,,,1048,-999995,,
True,False,3.0,4.0,80,1.8,,20,50,300,False,trend_reclaim,48,8,0.025,72.0350141459736,38.17849621556315,12,0.005,,,,,,,,,,,,,,,,,,,,,,,,,,,0.006,821,False,,,,,,,,,,,,,,,,,,,,,,,,,,,1.0,0.0005,75,1.0,,,,,,,,,,,1049,-999995,,
True,False,1.5,4.0,30,2.2,,55,10,80,False,trend_reclaim,96,2,0.008,74.69249312447766,40.651916558698645,48,0.0025,,,,,,,,,,,,,,,,,,,,,,,,,,,0.08,839,True,,,,,,,,,,,,,,,,,,,,,,,,,,,0.04,0.001,30,1.5,,,,,,,,,,,1050,-999995,,
True,False,1.0,1.3,30,2.2,,30,8,80,False,channel_reclaim,120,2,0.018,70.37945010687413,24.330514987350043,3,0.001,,,,,,,,,,,,,,,,,,,,,,,,,,,0.01,899,False,,,,,,,,,,,,,,,,,,,,,,,,,,,0.04,0.0005,10,0.0,,,,,,,,,,,1051,-999995,,
True,False,5.0,6.0,80,1.5,,20,10,50,False,channel_reclaim,48,2,0.008,60.37956433409022,29.320680283097193,3,0.0005,,,,,,,,,,,,,,,,,,,,,,,,,,,0.015,29,True,,,,,,,,,,,,,,,,,,,,,,,,,,,0.04,0.0,10,1.25,,,,,,,,,,,1052,-999996,,
True,False,3.0,1.3,14,1.5,,20,50,200,False,trend_reclaim,36,1,0.0,76.37685058061123,34.49020228227152,18,0.01,,,,,,,,,,,,,,,,,,,,,,,,,,,0.01,46,False,,,,,,,,,,,,,,,,,,,,,,,,,,,0.04,0.003,50,1.5,,,,,,,,,,,1053,-999996,,
True,False,1.0,6.0,80,1.5,,10,10,150,False,trend_bb_reversion,18,1,0.0025,70.06752266625959,31.120890592228456,6,0.0005,,,,,,,,,,,,,,,,,,,,,,,,,,,0.04,80,False,,,,,,,,,,,,,,,,,,,,,,,,,,,0.03,0.003,30,0.25,,,,,,,,,,,1054,-999996,,
True,False,4.0,6.0,14,2.5,,40,30,300,False,trend_reclaim,12,3,0.025,77.2390648550115,39.215216982811256,6,0.01,,,,,,,,,,,,,,,,,,,,,,,,,,,0.015,123,False,,,,,,,,,,,,,,,,,,,,,,,,,,,1.0,0.003,150,0.25,,,,,,,,,,,1055,-999996,,
True,True,4.0,4.0,40,2.0,,30,80,400,False,trend_reclaim,24,6,0.018,73.06285731176939,43.74962545349837,48,0.01,,,,,,,,,,,,,,,,,,,,,,,,,,,0.006,336,False,,,,,,,,,,,,,,,,,,,,,,,,,,,0.08,0.003,20,1.5,,,,,,,,,,,1056,-999996,,
True,False,2.5,1.7,14,1.5,,55,10,80,False,channel_reclaim,18,8,0.018,64.10014735899064,34.048934087412,24,0.0025,,,,,,,,,,,,,,,,,,,,,,,,,,,0.01,603,False,,,,,,,,,,,,,,,,,,,,,,,,,,,0.04,0.0,50,1.0,,,,,,,,,,,1057,-999996,,
True,False,4.0,1.7,30,2.0,,16,10,150,False,trend_reclaim,36,8,0.018,69.55952223134577,40.16823712096618,6,0.0,,,,,,,,,,,,,,,,,,,,,,,,,,,0.015,611,False,,,,,,,,,,,,,,,,,,,,,,,,,,,0.08,0.001,50,0.25,,,,,,,,,,,1058,-999996,,
True,False,1.5,4.0,20,2.0,,16,50,150,False,trend_reclaim,120,2,0.0025,74.81508895252348,38.82255852676497,36,0.0025,,,,,,,,,,,,,,,,,,,,,,,,,,,0.01,687,False,,,,,,,,,,,,,,,,,,,,,,,,,,,0.03,0.002,10,1.5,,,,,,,,,,,1059,-999996,,
True,False,4.0,1.7,40,1.8,,55,14,50,False,channel_reclaim,24,6,0.008,69.02253057508739,33.044210961808126,36,0.0025,,,,,,,,,,,,,,,,,,,,,,,,,,,0.006,27,False,,,,,,,,,,,,,,,,,,,,,,,,,,,0.2,0.0005,10,1.0,,,,,,,,,,,1060,-999997,,
True,False,1.5,2.2,55,2.2,,20,50,100,False,channel_reclaim,12,3,0.008,71.25049365175265,27.009494752157625,18,0.01,,,,,,,,,,,,,,,,,,,,,,,,,,,0.08,38,False,,,,,,,,,,,,,,,,,,,,,,,,,,,0.03,0.002,10,0.75,,,,,,,,,,,1061,-999997,,
True,False,2.0,6.0,30,2.0,,8,80,130,False,trend_reclaim,120,3,0.025,71.94822769515739,22.29204898295166,36,0.0,,,,,,,,,,,,,,,,,,,,,,,,,,,0.01,136,False,,,,,,,,,,,,,,,,,,,,,,,,,,,0.08,0.0,75,0.0,,,,,,,,,,,1062,-999997,,
True,False,1.0,4.0,14,2.2,,10,80,400,False,trend_reclaim,36,4,0.005,69.19787845544562,28.643482917640373,36,0.01,,,,,,,,,,,,,,,,,,,,,,,,,,,0.025,165,False,,,,,,,,,,,,,,,,,,,,,,,,,,,0.04,0.003,30,0.75,,,,,,,,,,,1063,-999997,,
True,False,1.0,4.0,14,1.5,,8,10,80,False,trend_reclaim,120,8,0.012,73.67777472718939,43.64963737376951,48,0.01,,,,,,,,,,,,,,,,,,,,,,,,,,,0.006,593,False,,,,,,,,,,,,,,,,,,,,,,,,,,,0.04,0.001,30,0.0,,,,,,,,,,,1064,-999997,,
True,True,2.0,8.0,20,2.0,,10,50,100,False,trend_reclaim,8,1,0.008,62.722515320573834,34.70480893180071,18,0.01,,,,,,,,,,,,,,,,,,,,,,,,,,,0.08,597,False,,,,,,,,,,,,,,,,,,,,,,,,,,,0.04,0.001,150,1.0,,,,,,,,,,,1065,-999997,,
False,True,2.0,3.0,30,1.8,,55,10,50,False,channel_reclaim,96,3,0.0,64.07532085281515,42.08089282700335,48,0.01,,,,,,,,,,,,,,,,,,,,,,,,,,,0.015,696,False,,,,,,,,,,,,,,,,,,,,,,,,,,,1.0,0.0005,10,1.0,,,,,,,,,,,1066,-999997,,
True,False,3.0,6.0,14,1.5,,16,14,400,False,trend_bb_reversion,8,4,0.012,59.66746831529229,34.71808647856966,6,0.0025,,,,,,,,,,,,,,,,,,,,,,,,,,,0.08,746,False,,,,,,,,,,,,,,,,,,,,,,,,,,,0.03,0.0,30,1.0,,,,,,,,,,,1067,-999997,,
True,False,1.0,3.0,20,2.2,,10,10,80,False,trend_reclaim,12,3,0.012,60.47810621376517,41.600910033464096,18,0.0,,,,,,,,,,,,,,,,,,,,,,,,,,,0.04,785,True,,,,,,,,,,,,,,,,,,,,,,,,,,,0.04,0.003,75,0.25,,,,,,,,,,,1068,-999997,,
False,True,1.5,3.0,30,2.5,,55,20,150,False,trend_reclaim,48,4,0.005,66.33245417363807,28.16458314790651,3,0.0025,,,,,,,,,,,,,,,,,,,,,,,,,,,0.08,916,False,,,,,,,,,,,,,,,,,,,,,,,,,,,0.04,0.002,100,0.0,,,,,,,,,,,1069,-999997,,
True,False,4.0,2.2,14,2.5,,8,20,400,False,range_bb_reversion,18,2,0.008,72.87023529038724,32.72580868373065,48,0.005,,,,,,,,,,,,,,,,,,,,,,,,,,,0.006,971,False,,,,,,,,,,,,,,,,,,,,,,,,,,,0.05,0.001,150,0.0,,,,,,,,,,,1070,-999997,,
True,False,2.5,8.0,14,2.5,,40,8,100,False,trend_reclaim,14,8,0.018,73.47745050055407,39.17763634602836,12,0.0,,,,,,,,,,,,,,,,,,,,,,,,,,,0.025,1026,False,,,,,,,,,,,,,,,,,,,,,,,,,,,0.08,0.0,100,1.25,,,,,,,,,,,1071,-999997,,
True,False,1.0,8.0,80,2.0,,10,8,80,False,trend_bb_reversion,18,8,0.0025,73.78937468332882,39.26679277334769,36,0.01,,,,,,,,,,,,,,,,,,,,,,,,,,,0.04,1,False,,,,,,,,,,,,,,,,,,,,,,,,,,,0.08,0.001,50,0.25,,,,,,,,,,,1072,-999998,,
True,False,2.0,4.0,20,2.0,,10,30,400,False,trend_bb_reversion,36,3,0.005,60.02721875216071,26.26898732058384,3,0.005,,,,,,,,,,,,,,,,,,,,,,,,,,,0.006,8,False,,,,,,,,,,,,,,,,,,,,,,,,,,,0.08,0.002,50,1.0,,,,,,,,,,,1073,-999998,,
True,True,1.0,1.7,30,2.0,,20,30,50,False,trend_reclaim,72,3,0.018,62.37488700105789,25.271061098437908,48,0.0025,,,,,,,,,,,,,,,,,,,,,,,,,,,0.01,184,False,,,,,,,,,,,,,,,,,,,,,,,,,,,0.05,0.001,75,0.25,,,,,,,,,,,1074,-999998,,
True,False,3.0,4.0,20,2.2,,8,20,150,False,trend_reclaim,72,6,0.025,76.91841553598698,43.19449762273328,36,0.001,,,,,,,,,,,,,,,,,,,,,,,,,,,0.01,239,False,,,,,,,,,,,,,,,,,,,,,,,,,,,0.08,0.002,20,1.25,,,,,,,,,,,1075,-999998,,
True,True,5.0,4.0,14,2.0,,12,14,80,False,trend_bb_reversion,96,2,0.0025,69.50546931075256,23.39571704272573,3,0.0025,,,,,,,,,,,,,,,,,,,,,,,,,,,0.015,373,False,,,,,,,,,,,,,,,,,,,,,,,,,,,0.03,0.003,20,0.0,,,,,,,,,,,1076,-999998,,
True,True,2.0,6.0,40,2.5,,40,30,100,False,channel_reclaim,12,1,0.008,64.69401075733022,35.521328743937424,3,0.0025,,,,,,,,,,,,,,,,,,,,,,,,,,,0.04,465,False,,,,,,,,,,,,,,,,,,,,,,,,,,,0.2,0.001,20,1.5,,,,,,,,,,,1077,-999998,,
True,False,2.0,2.2,80,2.5,,16,80,130,False,trend_bb_reversion,120,1,0.012,63.34678088962992,38.06805130635311,6,0.0025,,,,,,,,,,,,,,,,,,,,,,,,,,,0.01,512,False,,,,,,,,,,,,,,,,,,,,,,,,,,,0.05,0.003,20,1.0,,,,,,,,,,,1078,-999998,,
True,False,5.0,1.7,30,2.0,,40,14,200,False,channel_reclaim,12,1,0.005,74.41383277301951,34.84687504205442,6,0.005,,,,,,,,,,,,,,,,,,,,,,,,,,,0.04,553,False,,,,,,,,,,,,,,,,,,,,,,,,,,,0.04,0.002,20,1.0,,,,,,,,,,,1079,-999998,,
True,False,2.5,8.0,55,1.5,,55,10,50,False,channel_reclaim,24,6,0.008,73.20123324286388,32.95095209578715,48,0.01,,,,,,,,,,,,,,,,,,,,,,,,,,,0.006,640,False,,,,,,,,,,,,,,,,,,,,,,,,,,,1.0,0.003,100,0.5,,,,,,,,,,,1080,-999998,,
True,False,3.0,12.0,40,2.2,,10,80,200,False,channel_reclaim,36,1,0.018,76.39555174646269,37.398094251556145,3,0.0025,,,,,,,,,,,,,,,,,,,,,,,,,,,0.025,906,False,,,,,,,,,,,,,,,,,,,,,,,,,,,0.05,0.003,75,1.5,,,,,,,,,,,1081,-999998,,
True,False,4.0,12.0,40,2.2,,30,10,300,False,trend_reclaim,72,1,0.012,58.77375538765047,43.32416279394908,18,0.01,,,,,,,,,,,,,,,,,,,,,,,,,,,0.04,1072,False,,,,,,,,,,,,,,,,,,,,,,,,,,,0.04,0.001,10,0.0,,,,,,,,,,,1082,-999998,,
True,False,2.5,6.0,30,2.2,,20,14,80,False,trend_reclaim,48,6,0.018,60.959204757393856,22.291188093353817,36,0.001,,,,,,,,,,,,,,,,,,,,,,,,,,,0.025,1109,False,,,,,,,,,,,,,,,,,,,,,,,,,,,0.08,0.0005,75,1.25,,,,,,,,,,,1083,-999998,,
True,False,2.5,3.0,40,1.8,,20,80,130,True,trend_state_tp,72,6,0.012,71.64822529040696,23.37950761244712,3,0.005,,,,,,,,,,,,,,,,,,,,,,,,,,,0.01,1122,False,,,,,,,,,,,,,,,,,,,,,,,,,,,0.04,0.003,10,1.0,,,,,,,,,,,1084,-999998,,
True,False,2.5,12.0,55,2.2,,40,50,300,False,trend_bb_reversion,48,1,0.008,70.23587733266945,22.61274802137904,12,0.005,,,,,,,,,,,,,,,,,,,,,,,,,,,0.04,5,False,,,,,,,,,,,,,,,,,,,,,,,,,,,0.03,0.0005,50,0.75,,,,,,,,,,,1085,-999999,,
True,False,2.0,1.7,40,2.2,,16,14,150,False,trend_bb_reversion,8,6,0.0,70.48951083162538,32.4610081689318,3,0.0025,,,,,,,,,,,,,,,,,,,,,,,,,,,0.01,49,False,,,,,,,,,,,,,,,,,,,,,,,,,,,0.05,0.003,150,1.5,,,,,,,,,,,1086,-999999,,
True,False,1.5,6.0,40,2.2,,16,8,100,False,trend_bb_reversion,120,4,0.012,72.92045296692717,27.20107786441997,3,0.0025,,,,,,,,,,,,,,,,,,,,,,,,,,,0.025,64,False,,,,,,,,,,,,,,,,,,,,,,,,,,,0.05,0.003,20,0.75,,,,,,,,,,,1087,-999999,,
True,False,2.5,8.0,20,2.0,,16,50,300,True,trend_state_tp,18,3,0.0025,64.31780575833763,34.109947010732014,3,0.0025,,,,,,,,,,,,,,,,,,,,,,,,,,,0.006,269,False,,,,,,,,,,,,,,,,,,,,,,,,,,,0.03,0.0005,30,0.0,,,,,,,,,,,1088,-999999,,
True,True,4.0,1.3,20,2.2,,55,80,100,False,trend_reclaim,18,4,0.012,61.45864599469264,30.50906825394005,12,0.01,,,,,,,,,,,,,,,,,,,,,,,,,,,0.015,286,False,,,,,,,,,,,,,,,,,,,,,,,,,,,0.08,0.0,100,0.5,,,,,,,,,,,1089,-999999,,
True,False,2.5,4.0,55,2.2,,12,8,200,False,channel_reclaim,12,6,0.0,76.72111217838575,39.32156043935099,3,0.005,,,,,,,,,,,,,,,,,,,,,,,,,,,0.08,308,False,,,,,,,,,,,,,,,,,,,,,,,,,,,0.05,0.003,20,0.25,,,,,,,,,,,1090,-999999,,
True,True,1.5,1.3,55,2.0,,20,10,80,False,channel_reclaim,96,3,0.018,63.94352940139266,24.42307859375951,3,0.0025,,,,,,,,,,,,,,,,,,,,,,,,,,,0.08,349,False,,,,,,,,,,,,,,,,,,,,,,,,,,,0.04,0.002,10,1.0,,,,,,,,,,,1091,-999999,,
True,False,3.0,8.0,40,1.8,,8,14,150,False,trend_bb_reversion,12,6,0.005,64.1444933547713,37.009177786121576,3,0.005,,,,,,,,,,,,,,,,,,,,,,,,,,,0.04,386,False,,,,,,,,,,,,,,,,,,,,,,,,,,,0.08,0.0005,10,1.25,,,,,,,,,,,1092,-999999,,
True,False,3.0,2.2,55,2.0,,40,20,150,False,channel_reclaim,8,3,0.018,71.0845248966168,40.32531333015532,3,0.001,,,,,,,,,,,,,,,,,,,,,,,,,,,0.006,420,False,,,,,,,,,,,,,,,,,,,,,,,,,,,0.04,0.0,20,1.5,,,,,,,,,,,1093,-999999,,
True,False,2.0,2.2,40,2.5,,40,50,100,False,trend_reclaim,18,8,0.008,75.81229189961259,43.063258671172036,6,0.001,,,,,,,,,,,,,,,,,,,,,,,,,,,0.01,445,False,,,,,,,,,,,,,,,,,,,,,,,,,,,0.03,0.0,10,0.75,,,,,,,,,,,1094,-999999,,
True,False,4.0,2.2,55,2.0,,30,10,300,False,channel_reclaim,72,6,0.008,73.74794757946421,28.53537826431315,6,0.0025,,,,,,,,,,,,,,,,,,,,,,,,,,,0.006,462,False,,,,,,,,,,,,,,,,,,,,,,,,,,,0.03,0.0005,100,1.0,,,,,,,,,,,1095,-999999,,
True,False,1.0,8.0,80,2.0,,16,80,130,False,trend_reclaim,48,4,0.025,60.87632659910853,39.56864446504769,36,0.001,,,,,,,,,,,,,,,,,,,,,,,,,,,0.006,501,False,,,,,,,,,,,,,,,,,,,,,,,,,,,0.08,0.001,150,1.25,,,,,,,,,,,1096,-999999,,
False,True,2.0,8.0,20,1.8,,40,80,100,False,trend_reclaim,8,3,0.018,65.34457405268921,36.76228455738727,12,0.01,,,,,,,,,,,,,,,,,,,,,,,,,,,0.08,564,False,,,,,,,,,,,,,,,,,,,,,,,,,,,1.0,0.002,75,0.75,,,,,,,,,,,1097,-999999,,
True,True,2.0,6.0,20,2.5,,40,10,300,False,trend_reclaim,96,4,0.018,65.02003831939773,28.26383087320551,36,0.0025,,,,,,,,,,,,,,,,,,,,,,,,,,,0.025,786,False,,,,,,,,,,,,,,,,,,,,,,,,,,,0.05,0.0005,10,1.0,,,,,,,,,,,1098,-999999,,
True,False,1.5,12.0,80,2.2,,55,50,100,True,trend_state_tp,96,4,0.018,70.46144297090326,26.01097609187392,6,0.01,,,,,,,,,,,,,,,,,,,,,,,,,,,0.04,814,False,,,,,,,,,,,,,,,,,,,,,,,,,,,0.04,0.001,10,1.5,,,,,,,,,,,1099,-999999,,
True,False,1.5,2.2,55,2.5,,40,8,50,False,channel_reclaim,24,1,0.018,73.35677813131606,28.116181125796142,3,0.0025,,,,,,,,,,,,,,,,,,,,,,,,,,,0.08,862,False,,,,,,,,,,,,,,,,,,,,,,,,,,,1.0,0.0005,20,1.5,,,,,,,,,,,1100,-999999,,
True,False,1.0,8.0,40,1.8,,20,80,100,False,channel_reclaim,120,1,0.005,74.89071295412464,37.52918516922137,3,0.005,,,,,,,,,,,,,,,,,,,,,,,,,,,0.006,897,False,,,,,,,,,,,,,,,,,,,,,,,,,,,0.08,0.0005,20,1.5,,,,,,,,,,,1101,-999999,,
True,False,1.0,2.2,80,2.0,,40,10,300,False,trend_reclaim,96,2,0.008,70.97047514057508,39.594623107680675,3,0.0,,,,,,,,,,,,,,,,,,,,,,,,,,,0.04,902,False,,,,,,,,,,,,,,,,,,,,,,,,,,,0.03,0.001,30,0.25,,,,,,,,,,,1102,-999999,,
True,True,1.0,1.3,30,2.2,,12,80,300,False,trend_reclaim,24,3,0.008,77.69526514640361,27.900006437083043,18,0.005,,,,,,,,,,,,,,,,,,,,,,,,,,,0.025,994,False,,,,,,,,,,,,,,,,,,,,,,,,,,,0.03,0.002,10,1.5,,,,,,,,,,,1103,-999999,,
False,True,1.0,1.7,14,2.5,,55,50,200,False,trend_reclaim,12,6,0.025,67.17390638294822,37.287066538536514,36,0.01,,,,,,,,,,,,,,,,,,,,,,,,,,,0.01,1007,False,,,,,,,,,,,,,,,,,,,,,,,,,,,0.08,0.003,75,1.0,,,,,,,,,,,1104,-999999,,
True,True,3.0,12.0,30,2.0,,55,50,80,False,trend_bb_reversion,12,8,0.0025,75.26866517119832,23.488567507628694,3,0.0025,,,,,,,,,,,,,,,,,,,,,,,,,,,0.025,1064,False,,,,,,,,,,,,,,,,,,,,,,,,,,,0.08,0.0,75,1.5,,,,,,,,,,,1105,-999999,,
False,True,5.0,1.7,14,1.5,,8,14,400,False,trend_reclaim,48,2,0.012,74.95275209000575,30.411970166198557,18,0.0025,,,,,,,,,,,,,,,,,,,,,,,,,,,0.04,1074,False,,,,,,,,,,,,,,,,,,,,,,,,,,,0.04,0.002,30,1.0,,,,,,,,,,,1106,-999999,,
True,False,2.0,3.0,55,2.5,,16,14,150,False,range_bb_reversion,12,4,0.008,75.36477548608661,29.804592214989853,48,0.0025,,,,,,,,,,,,,,,,,,,,,,,,,,,0.01,1101,False,,,,,,,,,,,,,,,,,,,,,,,,,,,0.03,0.001,150,1.25,,,,,,,,,,,1107,-999999,,
True,False,1.0,1.7,80,2.0,,20,20,150,False,trend_bb_reversion,8,4,0.025,59.68443209981421,26.930153792530568,3,0.001,,,,,,,,,,,,,,,,,,,,,,,,,,,0.025,1132,False,,,,,,,,,,,,,,,,,,,,,,,,,,,0.12,0.002,50,1.25,,,,,,,,,,,1108,-999999,,
True,False,5.0,1.7,20,2.5,,12,50,300,False,trend_bb_reversion,120,6,0.025,58.807522523763524,28.009983931643806,36,0.01,,,,,,,,,,,,,,,,,,,,,,,,,,,0.015,1144,False,,,,,,,,,,,,,,,,,,,,,,,,,,,0.03,0.002,100,1.5,,,,,,,,,,,1109,-999999,,
True,True,1.5,4.0,30,2.0,,30,14,100,False,trend_reclaim,36,3,0.012,58.84735345101164,34.623610062872366,24,0.01,,,,,,,,,,,,,,,,,,,,,,,,,,,0.01,1164,False,,,,,,,,,,,,,,,,,,,,,,,,,,,0.04,0.0005,75,0.75,,,,,,,,,,,1110,-999999,,
True,False,1.0,4.0,40,2.2,,16,30,100,False,trend_bb_reversion,48,6,0.018,77.40970512278291,29.001760093396236,3,0.005,,,,,,,,,,,,,,,,,,,,,,,,,,,0.08,1198,False,,,,,,,,,,,,,,,,,,,,,,,,,,,1.0,0.003,100,0.25,,,,,,,,,,,1111,-999999,,
False,True,4.0,8.0,55,1.5,,40,8,50,False,channel_reclaim,12,1,0.008,65.96946843651097,23.73969988762524,3,0.0005,,,,,,,,,,,,,,,,,,,,,,,,,,,0.08,4,False,,,,,,,,,,,,,,,,,,,,,,,,,,,0.05,0.0005,150,1.0,,,,,,,,,,,1112,-1000000,,
True,True,5.0,6.0,30,2.5,,8,50,100,False,trend_reclaim,18,4,0.012,73.53494083455385,25.210891021137957,3,0.0025,,,,,,,,,,,,,,,,,,,,,,,,,,,0.01,12,False,,,,,,,,,,,,,,,,,,,,,,,,,,,0.05,0.0005,50,1.5,,,,,,,,,,,1113,-1000000,,
True,False,1.5,8.0,40,1.8,,55,8,300,False,trend_bb_reversion,36,6,0.0,60.996641740191535,25.41719412213207,18,0.01,,,,,,,,,,,,,,,,,,,,,,,,,,,0.006,28,False,,,,,,,,,,,,,,,,,,,,,,,,,,,0.03,0.001,100,0.25,,,,,,,,,,,1114,-1000000,,
True,False,1.0,6.0,14,1.8,,40,20,50,False,trend_reclaim,12,4,0.025,76.0529215327386,37.05265052508805,24,0.0,,,,,,,,,,,,,,,,,,,,,,,,,,,0.006,50,False,,,,,,,,,,,,,,,,,,,,,,,,,,,0.03,0.003,150,0.25,,,,,,,,,,,1115,-1000000,,
True,False,3.0,2.2,80,2.5,,40,50,100,False,trend_reclaim,36,4,0.008,72.56779411793275,36.11475392135378,6,0.001,,,,,,,,,,,,,,,,,,,,,,,,,,,0.08,66,False,,,,,,,,,,,,,,,,,,,,,,,,,,,0.05,0.0,150,1.5,,,,,,,,,,,1116,-1000000,,
True,False,1.5,1.3,40,2.5,,55,10,80,False,trend_reclaim,24,4,0.0,60.83234681192245,32.99412305212672,3,0.01,,,,,,,,,,,,,,,,,,,,,,,,,,,0.04,84,False,,,,,,,,,,,,,,,,,,,,,,,,,,,0.05,0.001,20,0.0,,,,,,,,,,,1117,-1000000,,
True,False,1.0,3.0,55,1.8,,10,30,50,False,trend_bb_reversion,24,6,0.0025,70.05465738166848,23.01371172269352,6,0.0,,,,,,,,,,,,,,,,,,,,,,,,,,,0.04,85,False,,,,,,,,,,,,,,,,,,,,,,,,,,,0.03,0.0005,150,0.5,,,,,,,,,,,1118,-1000000,,
True,False,5.0,4.0,20,1.5,,8,50,400,False,trend_reclaim,72,3,0.005,60.76535295032835,38.05073147809841,6,0.01,,,,,,,,,,,,,,,,,,,,,,,,,,,0.01,141,False,,,,,,,,,,,,,,,,,,,,,,,,,,,0.04,0.002,150,0.0,,,,,,,,,,,1119,-1000000,,
True,True,1.0,4.0,40,2.5,,20,10,300,False,channel_reclaim,72,3,0.018,77.08743599179479,32.800073060522855,3,0.005,,,,,,,,,,,,,,,,,,,,,,,,,,,0.006,150,False,,,,,,,,,,,,,,,,,,,,,,,,,,,0.04,0.003,10,0.0,,,,,,,,,,,1120,-1000000,,
True,False,5.0,8.0,40,2.5,,40,8,80,False,trend_reclaim,18,3,0.018,64.34585243164506,34.215239559071144,12,0.005,,,,,,,,,,,,,,,,,,,,,,,,,,,0.025,164,False,,,,,,,,,,,,,,,,,,,,,,,,,,,0.04,0.0005,20,1.0,,,,,,,,,,,1121,-1000000,,
True,False,4.0,1.7,30,1.5,,55,30,200,False,channel_reclaim,96,1,0.0,66.7631449561329,24.00311787793828,3,0.005,,,,,,,,,,,,,,,,,,,,,,,,,,,0.04,168,False,,,,,,,,,,,,,,,,,,,,,,,,,,,0.12,0.0,10,0.0,,,,,,,,,,,1122,-1000000,,
True,False,1.0,3.0,30,1.5,,12,20,80,False,trend_reclaim,48,1,0.025,64.53871146184504,32.67227448023156,18,0.005,,,,,,,,,,,,,,,,,,,,,,,,,,,0.08,175,False,,,,,,,,,,,,,,,,,,,,,,,,,,,0.08,0.003,50,1.5,,,,,,,,,,,1123,-1000000,,
True,False,4.0,8.0,40,1.8,,10,80,130,False,trend_reclaim,24,2,0.018,77.59486871713167,44.8353610036893,6,0.0025,,,,,,,,,,,,,,,,,,,,,,,,,,,0.006,204,False,,,,,,,,,,,,,,,,,,,,,,,,,,,0.03,0.0005,50,0.5,,,,,,,,,,,1124,-1000000,,
True,True,3.0,4.0,40,2.5,,10,8,100,False,trend_reclaim,120,2,0.025,58.30111737250697,29.79939378101933,48,0.005,,,,,,,,,,,,,,,,,,,,,,,,,,,0.025,206,False,,,,,,,,,,,,,,,,,,,,,,,,,,,0.03,0.002,75,0.25,,,,,,,,,,,1125,-1000000,,
True,False,2.5,6.0,20,1.5,,8,10,150,False,channel_reclaim,72,1,0.018,67.79158305588302,25.046139651661843,3,0.01,,,,,,,,,,,,,,,,,,,,,,,,,,,0.015,215,False,,,,,,,,,,,,,,,,,,,,,,,,,,,0.03,0.001,75,0.25,,,,,,,,,,,1126,-1000000,,
True,False,1.5,2.2,14,1.8,,10,80,150,False,trend_reclaim,36,8,0.012,75.90229688175934,40.482130134683025,3,0.005,,,,,,,,,,,,,,,,,,,,,,,,,,,0.04,217,False,,,,,,,,,,,,,,,,,,,,,,,,,,,1.0,0.0,150,0.25,,,,,,,,,,,1127,-1000000,,
True,True,2.0,1.7,80,1.8,,20,20,80,False,trend_reclaim,96,2,0.012,74.545776913505,37.49250030330338,6,0.005,,,,,,,,,,,,,,,,,,,,,,,,,,,0.01,229,False,,,,,,,,,,,,,,,,,,,,,,,,,,,0.04,0.0005,50,1.0,,,,,,,,,,,1128,-1000000,,
True,False,3.0,8.0,14,2.0,,20,80,200,False,trend_reclaim,48,4,0.018,75.26142653044379,41.49916476315812,3,0.001,,,,,,,,,,,,,,,,,,,,,,,,,,,0.006,243,False,,,,,,,,,,,,,,,,,,,,,,,,,,,0.05,0.0005,30,1.5,,,,,,,,,,,1129,-1000000,,
True,False,3.0,4.0,80,1.8,,12,80,130,False,trend_reclaim,24,6,0.025,68.94571343099052,41.249211987702076,48,0.0,,,,,,,,,,,,,,,,,,,,,,,,,,,0.01,251,False,,,,,,,,,,,,,,,,,,,,,,,,,,,0.04,0.0005,50,0.75,,,,,,,,,,,1130,-1000000,,
True,False,1.0,1.7,80,2.2,,20,50,80,False,trend_bb_reversion,120,8,0.005,68.11305565651755,35.67814247892476,3,0.01,,,,,,,,,,,,,,,,,,,,,,,,,,,0.015,255,True,,,,,,,,,,,,,,,,,,,,,,,,,,,0.12,0.002,20,1.0,,,,,,,,,,,1131,-1000000,,
True,False,1.5,3.0,20,1.8,,12,20,200,False,trend_reclaim,36,6,0.025,59.919073803618474,27.972969831305058,3,0.001,,,,,,,,,,,,,,,,,,,,,,,,,,,0.025,311,False,,,,,,,,,,,,,,,,,,,,,,,,,,,0.03,0.0,30,1.0,,,,,,,,,,,1132,-1000000,,
True,False,2.0,8.0,80,2.0,,20,14,80,False,channel_reclaim,8,2,0.005,68.1512826037343,29.58572542364468,6,0.005,,,,,,,,,,,,,,,,,,,,,,,,,,,0.08,317,False,,,,,,,,,,,,,,,,,,,,,,,,,,,0.03,0.002,75,1.25,,,,,,,,,,,1133,-1000000,,
True,False,5.0,6.0,55,2.5,,40,14,300,True,trend_state_tp,12,1,0.025,76.02441203646137,43.551035262576654,3,0.01,,,,,,,,,,,,,,,,,,,,,,,,,,,0.04,348,False,,,,,,,,,,,,,,,,,,,,,,,,,,,0.05,0.001,150,0.5,,,,,,,,,,,1134,-1000000,,
True,False,2.5,8.0,14,1.5,,30,30,400,False,trend_bb_reversion,72,8,0.005,71.74880772560736,44.11901866134513,6,0.005,,,,,,,,,,,,,,,,,,,,,,,,,,,0.006,351,False,,,,,,,,,,,,,,,,,,,,,,,,,,,0.03,0.0005,75,0.25,,,,,,,,,,,1135,-1000000,,
False,True,2.5,8.0,55,2.2,,30,8,400,False,trend_bb_reversion,72,4,0.0025,65.47935251620869,39.76401780706098,3,0.005,,,,,,,,,,,,,,,,,,,,,,,,,,,0.015,361,False,,,,,,,,,,,,,,,,,,,,,,,,,,,0.03,0.001,10,0.75,,,,,,,,,,,1136,-1000000,,
True,False,3.0,1.3,40,2.2,,16,80,400,False,trend_reclaim,96,6,0.025,67.71587563431035,24.099685140320986,3,0.01,,,,,,,,,,,,,,,,,,,,,,,,,,,0.015,371,False,,,,,,,,,,,,,,,,,,,,,,,,,,,0.05,0.0,20,0.0,,,,,,,,,,,1137,-1000000,,
True,True,5.0,8.0,40,1.8,,12,30,150,True,trend_state_tp,120,3,0.012,71.34247573889063,43.554505419296035,3,0.01,,,,,,,,,,,,,,,,,,,,,,,,,,,0.04,392,False,,,,,,,,,,,,,,,,,,,,,,,,,,,0.04,0.0005,50,0.25,,,,,,,,,,,1138,-1000000,,
False,True,2.0,1.7,20,2.5,,40,8,100,False,channel_reclaim,96,4,0.018,64.45625024717049,40.87680488536908,3,0.0025,,,,,,,,,,,,,,,,,,,,,,,,,,,0.006,397,False,,,,,,,,,,,,,,,,,,,,,,,,,,,0.05,0.002,100,0.75,,,,,,,,,,,1139,-1000000,,
True,True,2.0,1.7,30,2.0,,55,80,300,True,trend_state_tp,72,1,0.005,71.15225199205213,33.844253392838084,3,0.01,,,,,,,,,,,,,,,,,,,,,,,,,,,0.01,414,True,,,,,,,,,,,,,,,,,,,,,,,,,,,0.03,0.003,75,0.75,,,,,,,,,,,1140,-1000000,,
True,False,1.0,1.7,20,2.2,,30,8,300,False,trend_reclaim,120,8,0.012,58.26841051945773,36.17278105546135,3,0.005,,,,,,,,,,,,,,,,,,,,,,,,,,,0.006,433,False,,,,,,,,,,,,,,,,,,,,,,,,,,,0.08,0.0,30,1.0,,,,,,,,,,,1141,-1000000,,
True,False,5.0,4.0,55,2.5,,40,80,200,False,channel_reclaim,12,2,0.0025,70.13954767802433,22.17132686723379,3,0.005,,,,,,,,,,,,,,,,,,,,,,,,,,,0.006,434,False,,,,,,,,,,,,,,,,,,,,,,,,,,,0.12,0.0,30,1.25,,,,,,,,,,,1142,-1000000,,
True,False,3.0,4.0,80,1.8,,40,80,150,False,channel_reclaim,48,1,0.005,60.86244927139267,33.969694763257465,6,0.01,,,,,,,,,,,,,,,,,,,,,,,,,,,0.08,454,False,,,,,,,,,,,,,,,,,,,,,,,,,,,0.08,0.002,75,0.0,,,,,,,,,,,1143,-1000000,,
True,False,2.5,8.0,30,1.5,,40,8,200,False,trend_bb_reversion,120,8,0.0,73.30831806161952,30.62886917269784,3,0.005,,,,,,,,,,,,,,,,,,,,,,,,,,,0.015,459,False,,,,,,,,,,,,,,,,,,,,,,,,,,,0.05,0.0,75,1.5,,,,,,,,,,,1144,-1000000,,
False,True,2.5,1.7,40,2.0,,16,80,300,False,channel_reclaim,72,1,0.018,73.64998865945832,42.91412855148414,6,0.01,,,,,,,,,,,,,,,,,,,,,,,,,,,0.01,494,False,,,,,,,,,,,,,,,,,,,,,,,,,,,0.05,0.002,75,1.5,,,,,,,,,,,1145,-1000000,,
True,True,5.0,1.7,30,2.5,,16,14,200,True,trend_state_tp,12,3,0.0,64.33552928888103,36.32778961178921,3,0.01,,,,,,,,,,,,,,,,,,,,,,,,,,,0.01,511,False,,,,,,,,,,,,,,,,,,,,,,,,,,,0.05,0.001,75,1.0,,,,,,,,,,,1146,-1000000,,
True,True,4.0,4.0,40,2.0,,16,14,50,False,trend_reclaim,120,6,0.025,68.12828834610026,31.2421726269346,3,0.0,,,,,,,,,,,,,,,,,,,,,,,,,,,0.01,515,False,,,,,,,,,,,,,,,,,,,,,,,,,,,0.04,0.0,30,1.25,,,,,,,,,,,1147,-1000000,,
True,False,1.0,1.3,80,1.8,,40,8,400,False,trend_reclaim,12,6,0.018,63.43272530965883,25.014326666729954,18,0.0005,,,,,,,,,,,,,,,,,,,,,,,,,,,0.006,547,False,,,,,,,,,,,,,,,,,,,,,,,,,,,0.05,0.001,100,1.25,,,,,,,,,,,1148,-1000000,,
True,False,2.5,6.0,30,2.5,,55,8,150,False,trend_bb_reversion,120,4,0.008,67.3178762192279,29.885398070001983,3,0.01,,,,,,,,,,,,,,,,,,,,,,,,,,,0.08,550,False,,,,,,,,,,,,,,,,,,,,,,,,,,,0.08,0.002,30,0.0,,,,,,,,,,,1149,-1000000,,
True,False,4.0,3.0,55,2.2,,40,80,150,False,trend_bb_reversion,96,1,0.005,59.65971391527744,24.042507196871636,3,0.005,,,,,,,,,,,,,,,,,,,,,,,,,,,0.006,554,True,,,,,,,,,,,,,,,,,,,,,,,,,,,0.2,0.0,75,1.5,,,,,,,,,,,1150,-1000000,,
True,False,3.0,1.3,80,2.2,,12,50,80,False,trend_reclaim,48,3,0.0025,77.34860205592598,27.00830697399219,6,0.005,,,,,,,,,,,,,,,,,,,,,,,,,,,0.01,565,False,,,,,,,,,,,,,,,,,,,,,,,,,,,0.04,0.001,30,0.0,,,,,,,,,,,1151,-1000000,,
True,False,5.0,6.0,30,1.8,,55,20,80,False,channel_reclaim,72,8,0.018,75.54934019496434,27.94490572233628,6,0.01,,,,,,,,,,,,,,,,,,,,,,,,,,,0.08,577,False,,,,,,,,,,,,,,,,,,,,,,,,,,,0.03,0.0,75,0.5,,,,,,,,,,,1152,-1000000,,
True,False,1.0,8.0,40,2.2,,20,20,200,False,channel_reclaim,18,4,0.012,60.6254509085272,34.36854277883182,3,0.01,,,,,,,,,,,,,,,,,,,,,,,,,,,0.006,643,False,,,,,,,,,,,,,,,,,,,,,,,,,,,0.12,0.001,50,0.5,,,,,,,,,,,1153,-1000000,,
True,True,4.0,8.0,40,1.5,,20,20,150,False,trend_reclaim,24,4,0.025,61.54735648401952,22.431726731222604,24,0.0005,,,,,,,,,,,,,,,,,,,,,,,,,,,0.015,658,False,,,,,,,,,,,,,,,,,,,,,,,,,,,0.04,0.001,50,0.0,,,,,,,,,,,1154,-1000000,,
True,False,2.0,2.2,40,1.5,,40,20,400,True,trend_state_tp,72,4,0.0025,73.429316074835,39.17587000418666,6,0.005,,,,,,,,,,,,,,,,,,,,,,,,,,,0.015,664,False,,,,,,,,,,,,,,,,,,,,,,,,,,,0.03,0.003,50,0.75,,,,,,,,,,,1155,-1000000,,
True,False,2.0,3.0,30,1.8,,30,20,80,False,trend_bb_reversion,18,6,0.005,63.19847654720948,40.024134549116894,3,0.01,,,,,,,,,,,,,,,,,,,,,,,,,,,0.08,678,False,,,,,,,,,,,,,,,,,,,,,,,,,,,0.2,0.001,30,1.25,,,,,,,,,,,1156,-1000000,,
True,True,1.0,6.0,40,2.0,,20,20,400,False,trend_bb_reversion,72,4,0.008,62.741455033089984,23.88858991511325,3,0.01,,,,,,,,,,,,,,,,,,,,,,,,,,,0.006,680,False,,,,,,,,,,,,,,,,,,,,,,,,,,,0.04,0.003,150,0.75,,,,,,,,,,,1157,-1000000,,
True,True,3.0,1.7,40,1.8,,40,20,50,False,trend_bb_reversion,18,1,0.025,67.6769245454291,42.496652903147734,6,0.01,,,,,,,,,,,,,,,,,,,,,,,,,,,0.015,692,False,,,,,,,,,,,,,,,,,,,,,,,,,,,0.03,0.001,150,1.0,,,,,,,,,,,1158,-1000000,,
True,True,2.0,4.0,80,1.8,,40,14,80,False,trend_bb_reversion,12,3,0.012,63.34911076967744,31.51154428342819,3,0.0025,,,,,,,,,,,,,,,,,,,,,,,,,,,0.04,693,False,,,,,,,,,,,,,,,,,,,,,,,,,,,0.05,0.0005,50,0.75,,,,,,,,,,,1159,-1000000,,
True,False,2.5,8.0,30,1.5,,10,8,400,False,trend_reclaim,36,6,0.025,62.965185073104436,34.25245862676831,48,0.001,,,,,,,,,,,,,,,,,,,,,,,,,,,0.01,697,False,,,,,,,,,,,,,,,,,,,,,,,,,,,0.04,0.0005,75,0.5,,,,,,,,,,,1160,-1000000,,
True,False,5.0,1.3,30,2.5,,30,80,130,False,channel_reclaim,96,3,0.0,73.59508602730152,28.859130314561316,3,0.01,,,,,,,,,,,,,,,,,,,,,,,,,,,0.08,711,False,,,,,,,,,,,,,,,,,,,,,,,,,,,0.08,0.0,30,0.0,,,,,,,,,,,1161,-1000000,,
True,False,5.0,1.3,20,2.2,,55,80,150,False,trend_reclaim,72,2,0.0,71.1297079187877,30.904694409750558,6,0.01,,,,,,,,,,,,,,,,,,,,,,,,,,,0.015,712,True,,,,,,,,,,,,,,,,,,,,,,,,,,,0.03,0.002,100,0.25,,,,,,,,,,,1162,-1000000,,
True,True,3.0,2.2,55,2.5,,40,50,200,False,trend_reclaim,48,8,0.018,72.17518727458257,23.0386438067559,3,0.01,,,,,,,,,,,,,,,,,,,,,,,,,,,0.015,715,False,,,,,,,,,,,,,,,,,,,,,,,,,,,0.05,0.0005,20,0.0,,,,,,,,,,,1163,-1000000,,
True,False,1.5,1.3,55,2.0,,55,80,100,False,channel_reclaim,36,2,0.0025,62.88824784861207,32.70940057587279,3,0.0025,,,,,,,,,,,,,,,,,,,,,,,,,,,0.015,718,False,,,,,,,,,,,,,,,,,,,,,,,,,,,0.03,0.0,100,1.5,,,,,,,,,,,1164,-1000000,,
True,True,1.0,1.7,55,1.8,,40,30,50,False,trend_bb_reversion,24,3,0.012,70.55498139746362,41.89904493793008,12,0.01,,,,,,,,,,,,,,,,,,,,,,,,,,,0.04,731,False,,,,,,,,,,,,,,,,,,,,,,,,,,,0.04,0.0005,50,1.0,,,,,,,,,,,1165,-1000000,,
True,False,2.0,2.2,80,2.2,,40,30,50,False,trend_bb_reversion,120,4,0.005,74.87096447356308,24.160121401654628,6,0.0005,,,,,,,,,,,,,,,,,,,,,,,,,,,0.025,735,False,,,,,,,,,,,,,,,,,,,,,,,,,,,0.12,0.0,30,0.5,,,,,,,,,,,1166,-1000000,,
True,True,2.5,1.7,14,2.5,,55,8,400,False,channel_reclaim,36,3,0.025,58.82289481680939,27.94137084737483,3,0.01,,,,,,,,,,,,,,,,,,,,,,,,,,,0.08,750,False,,,,,,,,,,,,,,,,,,,,,,,,,,,0.03,0.0,10,0.75,,,,,,,,,,,1167,-1000000,,
True,False,3.0,12.0,20,2.2,,10,30,100,False,trend_reclaim,8,3,0.008,74.40428804212179,22.788150862374856,3,0.01,,,,,,,,,,,,,,,,,,,,,,,,,,,0.04,769,False,,,,,,,,,,,,,,,,,,,,,,,,,,,0.12,0.003,75,1.0,,,,,,,,,,,1168,-1000000,,
True,False,1.0,4.0,14,2.0,,16,8,80,False,trend_reclaim,8,4,0.018,76.11388022107181,33.87147040090157,48,0.001,,,,,,,,,,,,,,,,,,,,,,,,,,,0.04,770,False,,,,,,,,,,,,,,,,,,,,,,,,,,,0.04,0.002,30,0.5,,,,,,,,,,,1169,-1000000,,
True,False,5.0,2.2,55,2.0,,12,8,50,False,trend_bb_reversion,12,6,0.012,65.27437457605697,23.42298938508628,12,0.005,,,,,,,,,,,,,,,,,,,,,,,,,,,0.006,772,False,,,,,,,,,,,,,,,,,,,,,,,,,,,0.08,0.001,20,1.25,,,,,,,,,,,1170,-1000000,,
True,False,1.5,6.0,80,1.8,,55,30,50,False,trend_bb_reversion,120,4,0.008,77.1654250413009,35.13415686311078,18,0.01,,,,,,,,,,,,,,,,,,,,,,,,,,,0.025,789,True,,,,,,,,,,,,,,,,,,,,,,,,,,,0.04,0.001,50,1.0,,,,,,,,,,,1171,-1000000,,
True,False,1.0,3.0,14,1.5,,12,80,130,False,trend_reclaim,36,8,0.018,65.91150132124659,38.09550135395908,12,0.0005,,,,,,,,,,,,,,,,,,,,,,,,,,,0.01,792,False,,,,,,,,,,,,,,,,,,,,,,,,,,,0.05,0.003,10,1.5,,,,,,,,,,,1172,-1000000,,
True,False,1.5,1.3,80,2.0,,8,8,400,False,trend_reclaim,120,6,0.018,65.91777912856364,40.828688666570294,36,0.01,,,,,,,,,,,,,,,,,,,,,,,,,,,0.01,794,False,,,,,,,,,,,,,,,,,,,,,,,,,,,0.05,0.0,100,0.0,,,,,,,,,,,1173,-1000000,,
True,False,4.0,1.7,55,2.0,,16,80,400,False,trend_reclaim,24,3,0.008,75.00661182209365,28.646616123246478,3,0.01,,,,,,,,,,,,,,,,,,,,,,,,,,,0.006,796,False,,,,,,,,,,,,,,,,,,,,,,,,,,,0.05,0.0,30,0.25,,,,,,,,,,,1174,-1000000,,
True,False,3.0,3.0,30,1.8,,20,10,80,False,trend_reclaim,18,8,0.012,76.43995290415182,42.96546770047471,12,0.0,,,,,,,,,,,,,,,,,,,,,,,,,,,0.04,804,False,,,,,,,,,,,,,,,,,,,,,,,,,,,0.04,0.0,150,1.5,,,,,,,,,,,1175,-1000000,,
True,False,2.5,8.0,55,2.5,,16,14,80,False,trend_reclaim,120,8,0.025,64.26325470547555,26.662966592328278,6,0.001,,,,,,,,,,,,,,,,,,,,,,,,,,,0.08,809,False,,,,,,,,,,,,,,,,,,,,,,,,,,,0.04,0.003,50,1.0,,,,,,,,,,,1176,-1000000,,
True,False,4.0,2.2,80,2.5,,16,30,80,False,trend_reclaim,36,2,0.0025,59.13047728368357,36.003671173215665,12,0.01,,,,,,,,,,,,,,,,,,,,,,,,,,,0.04,817,True,,,,,,,,,,,,,,,,,,,,,,,,,,,0.03,0.002,20,1.0,,,,,,,,,,,1177,-1000000,,
False,True,2.5,6.0,80,2.2,,16,10,50,False,trend_bb_reversion,12,8,0.008,63.601674785377206,43.41622746650575,24,0.0005,,,,,,,,,,,,,,,,,,,,,,,,,,,0.08,823,True,,,,,,,,,,,,,,,,,,,,,,,,,,,0.03,0.0005,75,1.5,,,,,,,,,,,1178,-1000000,,
True,False,4.0,1.3,40,1.8,,16,30,100,False,trend_bb_reversion,120,4,0.025,73.28118795348792,24.881538316578382,3,0.005,,,,,,,,,,,,,,,,,,,,,,,,,,,0.025,841,False,,,,,,,,,,,,,,,,,,,,,,,,,,,0.03,0.003,10,0.0,,,,,,,,,,,1179,-1000000,,
True,False,2.0,1.7,30,2.5,,20,50,100,False,trend_bb_reversion,12,4,0.025,60.08810042039855,35.40433479054003,6,0.01,,,,,,,,,,,,,,,,,,,,,,,,,,,0.025,873,False,,,,,,,,,,,,,,,,,,,,,,,,,,,0.08,0.001,30,1.0,,,,,,,,,,,1180,-1000000,,
True,False,1.0,6.0,30,2.2,,40,80,130,False,trend_reclaim,18,2,0.018,76.980758656494,26.02268139830189,48,0.0,,,,,,,,,,,,,,,,,,,,,,,,,,,0.025,882,False,,,,,,,,,,,,,,,,,,,,,,,,,,,0.04,0.001,10,1.5,,,,,,,,,,,1181,-1000000,,
True,False,5.0,12.0,20,1.8,,40,30,80,False,channel_reclaim,120,2,0.008,77.03832459204999,28.837283744591538,3,0.0025,,,,,,,,,,,,,,,,,,,,,,,,,,,0.015,926,False,,,,,,,,,,,,,,,,,,,,,,,,,,,0.12,0.001,30,1.25,,,,,,,,,,,1182,-1000000,,
False,True,2.5,1.7,40,1.8,,12,20,300,False,trend_bb_reversion,36,6,0.012,59.56580619680443,34.53337268356391,3,0.01,,,,,,,,,,,,,,,,,,,,,,,,,,,0.015,974,False,,,,,,,,,,,,,,,,,,,,,,,,,,,0.12,0.0,20,0.5,,,,,,,,,,,1183,-1000000,,
True,True,1.5,1.3,40,1.5,,12,14,50,False,channel_reclaim,8,1,0.012,68.40803580051097,33.042638736743164,3,0.01,,,,,,,,,,,,,,,,,,,,,,,,,,,0.01,981,False,,,,,,,,,,,,,,,,,,,,,,,,,,,0.05,0.003,30,0.75,,,,,,,,,,,1184,-1000000,,
True,False,1.5,4.0,14,2.5,,10,10,300,True,trend_state_tp,24,3,0.0,62.98126913418997,24.65120036105508,6,0.005,,,,,,,,,,,,,,,,,,,,,,,,,,,0.04,996,False,,,,,,,,,,,,,,,,,,,,,,,,,,,0.03,0.0005,75,1.0,,,,,,,,,,,1185,-1000000,,
True,False,1.0,3.0,55,2.5,,16,30,400,False,trend_reclaim,96,3,0.008,73.63306559701769,24.402393681852114,6,0.0025,,,,,,,,,,,,,,,,,,,,,,,,,,,0.04,1001,False,,,,,,,,,,,,,,,,,,,,,,,,,,,0.03,0.0,30,1.0,,,,,,,,,,,1186,-1000000,,
True,True,5.0,2.2,20,2.0,,40,14,80,False,trend_reclaim,24,3,0.025,73.59657409728224,23.451629144584484,24,0.01,,,,,,,,,,,,,,,,,,,,,,,,,,,0.04,1006,False,,,,,,,,,,,,,,,,,,,,,,,,,,,0.03,0.003,20,0.5,,,,,,,,,,,1187,-1000000,,
True,False,2.0,12.0,40,1.5,,20,8,300,False,trend_reclaim,24,6,0.0,76.01409033112763,34.80739767609811,12,0.01,,,,,,,,,,,,,,,,,,,,,,,,,,,0.08,1033,False,,,,,,,,,,,,,,,,,,,,,,,,,,,0.03,0.001,150,0.25,,,,,,,,,,,1188,-1000000,,
False,True,4.0,12.0,40,1.5,,8,8,100,False,trend_reclaim,120,6,0.025,63.650763791651464,27.714932724806783,36,0.001,,,,,,,,,,,,,,,,,,,,,,,,,,,0.01,1038,False,,,,,,,,,,,,,,,,,,,,,,,,,,,0.05,0.001,20,0.5,,,,,,,,,,,1189,-1000000,,
True,False,2.0,1.7,55,2.0,,30,10,50,False,trend_bb_reversion,18,4,0.0025,76.55811864358814,23.02260171811104,3,0.0025,,,,,,,,,,,,,,,,,,,,,,,,,,,0.08,1051,True,,,,,,,,,,,,,,,,,,,,,,,,,,,0.03,0.0,75,0.5,,,,,,,,,,,1190,-1000000,,
True,False,5.0,1.7,30,1.8,,10,8,100,False,trend_reclaim,12,1,0.018,65.72604250707472,32.02601849865022,12,0.005,,,,,,,,,,,,,,,,,,,,,,,,,,,0.006,1054,True,,,,,,,,,,,,,,,,,,,,,,,,,,,0.05,0.003,100,1.0,,,,,,,,,,,1191,-1000000,,
True,True,4.0,1.7,55,1.5,,12,80,100,False,channel_reclaim,96,3,0.008,77.36838927375102,38.145363543431706,6,0.01,,,,,,,,,,,,,,,,,,,,,,,,,,,0.04,1103,False,,,,,,,,,,,,,,,,,,,,,,,,,,,0.03,0.001,30,0.5,,,,,,,,,,,1192,-1000000,,
True,False,1.0,12.0,30,2.0,,8,8,100,True,trend_state_tp,36,4,0.012,62.39684060590278,23.03013780165295,3,0.01,,,,,,,,,,,,,,,,,,,,,,,,,,,0.01,1114,False,,,,,,,,,,,,,,,,,,,,,,,,,,,0.03,0.003,100,0.0,,,,,,,,,,,1193,-1000000,,
True,True,4.0,2.2,55,2.2,,30,30,100,False,channel_reclaim,12,6,0.012,62.25557793696812,28.776781692257014,3,0.0025,,,,,,,,,,,,,,,,,,,,,,,,,,,0.025,1121,False,,,,,,,,,,,,,,,,,,,,,,,,,,,0.08,0.0,75,1.25,,,,,,,,,,,1194,-1000000,,
True,False,5.0,3.0,55,1.5,,20,30,200,False,trend_bb_reversion,72,1,0.018,59.78017395554297,35.37121379394533,3,0.01,,,,,,,,,,,,,,,,,,,,,,,,,,,0.015,1124,False,,,,,,,,,,,,,,,,,,,,,,,,,,,0.12,0.001,10,0.5,,,,,,,,,,,1195,-1000000,,
True,False,3.0,2.2,40,2.2,,55,10,100,False,channel_reclaim,96,4,0.018,60.132110186854455,40.95891279534709,6,0.01,,,,,,,,,,,,,,,,,,,,,,,,,,,0.015,1126,False,,,,,,,,,,,,,,,,,,,,,,,,,,,0.04,0.001,150,1.5,,,,,,,,,,,1196,-1000000,,
True,False,2.5,3.0,80,2.0,,10,50,400,False,trend_reclaim,12,6,0.025,72.00347568846529,40.886968069602794,24,0.005,,,,,,,,,,,,,,,,,,,,,,,,,,,0.04,1130,False,,,,,,,,,,,,,,,,,,,,,,,,,,,0.03,0.003,75,0.0,,,,,,,,,,,1197,-1000000,,
True,True,3.0,12.0,80,2.2,,20,30,150,False,trend_reclaim,12,1,0.018,71.43203728541135,36.369063595394074,36,0.001,,,,,,,,,,,,,,,,,,,,,,,,,,,0.025,1139,False,,,,,,,,,,,,,,,,,,,,,,,,,,,0.03,0.0005,100,0.0,,,,,,,,,,,1198,-1000000,,
True,False,2.5,2.2,30,2.2,,10,14,400,False,channel_reclaim,12,1,0.005,76.62673732769345,30.40395423034634,3,0.01,,,,,,,,,,,,,,,,,,,,,,,,,,,0.025,1170,False,,,,,,,,,,,,,,,,,,,,,,,,,,,1.0,0.002,50,0.25,,,,,,,,,,,1199,-1000000,,
True,False,5.0,1.7,20,2.2,,20,8,400,False,trend_reclaim,12,3,0.012,61.971529458012625,25.69997897400129,6,0.005,,,,,,,,,,,,,,,,,,,,,,,,,,,0.04,1194,True,,,,,,,,,,,,,,,,,,,,,,,,,,,0.05,0.003,20,1.5,,,,,,,,,,,1200,-1000000,,
