allow_long,allow_short,atr_stop_mult,atr_tp_mult,deploy_score,ema_fast,ema_slow,family,max_holding_bars,min_holding_bars,slope_bars,slope_min,sma_period,trial,use_take_profit,validation_avg_drawdown_r,validation_avg_holding_bars,validation_avg_loss,validation_avg_loss_r,validation_avg_r_multiple,validation_avg_win,validation_avg_win_r,validation_calmar_ratio,validation_expectancy,validation_expectancy_r,validation_exposure_pct,validation_max_consecutive_losses,validation_max_drawdown_pct,validation_max_drawdown_r,validation_payoff_ratio,validation_profit_factor,validation_sharpe_ratio,validation_sortino_ratio,validation_total_fees,validation_total_return_pct,validation_total_slippage,validation_total_trades,validation_trades_per_day,validation_win_rate,volatility_max,volatility_min,wf_max_dd_r,wf_mean_exp_r,wf_mean_pf,wf_mean_return_pct,wf_min_exp_r,wf_min_pf,wf_min_return_pct,wf_positive_exp,wf_profitable,wf_rank,wf_score,wf_total_trades,wf_windows
True,False,1.5,6.0,296.65282525578044,10,100,sma_state,240,4,24,0.0,400,4,False,5.078247765768573,43,-954.3002241638831,-0.7842206678685152,1.4391489120337735,18336.355660425987,17.002735971349793,2.3786093507172232,1457.0317614098508,1.4391489120337735,0.45246535610699323,17,13.052019554146543,13.923403266163728,19.214451800523797,2.7449216857891137,1.4905489490320414,4.0460128693700295,2779.9650913189794,46.62501636511527,5658.960401318272,32,0.061895551257253385,0.125,1.0,0.001,8.031180555232314,3.2507016422551187,3.359852605111868,5.140730756843356,-1.0000000000000002,0.0,-7.750373335523472,5,5,1,195.91270833175065,38,11
True,False,2.0,24.0,247.47128117053705,20,200,ema_state,240,2,12,0.001,200,190,False,3.318508526222985,73,-1004.1203689074194,-1.0,1.1238606468537793,7969.591659178637,8.203396136366377,1.4339532275224187,1066.736252958594,1.1238606468537793,0.3077666774089591,4,6.700928603647219,6.9007187576905675,7.93688874955333,2.381066624865999,1.0801631184241383,104307480895392.67,776.0419255404533,13.867571288461725,1581.435977705677,13,0.025145067698259187,0.23076923076923078,1.0,0.0005,3.0,2.3150285620342377,3.681293826081063,3.7488825215622175,-1.0,0.0,-2.9701000000000057,4,4,2,151.7954307867274,28,11
True,True,4.0,8.0,62.581625988644106,10,400,ema_state,72,2,48,0.005,100,383,False,1.7060711751867739,38,-593.0929556219544,-0.6010992675897511,-0.04072882949936347,854.9664009868212,0.876240978284907,-0.2197807749548256,-43.82906173586713,-0.04072882949936347,0.35804060586529163,7,4.093398143430179,4.115594715759579,1.4415386203504137,0.8809402679919196,-0.37167986249525414,-0.10627816432819812,966.5662339285386,-1.2710427903401433,1940.5072598292566,29,0.05609284332688588,0.3793103448275862,1.0,0.001,2.5046955001980167,0.43104082408862165,3.6442285793053704,1.354405769657341,-0.43363806464860044,0.0,-0.8665552291631903,9,9,3,133.37634029303544,45,11
True,False,1.5,12.0,425.1563809098765,10,400,ema_state,240,1,6,0.0,200,282,False,3.4878852083764977,75,-1070.3817535434923,-0.8996495763155526,2.337100348705583,17830.64691935879,16.363016690463837,3.464659802329166,2473.561122625686,2.337100348705583,0.3883338704479536,9,7.66694664250341,7.940225329531863,16.65821269872225,3.8442029304743652,1.7283579005764345,5.762708596562867,1437.9878454657844,39.57697796201098,2958.181515135806,16,0.030947775628626693,0.1875,0.2,0.001,3.0,1.2755421919755172,2.2684964810819617,3.1451639083052996,-1.0000000000000002,0.0,-2.9701000000000057,4,4,4,131.0966711786753,23,11
True,False,2.0,16.0,37.81160641970536,20,100,sma_state,72,2,48,0.005,400,352,False,5.932180570532997,19,-629.8172986677142,-0.6452667072214068,-0.03479242281859716,2952.0210532467113,3.1193247132625856,-0.11595509553943678,-48.978647005915434,-0.03479242281859716,0.2368675475346439,12,11.070849951965567,11.678620203085059,4.687106974500823,0.9071819950646753,-0.16987648991090942,-0.10212480550457696,2036.6830062040103,-1.8122099392188538,4073.832151762874,37,0.07156673114119923,0.16216216216216217,1.0,0.002,5.967764820926764,1.512667289100238,3.5460954530973967,2.089818843344351,-0.8442140280736712,0.0,-5.814513946247433,6,6,5,122.39278680741845,40,11
True,True,6.0,8.0,25.191270958395847,30,400,sma_state,72,6,12,0.01,150,355,False,2.3407345332815352,20,-296.83833735044965,-0.3039001928562409,-0.12901003499800148,680.0135827145539,0.6929737069357237,-0.7141328086946904,-125.46080751448412,-0.12901003499800148,0.37286496938446667,13,7.151266028325641,7.353571994886085,2.290854977777768,0.487415952718674,-2.8184349186122533,-0.9069682369815365,1210.4520622211592,-7.151266028325641,2428.032716612797,57,0.1102514506769826,0.17543859649122806,1.0,0.0005,2.4501975127773834,0.09406515977035204,1.5133010359111823,0.8867536230126849,-0.11967809659438633,0.45512194797765304,-1.794508838164198,8,8,6,115.17650252001388,116,11
True,True,5.0,8.0,54.77226402885137,30,400,sma_state,360,2,36,0.0,400,321,False,3.8713274195756817,37,-276.17228993071177,-0.27242334679277447,0.049979833454871454,3650.010688145132,3.7576164063027995,0.1518814989764662,37.92234831535575,0.049979833454871454,0.5961972284885595,21,8.795481513357977,9.187976252152826,13.21642619924278,1.1492544521080679,0.3042351807763018,0.364147462569101,1309.9167933544443,1.8961174157678322,2648.3949187667918,50,0.09671179883945841,0.08,0.2,0.001,3.472170185877494,0.34653843532256157,1.8608835493457412,0.9220553014376464,-0.32173194414683204,0.0,-2.717969248002089,7,7,7,108.26138053192999,70,11
True,False,6.0,8.0,82.17760944342224,100,400,sma_slope_state,48,3,36,0.02,80,364,True,0.737214098779561,15,-290.650224985132,-0.28575419506094624,0.07199515310679974,728.7228127151443,0.7224485134117923,0.7136674953014398,71.06278839238539,0.07199515310679974,0.15758942958427327,5,2.173774785720086,2.190929917364714,2.5072157186612243,1.3789686452636727,0.9566654578456556,0.23506835306527166,737.1027054439463,2.2029464401639416,1480.1031897884504,31,0.059961315280464215,0.3548387096774194,0.2,0.001,1.0081408397006268,0.11934763300137972,4.7413897905812625,0.5118133221025055,-0.2710490557258577,0.0,-0.8319968055197096,8,8,8,108.0345180274637,47,11
True,False,5.0,8.0,124.88264365658247,10,100,sma_state,240,3,18,0.001,400,121,False,1.909875280229236,44,-329.4881827479434,-0.31296877786404503,0.3628060716198343,5519.479436724105,5.4311174427489295,1.5106655132144198,358.62565483700337,0.3628060716198343,0.4827586206896552,18,5.605295862734296,5.754472475712138,16.75167646587943,2.233556862117257,1.301985943159498,1.2200903850068041,936.8194513471509,12.193272264458137,1899.959206329606,34,0.06576402321083172,0.11764705882352941,1.0,0.001,2.887699958254296,1.1673878073432225,3.2493626777607347,1.7722592128617571,-0.6518071415901859,0.0,-2.853457030309277,5,5,9,99.31583624759631,38,11
True,True,6.0,4.0,65.01389395351754,100,300,ema_state,72,4,48,0.0025,80,239,False,1.1728156103900236,65,-644.5797772391932,-0.6413400808425298,0.026914287427163328,581.7428021136889,0.5837929276519075,0.08527450751004742,24.323447862378828,0.026914287427163328,0.23106670963583628,3,2.2157865024717456,2.2318552885220178,0.9025148207493539,1.0830177848992246,0.17191362687857303,0.023607696289969855,259.3493644314071,0.26755792648615895,517.8173727007741,11,0.02127659574468085,0.5454545454545454,0.2,0.002,1.0000000000000002,0.09911148913039601,3.0202700127786724,0.2981374255015795,-0.3603392976970091,0.09358969498548432,-0.907184169905333,7,7,10,97.63964472903335,30,11
True,False,2.0,8.0,174.55723282974603,20,100,ema_state,168,2,6,0.001,50,75,False,3.150960565663827,66,-897.266686097012,-0.8557268658650162,0.8016011218273172,5857.547688840966,5.773585084904318,1.316506594650638,791.4369076374825,0.8016011218273172,0.34321624234611664,5,6.6755133374890985,6.873318082937096,6.528212603457397,2.1760708678191323,1.301039698990612,0.9509597333015536,1076.6386560614146,12.662990522199733,2180.8202522770657,16,0.030947775628626693,0.25,0.2,0.001,4.0,0.9604712251900428,2.4417397441303694,2.953559166447271,-1.0,0.0,-3.7303493429578958,5,5,11,92.712930071995,41,11
True,True,3.0,8.0,-2.0172388780761494,20,400,ema_state,48,6,18,0.01,400,228,False,3.882451895192354,27,-815.9052619123541,-0.8419014875822495,-0.23910494588339057,665.7962683990029,0.6985785634259455,-0.5251175633520019,-236.1090109209536,-0.23910494588339057,0.2046406703190461,7,7.365700526788772,7.581444784277607,0.816021540097046,0.5245852757766724,-1.8735382670398002,-0.5640686983298293,936.8598159036478,-5.430507251181916,1874.4905024722902,23,0.04448742746615087,0.391304347826087,0.12,0.001,4.523951863235081,0.21306359893072457,3.328401579432199,0.5622687992578219,-0.5520827653613616,0.13183941591612386,-4.44704194153109,7,7,12,86.11905203478918,54,11
True,False,2.0,12.0,306.15730258651985,30,200,ema_state,240,3,6,0.02,80,300,False,2.944052045799312,86,-819.3193950705663,-0.8111220251755865,1.6066905275082943,12423.131681245783,12.486847014585756,2.323211045728543,1588.398982441497,1.6066905275082943,0.3058330647760232,7,5.186382576973774,5.300098226580278,15.162745757014337,3.369499057114297,1.332969866978141,1.1595189289530359,680.3870149847133,17.472388806856458,1397.1577813475133,11,0.02127659574468085,0.18181818181818182,1.0,0.0005,3.0,2.5878710286501128,3.29151669949988,3.465310572712976,-1.0,0.0,-2.9701000000000057,4,4,13,84.44184397411516,24,11
True,False,2.0,24.0,440.3220325606098,20,100,ema_state,240,6,6,0.0,50,265,False,3.1509605656638273,80,-1025.0885638148438,-0.8557268658650162,2.573719795565186,14171.110968265262,12.862059779855795,4.438169384905652,2773.961319205183,2.573719795565186,0.41540444730905574,5,6.675513337489101,6.873318082937097,13.824279646168126,4.608093215389376,1.810138843216264,3.0532690433420333,1232.437461424,44.38338110728294,2556.299248456679,16,0.030947775628626693,0.25,0.2,0.001,4.0,0.8494666003492839,2.594187086492523,2.568338860363469,-1.0,0.0,-3.7303493429578958,5,5,14,82.1861105985767,41,11
True,False,3.0,8.0,88.37582278494551,30,80,ema_state,72,2,36,0.02,100,340,False,1.127794997784939,48,-854.3378095224692,-0.8431413289276115,0.21552224460471162,1277.12394047746,1.2741858181370347,0.8188433030532133,211.39306547749544,0.21552224460471162,0.21688688366097325,3,2.5424417653418288,2.563658570902786,1.4948699756028667,1.4948699756028665,0.934890070913311,0.2744055462466202,642.4877975358816,2.959502916684927,1292.1991532596637,14,0.027079303675048357,0.5,0.2,0.001,3.0,0.4346456888961161,2.4480779440000315,1.5786403586223317,-1.0,0.0,-2.9701000000000057,7,7,15,76.99785671466162,39,11
True,False,6.0,12.0,54.785200604356234,30,80,ema_state,72,4,18,0.0,100,319,False,0.924502389900054,49,-653.1453360356676,-0.6517787977839936,0.01599708166328046,679.5105627865132,0.6837729611105546,0.07807804881372468,13.182613375422818,0.01599708166328046,0.22462133419271674,3,1.669485791115738,1.6754614542180841,1.0403665544193763,1.0403665544193763,0.11107922858900263,0.017073846199222784,342.51235064872833,0.18455658725590912,686.0836917837796,14,0.027079303675048357,0.5,0.12,0.0005,1.9393003902407915,0.14738918141512952,2.077170207039037,0.6879883327848154,-0.6464334634135972,0.0,-1.927574601922679,7,7,16,76.6862396949203,43,11
True,False,6.0,24.0,59.39674588376427,80,100,sma_state,240,1,48,0.005,400,113,True,1.7801034396211053,29,-244.26431584903187,-0.2442109617965863,0.07230901662936162,2642.2216476368226,2.683598838643432,0.38808065905010003,67.78822074403351,0.07230901662936162,0.35417338059941994,20,4.54934807816762,4.648870283255822,10.817059538364392,1.3111587319229565,0.5870720908050392,0.33981419858840145,801.8659985663871,2.5081641675292197,1610.371739072589,37,0.07156673114119923,0.10810810810810811,0.2,0.001,2.730802423682001,0.32275411612377564,2.9204487543213578,0.4405191036049734,-0.4182866222177583,0.0,-2.7004493468231083,5,5,17,75.92870758390781,45,11
True,False,1.5,12.0,178.69160976060425,20,300,sma_slope_state,360,4,18,0.0,150,138,False,4.433938736283152,45,-855.2974634440792,-0.7368482483327708,0.9211802935859117,6201.017828820178,5.895265919341959,2.0427416799206704,908.7813596219851,0.9211802935859117,0.4695456010312601,11,9.674650883828743,10.124922564463148,7.250130035286385,2.4167100117621283,1.3766889395227206,2.211191817080573,2609.3757319116826,29.081003507903514,5282.280112940383,32,0.061895551257253385,0.25,1.0,0.003,4.0,0.42650634564414786,2.6514181127127685,1.9309961525861872,-1.0,0.0,-3.9403990000000046,7,7,18,75.82296559147935,45,11
True,False,4.0,12.0,90.66696087252159,20,200,ema_state,72,4,18,0.01,150,396,False,0.9941457648214198,50,-735.4260585081962,-0.7202205999982922,0.20452852753204864,1005.3501142446792,0.9971706368437696,1.1032146561708158,201.9149575895059,0.20452852753204864,0.21108604576216564,3,1.6745339876753595,1.681932853114194,1.3670308559422288,1.5948693319326002,1.0049040679580639,0.18567160648413084,433.5390218820676,2.624894448663545,873.2106372816588,13,0.025145067698259187,0.5384615384615384,0.2,0.0005,1.789222622736625,0.7454206713548924,2.6290776384664247,1.3130581608983245,-0.7741552561535723,0.0,-1.7210552620674717,5,5,19,74.89008662123956,29,11
True,False,6.0,12.0,80.12016908748845,20,80,sma_state,240,1,18,0.0,150,371,False,2.2238990059072927,30,-269.634027213746,-0.2615274859894103,0.1650024143647618,1964.7193090859284,1.9564279958522846,1.2763996819228205,160.04930669003755,0.1650024143647618,0.5078955849178215,9,4.552153074558597,4.646898712389461,7.286614858622587,1.7349082996720446,1.0834207848499264,1.1810973436690178,1187.0243681950876,8.322563947882008,2393.115523837687,52,0.10058027079303675,0.19230769230769232,1.0,0.002,2.815616015822201,0.09833744245148711,1.564916807264603,0.3869774715691813,-0.2492879722988491,0.0,-2.780232340783521,6,6,20,74.4737533821665,92,11
True,True,3.0,4.0,26.673744620179342,20,150,sma_state,240,4,36,0.001,400,296,False,6.5034774885575555,32,-528.3258436940167,-0.5173320301782369,0.08069294018315351,7317.085026482932,7.655675898094098,0.09611440423392538,45.72861022136976,0.08069294018315351,0.4308733483725427,25,13.743457670616275,14.733367529100542,13.849568620990398,1.0933869963939788,0.25936924811949186,0.30410022646801765,1718.0431153395552,1.874873019076156,3485.162444067161,41,0.07930367504835589,0.07317073170731707,0.2,0.001,5.535047466062744,0.6257037003960739,2.078272724558421,1.663492765024876,-0.9177591381515976,0.0,-4.934733942152859,6,6,21,74.18350568262969,63,11
True,False,5.0,16.0,18.311262866488505,30,200,sma_state,48,6,18,0.005,150,324,False,2.5308279903776856,19,-378.1271869041344,-0.38687334441640603,-0.10198530242132879,783.1844762508883,0.8096564319629185,-0.5387656985409082,-101.62440996246232,-0.10198530242132879,0.2690944247502417,8,5.6326145668307,5.729209924887771,2.071219693730848,0.6472561542908901,-1.5064945222848014,-0.4101599037356248,1100.6538866310811,-4.268225218423453,2194.9687401882097,42,0.08123791102514506,0.23809523809523808,0.12,0.001,2.2228610923385963,0.10541560128779753,1.7578360956486336,0.5660291831995339,-0.3464351372808529,0.0,-2.060978177225494,6,6,22,74.15889905899427,75,11
True,False,6.0,6.0,30.470658969820608,80,150,sma_state,360,2,6,0.005,150,25,True,2.7639224598822527,12,-267.502814455658,-0.2738161278025687,-0.05605333067170177,612.5088314011022,0.6335288602427098,-0.5161981053686278,-56.30001945003556,-0.05605333067170177,0.1972284885594586,8,3.868783018613744,3.9188065485147536,2.289728549763103,0.7230721736094009,-1.2041455375657961,-0.3571758851781823,1074.4266281157327,-2.815000972501701,2145.3737267402184,50,0.09671179883945841,0.24,0.12,0.003,2.312181023601074,0.05333081616741874,1.612089335374452,0.09666454888184144,-0.2510468349678495,0.0,-1.9610462894027003,6,6,23,72.93924994128074,88,11
True,False,6.0,16.0,61.66076045337476,10,150,ema_state,72,2,6,0.001,400,88,True,0.886230074477994,47,-562.1988562838781,-0.553485678746957,0.059395169880574125,608.0970449578224,0.6041781464383794,0.38137217205388857,57.3695620205516,0.059395169880574125,0.2603931679020303,3,1.8041044501362637,1.8131427491448262,1.081640487455507,1.2168455483874456,0.5029462051345466,0.11207256555408354,404.47003651853987,0.9752825543493819,811.7083440625559,17,0.03288201160541586,0.5294117647058824,0.2,0.002,1.638079678920981,0.042875172748334016,1.4069342009846864,0.2758979104662973,-0.32671505229327985,0.0,-0.9929735091440088,6,6,24,71.65685778218187,42,11
True,False,6.0,16.0,47.39762661678624,10,100,sma_state,120,2,24,0.0,200,292,True,0.9422933452513081,29,-223.59562194623578,-0.22312629372058554,0.008302253592190304,894.0168844191352,0.9009552217986114,0.060793174041448926,6.501070540752323,0.008302253592190304,0.32484692233322593,12,2.567839572033446,2.597491993997817,3.998364890320188,1.0366131197126414,0.11181874321425338,0.04833661783623589,811.3114706795261,0.2210363983855932,1624.6982652817182,34,0.06576402321083172,0.20588235294117646,0.2,0.0005,3.2623453471177775,0.10898798063631036,1.9505792846655057,0.1740236056163849,-0.4077273141047188,0.0,-3.214672958715615,6,6,25,68.41293910959396,80,11
True,True,6.0,24.0,39.879995690053796,10,200,sma_state,168,2,24,0.001,200,367,True,1.6385996806449894,33,-235.2609527543185,-0.23536170392351752,-0.008732477571333615,793.8917539344324,0.800657616543609,-0.124219390426592,-10.133798166154236,-0.008732477571333615,0.6925555913631969,11,3.6921288600320255,3.745647436582238,3.3745155948742944,0.9448643665648023,-0.18132894719422774,-0.10757879164315189,1390.1918182400327,-0.648563082633831,2785.120496067336,64,0.12379110251450677,0.21875,0.08,0.001,3.070778519384641,0.010302899517592433,1.1909643817014333,-0.10474645648833993,-0.1905362073387119,0.18622196860483797,-3.0399514470954454,6,6,26,68.2578100718484,141,11
True,False,3.0,24.0,30.710978627295724,100,150,sma_state,48,3,48,0.001,400,32,False,2.9136041824902477,17,-458.36110558325396,-0.4644671078585349,-0.00968200288158656,2047.0563745979825,2.112648487010839,-0.05880672249612175,-16.22860908068276,-0.00968200288158656,0.19497260715436673,11,6.634150241286167,6.837370680196642,4.466034202429,0.9570073290919286,-0.0680815681648617,-0.025361857086347337,1393.455076443347,-0.551772708743214,2788.608038783721,34,0.06576402321083172,0.17647058823529413,1.0,0.001,4.055535580628888,0.9688274786833131,2.583325524349655,1.1251563120796488,-0.741981463866358,0.0,-3.984824003295813,5,5,27,66.80025703651143,38,11
True,False,5.0,4.0,49.34929866964543,20,100,sma_state,360,6,18,0.02,100,158,True,1.6580839511270344,15,-381.0766616578578,-0.37794429167049204,0.027229893135094708,591.346153702313,0.5899718164761875,0.2660803451069364,25.984051748725363,0.027229893135094708,0.21463100225588141,6,2.961780711717261,2.989043567259246,1.551777406492664,1.1172797326747184,0.47271607734896015,0.11288229942232092,1102.359859230796,1.1173142251952377,2209.1767820339173,43,0.08317214700193423,0.4186046511627907,0.2,0.002,2.459143081279786,-0.037340216454011685,0.9306285144734555,-0.42016532383693,-0.18401655209622195,0.28466326219257193,-1.83064572924393,6,6,28,65.77462318125599,105,11
True,False,4.0,4.0,55.05237048112909,10,300,sma_slope_state,120,4,12,0.0,150,93,False,3.14036664574937,31,-424.35577974681695,-0.41297556600051466,0.10133088741812066,1414.412451224112,1.4156696017101886,0.3728032576413374,92.79778521375681,0.10133088741812066,0.3264582661940058,10,5.6031813146531055,5.7244398153194735,3.3330816233208647,1.3042493308646863,0.5595807655244484,0.2561978095738261,1008.1629095601515,2.969529126840207,2024.3052111820798,32,0.061895551257253385,0.28125,0.12,0.002,3.5160738190926617,0.1853911049785123,2.734718525059538,0.9652772861127649,-0.8790184547731654,0.0,-3.47036775449659,7,7,29,64.92066960143295,49,11
True,False,4.0,6.0,31.977015333431268,50,400,sma_slope_state,72,4,18,0.001,150,134,False,2.464574089001822,29,-490.2428018449887,-0.4904584316863843,-0.015225016696655304,753.3488672972481,0.7624296623774466,-0.07144442071285974,-18.535616997933403,-0.015225016696655304,0.2761843377376732,7,5.319608558356484,5.439201216298404,1.536685218961056,0.9390854115873121,-0.13914515151531395,-0.03218267259041165,874.8057470347039,-0.5375328929400567,1750.2943900465625,29,0.05609284332688588,0.3793103448275862,0.08,0.002,2.2693350974947792,0.1007786668093841,2.186876345117822,0.8262091650250302,-0.7564450324982598,0.0,-2.2526599783459678,7,7,30,63.391448566024714,47,11
True,True,3.0,8.0,28.391749410150886,20,100,ema_state,168,3,36,0.0025,400,304,False,5.749161434871058,62,-699.1205467031025,-0.7064303295526783,0.052036102770688,2761.398643924414,2.8691971371146194,0.07909664287427519,34.9289785815223,0.052036102770688,0.661940058008379,11,10.278028027559813,10.791765419953915,3.9498176057713623,1.063412432323059,0.22099886910168326,0.11397464351078695,1331.1450261147033,1.1526562931902444,2690.1655534728725,33,0.06382978723404255,0.21212121212121213,1.0,0.003,4.994545563805657,0.30626210779208074,1.5191120155304296,1.4862622522624098,-0.4445295862785938,0.18495990925578715,-3.858533076956839,5,5,31,63.21983492161135,77,11
True,True,2.5,6.0,-18.11339687120367,10,200,sma_state,120,2,48,0.02,200,135,False,4.144820033198051,30,-441.1191710542811,-0.45973996768431163,-0.20568324200298174,1365.3878875898356,1.4275385659484243,-0.7176550223215565,-197.93552854449615,-0.20568324200298174,0.5185304543989687,14,10.29264748431374,10.695528584155051,3.095281223725868,0.48148819035735724,-2.579566118047354,-1.1343443166170624,2496.0321001103634,-10.29264748431374,4993.270007640298,52,0.10058027079303675,0.1346153846153846,1.0,0.0005,9.133617683363788,0.19323615881913295,1.5853495163105271,0.974894482199403,-0.5074232046313215,0.0,-8.7548972857857,7,7,32,62.17814319323608,131,11
True,True,6.0,4.0,110.47375110269338,10,300,ema_state,240,4,48,0.005,400,136,False,1.6090059030305999,78,-332.57209434278843,-0.3165142645876979,0.3480020084847142,3605.3923556422696,3.5376801192322924,1.7549706791944153,346.38729358566997,0.3480020084847142,0.7302610377054464,10,3.98662814531934,4.060111608040371,10.840934693474681,2.2585280611405585,1.3533114246153317,1.2131158926420684,629.1526767995535,10.04523151398443,1289.1072234753046,29,0.05609284332688588,0.1724137931034483,1.0,0.001,3.4097036102588274,0.5419520783806534,2.4379325344599603,0.6312862058799775,-0.4055414181711279,0.1041238752033098,-3.206531951384386,5,5,33,59.80930034911396,51,11
True,False,4.0,12.0,44.80612921090567,20,100,ema_state,72,6,24,0.01,400,328,True,1.7460366686918514,43,-777.4515808506075,-0.7756390109949478,0.03566162448648612,1374.0242411268007,1.387829350288876,0.09360820584717298,29.351852390920556,0.03566162448648612,0.22655494682565258,4,3.5419500376083475,3.589354454254128,1.7673438127471357,1.0604062876482814,0.17579216834329436,0.04478889295055509,574.0443181099364,0.4696296382547007,1150.184759567465,16,0.030947775628626693,0.375,0.12,0.001,2.9074347877017304,0.06413297320542515,1.6826692449853282,0.308603513985314,-0.7268586969254326,0.0,-2.877372736462741,7,7,34,59.75860482513741,44,11
True,False,4.0,24.0,52.88348467537837,10,150,sma_state,168,4,48,0.005,400,154,True,2.4473133325036875,34,-389.98637596511503,-0.38894911362569157,0.11899964700388924,2809.1110523977472,2.8619229544036253,0.4040478299879,109.87259721658222,0.11899964700388924,0.3544956493715759,12,6.116359390751802,6.292787947268067,7.203100481256369,1.333907496528957,0.6246169072442973,0.3078431966475951,1030.6881146596804,3.5159231109306273,2070.495920199134,32,0.061895551257253385,0.15625,1.0,0.001,3.6830333291681603,0.5004124368149968,3.864887251911382,0.5545768968910707,-0.6865697170428382,0.0,-3.625512769492736,5,5,35,57.08304865241401,38,11
True,True,2.5,24.0,-13.932643066290208,10,150,ema_state,72,2,6,0.001,100,18,True,5.443894767634954,37,-823.0053180283082,-0.8386493392204591,-0.18244731286036026,1288.8068060290009,1.3268173477678673,-0.4094138190249833,-183.06225013215402,-0.18244731286036026,0.40058008378988075,7,10.519287677013518,10.982419139311167,1.5659762796146002,0.6808592520063478,-1.2916593233445768,-0.6024531209141898,1498.0584726279474,-6.041054254361108,3021.144320664325,33,0.06382978723404255,0.30303030303030304,1.0,0.0,5.687381852999548,0.10331961932161954,1.27736171486978,0.32533903914499257,-0.4190984900879047,0.34516869210720263,-3.3327314384894855,6,6,36,56.79417255886276,82,11
True,True,6.0,12.0,85.78505601302075,50,200,ema_state,48,2,18,0.0,50,301,False,1.1711684942646492,42,-622.8883433743162,-0.6087490431072415,0.21501439063059752,800.4745876174975,0.7916487942470849,0.9128861838648582,214.38396897380954,0.21501439063059752,0.23171124718014824,3,2.8056343667308075,2.8271261622307033,1.285101248293008,1.8358589261328684,1.3069709434029408,0.2387475823213519,402.85051810597224,3.644527472554779,816.3409971447195,17,0.03288201160541586,0.5882352941176471,1.0,0.002,2.2365319594203252,0.2554873728238914,2.9039522723457893,0.4532568697123498,-0.5311605051095537,0.0,-1.7889371155386906,6,6,37,56.35609357859098,39,11
True,False,5.0,12.0,76.02593000472044,20,100,sma_slope_state,360,1,18,0.02,100,12,True,1.3170660223171358,23,-444.270299435691,-0.43714854715868645,0.18534907260636654,1124.3571943080885,1.119095502253946,0.5588157836005376,183.18069806182086,0.18534907260636654,0.11504995165968418,7,3.4599326371942865,3.5067531493135355,2.530795319282516,1.6871968795216776,1.0360036190941646,0.17139675963276305,441.7850914342566,2.7477104709272826,889.9654918374528,15,0.029013539651837523,0.4,1.0,0.0,1.5353562215443555,0.0630854564068801,3.545092954051734,0.26455368593758216,-0.5117854071814518,0.0,-1.5299006378843916,6,6,38,54.73584007665282,29,11
False,True,5.0,6.0,50.673654352855934,100,150,sma_state,240,1,18,0.0,200,233,True,1.0368978828611537,22,-224.6803078494947,-0.22365383833760294,0.04059450992645085,1058.349631918701,1.059838138944944,0.44208656313700184,39.47291504395736,0.04059450992645085,0.24492426683854335,10,2.140519354449483,2.1610402439595173,4.710469030635527,1.2212327116462476,0.6263739393861563,0.3576289847458693,877.2937037909218,1.3420791114945751,1750.1645401006879,34,0.06576402321083172,0.20588235294117646,1.0,0.003,2.9886471356052793,0.047731197300041495,1.906434832281787,-0.013742663956829321,-0.2988647135605279,0.0,-2.9518277152293884,5,5,39,54.62258019841449,84,11
True,True,6.0,4.0,4.929278031646604,10,300,sma_state,120,6,24,0.0,200,94,False,2.089660707420359,37,-254.91183840483828,-0.25987468298611,-0.11388556291895205,601.998381556614,0.6160600374168378,-0.7109211960061814,-112.0934684112629,-0.11388556291895205,0.5088623912342894,16,4.711512732242894,4.786958062698219,2.361594445058884,0.4723188890117768,-2.3841411359726035,-0.6393831935076904,910.6675695219228,-4.707925673273071,1826.273270155765,42,0.08123791102514506,0.16666666666666666,1.0,0.003,3.65589627441566,0.03679124334129966,1.4176954613313244,0.23705497218557736,-0.49588140081639187,0.0,-3.553480154611636,6,6,40,50.54859606312509,97,11
True,False,1.5,4.0,62.32347366459203,30,80,sma_state,72,1,48,0.02,200,35,False,2.9465267543196925,21,-726.3532208391871,-0.7011508483813056,0.2385444931055634,3542.6536151568735,3.5274781883096042,0.7389169593274159,222.31496493771522,0.2385444931055634,0.2523364485981308,8,7.565093072924142,7.832376843694531,4.877315214578237,1.3935186327366396,0.8798799989501355,0.7154211783253219,2859.6616188819758,8.003338737757746,5741.115654941291,36,0.06963249516441006,0.2222222222222222,1.0,0.001,9.393775388563643,0.3815007297512047,2.5045035771703934,1.7070368371434201,-0.8123122968563039,0.0,-9.00302467402327,6,6,41,50.190966228905346,84,11
True,False,2.5,12.0,106.13209232428422,10,200,sma_state,168,1,36,0.0,200,64,False,2.3483681037650466,35,-515.5853752942236,-0.48065303671602166,0.43993813918410907,5102.445055105744,5.0428940186847635,1.7870600415816167,420.7530297724377,0.43993813918410907,0.40799226554946827,13,5.863008556875235,6.022930599454098,9.896411534547477,1.9792823069094956,1.1346809252711778,1.3372637177835407,1977.5217800142552,15.147109071807776,3989.377277764692,36,0.06963249516441006,0.16666666666666666,1.0,0.0,6.863111174448771,0.35063339390756254,2.344197499535129,1.2291178142162982,-0.6490567328121725,0.0,-6.655569749156479,5,5,42,49.46695368180582,84,11
True,False,2.0,12.0,-21.766045526372004,10,200,sma_state,240,6,6,0.02,400,220,True,6.213609726636893,28,-677.6598460494234,-0.711025349634318,-0.18027496767123383,3008.2129389923207,3.2696025150888133,-0.3319223371338411,-186.2101413771909,-0.18027496767123383,0.279407025459233,17,11.990069607102907,12.716980611204317,4.4391193554249995,0.6829414392961538,-0.9063750981002194,-0.41917353962394216,1659.6582416617907,-5.586304241315738,3311.4607305831983,30,0.058027079303675046,0.13333333333333333,0.2,0.001,5.9353915227855225,0.48982299538231344,2.2901467394099675,0.4726691942973941,-1.0,0.0,-5.786892724074205,5,5,43,49.45007626165577,36,11
True,False,4.0,8.0,23.359432805173718,30,100,sma_state,72,4,48,0.005,400,91,True,2.4984964039255813,18,-374.48384227671056,-0.3751858625628131,-0.025637001828727343,1207.290015628987,1.2227517865072934,-0.12135007634035952,-28.47081085983922,-0.025637001828727343,0.1898163067998711,10,5.311192367713257,5.4389614768546055,3.223877453000779,0.9026856868402179,-0.26221119129459197,-0.06537819020382851,1029.488998585532,-0.911065947514886,2059.22355385963,32,0.061895551257253385,0.21875,1.0,0.0,2.6830333291681607,0.40792787815022696,4.187476510189362,0.32971902404207903,-0.6865697170428382,0.0,-2.4447565307112527,6,6,44,49.027222372480836,38,11
True,True,2.0,16.0,-40.208311052012085,10,400,sma_state,168,1,18,0.005,300,219,True,6.962765915816271,18,-588.5476515450537,-0.6221604952007908,-0.2286678708482247,2709.2352851763185,2.9192731239723035,-0.6750250964988528,-222.12732524267892,-0.2286678708482247,0.37544311956171444,20,14.966662089972965,15.938100877972328,4.603255620957864,0.5754069526197327,-1.7122537078233226,-1.3842267440614389,3697.3715811893626,-13.994021490288725,7414.232547384572,63,0.1218568665377176,0.1111111111111111,0.2,0.002,9.737513932719628,0.49667242373106374,2.271723395405071,0.37794910244267466,-0.7547513768096205,0.0,-7.999738464616166,5,5,45,47.7472036865456,91,11
True,False,5.0,24.0,70.54375477659718,80,200,sma_slope_state,168,4,6,0.001,80,353,False,1.6129836926565764,29,-392.0774746818175,-0.3759186640942833,0.18888530285514052,1314.198973519421,1.2831929888196492,1.362278557669459,188.7825927909446,0.18888530285514052,0.4514985497905253,5,4.543701415369578,4.617648043327177,3.351885936793315,1.7300056447965495,1.4103839378375371,0.7504734016615559,1429.5656419596016,8.872781861174401,2879.788707470312,47,0.09090909090909091,0.3404255319148936,1.0,0.001,4.2097351359772865,0.0899217225984761,1.817746647940453,0.39580637710231553,-0.4100108533630364,0.0,-4.135709257941576,5,5,46,46.35101275826873,85,11
True,True,6.0,6.0,35.084233236364426,10,150,sma_state,48,3,12,0.0,300,13,False,1.2482630505400347,18,-264.69549209683134,-0.25785303306185764,0.01729504920942046,901.9177894073058,0.8885973097351344,0.13657208548581798,15.291695464161563,0.01729504920942046,0.2900418949403803,10,3.9507303471742583,4.005688973057077,3.4073787289031907,1.076014335443113,0.26441035935578533,0.11577921266638169,1179.5703641417183,0.7645847732080147,2372.4371408599545,50,0.09671179883945841,0.24,0.12,0.003,2.7946482926961975,0.029817706573418288,1.8070419663804123,-0.055924936984099526,-0.21600812960400959,0.0,-2.326453060594446,4,4,47,45.28775685322464,95,11
True,False,6.0,6.0,45.67787068990593,10,300,sma_state,72,4,6,0.01,300,295,False,1.5065634247488127,27,-279.3577196867161,-0.27943549737345924,0.059570408376271325,1253.68205680246,1.2703057860538807,0.37705818877701736,55.994731420291174,0.059570408376271325,0.2810183693200129,9,3.3485257221744438,3.382593854096583,4.487730133995916,1.2565644375188565,0.516890635992531,0.17996998753721352,757.6811311764636,1.7918314054493094,1520.4775673865945,32,0.061895551257253385,0.21875,0.2,0.0005,2.1229987179343985,0.31850314571722865,3.9208263105460093,0.499371307292588,-0.6922894013695184,0.0,-1.9641717750830574,5,5,48,43.912361704547216,45,11
True,False,3.0,4.0,104.32807854890919,80,130,sma_slope_state,120,1,6,0.0025,200,155,False,2.2135900965491095,26,-670.3640526778962,-0.6501387049455241,0.44313697348870584,2940.7111006004448,2.942052809909803,1.303959309981719,428.6588200589903,0.44313697348870584,0.19948436996455043,6,5.267468897357428,5.3868500730834175,4.3867374583306145,1.9191976380196438,1.0993882655315381,0.7761953249473363,1058.5616795102126,9.85915286135678,2139.011015004399,23,0.04448742746615087,0.30434782608695654,0.2,0.003,2.3972418220544434,0.4542620388981479,3.5058220324840303,1.634284644853284,-0.678767802852542,0.0,-2.023378352900865,5,5,49,43.51356480795295,37,11
True,False,6.0,6.0,52.593961841794396,10,150,ema_state,48,3,48,0.02,50,66,True,0.6055198553969396,28,-472.837684753933,-0.4641955583274107,0.06698863166545614,670.8817155045047,0.6645708454074313,0.6907964419038731,65.38320948533178,0.06698863166545614,0.15339993554624556,3,1.134903928744828,1.1300876267644455,1.4188414695703342,1.2611924173958524,0.6144798519785983,0.10296477304010328,405.4373373288458,1.1115145612506458,813.9179019340595,17,0.03288201160541586,0.47058823529411764,1.0,0.0,1.8614928314126593,-0.030528738116082813,1.7033826458977606,-0.05080865443496572,-0.4047121151884161,0.0,-1.3471953356758022,5,5,50,42.89655977225955,41,11
True,True,6.0,6.0,25.370159466987094,80,200,sma_state,540,3,6,0.02,400,325,False,3.04239332858955,36,-235.6855860260664,-0.2348443226170319,0.024210530571219024,3557.631748223897,3.650978475206731,0.0774430736667397,17.202236257264474,0.024210530571219024,0.529809861424428,28,7.053789466645902,7.303136194643456,15.094821063136331,1.078201504509738,0.18699113306507228,0.20461939128788315,993.0379637290869,0.7741006315769046,2008.3959076290944,45,0.08704061895551257,0.06666666666666667,1.0,0.0005,3.2071275396015055,0.08135478459827211,0.9796405742044644,-0.03965270711241725,-0.31341629899305223,0.0,-2.802620104424757,5,5,51,42.113641641146806,49,11
True,True,2.5,6.0,20.179070796489288,30,80,ema_state,48,3,12,0.02,200,394,True,2.6498580307167603,27,-875.7885800489813,-0.8894472840193042,-0.005368125077504393,1099.396012380231,1.1313050792762382,-0.038936619859422476,-11.6453208612009,-0.005368125077504393,0.28327425072510476,7,6.765201019641158,6.964951894667538,1.2553212469597899,0.9763609698576144,-0.037682863115091614,-0.01661182092573139,1412.77748976722,-0.37265026755846337,2834.872097733612,32,0.061895551257253385,0.4375,0.12,0.0005,5.004964917477883,0.014966845896471615,1.1353288560370252,0.05222002323279791,-0.3260343384852232,0.38707894954739747,-2.2826139919769046,5,5,52,41.99744672170321,97,11
True,True,2.0,24.0,-39.281956659138196,10,150,sma_state,120,6,24,0.001,200,52,False,5.619277673161319,37,-611.4322836406941,-0.6448882249392418,-0.27841218363681974,1793.5097810056689,1.9204440641777125,-0.7187498563338958,-267.86913154835656,-0.27841218363681974,0.5056397035127296,16,11.25050352503096,11.693311712746429,2.9332925803761096,0.48888209672935157,-2.336035745820826,-0.9305289046028928,2303.966905674218,-11.25050352503096,4616.518582835509,42,0.08123791102514506,0.14285714285714285,0.2,0.0005,10.917801902996795,0.2203949052240172,1.5315868052128392,1.1421092407653923,-0.7884189120223217,0.0,-10.382896111152863,7,7,53,41.99443084731698,99,11
True,False,6.0,24.0,31.26153015745311,20,300,sma_state,360,1,24,0.02,300,140,True,1.8555175857285944,18,-366.89135302943146,-0.36461998388558836,0.032355725346269244,938.1969203046085,0.9430647053487661,0.2038606699278524,29.29615851840211,0.032355725346269244,0.32968095391556557,8,5.671858157221051,5.816682791727324,2.5571518994871156,1.1146559561866916,0.41366379561134264,0.21660450571060977,1384.737034467189,1.6405848770305018,2775.5479162366805,56,0.10831721470019343,0.30357142857142855,0.05,0.001,2.153770617484695,-0.05914327270927033,1.156486687703187,-0.294629379985993,-0.2928983338966262,0.0,-2.065522948419588,5,5,54,41.821259207038665,60,11
True,True,6.0,24.0,20.90326192909321,50,150,sma_state,360,6,12,0.001,200,351,False,2.10156153664616,39,-288.7861044436337,-0.29279547530847383,-0.040997730263505686,645.3825006460369,0.6604388452189057,-0.4604072452204253,-42.02458611806034,-0.040997730263505686,0.6725749274895263,9,3.4290033972598146,3.463570400030283,2.2348114771291048,0.8022400174309607,-0.7575450627218062,-0.3004064107550705,1086.7419031121049,-2.2273030642572267,2181.705333228178,53,0.10251450676982592,0.2641509433962264,0.08,0.0,4.011270621141132,3.642236247689309e-05,1.2300237166502226,-0.13739751950101345,-0.3620121092277667,0.03601706918250135,-3.9540936127610187,5,5,55,40.62596355545022,118,11
True,False,4.0,16.0,59.847231516840765,30,80,sma_slope_state,48,2,48,0.0025,80,23,False,2.4360392279077794,20,-470.49998224349594,-0.4487271310382329,0.17655003960100518,1605.0309236543617,1.5713991125654592,0.9799782074263026,171.92625053441242,0.17655003960100518,0.279729294231389,5,5.1521306903868025,5.260015610684545,3.4113304659461527,1.5292171054241375,1.0835666336154954,0.5739729772139754,1506.8547063281558,7.220902522445292,3031.2119629906238,42,0.08123791102514506,0.30952380952380953,1.0,0.002,3.8357466746028277,0.039678344422705264,1.7693310272273275,0.2704439623523887,-0.47946833432535346,0.0,-3.776364689693859,5,5,56,39.95776390954621,76,11
True,True,3.0,8.0,67.94965297356697,10,400,ema_state,540,4,6,0.01,200,69,False,4.450845883997416,98,-724.5078264713487,-0.7029954374671658,0.35084318050015495,6622.879308548714,6.673874888304079,0.6482314230989801,325.11890710294585,0.35084318050015495,0.8920399613277473,16,9.793726076121894,10.26696418088807,9.141211546057221,1.5235352576762031,0.8954405573391042,0.8140689081729987,1249.5398706001108,9.10332939888246,2551.787728800969,28,0.05415860735009671,0.14285714285714285,1.0,0.003,4.0,0.42802676682328117,1.5381921116549373,0.6390733383719158,-0.4250837841108897,0.0,-2.1396838946631176,3,3,57,39.0439189914599,30,11
True,False,6.0,8.0,40.803729928531375,10,80,ema_state,72,2,36,0.0025,80,302,False,1.2036475805890448,31,-393.0771404176068,-0.39369855196939524,0.03927306392173914,983.9641530065777,0.9918106188822347,0.35174409818299984,37.24826377745086,0.03927306392173914,0.32710280373831774,7,2.3898595746318754,2.4136273059827666,2.503234230210411,1.1378337410047323,0.46191223460056924,0.17909822156876495,732.6435821325074,1.191944440878462,1469.149915262791,32,0.061895551257253385,0.3125,0.08,0.001,3.2998111489146917,0.004102236472151904,1.8903393418067311,0.004043444970246852,-0.4714015927020988,0.0,-3.255326407353234,5,5,58,38.72010171856204,72,11
True,False,2.5,4.0,107.97247698874656,30,150,ema_state,72,6,18,0.001,100,311,True,1.1621358618224573,15,-1023.777102954276,-1.0,0.3916310803857686,1203.5505264841254,1.1868488406062079,1.5275347037125315,393.6132066883431,0.3916310803857686,0.05575249758298421,2,1.9900000000000053,2.0,1.1755982068861317,2.0572968620507304,1.612721244373843,19456006357031.406,589.961452972275,4.329745273571781,1189.7867573715746,11,0.02127659574468085,0.6363636363636364,1.0,0.001,3.0000000000000004,0.14424427060527223,3.5488372205796423,0.28274171627461847,-1.0,0.0,-2.9701000000000057,7,7,59,38.6664568299568,27,11
True,False,6.0,12.0,21.374704582246764,20,200,sma_state,72,1,12,0.0025,80,375,True,2.5251988491232096,19,-231.05045454911516,-0.23434149419026926,-0.02524221473116714,792.7927986612184,0.8111549031052413,-0.2969581706721735,-26.28180390704847,-0.02524221473116714,0.40895907186593616,11,4.074445176081783,4.134460478969537,3.4312540099015116,0.8578135024753779,-0.5628327201224053,-0.25174601440486766,1436.1630653465618,-1.708317253958099,2871.7922208680257,65,0.12572533849129594,0.2,0.2,0.001,4.455960546664627,-0.013411930430985592,1.323808350580635,-0.346526280465766,-0.31828289619033046,0.007592651358470323,-4.367908254901093,5,5,60,38.57952174212195,148,11
True,False,4.0,6.0,,10,200,sma_state,72,6,48,0.001,200,397,False,,,,,,,,,,,,,,,,,,,,,,,,,0.12,0.0005,4.878885490745885,0.05389436506610606,1.8122478444473769,0.2431846308181993,-0.7027047442723675,0.0,-4.777150111453389,6,6,61,37.8546288461432,71,11
True,True,6.0,6.0,,100,150,sma_state,72,4,6,0.001,200,207,True,,,,,,,,,,,,,,,,,,,,,,,,,0.12,0.001,5.904153473905182,-0.01222854300247378,1.1562171011523863,-0.4371048727904986,-0.3095533102163523,0.04434448262174319,-5.745099686882022,5,5,62,37.59685045051283,128,11
True,True,4.0,4.0,,10,80,ema_state,168,4,48,0.001,200,118,False,,,,,,,,,,,,,,,,,,,,,,,,,1.0,0.0,4.300153937076395,0.1029865633053148,1.2334362458831658,0.20915671253675036,-0.3068011470135945,0.3188568813324348,-3.9713952272158495,4,4,63,36.86563843764954,104,11
True,True,6.0,4.0,,10,80,sma_slope_state,120,3,12,0.005,300,17,False,,,,,,,,,,,,,,,,,,,,,,,,,0.08,0.0,3.0269017718098583,-0.0263275448972063,2.3285101247539584,-0.19059709294432306,-0.5209081721600122,0.0,-2.7991530500626105,5,5,64,34.076412488317985,66,11
True,False,6.0,16.0,,30,80,sma_slope_state,120,6,12,0.01,200,213,True,,,,,,,,,,,,,,,,,,,,,,,,,0.2,0.0,1.0751472209014963,0.03069091328988497,4.411721719117474,0.37083992499348034,-0.5375736104507481,0.0,-1.0727606139668642,6,6,65,32.565436087841725,27,11
True,False,4.0,24.0,,30,400,sma_state,72,1,36,0.0025,300,257,False,,,,,,,,,,,,,,,,,,,,,,,,,0.05,0.0005,3.4094773130918776,-0.02302402505786223,1.3391073367700916,-0.15773492178783766,-0.46771166567729644,0.0,-3.2405118307834346,5,5,66,31.971188644153216,60,11
False,True,4.0,4.0,,10,200,sma_state,168,1,12,0.0025,80,234,False,,,,,,,,,,,,,,,,,,,,,,,,,0.08,0.0005,4.970131312003748,-0.0674673668469462,0.8456672356400204,-1.090095280600254,-0.2763171146025766,0.15505878692114375,-4.865153325608539,5,5,67,31.444507963598447,135,11
True,False,2.0,16.0,,10,300,sma_slope_state,72,2,36,0.02,80,144,True,,,,,,,,,,,,,,,,,,,,,,,,,1.0,0.002,3.0261032193831308,0.014969026064170315,2.46747327754098,0.7449189940475347,-1.0,0.0,-2.8401657676110337,7,7,68,30.82168809902076,47,11
True,False,1.5,16.0,,50,100,sma_slope_state,48,1,6,0.0,200,92,False,,,,,,,,,,,,,,,,,,,,,,,,,0.2,0.0005,5.3333161150440445,0.7198137819460532,2.75065820012866,2.8852616084575575,-1.0,0.0,-5.227421304162883,6,6,69,30.486770326363178,62,11
True,False,6.0,12.0,,100,200,ema_state,72,6,6,0.005,100,176,True,,,,,,,,,,,,,,,,,,,,,,,,,0.12,0.001,1.400169376994114,0.20475054234544557,5.140274720878566,0.500235303471996,-1.0000000000000002,0.0,-1.252644342414671,7,7,70,29.33835762439209,23,11
True,False,4.0,24.0,,100,150,sma_slope_state,48,2,6,0.001,80,54,False,,,,,,,,,,,,,,,,,,,,,,,,,0.08,0.003,3.2605680832932196,0.012831784727582058,1.9774132226613055,0.013602881115560884,-0.40757101041165245,0.0,-3.2189752998742187,4,4,71,29.187729546625228,95,11
True,False,1.5,8.0,,30,300,sma_slope_state,120,3,24,0.0025,150,164,False,,,,,,,,,,,,,,,,,,,,,,,,,0.2,0.0005,4.529677820420662,0.7740400591300344,3.485625382947306,1.5674951268292419,-1.0,0.0,-3.423225162252085,5,5,72,29.173915620176707,40,11
True,False,4.0,24.0,,80,150,ema_state,48,1,18,0.02,150,151,False,,,,,,,,,,,,,,,,,,,,,,,,,0.08,0.003,1.4406870111657257,0.001004253785417238,2.1615092840865753,0.7777971012958772,-0.7949532146558105,0.0,-1.436280141054056,5,5,73,27.499714536331417,37,11
True,True,6.0,16.0,,10,300,ema_state,120,4,6,0.01,80,297,True,,,,,,,,,,,,,,,,,,,,,,,,,1.0,0.0,3.336409827098883,0.06999497786141382,2.144020330726764,-0.18045626212259497,-0.30916665818043504,0.449765513901308,-1.7761279367966347,4,4,74,26.952962224232692,51,11
True,True,1.5,4.0,,10,200,sma_state,168,2,12,0.02,400,266,True,,,,,,,,,,,,,,,,,,,,,,,,,0.04,0.001,9.075501418378163,0.13927441346554859,1.9643741847028253,-0.8935908340578288,-0.519497430099583,0.0,-8.06309328258624,6,6,75,26.71480222160111,70,11
True,False,5.0,4.0,,50,100,ema_state,168,2,18,0.001,50,356,False,,,,,,,,,,,,,,,,,,,,,,,,,0.2,0.003,3.8707588460133695,0.3497215328260545,2.138269301361813,0.887127055281547,-0.9676897115033424,0.0,-3.8149964375279377,4,4,76,26.17595949671989,33,11
False,True,6.0,12.0,,10,150,ema_state,360,6,12,0.01,300,143,False,,,,,,,,,,,,,,,,,,,,,,,,,0.2,0.003,2.8565296998882395,0.10248937922286037,1.5693788853136867,-0.07908152923516965,-0.5713059399776479,0.0,-2.8248375984764715,4,4,77,25.9522229481064,44,11
True,True,4.0,4.0,,30,150,sma_state,72,2,36,0.01,400,195,True,,,,,,,,,,,,,,,,,,,,,,,,,0.04,0.002,4.284900819363489,0.05442755123766475,2.495177112491873,-0.36395821710396026,-0.5356126024204362,0.0,-4.219312074539426,5,5,78,25.345908006672907,70,11
True,False,3.0,8.0,,80,130,ema_state,360,3,24,0.001,100,171,False,,,,,,,,,,,,,,,,,,,,,,,,,0.2,0.001,2.1328817382736966,0.5875972722460866,2.3016367205073887,0.9791263676245129,-1.0,0.0,-2.1202373916820507,4,4,79,25.034483953997253,22,11
True,False,6.0,16.0,,80,100,sma_state,168,3,36,0.02,100,165,False,,,,,,,,,,,,,,,,,,,,,,,,,0.2,0.0,4.1181024895832525,0.03291577781814413,1.4542246439361493,-0.12101568710683597,-0.34317520746527097,0.0,-4.043749296215843,4,4,80,24.972164738807084,119,11
True,False,4.0,16.0,,30,80,ema_state,72,6,36,0.01,80,57,True,,,,,,,,,,,,,,,,,,,,,,,,,0.04,0.0005,3.562743257180113,0.07272627222278208,2.353521092289878,0.08665758515304792,-0.48101624647208086,0.0,-1.1955328254320776,5,5,81,24.52027092353793,36,11
True,False,4.0,12.0,,10,100,sma_state,120,4,24,0.01,150,130,False,,,,,,,,,,,,,,,,,,,,,,,,,0.04,0.002,3.811597582643815,0.07926491569667171,2.3283604729898637,-0.1778693505391433,-0.26427957907958727,0.0,-3.133316040280813,4,4,82,24.331662116320015,53,11
True,False,5.0,12.0,,80,300,sma_state,360,2,18,0.01,400,70,True,,,,,,,,,,,,,,,,,,,,,,,,,0.05,0.0,2.5074683364794783,-0.12180341213050871,0.9113602312864425,-0.3885684749010689,-0.44867019051795026,0.0,-2.1665258877575835,5,5,83,23.96002229571571,48,11
True,True,2.0,6.0,,100,150,sma_state,48,1,18,0.02,300,240,False,,,,,,,,,,,,,,,,,,,,,,,,,0.12,0.002,9.343196496194858,0.18906735500206767,1.8835072096339152,0.1433069038819389,-0.6877491831440365,0.0,-8.974850898793665,5,5,84,23.26041885925503,111,11
True,False,5.0,12.0,,80,150,ema_state,240,3,36,0.001,100,263,False,,,,,,,,,,,,,,,,,,,,,,,,,0.12,0.002,2.2528403436924904,0.5966588486721093,3.1392358813406394,1.16240003281546,-1.0,0.0,-2.23780882085301,4,4,85,22.208403621277853,27,11
True,True,6.0,24.0,,50,100,ema_state,168,3,24,0.005,50,34,False,,,,,,,,,,,,,,,,,,,,,,,,,0.12,0.0,4.057645166355697,2.3939503966264522e-05,1.1323693897910692,-0.23518920967925142,-0.4256400717684245,0.044269193390541424,-3.360847504600301,4,4,86,21.61587763996375,83,11
True,False,6.0,8.0,,50,400,sma_state,240,4,24,0.001,50,286,True,,,,,,,,,,,,,,,,,,,,,,,,,0.12,0.001,4.501136574212663,-0.0572884025088286,0.9674046879479147,-1.1274616288042043,-0.2470418886599163,0.205227179951304,-4.4193795274791485,4,4,87,21.506205363387693,174,11
True,False,2.0,8.0,,20,300,sma_slope_state,240,1,36,0.005,300,293,False,,,,,,,,,,,,,,,,,,,,,,,,,0.12,0.0,3.771933864499565,0.7805039075520028,2.981029103800542,1.4825086087968364,-1.0,0.0,-3.7176622780555917,4,4,88,21.48648191515332,27,11
True,False,3.0,24.0,,100,150,ema_state,240,2,12,0.0025,300,26,False,,,,,,,,,,,,,,,,,,,,,,,,,0.12,0.0005,3.0,0.6976296561818423,2.928990670123497,1.2494531512593174,-1.0,0.0,-2.9701000000000057,4,4,89,21.31109362444184,26,11
True,False,1.5,24.0,,20,80,sma_slope_state,168,2,18,0.01,80,150,False,,,,,,,,,,,,,,,,,,,,,,,,,0.2,0.002,3.6200277663564013,0.039320243040722985,1.8795047197463743,0.865812158243466,-0.7334769121873873,0.0,-3.570531136848018,5,5,90,21.09388997678831,59,11
True,True,5.0,12.0,,80,150,sma_state,48,6,36,0.005,300,298,False,,,,,,,,,,,,,,,,,,,,,,,,,1.0,0.0005,3.769671620112266,0.17327529909332565,2.2163377460133518,-0.2524987715702353,-0.5334392352360509,0.0,-3.708446832283182,5,5,91,20.18567530726655,65,11
True,False,6.0,12.0,,20,200,sma_state,360,2,24,0.01,200,390,False,,,,,,,,,,,,,,,,,,,,,,,,,0.08,0.002,3.094553571502103,-0.02516310007431739,1.5163411185917597,0.020802069160368863,-0.6952238990007777,0.0,-3.053113476771265,5,5,92,19.9718035583533,81,11
True,True,5.0,4.0,,80,300,sma_state,240,1,24,0.005,80,332,False,,,,,,,,,,,,,,,,,,,,,,,,,1.0,0.002,6.251430900158481,-0.01651502544598925,1.0211411679910196,-0.8858557931963694,-0.24971851986922167,0.20815004451880922,-5.844882021571015,4,4,93,19.14505389516723,250,11
True,False,2.5,4.0,,10,80,ema_state,120,6,6,0.0025,150,80,False,,,,,,,,,,,,,,,,,,,,,,,,,0.2,0.003,7.092446723171662,0.4005920782108945,1.663873273116696,0.6293653698779315,-0.8865558403964577,0.0,-6.877703504549383,4,4,94,19.09931895486684,59,11
True,False,2.0,24.0,,30,150,ema_state,72,4,36,0.005,100,254,False,,,,,,,,,,,,,,,,,,,,,,,,,0.12,0.003,3.0,0.5353413391771451,2.65932839498541,1.8321054346561458,-1.0,0.0,-2.9701000000000057,5,5,95,18.79737658170606,34,11
True,False,2.0,16.0,,100,200,sma_slope_state,120,3,24,0.01,150,86,True,,,,,,,,,,,,,,,,,,,,,,,,,0.2,0.001,3.0,0.3149013260251143,2.7513360944494463,1.6366218429670247,-1.0,0.0,-2.9701000000000057,5,5,96,18.72349649780621,30,11
True,True,2.0,8.0,,100,150,sma_state,360,2,24,0.005,80,29,True,,,,,,,,,,,,,,,,,,,,,,,,,0.04,0.0005,12.67692309495117,0.123843808793512,2.3972631254892076,-1.3055761869618951,-0.5070769237980467,0.0,-11.988501835061921,6,6,97,18.45865268557698,119,11
False,True,4.0,4.0,,10,400,ema_state,360,3,24,0.0025,50,333,True,,,,,,,,,,,,,,,,,,,,,,,,,0.08,0.001,2.2883819147350337,0.015139906357031989,2.088774105825888,0.08428111128829317,-0.38732251435948023,0.0,-1.4342855412264035,3,3,98,18.341915674670616,44,11
True,False,4.0,6.0,,30,400,sma_state,48,2,36,0.0025,50,268,False,,,,,,,,,,,,,,,,,,,,,,,,,0.04,0.001,7.695809521430625,0.19041676628979828,3.2239073370076827,-0.6427407934894198,-0.366467120068125,0.0,-7.4300852771543875,5,5,99,18.09537269479683,75,11
True,True,1.5,12.0,,50,80,ema_state,120,1,12,0.01,200,204,False,,,,,,,,,,,,,,,,,,,,,,,,,0.04,0.0005,12.09425700006472,0.16182854820403483,2.0613883696388315,-0.6768960352737367,-0.5825755070670204,0.0,-8.231558362466938,6,6,100,17.521157126091648,83,11
True,False,1.5,6.0,,30,100,sma_state,72,3,18,0.02,150,44,False,,,,,,,,,,,,,,,,,,,,,,,,,0.2,0.002,8.988349175116603,0.226894717591827,1.6046399180670254,0.9703583513174115,-0.8171226522833276,0.0,-8.632704653923211,5,5,101,17.49307357148672,87,11
False,True,1.5,12.0,,20,300,ema_state,240,2,36,0.0,300,308,False,,,,,,,,,,,,,,,,,,,,,,,,,0.08,0.003,5.856463472684815,0.24940305015176933,1.7057357743570885,0.9257616099741267,-1.0,0.0,-5.084234341387535,5,5,102,17.26115770171242,45,11
True,False,5.0,24.0,,30,100,ema_state,360,3,6,0.02,150,85,False,,,,,,,,,,,,,,,,,,,,,,,,,0.2,0.0,3.0,0.14448877684589043,1.7184268596243535,0.44506238137512194,-1.0,0.0,-2.9701000000000057,5,5,103,17.000456779391726,39,11
True,False,4.0,12.0,,30,80,sma_slope_state,48,4,12,0.0025,200,374,False,,,,,,,,,,,,,,,,,,,,,,,,,1.0,0.001,1.8358430872933134,0.046263368644327944,3.627368955439538,0.6213762851087666,-0.9179215436466567,0.0,-1.8274846564203764,6,6,104,16.184264050394845,34,11
True,True,2.5,24.0,,20,100,sma_slope_state,48,1,24,0.01,300,203,False,,,,,,,,,,,,,,,,,,,,,,,,,0.2,0.0,4.889392500680907,0.360444666608084,4.144415380580662,0.07254085618908394,-1.0,0.0,-3.4232187250610733,5,5,105,16.101419432817917,46,11
True,True,2.0,24.0,,80,150,ema_state,48,4,6,0.01,300,208,False,,,,,,,,,,,,,,,,,,,,,,,,,0.05,0.0,4.26824571062178,-0.011571641591150837,1.0244613939742206,0.2799871085603241,-0.621192682138226,0.0,-3.6813710102962505,5,5,106,15.774172824136109,87,11
True,False,6.0,16.0,,80,130,sma_slope_state,168,2,48,0.0025,100,226,False,,,,,,,,,,,,,,,,,,,,,,,,,0.04,0.001,2.2203703208967878,0.05030555848989544,2.316294316753009,-0.1073249834456894,-0.2775462901120984,0.0,-2.200891435896527,4,4,107,15.417839912722965,37,11
True,False,5.0,4.0,,20,80,sma_state,240,6,6,0.01,150,314,False,,,,,,,,,,,,,,,,,,,,,,,,,0.05,0.0005,2.935319972034396,-0.07236031932158796,1.4207207123439138,-0.5219247459755265,-0.3934441271674861,0.0,-2.730191807410316,4,4,108,14.755910792524336,69,11
True,False,5.0,6.0,,50,200,sma_slope_state,48,4,48,0.005,50,51,False,,,,,,,,,,,,,,,,,,,,,,,,,1.0,0.0,3.5339824020364867,-0.07894657441338128,1.004274945656083,-0.4718428176282561,-0.39266471133738734,0.0,-3.4862955195136456,4,4,109,14.703729471420255,94,11
True,False,4.0,16.0,,100,150,ema_state,48,2,12,0.02,80,357,False,,,,,,,,,,,,,,,,,,,,,,,,,0.05,0.003,2.6163878910580243,-0.10152381876742035,1.423610202806685,-0.3407197271918545,-0.3943946271870412,0.0,-2.586748429093161,4,4,110,14.66202191764147,48,11
True,False,4.0,6.0,,10,400,sma_state,240,3,18,0.0025,150,270,False,,,,,,,,,,,,,,,,,,,,,,,,,0.08,0.003,4.653695924736327,0.011080824814790051,1.5731194396238302,-0.11923436984584262,-0.5265192521697184,0.0,-3.6303354217488817,4,4,111,14.432967301430804,91,11
True,False,5.0,4.0,,10,80,ema_state,120,4,18,0.001,400,373,True,,,,,,,,,,,,,,,,,,,,,,,,,0.05,0.0005,2.0731969336233225,-0.07217391543183556,0.8672037384320592,-0.2936187567503843,-0.46235534011146856,0.0,-1.8405341301952867,4,4,112,13.874753022837147,55,11
True,False,6.0,4.0,,10,300,ema_state,72,4,48,0.01,400,20,False,,,,,,,,,,,,,,,,,,,,,,,,,0.08,0.002,2.181029934613892,0.057128116472305646,1.9922682341792621,0.505836851240801,-0.545257483653473,0.0,-2.163884452055645,3,3,113,13.769769929595078,46,11
True,False,3.0,6.0,,30,80,ema_state,240,1,36,0.01,200,55,True,,,,,,,,,,,,,,,,,,,,,,,,,0.04,0.0005,4.281840674402199,0.04502517777330717,2.2665008313635,-0.18824277969502276,-0.5621529835570134,0.0,-2.1325924682922777,5,5,114,13.41488195053552,39,11
False,True,5.0,4.0,,10,80,sma_state,360,3,24,0.0025,400,133,False,,,,,,,,,,,,,,,,,,,,,,,,,1.0,0.0005,2.3323655106261407,0.10830186146733452,1.4356587947256942,0.2311637531094615,-0.7196242250141948,0.0,-1.4662215043233153,4,4,115,13.392409248062732,41,11
True,False,3.0,4.0,,20,100,sma_slope_state,360,1,18,0.001,80,79,True,,,,,,,,,,,,,,,,,,,,,,,,,1.0,0.003,5.195052351852635,-0.06450337487368583,1.222980221829037,-0.4997658994811196,-0.6493815439815794,0.0,-5.083707651089048,5,5,116,13.18539671502166,84,11
True,False,5.0,24.0,,10,200,ema_state,360,4,18,0.005,100,275,False,,,,,,,,,,,,,,,,,,,,,,,,,0.12,0.003,2.5136684436927186,0.19804352625090413,2.435719019777419,0.6793225704546098,-0.8378894812309062,0.0,-2.493446441663225,5,5,117,13.101321485189253,40,11
False,True,1.5,4.0,,10,80,sma_state,120,1,6,0.001,300,47,False,,,,,,,,,,,,,,,,,,,,,,,,,0.04,0.0005,6.445492564297989,0.11111887624537586,2.1285915552739727,-0.5006423107183893,-0.8051529232285226,0.0,-6.267406024999786,5,5,118,12.780775612547432,44,11
True,False,3.0,6.0,,10,100,sma_state,360,3,6,0.02,300,238,True,,,,,,,,,,,,,,,,,,,,,,,,,0.04,0.003,3.992833872116669,0.14614038290832843,3.0126428968367054,-0.22074812518886497,-0.472917278669851,0.0,-3.72766383597345,5,5,119,12.633279048736007,43,11
False,True,5.0,12.0,,20,80,sma_slope_state,120,1,12,0.0,150,201,False,,,,,,,,,,,,,,,,,,,,,,,,,0.05,0.002,1.8531411891703604,-0.08214734598711247,1.5974434405787492,-0.27973424481277864,-0.4940514921784864,0.0,-1.6983626715915017,4,4,120,12.264095242892491,69,11
True,False,3.0,4.0,,80,400,sma_slope_state,168,6,36,0.02,100,67,True,,,,,,,,,,,,,,,,,,,,,,,,,0.2,0.002,2.4093582488488448,-0.06560223456651766,2.0365989412186747,-0.18153047945723735,-0.8188233289940339,0.0,-2.388318478522837,5,5,121,9.727029537976168,37,11
True,True,4.0,8.0,,30,150,sma_state,48,4,48,0.005,80,278,True,,,,,,,,,,,,,,,,,,,,,,,,,0.04,0.002,7.526834449493329,0.03940729002924451,2.1523666372530856,-0.7162433372857288,-0.37634172247466646,0.0,-7.290587829303913,4,4,122,9.236636297016407,100,11
False,True,3.0,12.0,,10,80,ema_state,48,2,24,0.02,100,58,False,,,,,,,,,,,,,,,,,,,,,,,,,0.2,0.003,3.0018464987441313,0.02131271147897219,1.3556350169806872,-0.01468380921493702,-0.5003077497906886,0.08263122711539407,-2.970244201651614,3,3,123,8.766391824089265,58,11
True,False,2.0,6.0,,20,200,ema_state,168,6,48,0.02,50,16,True,,,,,,,,,,,,,,,,,,,,,,,,,1.0,0.002,3.0,0.2939326106773654,3.122104887295036,0.040008793173820875,-1.0,0.0,-2.9701000000000057,5,5,124,8.069312116462655,28,11
True,False,4.0,12.0,,80,300,sma_state,360,1,48,0.01,50,247,False,,,,,,,,,,,,,,,,,,,,,,,,,0.08,0.001,7.296520136474822,-0.02820957770278769,1.1464790997031118,-1.2144000222449434,-0.3652857625197553,0.015382099059314262,-7.0568138219527174,4,4,125,7.970725907431806,175,11
True,False,6.0,4.0,,50,200,sma_state,120,2,6,0.02,200,274,False,,,,,,,,,,,,,,,,,,,,,,,,,0.04,0.0,2.782527387129293,0.0159160482808501,2.2612325124731822,-0.23527870252507796,-0.478153320504697,0.0,-2.7497626212405155,4,4,126,7.963678588481583,51,11
True,False,3.0,8.0,,100,200,sma_slope_state,360,2,12,0.005,50,313,False,,,,,,,,,,,,,,,,,,,,,,,,,0.2,0.001,6.100686980553805,0.025494943765717835,1.3719881186473346,-0.017839793033749517,-0.5546079073230733,0.0,-5.939506804798977,4,4,127,7.567383632646848,97,11
True,False,2.5,4.0,,100,150,sma_slope_state,240,1,12,0.0025,80,109,False,,,,,,,,,,,,,,,,,,,,,,,,,0.2,0.003,4.109563976366235,0.05517887896337148,1.5465596134276147,0.6069340586435561,-0.6890106698736993,0.0,-4.042615191965088,4,4,128,7.446490706126385,76,11
True,False,2.0,12.0,,30,300,ema_state,168,1,12,0.02,200,84,False,,,,,,,,,,,,,,,,,,,,,,,,,1.0,0.002,4.0,1.3791191477831468,3.6968637449211967,1.633027165331125,-1.0,0.0,-3.9403990000000046,4,4,129,7.422545288031486,21,11
True,True,2.5,16.0,,30,80,ema_state,540,4,12,0.001,300,217,False,,,,,,,,,,,,,,,,,,,,,,,,,1.0,0.0,6.7536098226743055,0.17016868210156563,1.0484590753384666,0.7410999167568053,-0.44181598467481914,0.0,-3.396157839533582,3,3,130,6.517961589579469,54,11
True,False,3.0,16.0,,80,130,sma_state,120,4,6,0.001,150,179,False,,,,,,,,,,,,,,,,,,,,,,,,,0.08,0.001,5.3963112023045605,0.0450591888267294,1.731068178104512,0.0774710991428014,-0.6706341393221642,0.0,-4.604181075090877,4,4,131,6.034237520029512,87,11
True,False,1.5,24.0,,100,150,sma_state,168,3,48,0.005,150,392,False,,,,,,,,,,,,,,,,,,,,,,,,,0.04,0.0005,7.73971587966389,0.1672390483429718,1.8251777532439588,-0.46597527573601244,-0.620158632771056,0.0,-6.522777153978969,5,5,132,5.897034637707067,55,11
True,False,2.0,4.0,,10,100,sma_state,72,6,18,0.001,150,391,False,,,,,,,,,,,,,,,,,,,,,,,,,0.08,0.001,7.6052988862842,0.05224965119355411,1.2366119095164028,0.12025414515071318,-0.8333651100861205,0.0,-5.692078350424127,5,5,133,3.3351790224406823,78,11
True,False,2.0,24.0,,80,400,sma_state,120,1,48,0.01,150,111,False,,,,,,,,,,,,,,,,,,,,,,,,,0.04,0.0,8.310605431619052,0.06753562888014676,1.6352294071012237,-0.9711298282798801,-0.514075118674738,0.0,-7.236511398671136,5,5,134,3.1785002847589823,60,11
True,False,2.0,16.0,,20,150,sma_state,168,3,24,0.0025,150,65,False,,,,,,,,,,,,,,,,,,,,,,,,,0.12,0.0,7.457154901694085,0.11363183163151938,1.4991510939737887,0.23882660210764667,-0.702058360884544,0.0,-7.213130172880905,4,4,135,2.469774782278458,88,11
True,False,2.5,24.0,,20,100,ema_state,360,4,36,0.0,100,395,True,,,,,,,,,,,,,,,,,,,,,,,,,0.12,0.0,3.70513557552231,0.029240732115490574,1.6346634323001248,0.16463036139801657,-1.0,0.0,-3.593138078947479,5,5,136,1.5474111222921945,44,11
True,False,2.0,4.0,,80,200,sma_state,120,4,12,0.01,100,197,False,,,,,,,,,,,,,,,,,,,,,,,,,0.04,0.003,8.052790511826656,0.11665281639014423,1.7663423451933502,-0.6214177523763461,-0.6194454239866658,0.0,-7.774717607313811,5,5,137,1.51541351551732,58,11
True,True,5.0,4.0,,100,150,ema_state,540,1,36,0.0025,300,305,False,,,,,,,,,,,,,,,,,,,,,,,,,0.04,0.003,3.9047001950776137,-0.007871505530736338,2.91743870364358,-0.8003704915346078,-0.46935693544118173,0.0,-3.699174997097914,4,4,138,0.8380850982697847,55,11
True,False,3.0,24.0,,80,200,sma_slope_state,48,2,36,0.02,50,177,False,,,,,,,,,,,,,,,,,,,,,,,,,0.12,0.0,5.620070443115392,-0.06833316685944091,1.0583596460441287,-0.47448420619440607,-0.5620070443115391,0.0,-5.482724552011904,4,4,139,0.0927255150017956,81,11
True,False,6.0,12.0,,10,300,sma_slope_state,240,1,12,0.0,200,53,False,,,,,,,,,,,,,,,,,,,,,,,,,0.04,0.001,2.866890200036428,0.09131745324345264,2.99425481518971,-0.20723454328726537,-0.35768172323057845,0.0,-2.8330802011170597,4,4,140,-0.5716273914710648,45,11
True,False,5.0,6.0,,50,200,sma_slope_state,168,4,18,0.0,400,27,False,,,,,,,,,,,,,,,,,,,,,,,,,0.12,0.001,2.3655364127273444,-0.1303566394845266,1.843318450197758,0.17253618065265156,-1.0,0.0,-2.3447527289250867,5,5,141,-1.2185053148508302,33,11
True,False,5.0,8.0,,20,80,ema_state,120,3,18,0.0025,300,87,False,,,,,,,,,,,,,,,,,,,,,,,,,0.12,0.003,3.610364330545996,-0.0286786628292777,1.523166933541602,0.07656754202931972,-0.7486068629410224,0.0,-3.56045597135881,4,4,142,-2.2607967500267945,53,11
True,True,2.5,6.0,,20,400,sma_state,540,2,24,0.005,80,338,True,,,,,,,,,,,,,,,,,,,,,,,,,0.04,0.001,11.670129183729792,0.06485740793114035,2.1399773688882386,-1.2844725841056166,-0.46680516734919164,0.0,-11.071788295538674,5,5,143,-2.366090047756913,98,11
True,False,6.0,6.0,,30,200,sma_state,240,1,6,0.01,50,74,False,,,,,,,,,,,,,,,,,,,,,,,,,0.05,0.0,4.500226430471084,-0.07358352393713795,0.6988377727060667,-0.9096261075125421,-0.3193054829593289,0.0,-4.4085221356749535,3,3,144,-2.4753502596603063,117,11
True,False,5.0,8.0,,80,200,sma_state,120,3,48,0.005,400,123,True,,,,,,,,,,,,,,,,,,,,,,,,,0.04,0.003,2.4894133920870707,0.047272465606734544,2.9386150359846925,-0.09617014840754166,-0.5191335200702322,0.0,-1.193175822467063,4,4,145,-2.5657190419513993,35,11
True,False,6.0,4.0,,80,150,sma_state,240,3,18,0.005,200,40,False,,,,,,,,,,,,,,,,,,,,,,,,,0.05,0.003,2.7463832412713374,-0.09940354122562503,1.4026741940816532,-0.6522630499587501,-0.4084650870029438,0.0,-2.7162800745367424,3,3,146,-2.923318176289688,71,11
False,True,4.0,4.0,,20,400,sma_state,168,1,6,0.005,80,7,False,,,,,,,,,,,,,,,,,,,,,,,,,0.04,0.0,4.524780340566735,-0.03993232369472208,2.2010069677725124,-0.7028850487306786,-0.5138520937881779,0.0,-4.354605902244046,4,4,147,-2.9765727197945164,68,11
True,True,5.0,24.0,,10,80,ema_state,168,4,24,0.0025,100,366,True,,,,,,,,,,,,,,,,,,,,,,,,,0.12,0.001,4.402047096560176,-0.05276762808286705,0.8483496861378762,-0.7882338088410535,-0.2316866892926409,0.27558726968699465,-4.327662218775615,2,2,148,-3.1619700183734594,123,11
True,False,2.5,8.0,,30,400,sma_slope_state,72,1,48,0.001,300,323,False,,,,,,,,,,,,,,,,,,,,,,,,,0.05,0.002,3.7285408215059155,-0.09867958880379778,1.54553801766626,-0.3519023695187088,-0.6214234702509859,0.0,-3.674425513400973,4,4,149,-3.2331112037598384,48,11
True,True,4.0,4.0,,50,100,sma_state,360,6,36,0.0025,300,19,True,,,,,,,,,,,,,,,,,,,,,,,,,0.05,0.0,6.141131683814422,-0.05286779524834911,1.5070475379916493,-0.4511556585129186,-0.6141131683814421,0.0,-5.979550251928915,4,4,150,-3.8206560300575916,96,11
True,False,1.5,24.0,,20,400,sma_slope_state,48,1,24,0.01,150,285,False,,,,,,,,,,,,,,,,,,,,,,,,,1.0,0.001,3.0,0.0509433763718643,1.8759376721697008,1.6332564022616318,-1.0000000000000002,0.0,-2.9701000000000057,4,4,151,-3.879231682587246,31,11
True,False,2.5,4.0,,80,150,sma_slope_state,72,4,24,0.01,200,127,False,,,,,,,,,,,,,,,,,,,,,,,,,0.05,0.0,2.7070859932434477,-0.07632776805129575,1.3529071826896897,-0.2628056873682257,-0.6427548682498784,0.0,-1.8066641123240987,4,4,152,-4.0638852982639655,39,11
True,False,5.0,12.0,,10,80,sma_state,240,2,48,0.01,400,277,True,,,,,,,,,,,,,,,,,,,,,,,,,0.08,0.001,2.2550301352942776,-0.1533178160306096,0.9073942818572199,-0.1777995641631252,-0.6518071415901859,0.0,-2.2369914009955685,4,4,153,-4.231322251935952,49,11
True,False,2.5,8.0,,10,200,sma_state,48,2,6,0.005,300,288,True,,,,,,,,,,,,,,,,,,,,,,,,,0.2,0.0005,5.163490683931446,0.2551687331696451,3.1063863856578817,-0.6449677620271131,-1.0,0.0,-5.0493130948912,5,5,154,-5.073663685148269,49,11
True,False,6.0,16.0,,50,400,sma_state,540,1,18,0.0,400,156,True,,,,,,,,,,,,,,,,,,,,,,,,,1.0,0.001,2.730802423682001,-0.05111406668953267,0.8372932866629997,-0.2900774608004484,-0.4182866222177583,0.0,-2.7004493468231083,3,3,155,-5.574725852752836,34,11
True,False,5.0,24.0,,10,150,sma_slope_state,168,4,18,0.0,100,101,False,,,,,,,,,,,,,,,,,,,,,,,,,0.05,0.001,3.4111871797047373,-0.13108890295107495,1.3856808966545648,-0.8968364662387202,-0.38564703346954066,0.0,-3.361357927013552,3,3,156,-6.281138111224783,66,11
True,True,4.0,12.0,,30,400,sma_state,48,2,18,0.01,200,259,False,,,,,,,,,,,,,,,,,,,,,,,,,0.05,0.0005,4.751646486474382,-0.047905540958298916,1.3676654964980506,-0.7194161057161519,-0.24151333976191575,0.0,-4.662194708157564,2,2,157,-6.311952119744209,132,11
True,True,3.0,4.0,,80,100,sma_state,540,4,36,0.02,150,306,False,,,,,,,,,,,,,,,,,,,,,,,,,1.0,0.001,6.153480433226434,0.0301488558051662,0.8408846451016992,-0.2856545526222419,-0.3769299012825242,0.0,-5.515039339790819,3,3,158,-6.423724969034705,95,11
True,False,2.5,12.0,,50,300,sma_state,48,2,48,0.02,300,223,False,,,,,,,,,,,,,,,,,,,,,,,,,0.08,0.002,3.7025123612283926,-0.046277858842873124,1.804469038784549,0.2864757950659286,-1.0,0.0,-3.6482950502230667,5,5,159,-6.492543419727509,58,11
True,False,2.0,6.0,,80,200,sma_state,120,6,36,0.01,200,218,False,,,,,,,,,,,,,,,,,,,,,,,,,0.08,0.003,6.622580948952824,0.03677936546234561,1.4155150533319232,0.47540564761938514,-1.0,0.0,-6.435912646451164,5,5,160,-6.556540611913777,71,11
True,True,4.0,6.0,,50,80,sma_state,360,1,6,0.01,50,245,False,,,,,,,,,,,,,,,,,,,,,,,,,0.08,0.0005,8.942692265266984,-0.06106620015089889,1.1870096639875773,-2.7511307846255737,-0.24390905107724353,0.28970860963192735,-7.468697897445484,3,3,161,-7.349172573557912,302,11
False,True,2.0,12.0,,10,80,sma_state,72,2,36,0.01,80,361,True,,,,,,,,,,,,,,,,,,,,,,,,,0.2,0.003,7.71396954929852,-0.10954423481360549,0.8424326333166952,-1.3329538081691625,-0.46112510528241396,0.1993013584604355,-7.158346315352887,4,4,162,-7.871762714272183,140,11
True,False,6.0,12.0,,100,150,sma_slope_state,72,6,18,0.0,200,210,True,,,,,,,,,,,,,,,,,,,,,,,,,0.05,0.001,1.8996808096598468,-0.0929808397968793,1.4543459045659717,-0.32319123479508166,-0.5501207922144943,0.0,-1.6460793922728627,3,3,163,-8.101061132548889,56,11
True,False,4.0,16.0,,100,200,sma_slope_state,48,1,48,0.01,100,61,False,,,,,,,,,,,,,,,,,,,,,,,,,0.12,0.003,2.8308504880349767,-0.1506766685031726,1.2727206717010455,-0.8758253108235976,-0.4391580740866344,0.0,-2.796769096589371,3,3,164,-8.806712228953755,62,11
True,True,6.0,24.0,,100,200,ema_state,360,2,18,0.005,150,279,False,,,,,,,,,,,,,,,,,,,,,,,,,0.12,0.001,3.112868318126786,-0.11515679239682591,1.234088449929208,-0.1999443404801409,-0.788793739522002,0.0,-2.5108686907371154,4,4,165,-8.967673383303087,55,11
True,True,1.5,6.0,,30,300,sma_state,360,1,6,0.005,150,310,False,,,,,,,,,,,,,,,,,,,,,,,,,0.12,0.002,13.072099549145761,0.10847581625121565,1.2166354319408066,-0.4114614431853628,-0.5749696668850032,0.038280977044414674,-11.916989270692472,4,4,166,-9.032466401965657,182,11
True,False,5.0,6.0,,100,200,sma_slope_state,72,4,48,0.02,50,124,False,,,,,,,,,,,,,,,,,,,,,,,,,0.2,0.003,3.58887738813744,-0.13053150063370997,0.8898140745615257,-0.688120957140857,-0.4586958905069143,0.0,-3.5363467544168525,3,3,167,-9.423535973793093,83,11
True,False,5.0,8.0,,20,300,sma_slope_state,540,1,24,0.001,150,253,False,,,,,,,,,,,,,,,,,,,,,,,,,0.12,0.002,2.092387268826662,0.03136018089333499,2.380553131329836,-0.06501958254425372,-0.6974624229422206,0.0,-2.0785111168627775,3,3,168,-9.812805781596209,24,11
True,False,4.0,16.0,,100,150,sma_state,48,6,36,0.01,80,211,True,,,,,,,,,,,,,,,,,,,,,,,,,0.08,0.002,5.596436119450403,-0.08482994221415377,1.127014564182193,-1.0641921029632926,-0.4586193368600658,0.03913452118242369,-4.93593034437274,3,3,169,-10.083101885151871,119,11
True,False,5.0,8.0,,30,400,sma_state,72,3,6,0.02,50,59,False,,,,,,,,,,,,,,,,,,,,,,,,,1.0,0.002,6.710848298462125,-0.0621293335740537,0.9101479450976857,-1.3724816124634645,-0.37522085529862065,0.019662717640095348,-6.506562921457546,3,3,170,-10.268558966121414,183,11
True,False,6.0,12.0,,10,200,ema_state,360,1,6,0.0025,400,131,True,,,,,,,,,,,,,,,,,,,,,,,,,0.08,0.002,2.3642995839942698,-0.15583561983165156,1.5601538140873592,-0.23798723317713835,-0.7590008218853432,0.0,-2.260612920237487,4,4,171,-10.593886070913994,47,11
True,False,5.0,16.0,,50,300,sma_state,360,4,48,0.0,200,326,False,,,,,,,,,,,,,,,,,,,,,,,,,0.05,0.002,3.5420832590947664,-0.12668850509591512,1.3451917708006478,-0.8369762113038278,-0.4369372255698125,0.0,-3.488938022448085,3,3,172,-10.60075851607057,69,11
True,False,2.5,16.0,,100,150,sma_state,72,1,18,0.001,80,252,False,,,,,,,,,,,,,,,,,,,,,,,,,0.2,0.0005,8.903562595908387,0.008240552016886345,1.6086036542449298,-0.7845745845385271,-0.6359687568505992,0.008268924850546398,-8.552984739892768,4,4,173,-10.636244914835878,148,11
True,False,2.0,12.0,,20,150,sma_slope_state,168,2,48,0.005,300,225,False,,,,,,,,,,,,,,,,,,,,,,,,,1.0,0.001,3.9431027520180635,0.7441152503269993,3.6363636363636362,0.7194832399641204,-1.0,0.0,-3.8838450590031424,4,4,174,-10.888934611110841,21,11
True,False,3.0,6.0,,10,400,ema_state,360,2,48,0.0,100,159,False,,,,,,,,,,,,,,,,,,,,,,,,,0.12,0.001,3.0,-0.10379587359016527,2.3017351799696963,0.4496328025331737,-1.0,0.0,-2.9701000000000057,4,4,175,-11.399946529187758,33,11
True,False,2.5,8.0,,30,150,sma_state,168,6,36,0.0025,200,14,False,,,,,,,,,,,,,,,,,,,,,,,,,0.04,0.0005,5.401311852647187,0.08461642857747743,2.3219661648897554,-0.2991545112425494,-0.6756668262769173,0.0,-5.296125893871955,4,4,176,-11.599530009597425,46,11
True,True,6.0,16.0,,80,150,sma_state,168,6,18,0.005,50,389,False,,,,,,,,,,,,,,,,,,,,,,,,,0.05,0.002,3.727414308659899,-0.05048834683910936,0.7575892351321699,-0.7829643856460091,-0.3148564479347441,0.0,-2.8038482522262056,2,2,177,-11.617570540961445,151,11
True,False,6.0,12.0,,50,300,sma_slope_state,48,1,24,0.005,300,183,False,,,,,,,,,,,,,,,,,,,,,,,,,0.08,0.003,1.495335902216403,-0.02513530206792253,3.3055511001023605,0.08382016720483741,-1.0,0.0,-1.4896180668442394,5,5,178,-11.706709795268642,35,11
True,False,3.0,24.0,,30,300,sma_slope_state,48,1,24,0.0025,200,360,False,,,,,,,,,,,,,,,,,,,,,,,,,0.2,0.001,2.3972418220544434,-0.014631640604327738,1.9812596229245611,0.511803819718108,-0.8323280054489296,0.0,-1.7688879138728808,4,4,179,-11.773418856577287,44,11
True,False,3.0,4.0,,80,100,ema_state,48,4,24,0.02,100,193,True,,,,,,,,,,,,,,,,,,,,,,,,,0.05,0.001,3.0,-0.08628277282320683,0.951239187569471,-0.3050657146932142,-0.592067729146241,0.0,-2.7335742826684437,3,3,180,-11.833788550239959,48,11
True,False,6.0,12.0,,10,200,ema_state,168,2,24,0.0025,400,205,True,,,,,,,,,,,,,,,,,,,,,,,,,0.05,0.001,2.2770024656560297,-0.13898405375299752,1.4605759561485205,-0.5787632382830938,-0.7590008218853432,0.0,-2.260612920237487,4,4,181,-14.116607728115385,52,11
False,True,4.0,8.0,,10,150,ema_state,240,2,12,0.005,200,214,True,,,,,,,,,,,,,,,,,,,,,,,,,0.2,0.0,4.002221618897868,0.02065314507294497,1.6366050691215244,-0.2657921968087175,-0.8004443237795735,0.0,-3.93983381307566,3,3,182,-14.254995345172377,44,11
True,False,3.0,6.0,,100,150,sma_state,72,1,24,0.001,100,175,True,,,,,,,,,,,,,,,,,,,,,,,,,0.04,0.0005,6.764465687929045,0.05394379973067485,2.396468894885221,-0.8934593671140676,-0.4831761205663604,0.0,-6.565935704293908,3,3,183,-14.320129051640098,64,11
True,True,1.5,16.0,,20,80,sma_state,120,4,18,0.01,200,346,True,,,,,,,,,,,,,,,,,,,,,,,,,0.08,0.0,14.32401916990769,0.05569755288534952,1.3665655696483416,-0.22151175824951086,-0.8425893629357465,0.0,-13.401464684719992,5,5,184,-14.922045473366389,127,11
True,False,6.0,16.0,,20,300,sma_state,120,3,24,0.005,100,316,False,,,,,,,,,,,,,,,,,,,,,,,,,0.05,0.0,3.3069509855633337,-0.08847831581407034,0.6627165213026476,-0.6869094473896429,-0.3470637769713371,0.0,-3.259033491377762,2,2,185,-15.21943606904463,85,11
True,False,6.0,4.0,,20,100,sma_slope_state,120,6,36,0.0025,300,336,False,,,,,,,,,,,,,,,,,,,,,,,,,0.08,0.002,1.397383011216317,-0.09004724029872439,2.6468858483764244,0.3820790553190905,-1.0,0.0,-1.3929071006560843,4,4,186,-15.536371624017969,36,11
True,False,5.0,16.0,,100,400,ema_state,48,1,36,0.0,80,249,True,,,,,,,,,,,,,,,,,,,,,,,,,0.12,0.001,1.0000000000000002,0.11196245783277119,4.093325743223006,0.4323149775057523,-1.0000000000000002,0.0,-1.0,5,5,187,-15.706504691484412,25,11
True,True,4.0,6.0,,80,130,sma_state,240,6,36,0.001,100,41,True,,,,,,,,,,,,,,,,,,,,,,,,,0.05,0.002,6.192794030202495,-0.11151119541103584,0.7069944923878883,-1.2819946445212052,-0.40482810955374443,0.0,-5.92486387327082,3,3,188,-15.918668546826039,128,11
True,False,2.0,8.0,,50,300,ema_state,72,2,36,0.0,300,182,False,,,,,,,,,,,,,,,,,,,,,,,,,0.12,0.001,3.0,0.3384684030453075,2.219739132489391,1.0374751027433402,-1.0,0.0,-2.9701000000000057,4,4,189,-15.96403899434928,27,11
True,False,1.5,6.0,,50,400,ema_state,72,6,6,0.001,100,6,False,,,,,,,,,,,,,,,,,,,,,,,,,0.12,0.0,3.0000000000000004,0.5054249653140581,3.060424813122466,1.3297681377497474,-1.0,0.0,-2.588243816539849,4,4,190,-16.317705205623355,25,11
True,False,4.0,12.0,,20,150,sma_slope_state,360,2,12,0.001,100,243,False,,,,,,,,,,,,,,,,,,,,,,,,,0.05,0.003,3.4495978773974594,-0.1575737050638123,1.3362640490002464,-0.8362951674351776,-0.4927996967710656,0.0,-3.4031202844902437,3,3,191,-16.805182083256554,61,11
True,True,2.5,4.0,,100,400,sma_state,360,2,24,0.0,80,49,False,,,,,,,,,,,,,,,,,,,,,,,,,0.12,0.001,9.655682253967896,-0.029776032882984794,1.0227821984747572,-1.471925563642124,-0.41981227191164766,0.21841719612653815,-9.276265093860275,3,3,192,-18.025425781115796,242,11
True,True,4.0,12.0,,10,100,sma_slope_state,120,4,18,0.0,50,317,False,,,,,,,,,,,,,,,,,,,,,,,,,0.12,0.0,10.397522003258915,-0.07512517604217811,0.8110508581522345,-2.0790032134909313,-0.32682564658583163,0.2126774943597067,-7.160144721241159,3,3,193,-18.666083984437385,232,11
True,False,3.0,16.0,,80,150,sma_slope_state,360,3,6,0.005,100,48,False,,,,,,,,,,,,,,,,,,,,,,,,,0.08,0.001,2.3152728739266175,-0.11328389927340445,0.6260924834725827,-0.3070548163803164,-0.6292613496449987,0.0,-1.915992361712866,3,3,194,-18.834784657141306,45,11
True,True,4.0,4.0,,30,200,sma_state,72,4,12,0.001,50,232,False,,,,,,,,,,,,,,,,,,,,,,,,,0.08,0.0005,7.815135321192532,-0.044211035424114024,1.5795809848710127,-1.85320235817502,-0.2879010816295392,0.24190908295284844,-5.5272786464501555,2,2,195,-19.216568074104597,231,11
True,True,2.5,12.0,,100,150,ema_state,240,4,18,0.02,80,173,False,,,,,,,,,,,,,,,,,,,,,,,,,0.08,0.0005,5.860912796924468,-0.10874059198026091,1.0427307302600246,0.05494511742686805,-1.0,0.0,-5.305197527030832,5,5,196,-19.62917235421645,73,11
True,False,2.5,6.0,,100,150,sma_state,168,1,12,0.02,100,196,False,,,,,,,,,,,,,,,,,,,,,,,,,0.05,0.003,7.174091260914959,-0.10947366795886712,0.7724848889373083,-1.054869186337139,-0.5978409384095799,0.0,-6.948164891385895,4,3,197,-19.880238932012702,94,11
True,False,2.0,4.0,,10,300,sma_state,240,2,48,0.0,80,347,False,,,,,,,,,,,,,,,,,,,,,,,,,0.12,0.001,9.750792449778128,-0.013712862556807618,1.5005566820506113,-0.6281458827396249,-0.721574721216917,0.00915143683917826,-9.274372002173639,4,4,198,-20.72350442556325,137,11
True,False,2.5,24.0,,30,400,ema_state,240,3,12,0.005,80,157,True,,,,,,,,,,,,,,,,,,,,,,,,,0.08,0.002,3.354026684735885,-0.15777667915917074,1.9125491321988926,0.33276275801945165,-1.0000000000000002,0.0,-2.2308496907971564,4,4,199,-20.993071776717272,36,11
True,False,4.0,12.0,,10,80,sma_slope_state,360,3,24,0.01,100,166,True,,,,,,,,,,,,,,,,,,,,,,,,,1.0,0.0005,2.4960417455000545,-0.13234973058777602,0.7133614916599762,-0.29989923782502054,-0.6206598931857106,0.0,-2.46237930352705,3,3,200,-21.260755597354198,47,11
True,False,4.0,12.0,,20,400,ema_state,168,4,18,0.01,400,216,False,,,,,,,,,,,,,,,,,,,,,,,,,0.08,0.002,2.3942612411990902,-0.1467647885650238,1.9623596281364373,0.246507874616025,-1.0,0.0,-1.9700103950926857,4,4,201,-21.341945415010187,35,11
True,True,1.5,4.0,,10,300,sma_slope_state,360,3,36,0.02,200,237,True,,,,,,,,,,,,,,,,,,,,,,,,,0.12,0.0005,4.142705832748861,-0.0839687057296314,1.7332889601037587,0.0506159225461781,-1.0,0.0,-4.074960608576192,4,4,202,-21.395421815935553,63,11
True,False,2.0,16.0,,10,400,sma_state,120,6,36,0.02,100,365,False,,,,,,,,,,,,,,,,,,,,,,,,,0.04,0.001,7.90535584239789,0.029452855256287838,1.5899871630337743,-0.8936279258313707,-0.790535584239789,0.0,-7.634489682524072,5,5,203,-21.511989163636617,54,11
True,True,1.5,4.0,,80,400,sma_state,48,6,12,0.01,80,312,False,,,,,,,,,,,,,,,,,,,,,,,,,0.05,0.002,10.485096869212192,-0.08645010926505389,0.8201127971570358,-1.2947558517330828,-0.723587013889372,0.0,-6.886807708906723,5,4,204,-21.820687022174077,130,11
True,False,5.0,12.0,,100,200,ema_state,240,6,36,0.001,100,284,False,,,,,,,,,,,,,,,,,,,,,,,,,0.08,0.0005,2.0,-0.3220329089108599,1.1187191859623926,-0.004947115388443651,-1.0,0.0,-1.9900000000000002,4,4,205,-22.28421908040258,32,11
True,False,2.0,4.0,,20,80,ema_state,48,4,24,0.01,100,10,False,,,,,,,,,,,,,,,,,,,,,,,,,0.12,0.0,5.0,-0.0033481051820208867,1.4655795680029862,0.4137042928976774,-1.0,0.0,-2.9701000000000057,4,3,206,-22.65294699033967,53,11
True,False,4.0,8.0,,20,200,sma_slope_state,360,4,6,0.005,200,117,False,,,,,,,,,,,,,,,,,,,,,,,,,0.12,0.001,2.1597828364546414,0.0034116048718940304,2.320466099097953,-0.11514732833481024,-1.0000000000000002,0.0,-2.142495387376679,5,5,207,-22.915162365034305,37,11
False,True,1.5,12.0,,50,80,sma_state,360,3,24,0.001,200,77,False,,,,,,,,,,,,,,,,,,,,,,,,,0.08,0.003,7.412723466933536,0.0025806531892486302,1.1000684967849947,0.039930751813828484,-0.9081700399858805,0.0,-6.18827261798593,4,4,208,-22.924895456060938,79,11
True,False,4.0,4.0,,100,150,sma_slope_state,48,3,6,0.001,400,50,True,,,,,,,,,,,,,,,,,,,,,,,,,0.04,0.002,3.0217877979776193,0.08919586457026753,2.8784512695960416,-0.4331957473610025,-0.3683320472957721,0.0,-1.979472470469569,3,3,209,-23.165340150303727,34,11
True,False,6.0,16.0,,50,300,ema_state,72,1,18,0.0025,50,320,True,,,,,,,,,,,,,,,,,,,,,,,,,0.04,0.002,2.5566841946230507,0.04628070674839666,2.9077992463128584,-0.24693222995121716,-0.4384559032598279,0.0,-1.5974269725329795,3,3,210,-23.53877539645484,36,11
True,False,3.0,16.0,,20,300,sma_slope_state,168,3,18,0.001,400,185,False,,,,,,,,,,,,,,,,,,,,,,,,,0.12,0.0,3.000620256704938,-0.24238340509976347,1.5441362732398347,0.06043347835628739,-1.0000000000000002,0.0,-2.965439981872274,4,4,211,-24.26918842869309,33,11
True,True,2.5,4.0,,100,400,ema_state,72,1,12,0.001,80,42,False,,,,,,,,,,,,,,,,,,,,,,,,,0.05,0.002,5.928671893645549,-0.132399083352143,1.1088651820236017,-0.4328493872892391,-0.8025207040932583,0.0,-4.875386887929023,4,4,212,-24.641921773167844,86,11
True,False,2.5,16.0,,80,100,sma_slope_state,240,6,48,0.005,150,342,False,,,,,,,,,,,,,,,,,,,,,,,,,0.2,0.0005,2.74007923727951,-0.27588910737557587,1.098143573442035,-0.13515547097405414,-1.0,0.0,-1.9900000000000002,5,4,213,-24.910300818817674,35,11
True,False,1.5,12.0,,20,80,ema_state,120,2,18,0.01,400,307,False,,,,,,,,,,,,,,,,,,,,,,,,,0.12,0.003,6.0,-0.14961984143399945,0.9492969771086025,-0.5530891614855658,-1.0,0.0,-4.900995009999998,5,5,214,-25.5211403118455,54,11
True,False,4.0,12.0,,30,200,sma_state,540,2,18,0.01,400,142,True,,,,,,,,,,,,,,,,,,,,,,,,,0.2,0.0005,3.4727803332655824,-0.06529317296276638,0.9166828513020424,-0.41795249424538367,-0.6865697170428382,0.0,-3.4222063761364554,3,3,215,-25.65523084577687,30,11
True,False,4.0,6.0,,30,300,sma_state,240,2,48,0.0025,100,230,False,,,,,,,,,,,,,,,,,,,,,,,,,0.05,0.003,4.904086412608293,-0.10758624640350599,0.6613482774357525,-0.9256643603903225,-0.40867386771735775,0.0,-4.797614067047442,2,2,216,-25.96001633563511,93,11
True,False,4.0,24.0,,10,100,sma_state,168,6,36,0.02,50,269,False,,,,,,,,,,,,,,,,,,,,,,,,,0.05,0.0,6.326141914985063,-0.14113145019717496,0.6228049507416225,-1.4376221123316355,-0.5018887931723617,0.0,-5.568551291384007,3,3,217,-26.18972834824529,99,11
True,False,3.0,16.0,,20,80,sma_state,72,2,18,0.001,50,102,True,,,,,,,,,,,,,,,,,,,,,,,,,0.08,0.003,10.352861772223601,-0.12713218299861936,0.9741615757456242,-2.7989829527574965,-0.51764308861118,0.01477985731596733,-9.8730093018138,4,3,218,-26.23556740486906,172,11
True,False,1.5,8.0,,80,100,ema_state,168,3,48,0.01,150,331,False,,,,,,,,,,,,,,,,,,,,,,,,,0.04,0.001,3.833993972290619,0.2684361003903542,2.368249538280463,0.20818545330751317,-0.7843053420647836,0.0,-3.1032457564004727,4,4,219,-27.8894069110268,36,11
True,False,3.0,16.0,,80,100,sma_slope_state,72,3,18,0.01,400,89,False,,,,,,,,,,,,,,,,,,,,,,,,,0.12,0.002,2.351641401166861,-0.11047748167215486,2.425942158553129,0.28566559289211796,-1.0,0.0,-1.5581358710048079,4,4,220,-28.037633754151937,23,11
True,False,4.0,6.0,,10,300,sma_state,540,2,24,0.02,400,369,False,,,,,,,,,,,,,,,,,,,,,,,,,1.0,0.001,3.4727803332655824,-0.08365353621955451,0.8446388103796868,-0.5081328476997666,-0.6865697170428382,0.0,-3.4222063761364554,3,3,221,-28.113055910426084,30,11
True,False,2.0,8.0,,100,400,ema_state,120,6,48,0.0,400,160,True,,,,,,,,,,,,,,,,,,,,,,,,,0.08,0.002,3.0,-0.18411585559956586,1.7472588398853992,0.25450498305276875,-1.0,0.0,-2.7605613126004758,4,4,222,-28.57548716700117,35,11
False,True,4.0,16.0,,80,200,sma_slope_state,120,6,48,0.005,80,330,False,,,,,,,,,,,,,,,,,,,,,,,,,0.12,0.003,3.323854715426487,-0.21874851007065155,0.4430117066126423,-1.2926787634327113,-0.5853640482681977,0.0,-3.2791542648293253,3,3,223,-29.500824151273502,78,11
True,False,2.0,16.0,,80,400,sma_slope_state,48,1,12,0.005,150,103,False,,,,,,,,,,,,,,,,,,,,,,,,,0.12,0.001,3.1332955569523673,-0.1430213225695329,1.4029216526600945,-0.3271607416152216,-0.7833238892380918,0.0,-3.0994365456153172,3,3,224,-29.98241979728652,40,11
True,True,3.0,16.0,,100,150,ema_state,168,4,18,0.01,100,1,False,,,,,,,,,,,,,,,,,,,,,,,,,0.08,0.0005,4.904769053674811,-0.10823670529561108,1.2339615749657078,-0.0009100326446363872,-1.0,0.0,-4.451062193177902,4,4,225,-30.32494286047728,73,11
True,True,4.0,12.0,,10,80,sma_state,168,6,24,0.005,50,385,False,,,,,,,,,,,,,,,,,,,,,,,,,0.08,0.0005,8.318879555547948,-0.0626693854945839,1.4824158691665332,-1.9423335224181144,-0.41682695592485897,0.06952960507628055,-7.645728323028337,2,2,226,-30.379188661329746,207,11
True,False,6.0,12.0,,20,150,sma_state,540,1,18,0.001,300,90,False,,,,,,,,,,,,,,,,,,,,,,,,,0.12,0.003,2.564642247948646,0.07118265651405928,2.2440346126931474,-0.36319648472123,-0.7060768176610974,0.0,-2.538883777067749,3,3,227,-30.67551128536076,36,11
True,False,4.0,6.0,,10,80,sma_slope_state,48,4,24,0.005,400,200,True,,,,,,,,,,,,,,,,,,,,,,,,,0.08,0.002,2.313902344908559,-0.19589664273903187,0.8181740952916564,-0.13464601082808275,-0.9999999999999999,0.0,-2.294407678663949,4,4,228,-31.683838015918774,38,11
True,False,3.0,6.0,,80,130,ema_state,240,3,36,0.005,400,339,False,,,,,,,,,,,,,,,,,,,,,,,,,0.08,0.0,3.0,-0.11813142748222658,1.4284357912400738,0.7128813569444701,-1.0,0.0,-2.7588191709843812,3,3,229,-33.6048881947243,39,11
True,False,4.0,16.0,,30,300,ema_state,168,2,36,0.0025,300,169,False,,,,,,,,,,,,,,,,,,,,,,,,,0.08,0.001,2.8029225036630585,-0.18871973911075782,1.937798947142866,0.2623894381087884,-1.0,0.0,-2.7755204437314096,3,3,230,-33.608519698571534,42,11
True,True,1.5,24.0,,20,300,sma_state,240,1,36,0.001,100,370,False,,,,,,,,,,,,,,,,,,,,,,,,,0.05,0.003,13.147460767173566,-0.10696580871440758,0.738374809588847,-2.1202956331049645,-0.41598180733547196,0.0,-9.044762593049557,3,3,231,-34.69478003352958,169,11
True,True,2.5,6.0,,100,150,ema_state,240,1,12,0.01,150,112,True,,,,,,,,,,,,,,,,,,,,,,,,,0.05,0.0,4.524658727387278,-0.12929576347005653,0.8374438698126947,-0.6517887252290424,-0.7541097878978796,0.0,-4.443790066225134,3,3,232,-34.949106713252036,89,11
True,False,2.0,12.0,,100,150,ema_state,240,1,6,0.0,80,114,False,,,,,,,,,,,,,,,,,,,,,,,,,0.08,0.0,3.0,-0.18472820839379864,1.2207059200415336,0.7888931179815498,-1.0,0.0,-2.9701000000000057,3,3,233,-35.07372555202098,36,11
True,False,5.0,16.0,,10,200,sma_slope_state,240,2,24,0.01,100,37,False,,,,,,,,,,,,,,,,,,,,,,,,,0.12,0.0,2.19987797733512,-0.1674136934927991,0.4551924102306997,-0.6206545531323605,-0.54996949433378,0.0,-2.1843197577475513,2,2,234,-35.53814379318922,47,11
True,True,3.0,24.0,,10,80,sma_state,120,3,36,0.0025,50,36,False,,,,,,,,,,,,,,,,,,,,,,,,,1.0,0.003,12.639615806776007,-0.11368274941223032,0.7365216298027287,-3.1447621353964137,-0.38301866081139424,0.1672439896013518,-11.942925564536736,3,3,235,-35.70598233703787,279,11
True,False,2.0,6.0,,30,300,sma_slope_state,72,2,6,0.0025,150,222,False,,,,,,,,,,,,,,,,,,,,,,,,,0.12,0.0,5.0,-0.0063581367242450445,1.5535905905340286,-0.06248054513700876,-1.0,0.0,-4.900995009999998,3,3,236,-35.750246449946566,42,11
True,True,2.5,16.0,,30,150,sma_state,240,3,12,0.0025,50,198,True,,,,,,,,,,,,,,,,,,,,,,,,,0.08,0.002,11.841561650604811,-0.1271197388196332,0.8458562797808719,-3.5796331771332066,-0.40563457774881206,0.24429868837627286,-9.297852150328458,3,3,237,-35.83217001415443,252,11
False,True,1.5,6.0,,100,150,sma_state,168,6,36,0.02,50,322,False,,,,,,,,,,,,,,,,,,,,,,,,,0.04,0.002,7.475640730953635,-0.10127120674718032,0.6671321082876553,-1.6282007267457337,-0.4397435724090374,0.0,-7.264780390331958,2,2,238,-36.41809535744234,73,11
True,False,6.0,4.0,,100,150,ema_state,240,4,24,0.005,100,76,False,,,,,,,,,,,,,,,,,,,,,,,,,0.08,0.0,2.0,-0.2568516951416076,1.1992616284799722,0.11047687116579481,-1.0000000000000002,0.0,-1.9900000000000002,3,3,239,-37.42442370235554,34,11
True,True,3.0,16.0,,100,150,ema_state,360,2,12,0.0025,400,194,False,,,,,,,,,,,,,,,,,,,,,,,,,0.12,0.0005,6.0,-0.1495662670320896,1.2431803472350675,-0.5352347564992432,-1.0,0.0,-5.3975100874503985,4,4,240,-37.76127269398327,60,11
True,False,2.0,6.0,,10,150,sma_slope_state,240,6,12,0.0,400,281,True,,,,,,,,,,,,,,,,,,,,,,,,,0.08,0.0005,4.686052672859611,-0.09904342158309305,1.6326727718057066,-0.10225710709725205,-1.0,0.0,-4.59941846019878,4,4,241,-38.33532260953784,37,11
True,False,2.0,8.0,,10,100,sma_slope_state,120,6,24,0.0,80,60,True,,,,,,,,,,,,,,,,,,,,,,,,,0.12,0.002,4.828780124301689,-0.20172852319155388,0.8133603274214426,-1.087946000722098,-0.9357824955694051,0.0,-4.73335329306584,4,4,242,-38.78182479815533,74,11
True,False,3.0,4.0,,20,100,sma_slope_state,48,1,6,0.0,150,106,True,,,,,,,,,,,,,,,,,,,,,,,,,0.04,0.0005,4.017871490983424,0.08540420416392479,3.0476525616427264,-0.11563622047152734,-0.9999999999999999,0.0,-1.8290726548491076,4,3,243,-39.387527503467126,39,11
True,False,2.5,12.0,,100,150,sma_state,168,4,24,0.02,50,168,True,,,,,,,,,,,,,,,,,,,,,,,,,0.08,0.0,10.794142593952758,-0.11960937817071157,0.8710364751379612,-2.3279497459628526,-0.5844092497219222,0.015052770966234202,-9.492620604781695,3,3,244,-40.36369182251947,157,11
True,True,2.5,24.0,,30,100,sma_state,240,4,24,0.005,300,141,False,,,,,,,,,,,,,,,,,,,,,,,,,1.0,0.002,7.510355300006612,0.629606024911964,2.0546751413936506,-0.5440797535972222,-1.0,0.0,-7.259984440604706,4,4,245,-40.72001678977609,70,11
True,False,3.0,4.0,,50,80,sma_state,360,2,48,0.0025,100,68,False,,,,,,,,,,,,,,,,,,,,,,,,,0.05,0.0,6.547336550241647,-0.12311441688553472,0.6654834667745443,-1.096469694351091,-0.5456113791868039,0.0,-6.35897211425165,2,2,246,-41.09780285029771,93,11
True,False,2.0,16.0,,50,80,sma_state,72,1,18,0.005,50,120,False,,,,,,,,,,,,,,,,,,,,,,,,,0.08,0.0,12.198685498495994,-0.14077550554225277,0.8443818797921145,-3.3165810296444005,-0.6099342749247997,0.01652426168668619,-11.535556770770825,4,3,247,-41.81454778686333,176,11
False,True,2.5,24.0,,80,130,sma_slope_state,168,2,24,0.02,100,99,False,,,,,,,,,,,,,,,,,,,,,,,,,0.2,0.0005,3.2484934895180744,-0.13713936152177153,2.3428967110599164,-0.4006829940210737,-1.0,0.0,-3.208361054748937,3,3,248,-43.182755152384296,39,11
True,False,3.0,24.0,,80,300,ema_state,120,6,18,0.005,200,167,False,,,,,,,,,,,,,,,,,,,,,,,,,0.05,0.002,5.0,-0.2618906666018274,1.3334739986856412,-0.8613016913345437,-1.0,0.0,-3.1168648863505366,4,4,249,-43.731887600034256,41,11
True,False,1.5,24.0,,10,400,sma_slope_state,48,6,48,0.02,200,128,False,,,,,,,,,,,,,,,,,,,,,,,,,0.08,0.002,2.741166087906118,-0.2312010823332459,0.8375615248888771,0.02901242839143111,-1.0,0.0,-1.9900000000000002,3,3,250,-43.89622463274632,32,11
True,False,2.0,6.0,,30,400,ema_state,360,1,48,0.0025,400,72,True,,,,,,,,,,,,,,,,,,,,,,,,,0.08,0.0,3.632594282985499,-0.1038924569428043,1.9005385784529485,0.2129308128858446,-0.9999999999999999,0.0,-2.450669402860498,3,3,251,-44.22054683183957,37,11
True,True,2.0,6.0,,10,150,sma_state,168,4,18,0.005,400,46,True,,,,,,,,,,,,,,,,,,,,,,,,,1.0,0.001,7.609876532030973,0.11831352340730797,2.0004042129981183,-0.6982620557405369,-1.0,0.0,-7.35308741784135,4,4,252,-44.38705788611658,61,11
True,False,4.0,16.0,,20,200,ema_state,120,3,6,0.02,50,78,True,,,,,,,,,,,,,,,,,,,,,,,,,0.05,0.0005,2.81503167958306,-0.1748143655647193,1.3725226167114923,-0.7144865328450926,-0.9161457338604979,0.0,-2.7235433012700234,3,3,253,-44.597314266196854,49,11
True,False,4.0,16.0,,50,200,sma_slope_state,540,6,48,0.0,80,202,False,,,,,,,,,,,,,,,,,,,,,,,,,0.05,0.0005,3.2534069798902023,-0.15531706242298313,0.9019263174370837,-0.8937413406068875,-0.5967865283044762,0.0,-3.0978118034248037,2,2,254,-45.121335597580604,42,11
True,False,2.0,6.0,,50,80,sma_slope_state,72,2,12,0.001,300,382,False,,,,,,,,,,,,,,,,,,,,,,,,,0.05,0.003,4.197082482849874,-0.2169694484692949,0.7126456985604224,-0.8258788357598082,-1.0,0.0,-4.127960610608148,4,4,255,-45.57635971537162,49,11
True,False,2.0,24.0,,80,130,ema_state,360,1,36,0.0,80,294,True,,,,,,,,,,,,,,,,,,,,,,,,,0.05,0.003,5.0,-0.21672468339570755,0.8518334028935732,-0.8169762976094379,-1.0,0.0,-3.268194665144794,4,4,256,-45.82677037285801,50,11
True,True,2.0,6.0,,80,150,sma_slope_state,540,1,6,0.001,80,152,False,,,,,,,,,,,,,,,,,,,,,,,,,0.12,0.0,11.956206355874425,-0.13982142701836656,0.41748087534684153,-2.9929879006784215,-0.4196364547117201,0.0,-11.130574175396585,3,3,257,-45.83197065515989,167,11
True,False,3.0,6.0,,80,130,sma_state,540,1,48,0.01,100,21,False,,,,,,,,,,,,,,,,,,,,,,,,,0.05,0.0,6.351579934823645,-0.12139891891885646,0.5139661211277183,-1.2252014932819968,-0.5292983279019704,0.0,-6.174674307304114,2,2,258,-46.10762813107594,72,11
True,False,3.0,16.0,,20,150,ema_state,168,2,36,0.01,80,335,True,,,,,,,,,,,,,,,,,,,,,,,,,0.05,0.002,3.884995862690391,-0.18292208071414,1.3870662446018096,-0.868070855952196,-0.89234392505501,0.0,-3.558990620461438,3,3,259,-47.23550168667235,54,11
True,False,2.0,16.0,,80,300,sma_slope_state,120,3,48,0.01,100,287,False,,,,,,,,,,,,,,,,,,,,,,,,,0.05,0.0005,5.809826822270113,-0.207067997412495,1.9809024735804022,-1.4512705588452703,-0.6228208607484078,0.0,-4.881972305198898,2,2,260,-47.38730970858303,48,11
True,False,1.5,16.0,,100,200,ema_state,72,2,48,0.02,400,5,True,,,,,,,,,,,,,,,,,,,,,,,,,0.08,0.003,3.7436929065164284,-0.3406074030452627,0.8372673310737956,-0.31393637380301453,-1.0,0.0,-3.6941914286649844,3,3,261,-48.87920721893444,33,11
True,False,2.5,24.0,,100,200,sma_slope_state,240,3,12,0.0025,150,250,False,,,,,,,,,,,,,,,,,,,,,,,,,0.05,0.0005,3.828560556982373,-0.20196794776040602,0.5802315156413912,-0.8071893890064596,-0.6738649426440552,0.0,-2.670477010266448,2,2,262,-49.01208301155973,44,11
True,True,1.5,4.0,,20,80,sma_slope_state,240,3,12,0.01,80,43,True,,,,,,,,,,,,,,,,,,,,,,,,,1.0,0.002,7.161430213413821,-0.17413727837879833,1.032415889244893,-0.9132298701717054,-1.0,0.0,-5.643400765978033,4,3,263,-49.23161320736831,100,11
True,False,2.5,6.0,,10,80,sma_state,540,4,12,0.005,50,0,True,,,,,,,,,,,,,,,,,,,,,,,,,0.04,0.001,8.412901843354586,0.15400096970303354,2.12452793666458,-1.387511123327713,-0.5781391652045114,0.0,-6.517529126307957,3,3,264,-50.032552950771546,63,11
True,False,1.5,16.0,,10,200,ema_state,360,6,18,0.02,100,261,False,,,,,,,,,,,,,,,,,,,,,,,,,0.05,0.003,5.5744562986965,-0.21618838213456232,0.6936900062418215,-0.9179644011393434,-1.0,0.0,-5.447297234162761,4,4,265,-50.09930490114221,49,11
True,False,3.0,4.0,,30,200,sma_slope_state,240,1,12,0.0025,400,350,True,,,,,,,,,,,,,,,,,,,,,,,,,1.0,0.0,4.199477824480924,-0.06553366183576809,2.052724885547625,-0.5480109378635017,-1.0,0.0,-4.124146661781648,3,3,266,-51.278525105433886,33,11
True,False,4.0,6.0,,20,80,sma_state,540,1,18,0.02,200,180,True,,,,,,,,,,,,,,,,,,,,,,,,,0.05,0.0,3.991659766200953,-0.15276472331127672,0.35037404730535004,-1.1535636597276104,-0.4179281304570652,0.0,-3.0260543523097296,1,1,267,-51.594031353839895,60,11
True,False,2.0,6.0,,20,150,sma_slope_state,240,3,24,0.005,400,359,True,,,,,,,,,,,,,,,,,,,,,,,,,0.04,0.0,3.0,0.11530913876887502,1.9604732339951108,-0.5964926004627725,-0.5132433997411299,0.0,-2.5466642121992047,2,2,268,-53.054359650356275,31,11
True,False,2.5,24.0,,10,100,sma_slope_state,168,4,36,0.01,200,192,True,,,,,,,,,,,,,,,,,,,,,,,,,0.08,0.002,2.3864564512789967,-0.30044505084551426,1.3169596721732382,-0.44635737179038754,-1.0,0.0,-1.9900000000000002,3,3,269,-53.25795321719177,36,11
True,False,1.5,4.0,,100,200,sma_state,360,1,24,0.0,400,387,True,,,,,,,,,,,,,,,,,,,,,,,,,0.08,0.001,4.400592476643126,-0.06636745917742093,1.642851430786007,-0.727604235883928,-0.8851066494966621,0.0,-4.129903188746016,3,3,270,-53.80905381704944,50,11
True,False,4.0,16.0,,10,400,sma_state,540,3,48,0.01,400,251,True,,,,,,,,,,,,,,,,,,,,,,,,,0.04,0.0,2.103725382975033,0.010570981600849159,1.9388765757261763,-0.2107434483704234,-0.636196116633322,0.0,-1.4488741928909294,2,2,271,-54.58966790662138,25,11
False,True,1.5,8.0,,80,100,sma_slope_state,540,6,36,0.005,150,100,False,,,,,,,,,,,,,,,,,,,,,,,,,0.05,0.0005,4.19899068694024,-0.12599241929812882,0.7500988070469258,-0.40894748520982493,-0.9999999999999999,0.0,-4.125426340934384,3,2,272,-55.19236477873258,41,11
True,False,2.5,24.0,,50,80,sma_slope_state,72,6,18,0.001,400,24,False,,,,,,,,,,,,,,,,,,,,,,,,,0.04,0.002,3.5539750530030805,0.17551323141062405,2.9333329867198485,-0.21258714434943846,-1.0,0.0,-2.4694445716478515,4,4,273,-55.446909544173266,29,11
True,True,2.5,6.0,,100,150,sma_slope_state,48,3,6,0.001,50,241,True,,,,,,,,,,,,,,,,,,,,,,,,,0.2,0.0,11.319636373421945,-0.18173451432542856,0.6188737550602439,-4.590265446659552,-0.43537062974699803,0.18280338949221675,-10.772865071867665,2,2,274,-56.44788782130436,250,11
True,False,1.5,4.0,,100,150,sma_state,540,1,12,0.0,400,146,False,,,,,,,,,,,,,,,,,,,,,,,,,1.0,0.001,7.905793769214401,-0.09922865063288594,0.8338129525980432,-0.8417543912907237,-1.0000000000000002,0.0,-7.632232116304018,3,3,275,-57.98529238477699,34,11
True,False,2.5,4.0,,20,100,sma_slope_state,120,1,48,0.0025,400,62,False,,,,,,,,,,,,,,,,,,,,,,,,,0.04,0.0005,5.109882468654038,0.05397355342268908,1.9287565348682407,-0.7886336576824846,-0.5061604524288594,0.0,-3.5572754343155535,2,2,276,-58.73577674013766,32,11
True,False,2.0,6.0,,80,400,ema_state,360,6,36,0.02,300,33,False,,,,,,,,,,,,,,,,,,,,,,,,,0.05,0.0,6.0,-0.21529396069308093,1.1119885428700245,-0.89134013550301,-1.0,0.0,-4.728060756400825,3,3,277,-59.29646155423451,39,11
True,False,6.0,12.0,,10,150,sma_slope_state,540,2,36,0.0025,80,163,False,,,,,,,,,,,,,,,,,,,,,,,,,0.2,0.002,2.602082271855431,-0.13928546265679695,0.2003341608751647,-0.8942478598104313,-0.37172603883649014,0.0,-2.5752231725937014,0,0,278,-59.514507966379185,56,11
True,True,1.5,16.0,,80,300,sma_state,360,2,36,0.0025,100,262,False,,,,,,,,,,,,,,,,,,,,,,,,,0.05,0.0005,9.41977289299161,-0.1458335975327668,0.6462568973634742,-2.297239693758485,-0.43392949525771646,0.0,-8.884199889948126,1,1,279,-61.03851657704146,155,11
True,False,5.0,6.0,,100,150,ema_state,120,6,18,0.0,50,119,True,,,,,,,,,,,,,,,,,,,,,,,,,0.05,0.002,2.693615836128444,-0.201493853535269,1.3029130505671749,-0.5351369616637425,-1.0,0.0,-1.9482726726184483,2,2,280,-61.16395341889054,45,11
True,True,1.5,6.0,,80,400,sma_slope_state,120,1,48,0.0025,400,97,True,,,,,,,,,,,,,,,,,,,,,,,,,0.08,0.003,6.4005924766431255,-0.21818292760159183,0.9156606928151046,-1.076707330509773,-1.0,0.0,-5.682204380970332,3,3,281,-62.55883018131919,80,11
True,False,5.0,12.0,,20,100,sma_slope_state,540,6,36,0.001,100,309,False,,,,,,,,,,,,,,,,,,,,,,,,,1.0,0.0,2.7720784349096466,-0.17782790285191835,0.196023135182945,-1.0302463787575107,-0.5544156869819293,0.0,-2.7437504124933185,1,1,282,-62.62044019846441,47,11
True,False,5.0,4.0,,80,300,sma_slope_state,540,1,48,0.0025,200,107,False,,,,,,,,,,,,,,,,,,,,,,,,,0.12,0.002,1.5636391641569993,-0.1005261498462727,1.114098090168382,-0.4372202134145813,-0.7818195820784997,0.0,-1.5580027725154215,2,2,283,-63.02673263169644,27,11
True,False,3.0,24.0,,20,200,sma_state,540,2,24,0.02,100,9,False,,,,,,,,,,,,,,,,,,,,,,,,,0.2,0.0005,7.547336550241647,-0.17182257261666367,0.3477050153058483,-2.061684257647872,-0.5805643500185883,0.0,-7.295382393109118,2,2,284,-64.04310286705271,95,11
True,False,2.0,6.0,,20,200,sma_state,48,4,48,0.0,50,28,False,,,,,,,,,,,,,,,,,,,,,,,,,0.08,0.0,12.365697149917953,-0.23096953530554376,0.7362410569481301,-4.061750064573375,-0.6825711458762205,0.015336039282818967,-11.00158177037751,3,3,285,-65.57853900988675,157,11
True,False,4.0,6.0,,30,200,ema_state,168,2,48,0.005,150,95,True,,,,,,,,,,,,,,,,,,,,,,,,,0.08,0.0005,2.5926597693318003,-0.26344587468516534,1.069329534211752,-0.4593272310069112,-1.0,0.0,-2.570471267066983,2,2,286,-66.11989291145254,43,11
True,False,3.0,8.0,,80,100,sma_state,540,1,6,0.02,400,148,True,,,,,,,,,,,,,,,,,,,,,,,,,0.08,0.002,3.160848455994466,-0.26743425259456727,0.37145194717349644,-0.6180300355266729,-1.0,0.0,-3.1235355871565695,3,3,287,-66.51066093165099,34,11
True,False,2.0,8.0,,20,80,sma_state,360,6,24,0.0025,50,399,True,,,,,,,,,,,,,,,,,,,,,,,,,0.05,0.001,11.122540993205709,-0.2667097945613199,0.5431721484839035,-2.9908433017943805,-0.7191132043646494,0.0,-9.277798447104258,3,3,288,-67.02763689313666,99,11
True,True,4.0,12.0,,30,300,ema_state,540,2,18,0.0025,300,145,True,,,,,,,,,,,,,,,,,,,,,,,,,0.05,0.0005,4.0870460954293915,-0.16335994168200949,0.41792907839806354,-1.177609904591244,-0.6516298671131051,0.0,-2.852084845091624,1,1,289,-68.34033958754411,70,11
True,False,2.5,6.0,,10,400,ema_state,120,2,36,0.02,100,22,False,,,,,,,,,,,,,,,,,,,,,,,,,0.04,0.002,4.875076665736989,0.009459957461301542,2.188650841903498,-0.6005709814517111,-0.9999999999999999,0.0,-3.7048668728211775,3,3,290,-68.37189208490938,37,11
True,True,1.5,8.0,,80,300,sma_slope_state,540,1,6,0.0,400,246,True,,,,,,,,,,,,,,,,,,,,,,,,,0.05,0.0,6.532148437399886,-0.17275356913043696,0.5251801212781897,-1.216816020581907,-0.7799069689734306,0.0,-4.4826699981088165,2,2,291,-69.01826671480426,63,11
True,False,2.5,12.0,,80,130,sma_slope_state,120,3,48,0.001,400,96,True,,,,,,,,,,,,,,,,,,,,,,,,,0.04,0.003,3.436104794141879,0.01629358431280338,2.00988351201735,-0.46957035105009376,-1.0000000000000002,0.0,-3.4376720365037907,3,3,292,-69.42201956350264,31,11
True,False,2.5,16.0,,50,200,sma_slope_state,72,1,6,0.0025,100,188,False,,,,,,,,,,,,,,,,,,,,,,,,,0.04,0.0,4.626524004049894,-0.0660466947049318,2.8263164454877976,-0.7371643661334794,-1.0,0.0,-4.5479795787900805,3,3,293,-70.06574949070735,30,11
True,False,1.5,6.0,,100,200,ema_state,72,1,12,0.0025,150,187,True,,,,,,,,,,,,,,,,,,,,,,,,,0.05,0.0005,5.748143161083965,-0.2351062318009803,0.8187455379694341,-1.044437894009346,-1.0,0.0,-4.721626151131524,2,2,294,-72.05439137085015,48,11
True,False,3.0,6.0,,80,400,sma_slope_state,540,1,12,0.005,100,376,True,,,,,,,,,,,,,,,,,,,,,,,,,0.12,0.003,4.16702193729759,-0.21200201251699965,0.27798160437045777,-1.009592705323636,-0.6426366792082918,0.0,-2.5469460234169095,1,1,295,-73.9063852721919,43,11
True,False,2.5,24.0,,20,150,ema_state,540,6,24,0.0025,150,38,False,,,,,,,,,,,,,,,,,,,,,,,,,0.04,0.001,4.5539750530030805,-0.06536203039561249,1.161509912587025,-0.7033966483270118,-0.8147582252152008,0.0,-4.01000178722768,2,2,296,-74.04613135601379,28,11
True,False,3.0,8.0,,50,200,sma_slope_state,540,3,12,0.0,100,81,False,,,,,,,,,,,,,,,,,,,,,,,,,1.0,0.0,4.9143320687640415,-0.18218576149318677,0.33645822216356913,-1.4683297768164976,-0.6486077240436923,0.0,-4.463688851539657,1,1,297,-75.22618479128049,65,11
True,False,2.0,16.0,,80,130,sma_state,540,6,6,0.01,200,181,False,,,,,,,,,,,,,,,,,,,,,,,,,0.04,0.002,5.7796947213871235,-0.05137419617789267,1.2129285097208202,-1.1233046572860976,-0.7773461192194501,0.0,-5.662241808007878,2,2,298,-75.3842112055483,36,11
True,False,2.5,8.0,,20,100,sma_slope_state,240,6,48,0.02,200,115,False,,,,,,,,,,,,,,,,,,,,,,,,,0.05,0.0005,2.925554411329763,-0.24027813554005606,0.4265198803939685,-0.5522907288503457,-1.0,0.0,-1.9900000000000002,2,2,299,-77.12415249562973,35,11
True,False,2.0,4.0,,100,200,sma_state,48,6,6,0.02,50,379,False,,,,,,,,,,,,,,,,,,,,,,,,,0.12,0.002,14.512831004382559,-0.1961949365521014,0.9351623199226929,-3.3772137142191387,-0.7256415502191279,0.01986386443694975,-13.566196574571354,2,2,300,-81.04581406879447,162,11
False,True,1.5,12.0,,20,200,ema_state,72,4,18,0.01,400,125,False,,,,,,,,,,,,,,,,,,,,,,,,,1.0,0.0005,3.0,-0.4573754412331292,0.5135751210303829,-0.9512363461439738,-1.0,0.0,-2.9701000000000057,2,2,301,-81.18488517981677,30,11
True,False,1.5,24.0,,80,300,ema_state,540,6,48,0.01,80,161,False,,,,,,,,,,,,,,,,,,,,,,,,,0.05,0.003,3.0,-0.30073568456542266,0.39235308731376084,-0.8555222583047037,-1.0000000000000002,0.0,-2.9701000000000057,2,2,302,-82.09494604801122,31,11
True,False,1.5,24.0,,20,80,ema_state,540,3,24,0.0,150,255,True,,,,,,,,,,,,,,,,,,,,,,,,,0.04,0.003,5.309806008338688,-0.04532955354144872,1.2824569770080851,-0.5812904626959114,-0.9999999999999999,0.0,-3.849023158049502,2,2,303,-82.12204168434953,31,11
True,False,3.0,12.0,,100,150,sma_slope_state,540,4,18,0.001,400,372,True,,,,,,,,,,,,,,,,,,,,,,,,,1.0,0.001,3.9447536426326315,-0.38873642155499294,0.29872310276498376,-0.6766834495490092,-1.0000000000000002,0.0,-3.8789667365781497,2,2,304,-82.8838173738162,23,11
True,False,2.5,6.0,,10,300,sma_state,540,4,6,0.0025,400,224,False,,,,,,,,,,,,,,,,,,,,,,,,,0.04,0.003,2.5072164255664653,0.04371404957817051,1.9351254078671318,-0.33623806110513393,-0.9999999999999999,0.0,-2.0147998913367626,2,2,305,-83.3418118389979,25,11
True,True,2.5,6.0,,100,200,sma_slope_state,540,2,24,0.005,50,362,False,,,,,,,,,,,,,,,,,,,,,,,,,0.2,0.0,11.800492047663365,-0.19392548260212486,0.317164541965024,-3.6947363073085926,-0.47883809560442625,0.0,-9.171497059175628,1,1,306,-86.68608018716307,161,11
True,False,5.0,6.0,,100,300,ema_state,540,6,24,0.0025,200,137,False,,,,,,,,,,,,,,,,,,,,,,,,,0.05,0.003,1.9568821124707085,-0.2561638005239641,0.34479640212068896,-0.5965974686204797,-1.0,0.0,-1.9482726726184483,1,1,307,-89.19986687439555,30,11
True,False,2.5,16.0,,30,400,sma_state,540,2,36,0.005,100,184,False,,,,,,,,,,,,,,,,,,,,,,,,,0.12,0.002,8.408484589251726,-0.21677472083525243,0.29915220368352985,-2.625333892620802,-0.6468065068655174,0.0,-8.095483072046031,1,1,308,-90.42206474468429,97,11
True,False,1.5,4.0,,100,150,ema_state,120,1,48,0.02,300,162,True,,,,,,,,,,,,,,,,,,,,,,,,,0.08,0.0005,3.0,-0.562300276259191,0.4768656033130929,-0.992566681540157,-1.0,0.0,-2.9701000000000057,2,2,309,-91.59718431495438,36,11
True,False,2.0,8.0,,50,80,sma_slope_state,540,4,24,0.001,200,209,True,,,,,,,,,,,,,,,,,,,,,,,,,1.0,0.001,4.058188159588887,-0.0028076376757379144,1.215058140470955,-1.0039895474889144,-1.0,0.0,-3.991742945731559,2,2,310,-96.14643483832512,27,11
True,True,5.0,4.0,,80,400,ema_state,540,4,36,0.02,400,290,False,,,,,,,,,,,,,,,,,,,,,,,,,0.12,0.001,4.032366107482289,-0.28135195170034943,0.501071297225224,-0.8056557914754164,-0.9999999999999999,0.0,-3.9691725346729947,1,1,311,-96.56246451217912,36,11
True,False,1.5,16.0,,20,150,ema_state,540,6,12,0.001,300,110,False,,,,,,,,,,,,,,,,,,,,,,,,,0.05,0.002,5.5744562986965,-0.3105218093008994,0.3600872474089438,-1.554297043692163,-1.0,0.0,-5.447297234162761,2,2,312,-96.64942962464465,39,11
True,True,1.5,4.0,,100,200,sma_slope_state,120,1,48,0.01,80,315,False,,,,,,,,,,,,,,,,,,,,,,,,,0.12,0.002,11.176823164557357,-0.24685886917281383,0.5793083097558195,-3.610620445287806,-0.7771044323662649,0.022134401810234353,-10.356401572793605,1,1,313,-99.49253385235794,157,11
True,False,2.5,4.0,,10,300,ema_state,540,1,6,0.01,150,3,False,,,,,,,,,,,,,,,,,,,,,,,,,0.04,0.003,5.177165538372903,-0.013300229013264936,1.9043121874606967,-0.8489727985307082,-1.0,0.0,-4.833689480301095,2,2,314,-100.01272853939761,31,11
True,True,2.5,4.0,,10,100,sma_slope_state,540,3,48,0.02,300,334,False,,,,,,,,,,,,,,,,,,,,,,,,,0.12,0.002,3.8767652699475104,-0.2794949762406351,0.36848225556740494,-1.194132074091135,-1.0,0.0,-3.8192570342428374,1,1,315,-102.73041097535192,34,11
False,True,1.5,24.0,,50,100,ema_state,540,4,12,0.001,50,11,True,,,,,,,,,,,,,,,,,,,,,,,,,0.12,0.003,3.867966700005757,-0.3120264047901517,0.43663499486632545,-1.2398689784889245,-1.0,0.0,-3.813568338838391,1,1,316,-104.76262563218393,36,11
True,False,2.0,24.0,,20,80,sma_state,540,1,24,0.02,50,8,False,,,,,,,,,,,,,,,,,,,,,,,,,0.12,0.0005,12.528416509279591,-0.2320324554382243,0.27347167684340584,-4.441113011620121,-0.6099342749247997,0.0,-11.81905660313618,1,0,317,-108.1493974111643,153,11
True,False,3.0,4.0,,10,150,sma_slope_state,540,6,12,0.005,50,235,True,,,,,,,,,,,,,,,,,,,,,,,,,0.12,0.002,7.113572922798538,-0.294833341495847,0.15822821247510835,-2.4865804999261854,-0.7113572922798538,0.0,-6.893773601146852,0,0,318,-110.92884737975663,66,11
True,False,1.5,8.0,,20,150,ema_state,540,6,6,0.0025,200,291,True,,,,,,,,,,,,,,,,,,,,,,,,,0.05,0.0005,5.5744562986965,-0.341596001224431,0.3241731196741261,-1.731604527659934,-1.0,0.0,-5.447297234162761,1,1,319,-114.05152822563741,39,11
True,True,2.0,4.0,,80,400,ema_state,540,2,48,0.0025,150,318,False,,,,,,,,,,,,,,,,,,,,,,,,,0.12,0.0005,6.060681020981669,-0.5079847537812339,0.09878347328159087,-2.1006986193819004,-1.0,0.0,-5.909115036599629,0,0,320,-141.69342153159312,37,11
True,False,3.0,6.0,,50,150,sma_slope_state,540,4,18,0.0,300,139,False,,,,,,,,,,,,,,,,,,,,,,,,,0.12,0.003,,,,,,,,,,321,-999981,,
True,False,3.0,8.0,,80,400,sma_slope_state,540,3,36,0.0,300,393,False,,,,,,,,,,,,,,,,,,,,,,,,,0.12,0.002,,,,,,,,,,322,-999981,,
True,False,6.0,16.0,,20,300,sma_slope_state,72,3,12,0.01,200,31,False,,,,,,,,,,,,,,,,,,,,,,,,,0.05,0.0,,,,,,,,,,323,-999982,,
True,False,4.0,6.0,,100,150,ema_state,168,6,12,0.005,300,260,False,,,,,,,,,,,,,,,,,,,,,,,,,0.2,0.0,,,,,,,,,,324,-999982,,
True,False,6.0,6.0,,20,150,sma_slope_state,540,3,12,0.005,150,368,False,,,,,,,,,,,,,,,,,,,,,,,,,0.2,0.0,,,,,,,,,,325,-999982,,
True,False,5.0,8.0,,30,400,ema_state,240,6,18,0.01,300,122,True,,,,,,,,,,,,,,,,,,,,,,,,,0.2,0.001,,,,,,,,,,326,-999983,,
True,False,1.5,8.0,,30,80,sma_slope_state,360,3,24,0.01,300,345,False,,,,,,,,,,,,,,,,,,,,,,,,,1.0,0.0,,,,,,,,,,327,-999983,,
True,False,3.0,16.0,,50,300,ema_state,240,6,18,0.005,400,380,False,,,,,,,,,,,,,,,,,,,,,,,,,1.0,0.0005,,,,,,,,,,328,-999983,,
True,False,2.5,16.0,,80,200,ema_state,168,1,12,0.0025,80,147,True,,,,,,,,,,,,,,,,,,,,,,,,,1.0,0.001,,,,,,,,,,329,-999984,,
True,False,6.0,12.0,,30,100,sma_slope_state,540,6,18,0.005,200,172,False,,,,,,,,,,,,,,,,,,,,,,,,,0.2,0.002,,,,,,,,,,330,-999984,,
True,False,2.0,16.0,,80,300,ema_state,360,6,24,0.01,150,289,False,,,,,,,,,,,,,,,,,,,,,,,,,0.2,0.003,,,,,,,,,,331,-999984,,
True,False,2.5,12.0,,50,400,ema_state,72,2,36,0.001,100,104,False,,,,,,,,,,,,,,,,,,,,,,,,,1.0,0.002,,,,,,,,,,332,-999985,,
False,True,3.0,12.0,,100,300,ema_state,120,6,36,0.0025,150,227,False,,,,,,,,,,,,,,,,,,,,,,,,,1.0,0.001,,,,,,,,,,333,-999985,,
True,False,5.0,4.0,,80,400,sma_slope_state,360,6,6,0.005,300,280,False,,,,,,,,,,,,,,,,,,,,,,,,,0.04,0.0,,,,,,,,,,334,-999985,,
True,False,5.0,24.0,,10,150,sma_slope_state,168,4,6,0.01,150,15,False,,,,,,,,,,,,,,,,,,,,,,,,,0.2,0.001,,,,,,,,,,335,-999987,,
True,False,4.0,24.0,,100,400,sma_slope_state,540,1,48,0.01,150,30,False,,,,,,,,,,,,,,,,,,,,,,,,,0.04,0.0,,,,,,,,,,336,-999987,,
True,False,2.0,6.0,,100,400,ema_state,168,2,6,0.0025,80,248,False,,,,,,,,,,,,,,,,,,,,,,,,,0.2,0.0,,,,,,,,,,337,-999987,,
True,False,5.0,24.0,,30,150,sma_slope_state,120,6,36,0.02,400,349,False,,,,,,,,,,,,,,,,,,,,,,,,,1.0,0.0,,,,,,,,,,338,-999987,,
True,False,5.0,8.0,,100,400,ema_state,120,2,24,0.001,80,170,False,,,,,,,,,,,,,,,,,,,,,,,,,1.0,0.0005,,,,,,,,,,339,-999988,,
True,False,6.0,16.0,,80,200,ema_state,540,2,18,0.0,100,63,False,,,,,,,,,,,,,,,,,,,,,,,,,1.0,0.003,,,,,,,,,,340,-999990,,
True,False,2.5,12.0,,80,150,sma_slope_state,540,2,12,0.01,150,82,True,,,,,,,,,,,,,,,,,,,,,,,,,0.04,0.0005,,,,,,,,,,341,-999990,,
True,True,4.0,24.0,,30,150,sma_slope_state,360,1,6,0.01,100,186,True,,,,,,,,,,,,,,,,,,,,,,,,,0.04,0.002,,,,,,,,,,342,-999993,,
True,False,4.0,4.0,,100,200,sma_slope_state,72,1,12,0.02,150,206,False,,,,,,,,,,,,,,,,,,,,,,,,,0.05,0.003,,,,,,,,,,343,-999995,,
True,False,1.5,16.0,,50,150,sma_slope_state,540,1,6,0.005,400,276,False,,,,,,,,,,,,,,,,,,,,,,,,,0.04,0.001,,,,,,,,,,344,-999995,,
True,False,6.0,16.0,,20,200,sma_slope_state,120,6,12,0.02,100,363,False,,,,,,,,,,,,,,,,,,,,,,,,,0.04,0.0005,,,,,,,,,,345,-999996,,
False,True,6.0,8.0,,50,300,sma_slope_state,48,4,12,0.02,400,343,False,,,,,,,,,,,,,,,,,,,,,,,,,0.2,0.002,,,,,,,,,,346,-999998,,
True,False,5.0,8.0,,100,150,sma_slope_state,120,2,6,0.02,50,358,False,,,,,,,,,,,,,,,,,,,,,,,,,0.04,0.003,,,,,,,,,,347,-999999,,
True,False,4.0,24.0,,80,100,sma_slope_state,540,4,12,0.02,300,2,True,,,,,,,,,,,,,,,,,,,,,,,,,0.05,0.0005,,,,,,,,,,348,-1000000,,
True,False,6.0,4.0,,30,80,sma_slope_state,720,3,12,0.01,100,39,False,,,,,,,,,,,,,,,,,,,,,,,,,0.12,0.0,,,,,,,,,,349,-1000000,,
True,False,4.0,12.0,,80,200,ema_state,720,6,48,0.001,80,45,False,,,,,,,,,,,,,,,,,,,,,,,,,0.12,0.001,,,,,,,,,,350,-1000000,,
True,False,2.0,16.0,,30,400,sma_state,720,4,18,0.01,400,56,False,,,,,,,,,,,,,,,,,,,,,,,,,0.2,0.003,,,,,,,,,,351,-1000000,,
True,False,2.5,4.0,,50,300,sma_slope_state,720,4,24,0.0025,300,71,False,,,,,,,,,,,,,,,,,,,,,,,,,0.2,0.0,,,,,,,,,,352,-1000000,,
True,False,2.0,4.0,,10,100,ema_state,720,1,18,0.02,300,73,False,,,,,,,,,,,,,,,,,,,,,,,,,0.2,0.0,,,,,,,,,,353,-1000000,,
True,True,2.5,16.0,,30,400,sma_slope_state,720,1,18,0.01,100,83,False,,,,,,,,,,,,,,,,,,,,,,,,,0.08,0.002,,,,,,,,,,354,-1000000,,
True,True,4.0,6.0,,80,200,ema_state,720,1,12,0.0025,400,98,True,,,,,,,,,,,,,,,,,,,,,,,,,0.05,0.002,,,,,,,,,,355,-1000000,,
True,False,2.5,8.0,,30,300,ema_state,720,3,48,0.005,400,105,False,,,,,,,,,,,,,,,,,,,,,,,,,0.08,0.001,,,,,,,,,,356,-1000000,,
True,False,2.0,4.0,,50,400,sma_slope_state,120,3,6,0.02,200,108,True,,,,,,,,,,,,,,,,,,,,,,,,,0.04,0.003,,,,,,,,,,357,-1000000,,
True,False,3.0,24.0,,20,300,sma_state,720,2,24,0.0,100,116,False,,,,,,,,,,,,,,,,,,,,,,,,,1.0,0.0005,,,,,,,,,,358,-1000000,,
True,False,1.5,6.0,,30,300,sma_state,720,1,12,0.01,100,126,True,,,,,,,,,,,,,,,,,,,,,,,,,0.04,0.001,,,,,,,,,,359,-1000000,,
True,False,5.0,8.0,,80,100,sma_slope_state,720,6,6,0.005,80,129,False,,,,,,,,,,,,,,,,,,,,,,,,,1.0,0.0005,,,,,,,,,,360,-1000000,,
True,False,6.0,4.0,,50,80,sma_slope_state,720,2,48,0.0025,400,132,False,,,,,,,,,,,,,,,,,,,,,,,,,0.2,0.001,,,,,,,,,,361,-1000000,,
True,False,4.0,24.0,,100,400,sma_slope_state,720,2,18,0.005,80,149,False,,,,,,,,,,,,,,,,,,,,,,,,,0.12,0.0,,,,,,,,,,362,-1000000,,
True,False,6.0,4.0,,30,80,sma_state,720,1,6,0.0025,50,153,True,,,,,,,,,,,,,,,,,,,,,,,,,1.0,0.003,,,,,,,,,,363,-1000000,,
True,False,2.0,8.0,,10,150,sma_slope_state,720,6,6,0.0025,150,174,False,,,,,,,,,,,,,,,,,,,,,,,,,0.2,0.001,,,,,,,,,,364,-1000000,,
True,False,2.5,24.0,,10,400,ema_state,720,6,18,0.001,80,178,True,,,,,,,,,,,,,,,,,,,,,,,,,0.04,0.0005,,,,,,,,,,365,-1000000,,
True,True,3.0,6.0,,10,300,sma_slope_state,120,1,6,0.02,400,189,False,,,,,,,,,,,,,,,,,,,,,,,,,1.0,0.0,,,,,,,,,,366,-1000000,,
True,True,5.0,16.0,,80,100,sma_state,720,2,12,0.0025,200,191,False,,,,,,,,,,,,,,,,,,,,,,,,,1.0,0.001,,,,,,,,,,367,-1000000,,
True,False,6.0,16.0,,20,200,sma_slope_state,720,4,24,0.0,50,199,False,,,,,,,,,,,,,,,,,,,,,,,,,0.04,0.003,,,,,,,,,,368,-1000000,,
True,False,3.0,12.0,,50,150,sma_slope_state,540,6,6,0.02,200,212,True,,,,,,,,,,,,,,,,,,,,,,,,,1.0,0.002,,,,,,,,,,369,-1000000,,
False,True,1.5,16.0,,20,200,sma_state,720,1,6,0.0,300,215,False,,,,,,,,,,,,,,,,,,,,,,,,,0.08,0.003,,,,,,,,,,370,-1000000,,
True,False,4.0,4.0,,30,400,sma_slope_state,720,2,24,0.001,150,221,False,,,,,,,,,,,,,,,,,,,,,,,,,0.2,0.003,,,,,,,,,,371,-1000000,,
False,True,5.0,4.0,,100,200,ema_state,720,4,6,0.0,100,229,False,,,,,,,,,,,,,,,,,,,,,,,,,0.12,0.002,,,,,,,,,,372,-1000000,,
True,False,2.5,12.0,,30,200,sma_slope_state,720,6,6,0.01,150,231,False,,,,,,,,,,,,,,,,,,,,,,,,,1.0,0.002,,,,,,,,,,373,-1000000,,
True,False,5.0,4.0,,20,200,ema_state,720,6,12,0.0,80,236,False,,,,,,,,,,,,,,,,,,,,,,,,,1.0,0.002,,,,,,,,,,374,-1000000,,
True,False,1.5,6.0,,10,150,sma_slope_state,48,6,6,0.02,100,242,False,,,,,,,,,,,,,,,,,,,,,,,,,0.04,0.001,,,,,,,,,,375,-1000000,,
True,False,1.5,8.0,,10,100,sma_state,720,2,12,0.0,200,244,False,,,,,,,,,,,,,,,,,,,,,,,,,1.0,0.001,,,,,,,,,,376,-1000000,,
True,False,1.5,6.0,,30,150,sma_state,720,6,24,0.0025,80,256,False,,,,,,,,,,,,,,,,,,,,,,,,,0.05,0.003,,,,,,,,,,377,-1000000,,
True,True,3.0,4.0,,80,300,sma_state,720,2,12,0.001,200,258,True,,,,,,,,,,,,,,,,,,,,,,,,,0.08,0.003,,,,,,,,,,378,-1000000,,
False,True,5.0,24.0,,100,200,sma_state,720,2,24,0.005,50,264,False,,,,,,,,,,,,,,,,,,,,,,,,,0.08,0.002,,,,,,,,,,379,-1000000,,
True,True,6.0,16.0,,10,100,sma_state,720,1,12,0.005,150,267,True,,,,,,,,,,,,,,,,,,,,,,,,,0.08,0.002,,,,,,,,,,380,-1000000,,
True,False,3.0,24.0,,50,400,sma_slope_state,360,2,6,0.01,300,271,False,,,,,,,,,,,,,,,,,,,,,,,,,0.05,0.001,,,,,,,,,,381,-1000000,,
True,False,3.0,4.0,,20,100,ema_state,720,3,48,0.0,100,272,True,,,,,,,,,,,,,,,,,,,,,,,,,0.05,0.003,,,,,,,,,,382,-1000000,,
True,False,4.0,6.0,,20,200,sma_state,720,1,36,0.001,80,273,False,,,,,,,,,,,,,,,,,,,,,,,,,0.2,0.002,,,,,,,,,,383,-1000000,,
False,True,5.0,4.0,,20,150,sma_slope_state,720,2,36,0.02,400,283,False,,,,,,,,,,,,,,,,,,,,,,,,,0.04,0.001,,,,,,,,,,384,-1000000,,
True,False,5.0,4.0,,100,300,sma_slope_state,720,1,6,0.02,200,299,False,,,,,,,,,,,,,,,,,,,,,,,,,0.12,0.001,,,,,,,,,,385,-1000000,,
True,False,5.0,8.0,,50,300,sma_slope_state,720,4,24,0.02,300,303,True,,,,,,,,,,,,,,,,,,,,,,,,,0.12,0.0005,,,,,,,,,,386,-1000000,,
True,False,5.0,24.0,,20,400,sma_slope_state,48,2,6,0.01,400,327,False,,,,,,,,,,,,,,,,,,,,,,,,,0.05,0.001,,,,,,,,,,387,-1000000,,
True,False,1.5,12.0,,20,200,ema_state,720,1,18,0.005,100,329,False,,,,,,,,,,,,,,,,,,,,,,,,,0.08,0.001,,,,,,,,,,388,-1000000,,
True,False,2.0,8.0,,50,200,ema_state,720,1,24,0.001,100,337,True,,,,,,,,,,,,,,,,,,,,,,,,,0.2,0.0,,,,,,,,,,389,-1000000,,
True,False,1.5,24.0,,50,200,ema_state,720,1,36,0.01,300,341,True,,,,,,,,,,,,,,,,,,,,,,,,,1.0,0.0,,,,,,,,,,390,-1000000,,
True,True,2.0,12.0,,30,150,ema_state,720,3,24,0.005,200,344,False,,,,,,,,,,,,,,,,,,,,,,,,,0.2,0.002,,,,,,,,,,391,-1000000,,
True,False,2.5,24.0,,20,100,sma_slope_state,240,6,6,0.02,150,348,False,,,,,,,,,,,,,,,,,,,,,,,,,0.05,0.0005,,,,,,,,,,392,-1000000,,
True,False,3.0,12.0,,100,150,sma_slope_state,720,2,24,0.02,400,354,True,,,,,,,,,,,,,,,,,,,,,,,,,0.2,0.0005,,,,,,,,,,393,-1000000,,
True,False,2.5,4.0,,50,200,ema_state,720,2,24,0.0,80,377,True,,,,,,,,,,,,,,,,,,,,,,,,,0.04,0.0005,,,,,,,,,,394,-1000000,,
True,True,1.5,8.0,,20,100,sma_state,720,4,12,0.0025,100,378,True,,,,,,,,,,,,,,,,,,,,,,,,,0.12,0.0005,,,,,,,,,,395,-1000000,,
True,False,1.5,4.0,,100,300,sma_state,720,3,18,0.0,50,381,False,,,,,,,,,,,,,,,,,,,,,,,,,0.2,0.002,,,,,,,,,,396,-1000000,,
True,True,5.0,4.0,,20,100,sma_state,720,2,18,0.02,150,384,False,,,,,,,,,,,,,,,,,,,,,,,,,0.2,0.0,,,,,,,,,,397,-1000000,,
True,False,4.0,16.0,,50,400,ema_state,720,2,18,0.0,100,386,False,,,,,,,,,,,,,,,,,,,,,,,,,0.04,0.003,,,,,,,,,,398,-1000000,,
True,False,2.0,12.0,,30,100,sma_slope_state,720,3,18,0.01,400,388,False,,,,,,,,,,,,,,,,,,,,,,,,,0.05,0.003,,,,,,,,,,399,-1000000,,
True,False,4.0,8.0,,10,80,sma_state,720,3,12,0.01,100,398,False,,,,,,,,,,,,,,,,,,,,,,,,,1.0,0.002,,,,,,,,,,400,-1000000,,
