allow_long,allow_short,atr_stop_mult,atr_tp_mult,bb_lookback,bb_std,break_even_atr,deploy_score,donchian_lookback,ema_fast,ema_slow,exit_on_flat_signal,family,max_holding_bars,min_holding_bars,pullback_depth,rsi_high,rsi_low,slope_bars,slope_min,stress_alpha,stress_avg_drawdown,stress_avg_drawdown_r,stress_avg_holding_bars,stress_avg_loss,stress_avg_loss_r,stress_avg_pnl,stress_avg_r_multiple,stress_avg_trade_return,stress_avg_win,stress_avg_win_r,stress_best_month,stress_best_trade,stress_best_trade_r,stress_beta,stress_cagr,stress_cagr_pct,stress_calmar_ratio,stress_cvar_95,stress_expectancy,stress_expectancy_r,stress_exposure_pct,stress_gross_loss,stress_gross_profit,stress_losing_trades,stress_max_consecutive_losses,stress_max_consecutive_wins,stress_max_drawdown,stress_max_drawdown_duration,stress_max_drawdown_pct,stress_max_drawdown_r,stress_median_pnl,stress_median_r_multiple,stress_median_trade_return,stress_pass,stress_payoff_ratio,stress_profit_factor,stress_profitable_months,stress_recovery_factor,stress_sharpe_ratio,stress_sortino_ratio,stress_total_fees,stress_total_months,stress_total_return,stress_total_return_pct,stress_total_slippage,stress_total_trades,stress_trades_per_day,stress_trades_per_week,stress_ulcer_index,stress_var_95,stress_win_rate,stress_winning_trades,stress_worst_month,stress_worst_trade,stress_worst_trade_r,trail_atr_mult,trend_strength_max,trial,use_break_even,use_mid_target,use_trailing_stop,validation_alpha,validation_avg_drawdown,validation_avg_drawdown_r,validation_avg_holding_bars,validation_avg_loss,validation_avg_loss_r,validation_avg_pnl,validation_avg_r_multiple,validation_avg_trade_return,validation_avg_win,validation_avg_win_r,validation_best_month,validation_best_trade,validation_best_trade_r,validation_beta,validation_cagr,validation_cagr_pct,validation_calmar_ratio,validation_cvar_95,validation_expectancy,validation_expectancy_r,validation_exposure_pct,validation_gross_loss,validation_gross_profit,validation_losing_trades,validation_max_consecutive_losses,validation_max_consecutive_wins,validation_max_drawdown,validation_max_drawdown_duration,validation_max_drawdown_pct,validation_max_drawdown_r,validation_median_pnl,validation_median_r_multiple,validation_median_trade_return,validation_pass,validation_payoff_ratio,validation_profit_factor,validation_profitable_months,validation_recovery_factor,validation_sharpe_ratio,validation_sortino_ratio,validation_total_fees,validation_total_months,validation_total_return,validation_total_return_pct,validation_total_slippage,validation_total_trades,validation_trades_per_day,validation_trades_per_week,validation_ulcer_index,validation_var_95,validation_win_rate,validation_winning_trades,validation_worst_month,validation_worst_trade,validation_worst_trade_r,volatility_max,volatility_min,volume_lookback,volume_min,wf_gate_windows,wf_max_dd_r,wf_mean_exp_r,wf_mean_pf,wf_mean_win_rate,wf_positive_exp,wf_rank,wf_score,wf_total_trades,wf_windows
True,True,1.0,6.0,40,1.8,0.5,-145.37731005179677,40,14,150,True,range_bb_reversion,96,8,0.005,58.1468215915154,37.907546949359194,24,0.005,0.0,-0.2713348605448078,31.61655913258817,8,-640.823605939564,-0.8668980828721911,-159.47492603878598,-0.21333532016752535,-0.00423351768744373,255.27204972477747,0.34979737474152617,0.0,1393.0161506443505,2.668458084225775,0.0,-0.36317530694800415,-36.31753069480042,-0.7576629311102755,-9.69589659184343e-05,-159.47492603878598,-0.21333532016752535,0.19115158352808445,87792.83401372022,40588.2559062396,137,7,7,-0.47933624839717165,12382,47.93362483971716,64.58282036013102,133.57320896280612,0.21453088629724415,0.004939999999999946,False,0.39834994740947816,0.46231855210297107,0,0.9847904944665807,-3.664481259151045,-1.757164022204387,22491.74327791705,17,-0.47204578107480644,-47.20457810748064,112500.7042960661,296,0.5725338491295938,4.007736943907156,0.3037403990332246,0.0,0.5371621621621622,159,-0.08656897126748253,-1002.624754456231,-1.0000000000000002,3.0,0.04,618,True,False,True,0.0,-0.03069747855214549,3.3332214199956844,8,-920.2928725369717,-0.9029485962527335,13.914028515182373,0.01649493306806152,0.00023995719282961255,469.2812114401017,0.46466589962141386,0.05045169094814361,4314.367523019086,4.28945198854791,0.0,0.02892391574396469,2.892391574396469,0.34496121248351147,-7.150767117214853e-05,13.914028515182281,0.01649493306806152,0.1909904101861552,89268.40863608623,93386.9610765802,97,5,11,-0.0838468636393351,4192,8.384686363933511,8.740923443281766,142.7764872498736,0.13920930206048931,0.001988000000000107,False,0.5099259436253527,1.0461367297056203,10,0.4911993438669044,0.24744120960134924,0.1360548437160538,44367.287202578824,17,0.04118552440493921,4.118552440493921,88731.17838325055,296,0.5725338491295938,4.007736943907156,0.03708840180772848,0.0,0.6722972972972973,199,-0.04394506817290056,-1080.0712333647957,-1.0000000000000002,0.04,0.0005,150,0.0,0,11.39221420142773,0.054907640019550195,1.2306843659921816,0.6621392812873068,9,1,137.10299958562473,428,11
True,False,4.0,1.3,20,1.5,0.5,55.621560613367095,16,8,50,True,channel_reclaim,36,8,0.0025,71.87127803996249,30.551811625264122,36,0.005,0.0,-0.0353927034337624,3.4948950546300663,8,-300.0817051597099,-0.30788391128248255,-81.38882478279108,-0.08385529362087965,-0.004060715570728486,154.12658485389062,0.15740629463007733,0.004785346311456884,474.33323584468747,0.4730938760425455,0.0,-0.0470385688379128,-4.70385688379128,-0.6465578723370367,-1.0454462182766812e-05,-81.38882478279115,-0.08385529362087965,0.052220162785075346,12603.431616707809,6010.936809301733,42,4,6,-0.07275229465212142,11389,7.275229465212142,7.5284157223440085,-145.68811626927123,-0.14914227317621326,-0.008305034947713548,False,0.5136153994188388,0.4769285851746362,3,0.9061562716240441,-2.0212529106039647,-0.6674866297574085,3548.101497856538,17,-0.06592494807406023,-6.592494807406022,17725.6525542159,81,0.15667311411992263,1.0967117988394584,0.04117141328748179,0.0,0.48148148148148145,39,-0.011397172872582018,-399.2922469800241,-0.40995065296601785,1.0,0.006,745,True,True,True,0.0,-0.008288164666075735,0.8729000800692777,8,-285.1251381627842,-0.28046950669206927,11.829545627319922,0.012137061325914467,0.000268731813262124,177.43888851026261,0.17532149348979006,0.007803928785482084,789.516165583223,0.7864170260097497,0.0,0.006759959942080229,0.6759959942080229,0.3772198874509185,-6.582725553633877e-06,11.829545627319916,0.012137061325914467,0.052220162785075346,8268.62900672074,9226.822202533658,29,3,10,-0.017920476006079593,5330,1.7920476006079593,1.8033301389601846,45.81694660278957,0.04547227773174641,0.001988000000000013,False,0.6223193424950095,1.1158829589565695,7,0.5346918215162928,0.28253620807221386,0.08609623172216016,4304.4858824316525,17,0.009581931958129716,0.9581931958129717,8619.552651946706,81,0.15667311411992263,1.0967117988394584,0.00982559066219901,0.0,0.6419753086419753,52,-0.005399782705905687,-387.2042373670296,-0.38025962650845613,0.05,0.0,30,0.75,0,1.3469836022859925,0.034022781463171656,1.8782757970189061,0.6577033655277392,6,2,129.43494124422477,144,11
True,True,5.0,2.2,20,1.5,0.5,-79.13913364524899,10,80,200,True,trend_bb_reversion,120,6,0.008,69.80084605422043,29.078463422242088,18,0.001,0.0,-0.1460875927021981,16.032345374258426,6,-220.9700006928886,-0.254975145712316,-94.93190009334252,-0.10816268031109906,-0.005358389364308004,105.16982663171007,0.12492102764547212,0.004210154322672244,860.6036075584253,1.116243567897788,0.0,-0.1749292394755655,-17.492923947556548,-0.7318832920493383,-3.1895193274061135e-05,-94.9319000933425,-0.10816268031109906,0.12136352647272142,34029.38010670483,10201.47318327588,154,14,5,-0.23901247832253153,12318,23.90124783225315,27.245808986807578,-174.72253494229614,-0.20839597934013993,-0.010300862291848385,False,0.4759461750551314,0.2997842790931674,2,0.996931502934954,-5.127328806460568,-2.212478201133186,8367.719862999855,17,-0.2382790692342895,-23.827906923428948,41842.06746359916,251,0.48549323017408125,3.398452611218569,0.1629611924637436,0.0,0.38645418326693226,97,-0.03727508410670688,-367.04550620433366,-0.3936167106357671,1.0,0.025,427,True,False,True,0.0,-0.062268351415756776,6.453068385523055,6,-206.02981154817772,-0.21770854536106493,-33.082691420765606,-0.034318835513431595,-0.0012186945569160007,110.82951072905178,0.11828282085613195,0.006837809386272431,1141.0921275295261,1.2616073213897516,0.0,-0.05940615194584209,-5.940615194584209,-0.5963247155745752,-2.022555143929703e-05,-33.08269142076561,-0.034318835513431595,0.12136352647272142,23487.39851649226,15183.642969880091,114,6,12,-0.09962047588217542,12218,9.962047588217542,10.45233400625418,28.839250277803323,0.03102630119714503,0.0019879999999999546,False,0.5379294864963537,0.6464591197368461,7,0.8335390363355961,-1.8153026386675244,-0.7749659118815164,10526.07241472276,17,-0.08303755546612199,-8.303755546612198,21050.604783569604,251,0.48549323017408125,3.398452611218569,0.06915980821120837,0.0,0.545816733067729,137,-0.021092345430185788,-343.8993314833358,-0.3590503484639547,0.05,0.001,50,0.0,0,6.249429161745688,0.010144936592171345,1.7649315517301893,0.6387586419280106,6,3,117.33541336959611,410,11
False,True,1.5,12.0,20,2.2,0.75,-139.4984089813569,8,80,130,True,trend_state_tp,18,6,0.012,73.3065338421774,26.2165051549082,6,0.0005,0.0,-0.22200297984490658,25.779242327758666,6,-441.9154340341709,-0.5640946201061668,-136.20287156387974,-0.16918139005645005,-0.004701908027246464,386.17975945331676,0.5056217991547164,0.02611602161885007,2795.4449041841135,3.4541475159879265,0.0,-0.2866117202630848,-28.661172026308478,-0.7542294370781978,-8.068318012083327e-05,-136.20287156387977,-0.16918139005645005,0.1389314207430091,77777.11639001407,39776.51522369163,176,12,6,-0.3800060116632244,12398,38.00060116632244,47.20160782574956,-367.5474083329763,-0.47343072167447714,-0.011373747166605767,False,0.8738770581691329,0.511416687451254,1,1.0,-2.9950756381850008,-2.981131340338022,16835.400407625235,17,-0.3800060116632244,-38.00060116632244,84284.40602205033,279,0.539651837524178,3.777562862669246,0.2428164787489774,0.0,0.36917562724014336,103,-0.07892499987883295,-624.769560933476,-0.6529229163400134,1.0,0.04,447,True,False,True,0.0,-0.051674996606625695,4.750209428269751,6,-537.1480663443344,-0.5488094861934096,-5.181223888189589,-0.0018557692184001508,-0.00031006405192986745,609.2610980185201,0.6298969736442076,0.07718278421481872,4829.2063761876425,5.034824515632505,0.0,-0.010197639654526025,-1.0197639654526025,-0.10509917641714124,-6.659129323312764e-05,-5.18122388818972,-0.0018557692184001508,0.13844790071722138,80035.06188530583,78594.68164438913,149,9,6,-0.09702873040651946,5191,9.702873040651946,10.022041384164693,-300.0960264670091,-0.2997827499511909,-0.005884804282123834,False,1.1342516825294837,0.9820031345389495,7,0.14844883931614353,-0.025837638039324446,-0.021371248845089227,27867.38293905397,17,-0.014403802409166819,-1.440380240916682,55682.240309683744,278,0.5377176015473888,3.7640232108317218,0.057685883710668955,0.0,0.46402877697841727,129,-0.05350623654671138,-706.4711111208705,-0.666588966961491,0.2,0.0005,100,0.25,0,18.77216370813524,0.04724680563770243,1.4294473882803795,0.5231609954652419,7,4,101.194684588139,477,11
True,False,2.5,12.0,55,1.8,0.5,-54.96198334940552,55,14,300,True,trend_state_tp,48,6,0.005,63.048911725771404,33.67346033090243,18,0.0005,0.0,-0.16459018510188075,17.794187118061263,6,-370.61211128860134,-0.4400259795666399,-93.67946323002828,-0.10969739123982662,-0.00348414260188819,225.56233939304897,0.2710980647480276,0.007464110825843306,2640.5814555252614,2.964210378083811,0.0,-0.21523179459182762,-21.523179459182764,-0.7326351299372198,-5.955994178739575e-05,-93.67946323002825,-0.10969739123982662,0.15706342171004917,61521.61047390783,32480.976872599054,166,7,5,-0.2937776060646601,12401,29.37776060646601,34.48655465244069,-272.53913263695006,-0.3393554231073054,-0.01058215168178317,False,0.6086210690977665,0.5279604454823998,2,0.9885244144482829,-3.062010381088679,-3.677154483988533,16312.212882743432,17,-0.2904063360130864,-29.04063360130864,81499.14157814492,310,0.5996131528046421,4.1972920696324945,0.18402347001267413,0.0,0.4645161290322581,144,-0.03808753078555294,-477.8445649972054,-0.5122149611466118,1.0,0.01,64,True,False,True,0.0,-0.02062352232821297,1.843644752428993,6,-416.310106199279,-0.40714050820533476,32.249118764022086,0.03204638010970346,0.000994017784833405,318.56351767676745,0.3123784364810044,0.06651488936088046,3840.0887177152263,3.8671484169957004,0.0,0.06919124896999373,6.9191248969993735,1.3941995742128819,-3.9981064635548415e-05,32.24911876402206,0.03204638010970346,0.1575469417358369,49957.212743913486,59889.94132323228,120,5,8,-0.04962793724066139,6942,4.962793724066139,4.969331450107431,69.00907775173691,0.06734292491706306,0.0019879999999999724,False,0.7652072648082141,1.198824714866202,8,2.001438933710252,0.7666878235530564,0.7605381485897685,24282.667969859962,17,0.09932728579318864,9.932728579318864,48634.09813079706,308,0.5957446808510638,4.170212765957446,0.0256185720582349,0.0,0.6103896103896104,188,-0.020811015948664746,-516.8614102908891,-0.5155716103912734,0.12,0.0005,75,0.25,0,5.393685047089442,0.022449905177995236,1.268196997989701,0.6049169168682035,6,5,96.7421998511012,644,11
True,False,4.0,3.0,20,1.8,1.25,17.085540485726025,8,30,400,True,trend_state_tp,48,8,0.018,60.750592654284866,29.171922422150367,36,0.01,0.0,-0.07062774419717995,6.322651702323546,8,-287.4756832056142,-0.3049112733330629,-65.91811541406055,-0.06850172979955374,-0.0033752894091097036,191.96036513020684,0.20666347660830103,0.012114066847435101,950.9801927616164,1.0443090222406781,0.0,-0.06228815085276973,-6.228815085276973,-0.6130404713581441,-1.753357123726211e-05,-65.91811541406052,-0.06850172979955374,0.08638891127407526,20410.773507598617,11709.582272942618,71,8,8,-0.1016052834403822,12156,10.16052834403822,10.671221661676167,-60.35183221467746,-0.06128957755793292,-0.005028433291703544,False,0.6677447044900457,0.5736961545618701,2,0.8563719267376007,-1.8078184410317102,-0.4420653207298776,5001.00329326067,17,-0.08701191234656012,-8.701191234656012,24987.047698090024,132,0.2553191489361702,1.7872340425531914,0.07627666879076456,0.0,0.4621212121212121,61,-0.02421412993555705,-453.6263260521978,-0.4571953464049423,1.5,0.01,29,True,False,True,0.0,-0.018414482651135374,1.4441082006168344,8,-270.5512137658195,-0.27279546230791235,12.974852844331453,0.013393247070325104,0.0008618833304270041,242.1260573648644,0.24469645054040742,0.027499137555897724,1288.853125457859,1.283547409750199,0.0,0.012069549744628816,1.2069549744628816,0.31565801503596225,-1.3048181820970226e-05,12.974852844331423,0.013393247070325104,0.08638891127407526,15962.521612183351,17675.2021876351,59,8,9,-0.03823615802454361,11514,3.823615802454361,3.876565621798585,36.68362209077468,0.03717646617612527,0.001987999999999957,False,0.8949361342523526,1.1072938610240972,3,0.44792172224845234,0.3302031441643688,0.08927662741604478,6013.228205008765,17,0.017126805754517554,1.7126805754517553,12041.987299162769,132,0.2553191489361702,1.7872340425531914,0.020876289358664372,0.0,0.553030303030303,73,-0.010846874223893854,-443.70139665626334,-0.44569497524776236,1.0,0.0005,30,1.0,0,4.294714808059937,0.011087102589892213,1.398956540112457,0.48287150181941174,6,6,86.31868656821096,335,11
True,False,2.5,8.0,55,1.8,0.75,-69.32094710845928,16,14,300,True,trend_reclaim,96,8,0.0,59.3213414135822,22.64852119796348,48,0.0025,0.0,-0.10918339327842082,12.136418092999474,8,-442.7914654731738,-0.4982942615271369,-120.69291159936688,-0.1379114417345017,-0.004506068117419893,268.50950766481645,0.2975511321815992,0.03580312580023781,4418.209175328089,4.737035784722449,0.0,-0.18843573232607147,-18.84357323260715,-0.7092915860766252,-4.694780241808639e-05,-120.69291159936687,-0.1379114417345017,0.13731968732371666,51363.80999488816,25776.91273582239,116,10,7,-0.26566751393229504,11128,26.566751393229502,30.59510656846474,-266.85195501924807,-0.287491552760204,-0.009721481564057855,False,0.6064017231630313,0.5018497019280261,2,0.9631172769428822,-2.5538766714040864,-1.4208311014511399,11810.189676238148,17,-0.2558689725906572,-25.586897259065722,58983.19500546161,212,0.41005802707930367,2.870406189555126,0.13147479826880584,0.0,0.4528301886792453,96,-0.04117528003181914,-597.8590382043776,-0.5968311564134299,1.5,0.025,122,True,False,True,0.0,-0.03937006505280748,4.60284498266397,8,-469.75350692368926,-0.4582317934005576,-9.623953179483175,-0.007722026097860018,-0.00016564442752929333,385.92601407430806,0.37955830017989756,0.06209306558691674,6115.407950860304,6.043774667518219,0.0,-0.014457694924610909,-1.4457694924610909,-0.1386767358183736,-3.65273432188504e-05,-9.623953179483152,-0.007722026097860018,0.13731968732371666,46035.84367852154,43995.565604471114,98,10,7,-0.10425465265887357,8744,10.425465265887357,10.856611025453356,57.31990040801634,0.055181201595765575,0.0019879999999999364,False,0.8215500435572078,0.9556806629134867,4,0.1957013928890476,-0.12296560214731615,-0.07133491372282091,16651.745625239753,17,-0.020402780740505406,-2.0402780740505406,33332.90596307589,212,0.41005802707930367,2.870406189555126,0.04738868685056176,0.0,0.5377358490566038,114,-0.02163192117749413,-672.3701792872798,-0.6290137888808159,0.05,0.0,10,0.0,0,7.757940585089307,0.001943388124711168,1.0839891605355594,0.5593914058771108,6,7,84.61356633384965,360,11
True,False,2.0,12.0,55,2.5,1.0,-35.15064454386753,30,20,400,False,trend_reclaim,120,8,0.0,77.72301978157047,34.42052066609462,24,0.0005,0.0,-0.11976234823369558,11.960239017956944,18,-887.9415549734473,-0.9901315442797564,-178.99853267435822,-0.19638701413296447,-0.005997576493459141,358.0795145219214,0.40493459961460504,0.0365441819356398,2893.024078911633,3.2047692096025076,0.0,-0.15161791561119164,-15.161791561119164,-0.7078482666847483,-4.011228100306905e-05,-178.9985326743582,-0.19638701413296447,0.17503424933515996,44397.07774867238,23633.247958446824,50,7,9,-0.21419550311439434,12350,21.419550311439433,23.679499198911554,103.95674300553345,0.11957275064764786,0.0049399999999999245,False,0.4032692382919609,0.5323153945453885,3,0.9693868213067184,-1.5975812515070742,-2.0461650573998837,7023.675308699145,17,-0.20763829790225602,-20.763829790225603,35050.20852243879,116,0.22437137330754353,1.5705996131528046,0.13137077240436268,0.0,0.5689655172413793,66,-0.05588114396952859,-1002.0262135332698,-1.0000000000000002,1.0,0.015,436,True,False,False,0.0,-0.0885653601427955,9.277628583782226,18,-995.2342082375854,-0.9874754395203819,-47.754506034761235,-0.041160227020144054,-0.0010502273710261336,597.0580690754942,0.602859848153629,0.08733239713779728,4719.717038250855,4.762272612157192,0.0,-0.04117758860872833,-4.117758860872833,-0.26696346628490103,-3.922365153736922e-05,-47.754506034761164,-0.041160227020144054,0.18405995648319767,48766.476203641694,42988.18097343558,49,7,7,-0.15424428361588613,10731,15.424428361588612,16.236537178394933,64.01890792802664,0.06567374586972392,0.001987999999999943,False,0.5999171492836817,0.8815109132331646,5,0.3746197327218841,-0.24718953138604413,-0.35604648607601125,10630.349980028675,17,-0.05778295230206175,-5.778295230206175,21270.508559810274,121,0.23404255319148937,1.6382978723404256,0.09649647051257951,0.0,0.5950413223140496,72,-0.057248642230465774,-1099.5879664226823,-1.0000000000000002,0.08,0.002,100,0.5,0,10.385502030023932,0.007487430192524231,2.061344499271727,0.678617973940221,5,8,64.43538239582205,230,11
True,False,2.0,6.0,40,1.5,1.25,-85.08040280719167,55,50,100,True,trend_reclaim,24,6,0.0,60.538479555074886,23.47102377060597,36,0.0,0.0,-0.09465891199214937,9.46271392463457,6,-382.1972968455428,-0.4173857868106169,-149.29406051278315,-0.1625301680186391,-0.004582840797571712,443.55054106151414,0.4861932252700314,0.03520068602377946,3215.0560198452604,3.3917301810360017,0.0,-0.12683240645547578,-12.683240645547578,-0.6716411172404099,-2.8331641286538856e-05,-149.29406051278318,-0.1625301680186391,0.05657184301716496,32104.5729350256,14637.167855029964,84,12,3,-0.18883955017017948,12099,18.883955017017946,20.754607974377347,-325.69125679457306,-0.34115720940218186,-0.009788086885282113,False,1.160527676993922,0.4559215873904691,1,0.9249865859272708,-2.195817827282912,-0.7885670132958468,7814.93065773556,17,-0.17467405079995588,-17.467405079995586,39027.12528283765,117,0.2263056092843327,1.5841392649903288,0.10969966355057614,0.0,0.28205128205128205,33,-0.02530282120922267,-552.4820191634362,-0.55840882083514,1.0,0.006,124,True,False,True,0.0,-0.041441990791032515,4.098172349262997,6,-393.28328376511814,-0.3861541269258791,0.2937217626774374,0.0026252648255839016,2.9017353287217863e-05,527.6869091699235,0.5235896497725444,0.05680525610049614,4689.068287667578,4.575196183369975,0.0,0.0002427726552061138,0.02427726552061138,0.0027340371055680044,-2.0935690648999744e-05,0.29372176267744976,0.0026252648255839016,0.05657184301716496,26349.980012262913,26384.34545849617,67,10,4,-0.08879640101141827,8908,8.879640101141826,9.225721624588623,-186.84468538979377,-0.17843087264615662,-0.0037015323677782284,False,1.3417476179462429,1.001304192497196,5,0.003870139537396215,0.028822158822069843,0.011799287905114546,11160.751595331589,17,0.0003436544623327791,0.03436544623327791,22344.02758132486,117,0.2263056092843327,1.5841392649903288,0.050528258924460515,0.0,0.42735042735042733,50,-0.02194354461070347,-619.2080164649565,-0.5863020461580426,0.2,0.0005,30,0.5,0,5.991097598162166,-0.019623942571760623,1.135182930693927,0.3934578974409327,6,9,55.451473181583765,209,11
True,False,1.0,2.2,14,2.0,0.5,-147.73915989196388,10,80,400,False,channel_reclaim,14,8,0.008,59.25234694592972,26.382545935706084,6,0.0,0.0,-0.2589143997371472,30.40385300087195,8,-698.4002369046945,-0.9094634772946203,-206.56454041138983,-0.2650539856247896,-0.005226508076178868,204.78895120119216,0.27390668013543246,0.004957612893993657,969.0649083845534,1.0601563693531713,0.0,-0.31717009269529095,-31.717009269529093,-0.7517948031424723,-6.803597325671254e-05,-206.56454041138983,-0.2650539856247896,0.14336368764606333,64252.82179523188,22526.784632131137,92,6,5,-0.42188385895929664,12137,42.18838589592966,54.34094689558097,118.95133503334262,0.17502091294247563,0.004939999999999912,False,0.2932257756795953,0.3505960361386466,1,0.9890408527605329,-3.910226578854506,-1.414087113145269,14905.363156383755,17,-0.41726037163100715,-41.72603716310071,74393.9017425779,202,0.390715667311412,2.735009671179884,0.2831742362281757,0.0,0.5445544554455446,110,-0.06401364453403624,-1003.4280730943501,-1.0000000000000004,1.0,0.025,657,True,False,False,0.0,-0.11098902592460529,11.807594089501729,8,-868.8062953679828,-0.9561335959123387,-82.2678175558635,-0.08818140106753113,-0.0010054354510853644,293.90275878906317,0.3269261703799856,0.017329150620803757,1461.653129820264,1.5083037333306357,0.0,-0.12172042295425467,-12.172042295425467,-0.655902500298786,-5.1329793883971734e-05,-82.26781755586342,-0.08818140106753113,0.14030139414940768,57341.215494286866,40558.58071289069,66,4,10,-0.18557700709908387,12118,18.55770070990839,20.184450124150914,107.94423635118912,0.1257171725032832,0.0019879999999999776,False,0.3382834129494661,0.7073198634397924,6,0.9043488222889386,-1.2795418398870402,-0.6182739434159015,25511.54600713333,17,-0.1678263478139625,-16.78263478139625,51040.788915518795,204,0.3945841392649903,2.762088974854932,0.12391376200944727,0.0,0.6764705882352942,138,-0.03756220744690042,-1016.0896816464124,-1.0000000000000002,0.12,0.003,10,0.0,0,14.423700788433056,-0.034554168196033845,0.937294970807416,0.7136051714508965,4,10,51.253340963077314,444,11
True,False,1.0,12.0,30,2.5,0.75,-17.367958166860724,16,30,80,True,trend_state_tp,18,8,0.008,60.10313582737689,33.738337480499325,48,0.01,0.0,-0.11440172975979866,10.967296751023124,8,-744.3289117671404,-0.8329909214127175,-79.53189471905273,-0.08321303587135255,-0.0018632473275019224,464.39293741120076,0.5302415977534006,0.07375739270784853,4270.2242215331335,5.5427136018792345,0.0,-0.12705374592053498,-12.705374592053499,-0.5291031833120617,-6.711654693567101e-05,-79.53189471905273,-0.08321303587135255,0.1529535014908534,73688.5622649469,56191.545426755285,99,6,7,-0.24013037518543803,12363,24.013037518543804,26.793914285869963,169.81721576961988,0.1927611299515792,0.004939999999999936,False,0.6239082347462055,0.7625545091342512,5,0.7286465456392068,-0.9340276915931597,-0.4375590844729476,18842.124947199216,17,-0.17497016838191615,-17.497016838191616,94219.73939772777,220,0.425531914893617,2.978723404255319,0.13247115990645927,0.0,0.55,121,-0.047785322216557846,-999.9999999999999,-1.0000000000000002,4.0,0.04,617,True,False,True,0.0,-0.030079454338262833,2.685358211972667,8,-954.2112370232373,-0.8329177841790913,157.61311408338,0.14433986944353427,0.0018772536989413848,768.3335322968742,0.681143369320751,0.13107508087557274,9197.709570416657,7.712461236029583,0.0,0.23406594226759392,23.406594226759392,2.769599404459197,-5.29655854932081e-05,157.61311408338014,0.14433986944353427,0.15762752840680153,74428.47648781253,109103.36158615616,78,4,6,-0.084512562318845,4231,8.4512562318845,8.665478257300432,144.60219954847733,0.1251567202169507,0.0019879999999999802,False,0.8052027711324924,1.4658819679591528,9,4.102926730291751,1.1712784619607604,0.6837630439648364,33266.763570039664,17,0.34674885098343655,34.67488509834366,66669.94888380617,220,0.425531914893617,2.978723404255319,0.03629989253936398,0.0,0.6454545454545455,142,-0.025487174120708,-1360.352374730744,-1.0000000000000002,0.2,0.001,100,0.75,0,14.260365514654657,-0.008547814094930118,1.0323580073205512,0.5745201286612548,5,11,51.00907775964613,511,11
True,False,5.0,1.3,20,2.0,0.5,-76.38997863367537,10,80,400,False,trend_bb_reversion,36,4,0.0,60.07423843367003,36.078377231217644,36,0.0,0.0,-0.1329266871787854,12.54990807198215,12,-442.16302449820734,-0.492093189387289,-211.5639586104853,-0.23470679128701363,-0.010580359990378013,73.93964677431342,0.08396208255142265,0.003546605536914882,129.30343040402872,0.14057705414246568,0.0,-0.1449961399733143,-14.499613997331428,-0.7180157726676399,-2.069290461599467e-05,-211.56395861048532,-0.23470679128701363,0.09235232492545734,22992.477273906778,3105.4651645211634,52,8,7,-0.20194004852374056,12400,20.194004852374057,22.44654900581124,-54.749956275711654,-0.06240828080443235,-0.002913015591554846,False,0.1672225913919973,0.13506440073969014,4,0.984797827611081,-3.285417020546697,-0.32760199099522597,3561.4487749613845,17,-0.198870121093856,-19.887012109385598,17725.65106032776,94,0.18181818181818182,1.2727272727272727,0.14589848093132676,0.0,0.44680851063829785,42,-0.0372285185498793,-999.3505015167739,-1.0000000000000002,2.0,0.04,756,True,False,False,0.0,-0.07882769431958478,6.991443793682338,9,-715.2537872310379,-0.7613724743346906,-121.85725286608732,-0.1292877587693679,-0.005413196136281,50.903763468012244,0.054736905255979226,0.0036780672616298915,127.24687225366512,0.14253071835489745,0.0,-0.08950579058485564,-8.950579058485564,-0.6849681136127075,-1.4203558203988867e-05,-121.85725286608728,-0.1292877587693679,0.07607381739060359,16450.837106313873,4021.3973139729674,23,4,13,-0.13067147040287444,12074,13.067147040287445,13.919885598395796,39.66699654174891,0.04260986126944699,0.001987999999999981,False,0.0711688136110065,0.24444940327258757,8,0.9511976680157971,-2.238633333501217,-0.21300233219219603,4720.053631012449,17,-0.12429439792340942,-12.429439792340942,9424.695350939013,102,0.19729206963249515,1.381044487427466,0.08958142484067759,0.0,0.7745098039215687,79,-0.03486667369363383,-1000.490028446686,-1.0000000000000002,0.03,0.0,100,0.25,0,5.399250742225098,-0.10298897804062794,2.899217507352275,0.7904236939531056,3,12,49.508718376453054,133,11
True,False,3.0,4.0,55,1.8,1.25,-34.65485341502856,12,80,150,False,range_bb_reversion,72,8,0.008,64.4831138731777,24.057598377439223,36,0.005,0.0,-0.10823568405029937,11.58091745287167,16,-848.3384184283387,-0.9406835802005165,-227.78483709629617,-0.251415241115762,-0.009071821062649655,177.9617353131163,0.19926021136273134,0.003403692493293198,914.926817644452,0.96554928590856,0.0,-0.14275412276993815,-14.275412276993816,-0.7098442133356828,-2.5884786117527995e-05,-227.7848370962962,-0.251415241115762,0.11515835280844548,28843.50622656352,9254.010236282045,34,4,5,-0.20110627104940593,12276,20.110627104940594,22.272348789716503,74.75590572416215,0.08332430817129716,0.004939999999999954,False,0.2097768195419163,0.3208351357699895,4,0.9740867794952505,-2.5178860712425264,-0.6982356841799997,3738.633465215516,17,-0.19589495990281475,-19.589495990281474,18613.982091441223,86,0.16634429400386846,1.1644100580270793,0.1250130388554307,0.0,0.6046511627906976,52,-0.03748791416071395,-999.4833341855631,-1.0000000000000002,4.0,0.08,514,True,False,False,0.0,-0.07787038262738512,8.417015554699967,16,-917.8014537669113,-0.9751519719651468,-147.44603358090254,-0.15530653000228556,-0.0036546863243726115,244.48918019794405,0.2618078176630299,0.010419485557928931,1102.6792000012506,1.134287921193589,0.0,-0.09134968169712021,-9.134968169712021,-0.6269723765673818,-2.289645145088593e-05,-147.4460335809026,-0.15530653000228556,0.1170118462406318,26616.242159240424,13935.883271282813,29,4,8,-0.14569969126431315,11893,14.569969126431314,15.55154405822261,37.67104383773338,0.04154252426072761,0.0019879999999999794,False,0.26638569724910843,0.5235856807999719,5,0.8703078762846657,-1.4651915484025382,-0.6256066359996807,4604.011195416056,17,-0.12680358887957582,-12.680358887957583,9191.87415755288,86,0.16634429400386846,1.1644100580270793,0.08977715023468735,0.0,0.6627906976744186,57,-0.027590150988711648,-1009.9747263565675,-1.0000000000000002,0.12,0.003,20,0.0,0,6.457341785404638,-0.035886343819044694,0.9534805616295347,0.6897833375774552,4,13,45.43189022708253,199,11
True,False,2.0,3.0,55,2.0,0.5,-74.72627019263703,8,50,300,True,trend_state_tp,18,8,0.0,63.846306308278905,34.82327391153396,3,0.0,0.0,-0.16365345973783446,17.533034828427557,8,-655.753567173598,-0.7756463554724652,-179.3487228185972,-0.21208497130149315,-0.0054113008621030296,191.74557699477188,0.22689968584221137,0.006194664407616957,523.7723403504475,0.6461740511910313,0.0,-0.2251753866883749,-22.51753866883749,-0.7259280123786722,-4.6615634130563164e-05,-179.34872281859717,-0.21208497130149315,0.11717301958256104,48525.763970846245,18215.829814503333,74,4,7,-0.3101896921576773,12348,31.01896921576773,36.866713727876146,120.09227929681383,0.1556937634109451,0.004939999999999911,False,0.2924049316593515,0.3753847095626811,3,0.9771418884201849,-3.4239668355019504,-1.0993659683286225,10953.277396053189,17,-0.3030993415634286,-30.30993415634286,54670.48654220848,169,0.32688588007736946,2.288201160541586,0.18335053218063876,0.0,0.5621301775147929,95,-0.04603431779399847,-1001.9332512885012,-1.0000000000000002,3.0,0.015,453,True,False,True,0.0,-0.07459245393171003,7.718999219784043,8,-718.7185435209415,-0.7469623424790426,-49.37891946741483,-0.0501477897892014,-0.0007821991602976589,237.48091941266793,0.2484870185064448,0.028202588419372843,934.4822297025496,0.9864699959531749,0.0,-0.06006325377365129,-6.00632537736513,-0.4552563008408329,-3.09993323024096e-05,-49.37891946741493,-0.0501477897892014,0.11475541945362237,36654.64571956801,28260.229410107488,51,3,13,-0.1319328335768617,10761,13.19328335768617,13.955521109235631,85.48741351169599,0.08940337977901897,0.001987999999999989,False,0.33042269683104175,0.7709862926057642,6,0.6362643840716102,-0.855303560520563,-0.207321544083255,16249.69801143256,17,-0.08394416309460416,-8.394416309460416,32515.268068468165,170,0.3288201160541586,2.3017408123791103,0.08412514042722834,0.0,0.7,119,-0.02515644712775955,-1027.7626105862894,-1.0000000000000002,0.03,0.003,10,0.0,0,7.822534300754264,-0.06403712145775735,1.4809581095484554,0.7005460448642267,3,14,44.85026562930395,254,11
True,False,2.5,4.0,14,2.5,2.0,-77.14307841300143,10,30,50,True,range_bb_reversion,120,8,0.008,61.758764488801376,33.81366990882086,6,0.0025,0.0,-0.07076515149026665,7.748486925683771,8,-307.04669875345405,-0.3291913183482577,-137.41004311298465,-0.14645608821588138,-0.0045411059478982435,364.4317298234038,0.39413563425906517,0.0028032951820380347,1115.3581526331218,1.2213441053988572,0.0,-0.09409794877632294,-9.409794877632294,-0.6972147623120466,-1.887321027351925e-05,-137.41004311298468,-0.14645608821588138,0.06124586993311306,21800.31561149523,8746.36151576169,71,13,3,-0.1349626454613253,12341,13.49626454613253,14.42523664146702,-249.83875237484867,-0.27129354326830424,-0.007517353224123082,False,1.1868934963408533,0.4012034353828237,2,0.9672271946887856,-2.5108075873526405,-0.5317445903558123,5635.986977457406,17,-0.13053954095733483,-13.053954095733483,28143.363186597067,95,0.18375241779497098,1.2862669245647969,0.0821541144271906,0.0,0.25263157894736843,24,-0.01796430780037872,-489.9109922136862,-0.5046276408794558,1.0,0.01,32,True,False,True,0.0,-0.01763775877820721,1.8661932621082644,8,-337.65060947759963,-0.3388612273809279,4.314153481512815,0.005423289129512498,0.00032473699088807326,417.8529365948582,0.4217673556072544,0.012685404963077573,1756.47904188165,1.7989228198008897,0.0,0.0028937302048255287,0.28937302048255287,0.07542528291669737,-1.4250532813431726e-05,4.3141534815129035,0.005423289129512498,0.06124586993311306,17557.83169283518,17967.6762735789,52,6,4,-0.038365520060713296,9178,3.8365520060713294,3.8905398090014627,-69.79538833539411,-0.07014783190928976,-0.001532442762979848,False,1.2375305267221184,1.02334255094329,11,0.10682628049745918,0.07790102378184219,0.021025407163817893,7524.723826303491,17,0.004098445807436656,0.4098445807436656,15065.408789329887,95,0.18375241779497098,1.2862669245647969,0.02017292649723191,0.0,0.45263157894736844,43,-0.011627849779542343,-495.8418887746881,-0.5046833429054971,1.0,0.002,10,0.75,0,4.854635355068886,0.0005819728619799731,1.0555751368033683,0.4059501905002951,4,15,43.789392260584094,191,11
True,False,1.0,1.7,20,2.2,0.5,-104.58939408408219,16,50,100,True,range_bb_reversion,24,6,0.005,72.59653825774646,36.93465072288657,24,0.01,0.0,-0.1821342914991207,20.85265578099047,6,-616.8451391922611,-0.7459966347022886,-150.91084067123757,-0.1796575147607484,-0.0035403933253205302,215.46484705469553,0.2656689727146507,0.012428146436400445,815.1905107486712,0.835147550109041,0.0,-0.2348653509590013,-23.48653509590013,-0.7246980585596705,-5.583898006070343e-05,-150.91084067123748,-0.1796575147607484,0.10105568538963655,56749.752805688026,25209.387105399375,92,10,7,-0.3240871811162205,12343,32.40871811162205,38.84847954700933,130.73922287033852,0.17193601596069644,0.004939999999999923,False,0.3493013616624098,0.44422020994023853,4,0.9732062092569503,-3.169459037920719,-0.8569882063014557,15936.927776321116,17,-0.31540365700288764,-31.540365700288763,79608.22181158196,209,0.40425531914893614,2.829787234042553,0.21515868454742196,0.0,0.5598086124401914,117,-0.06846564842340086,-991.3064551997408,-1.0,1.5,0.08,166,True,False,True,0.0,-0.07214424416855987,8.55545873241116,6,-888.4825910240263,-0.8904649225478733,0.20568731268697515,0.001627059865022305,0.0005009479614738194,341.5561518393716,0.34428490741434653,0.033899645345240925,1843.541536097553,1.8080848706976704,0.0,0.0003036869125059294,0.03036869125059294,0.0020467296501710548,-4.203550955435858e-05,0.20568731268699025,0.001627059865022305,0.10105568538963655,51531.99027939354,51574.97892774511,58,3,8,-0.14837666151000883,10192,14.837666151000883,15.922493315873254,126.6636285464458,0.12897363932608155,0.0019880000000000037,False,0.38442638639177934,1.0008342128475631,8,0.0028972648335727413,0.035118996944869404,0.01260370447083387,27093.759152447547,17,0.00042988648351587473,0.04298864835158747,54242.11731595717,209,0.40425531914893614,2.829787234042553,0.08662265392955337,0.0,0.722488038277512,151,-0.04043106015821962,-1082.6188025002382,-1.0000000000000002,0.12,0.002,150,0.75,0,9.34875837869192,-0.03617942465618232,0.9122685881424125,0.6491939000917657,4,16,38.565521243830645,409,11
False,True,4.0,1.7,80,1.8,0.5,8.842578567505521,30,30,150,True,trend_state_tp,24,4,0.012,66.24206146542434,31.18175874862931,6,0.0025,0.0,-0.0739571774372949,8.07090597265662,4,-321.89128468328863,-0.34753431436357535,-83.1964437299574,-0.08863956991503055,-0.006153858121963842,149.53102619954063,0.16378280592230068,0.0075683498221952306,1517.9217989021993,1.5781037955470425,0.0,-0.09476851248192131,-9.47685124819213,-0.6915789798748402,-2.198870580820803e-05,-83.19644372995734,-0.08863956991503055,0.05520186961076638,25107.520205296518,11962.48209596325,78,4,8,-0.1370320892330652,12333,13.70320892330652,14.672983681492518,25.461582293324415,0.026765720998465407,0.0012001420830920037,False,0.46453890898806216,0.4764501630646791,4,0.9592671455936147,-2.3295127767120833,-0.8487277915417794,5048.140073754312,17,-0.13145038109333196,-13.145038109333196,25281.614476860253,158,0.3056092843326886,2.13926499032882,0.0838893021143521,0.0,0.5063291139240507,80,-0.028707238224062737,-438.60075928826615,-0.44547539398962455,1.5,0.08,3,True,False,True,0.0,-0.03617349800102364,3.7962041852359363,4,-295.8996185671599,-0.30639837365238703,-25.145018443142988,-0.025056550821643892,-0.002079994562657921,168.25112450258342,0.17590189405745837,0.02228728334971808,1855.049110920963,1.9183160789185116,0.0,-0.027874831389708477,-2.7874831389708477,-0.4216563132619675,-1.6169435972562492e-05,-25.145018443142945,-0.025056550821643892,0.05471834958497864,19233.47520686539,15310.852329735088,65,4,8,-0.06610794268456818,12322,6.610794268456818,6.780069026535875,28.78818836742071,0.029836148207257294,0.0020119999999999626,False,0.5686087914452506,0.7960523080233507,6,0.5933663517327981,-0.6318374135345819,-0.22963473159454773,5863.353453525218,17,-0.03922622877130314,-3.922622877130314,11722.88010034036,156,0.30174081237911027,2.112185686653772,0.03923932308009645,0.0,0.5833333333333334,91,-0.019369016392048022,-430.94922477117944,-0.43518018208007103,0.2,0.0,50,0.25,0,3.0469894012727194,-0.030115839021317568,0.8830011921562899,0.6328622118987731,3,17,37.938009395129086,306,11
True,True,1.0,12.0,55,2.5,0.5,-65.88704551432778,40,30,300,False,range_bb_reversion,48,6,0.005,69.83418429161603,39.72701795305809,6,0.01,0.0,-0.15586926391081996,16.038884534750927,8,-860.5856138783699,-1.0,-216.71320837409579,-0.24612370953987808,-0.004773943455668508,306.4331210981271,0.36640077645897107,0.04237353046072578,2565.788947466714,3.4993336874218883,0.0,-0.18498566027920504,-18.498566027920504,-0.6888048273818027,-4.212572909915746e-05,-216.71320837409573,-0.24612370953987808,0.07857200419050689,44750.45192167524,19611.719750280135,52,4,9,-0.26856034238660753,12384,26.856034238660754,30.99056788117139,166.50340883919063,0.2056323053218948,0.004939999999999915,False,0.35607511461542574,0.43824629491129324,6,0.9360552622176236,-2.218977945025007,-33145493456638.543,9906.393251267527,17,-0.2513873217139507,-25.138732171395066,49482.87065656503,116,0.22437137330754353,1.5705996131528046,0.1793205931008995,0.0,0.5517241379310345,64,-0.06114723068131589,-1000.0000000000001,-1.0000000000000002,3.0,0.04,716,True,False,False,0.0,-0.0646445416525555,7.135998374826601,11,-999.6135845007635,-1.0,14.573144624081998,0.025294638350997774,0.0007658801014192409,705.395989100426,0.7236837398364601,0.07209329511808238,6488.371373145808,7.036304399697747,0.0,0.011913515603728664,1.1913515603728664,0.0654574249597966,-3.809060701839694e-05,14.573144624082033,0.025294638350997774,0.10379563220243372,46981.83847153588,48672.32324792938,47,4,9,-0.18200403714392743,9268,18.200403714392742,19.94572789682419,119.06792540759014,0.11856907324832476,0.0019879999999999776,False,0.7056686704119989,1.0359816650729343,8,0.09288171861026519,0.12754621487730342,3448349988389.3413,16546.214664425886,17,0.01690484776393452,1.690484776393452,33047.17765070035,116,0.22437137330754353,1.5705996131528046,0.08061161784164801,0.0,0.5948275862068966,69,-0.05286618975389534,-1074.5130605259706,-1.0000000000000002,0.04,0.001,10,1.0,0,8.36401753636397,-0.057992225342800734,1.7958849855382801,0.6716658341658341,5,18,32.80469657581679,169,11
True,False,1.0,1.7,40,2.5,1.25,-333.7662582370102,10,8,100,True,channel_reclaim,18,8,0.018,71.04868956356667,40.154403166719696,18,0.001,0.0,-0.3130137819605127,40.62181219895408,8,-411.6740452923028,-0.6015803905339695,-240.5600875870068,-0.35343460368542057,-0.007435482419852307,322.5603914067854,0.46319062212525863,0.0,1073.9425030480247,1.4975466260058594,0.0,-0.4470648632338443,-44.70648632338443,-0.7874717122956736,-8.814543081571153e-05,-240.56008758700682,-0.35343460368542057,0.15230880812313644,74513.00219790678,17740.8215273732,181,13,2,-0.5677218067053359,12361,56.77218067053359,83.41056646975925,-350.60555913865824,-0.5903499866873676,-0.0114382880694678,False,0.7835334656032453,0.2380902796031962,0,1.0,-6.1104313849203065,-2.5639764785408463,15943.792209611374,17,-0.5677218067053359,-56.77218067053359,79515.7862906972,236,0.4564796905222437,3.195357833655706,0.34924523508287336,0.0,0.2330508474576271,55,-0.08258030656736093,-813.1053860833832,-0.86283950036778,1.0,0.006,37,True,False,True,0.0,-0.15415740003572398,17.256476894904125,8,-520.9526320758846,-0.6173681100269318,-138.3472897318939,-0.1651365507438637,-0.002598421042736476,593.7987357411747,0.7002448281311433,0.012457254073555912,2157.678495153546,2.500060936662177,0.0,-0.24364761390209722,-24.364761390209722,-0.746241683269458,-7.751276881819075e-05,-138.3472897318939,-0.1651365507438637,0.15230880812313644,80747.65797176208,48097.69759503514,155,10,4,-0.3264996037672681,12361,32.64996037672681,38.9722259755518,-350.62242141504044,-0.43569402318147965,-0.005853631292991628,False,1.1398324899041474,0.5956543979499094,4,1.0,-2.2944807208529148,-0.9510072162906094,27924.37836841553,17,-0.3264996037672681,-32.64996037672681,55839.510028526674,236,0.4564796905222437,3.195357833655706,0.17374462425275877,0.0,0.3432203389830508,81,-0.06387395192407264,-906.1098543910526,-0.9154190195161654,0.12,0.0,150,0.0,0,13.41758613951279,-0.043055553311398466,0.9440730287659357,0.3998893872214173,6,19,29.281361182053512,459,11
True,False,2.0,3.0,30,2.0,1.0,-71.38940301397601,40,20,50,False,range_bb_reversion,14,8,0.008,64.42681822755178,25.969395461158356,3,0.005,0.0,-0.12726206225558262,14.262121085608713,9,-659.1644769797136,-0.7499766403457544,-195.67807591845568,-0.22250012717859605,-0.005727068777834862,218.65067654539618,0.24903190731931826,0.0062286007485512496,1003.6152254714343,1.022635663050793,0.0,-0.17977030568372598,-17.977030568372598,-0.71596000403862,-3.58520675582559e-05,-195.67807591845565,-0.22250012717859605,0.09928277862841486,38890.70414180311,14430.944651996146,59,6,7,-0.2510898718778555,12334,25.108987187785548,28.679451963087036,64.86135936133462,0.08446204333317121,0.004939999999999906,False,0.3317088286481271,0.3710641134029896,4,0.9741436126784707,-2.823215306235076,-0.5028913070352833,7033.932970590573,17,-0.24459759489806848,-24.45975948980685,35082.97714912215,125,0.24177949709864605,1.6924564796905224,0.15309903207347186,0.0,0.528,66,-0.04167331630890214,-998.9069732152077,-1.0000000000000002,2.0,0.04,375,True,False,False,0.0,-0.0794877186987987,9.28690668256581,9,-772.680902844058,-0.8190662418958752,-113.22160201592934,-0.12006739269221377,-0.0017053430519394083,257.72425469989304,0.27311945998484577,0.03539687791307711,1217.8588115083828,1.2368738462749214,0.0,-0.10220079461817777,-10.220079461817777,-0.6122080283093678,-2.989777813539454e-05,-113.2216020159293,-0.12006739269221377,0.09791280522201627,34770.64062798261,20617.940375991446,45,5,9,-0.16693801762189978,10190,16.693801762189977,18.057960678579565,55.84001708305231,0.06013069500978278,0.0019879999999999854,False,0.33354552150994055,0.5929698160176722,5,0.8477817368147856,-1.4793376118240456,-0.2957292642887425,9487.837404660662,17,-0.1415270025199115,-14.15270025199115,18966.402289784437,125,0.24177949709864605,1.6924564796905224,0.09861240814500216,0.0,0.64,80,-0.03652697215324785,-1021.2339568716775,-1.0000000000000002,0.2,0.001,150,0.5,0,7.064374764731189,-0.07570361207253996,0.8643486133750122,0.630260158521028,4,20,27.839105994425815,237,11
True,True,4.0,1.3,80,1.5,1.5,-236.34400906041452,40,30,200,False,trend_reclaim,18,1,0.0,68.91117283945613,28.556888274793085,36,0.0,0.0,-0.17822796626190743,17.4974210300027,6,-314.1756714928849,-0.36936536993997104,-272.4390394967915,-0.32021193901063316,-0.013040108466258346,26.13840478295375,0.031424143791553824,0.0,52.78358268740904,0.07181157415759319,0.0,-0.2139657278421898,-21.396572784218982,-0.7409160618144744,-2.7713577575165284e-05,-272.43903949679145,-0.32021193901063316,0.058344749778386655,29218.33744883829,339.79926217839875,93,20,2,-0.2887853818665992,12349,28.87853818665992,33.942465535127106,-100.48366363357212,-0.11713960029658593,-0.004212510999311839,False,0.08319678178374071,0.01162965766869494,0,1.0,-4.571547468376342,-0.5404066476567413,4439.704660932185,17,-0.2887853818665992,-28.87853818665992,22186.081312318347,106,0.20502901353965183,1.435203094777563,0.19904628190231394,0.0,0.12264150943396226,13,-0.04776626218193203,-1000.0,-1.0000000000000002,1.0,0.015,783,True,False,False,0.0,-0.11736451847148927,11.07259392526239,6,-705.5898903656225,-0.783467016667511,-184.07291216974883,-0.20352881881185347,-0.007044958647179003,84.13581947384344,0.09472511151391318,0.0023347329212726198,160.28634758480814,0.1846373356482928,0.0,-0.1421684868527211,-14.21684868527211,-0.7207708600844186,-2.2860117198922338e-05,-184.0729121697488,-0.20352881881185347,0.058344749778386655,25401.23605316241,5889.507363169041,36,3,9,-0.19724505349185448,12349,19.72450534918545,21.83893762152136,51.87715056345699,0.059655627831902355,0.0017880593520414306,False,0.11924181542658717,0.2318590855516973,2,0.9892125731203258,-2.944502873581076,-0.4384759069477516,5569.8114594371655,17,-0.19511728689993368,-19.51172868999337,11133.915973388797,106,0.20502901353965183,1.435203094777563,0.13211076102777872,0.0,0.660377358490566,70,-0.038436984261770224,-999.9999999999999,-1.0000000000000002,0.03,0.003,100,0.75,0,14.598509672236544,-0.13703622126010392,2.1266445975436707,0.6371577071899884,3,21,26.658391388003242,176,11
True,False,1.0,4.0,40,1.5,1.0,-133.89784195782215,12,20,150,True,range_bb_reversion,36,8,0.008,60.87933598060703,32.67639121282838,3,0.001,0.0,-0.16969426148659117,20.66453275633835,8,-677.2428614546938,-0.8030775067264121,-237.795471746951,-0.27704821735469576,-0.0054803108867063745,291.1689788271837,0.3561351865186665,0.014555499467032273,1460.297322107564,1.6762759638063425,0.0,-0.2094356501018555,-20.94356501018555,-0.6870625465492609,-4.225355183520871e-05,-237.79547174695105,-0.27704821735469576,0.07671851075832058,44020.78599455507,15723.124856667919,65,10,5,-0.304827633457443,11975,30.482763345744303,36.08215865352393,-243.2787636496209,-0.2967353253413677,-0.006363771048106433,False,0.42993288729801155,0.3571750140629636,3,0.9283167938853502,-2.9994470451357853,-0.7354976099936053,9486.000699696935,17,-0.2829766113788722,-28.29766113788722,47336.65832124029,119,0.23017408123791103,1.6112185686653773,0.19918874351900484,0.0,0.453781512605042,54,-0.05211818394756784,-1002.4643380127891,-1.0000000000000002,2.5,0.025,148,True,False,True,0.0,-0.08302376127108922,9.265031401301979,8,-815.1127359298193,-0.8608659089913283,-76.52613330037784,-0.07671759792307994,-0.0007342438899208963,458.68154976443475,0.49150581589449127,0.033856951011909775,2328.615246280858,2.489496964229137,0.0,-0.06523183462605253,-6.523183462605253,-0.41140265636383966,-3.488394152651469e-05,-76.52613330037786,-0.07671759792307994,0.07671851075832058,40755.63679649096,31649.026933745994,50,4,14,-0.15855958540132095,10635,15.855958540132095,16.960335863894766,98.26554659815213,0.10231514644285293,0.0019879999999999364,False,0.5627216083689397,0.7765558195491369,4,0.5743336071228871,-0.7158726383346941,-0.22012591371929735,15225.101204704628,17,-0.09106609862745012,-9.106609862745012,30462.58571640138,119,0.23017408123791103,1.6112185686653773,0.09746836649719823,0.0,0.5798319327731093,69,-0.04180780986760413,-1022.1934763303065,-1.0000000000000002,0.12,0.001,75,1.25,0,10.604364220325005,-0.05408129871608683,1.0210410877891904,0.4996073438982226,5,22,24.208020405953725,218,11
True,False,4.0,2.2,30,2.2,1.0,-197.34087075916895,10,20,150,True,channel_reclaim,18,8,0.005,61.59400325563372,34.03013111610276,12,0.0,0.0,-0.18106649154248822,19.620480253566804,8,-224.59353235903706,-0.2699921978658384,-145.77949827993012,-0.17449059461971111,-0.007187737936638054,178.85926114115324,0.21888505684647988,0.0,564.4891424668172,0.6587151102927056,0.0,-0.2333044070814675,-23.33044070814675,-0.7420063000195104,-3.777183424776815e-05,-145.77949827993012,-0.17449059461971111,0.13877024740107985,38854.6810981134,7512.0889679284355,173,18,3,-0.3144237549941732,12361,31.44237549941732,37.661066533647016,-217.8018687070581,-0.25816205580828205,-0.010398407527987229,False,0.7963687077828553,0.19333806778543314,0,0.9968264684952275,-6.244336738326606,-2.282305325784436,8673.31672189408,17,-0.3134259213018503,-31.342592130185032,43253.751844339415,215,0.4158607350096712,2.9110251450676983,0.20194491543090232,0.0,0.19534883720930232,42,-0.03672136847351115,-393.6504191380125,-0.42226091803929344,1.0,0.01,45,False,False,True,0.0,-0.07014468676305802,7.002556799219526,8,-203.67259535898762,-0.21770397118204737,-55.66906266227569,-0.05887897038807528,-0.0020259603687621144,264.279750667381,0.28446331074007025,0.008629641533039134,905.2042250888054,0.932093781816582,0.0,-0.08612514312273889,-8.61251431227389,-0.6967554992264177,-2.5933941461718776e-05,-55.66906266227571,-0.05887897038807528,0.13877024740107985,29939.87151777116,17971.023045381906,147,18,4,-0.12360884588404471,12361,12.36088458840447,13.105923534183466,-131.02367723323653,-0.1383822339899101,-0.004348172841447082,False,1.2975714783894656,0.6002371464658757,4,0.9682841374974964,-2.0946458155124708,-0.7640088582886414,11465.465805736001,17,-0.1196884847238932,-11.96884847238932,22930.01455266632,215,0.4158607350096712,2.9110251450676983,0.07910389457454216,0.0,0.31627906976744186,68,-0.02620962375799296,-369.8054521213233,-0.3747084550563044,0.04,0.001,150,0.25,0,5.522796620809999,-0.01982132187441889,0.9368467633290559,0.34693781815946667,5,23,22.806476785712153,358,11
True,True,1.5,8.0,30,1.8,0.5,-380.6063084066966,40,8,200,True,trend_bb_reversion,12,4,0.0,67.60911290504951,33.4766190223421,18,0.001,0.0,-0.3482373355859109,40.88159565917708,4,-465.4597483092752,-0.670043100520547,-309.92745826349517,-0.4420310543225475,-0.009927515804984648,146.06493755254138,0.22645880839431468,0.0,304.45565090157623,0.569293975424237,0.0,-0.4188525796698287,-41.88525796698287,-0.7785756444344908,-6.990905853053256e-05,-309.9274582634953,-0.4420310543225475,0.056491256346200336,60044.30753189649,6426.857252311822,129,22,3,-0.5379728773484268,12314,53.79728773484268,76.86023011874546,-335.06250638571333,-0.4951783309558333,-0.011246248277613443,False,0.31380788152596256,0.10703524641195626,0,0.9966571278436107,-6.389886179193015,-1.7284305367746369,10533.46809497695,17,-0.5361745027958461,-53.61745027958461,52680.511000985774,173,0.3346228239845261,2.3423597678916828,0.3841537951853622,0.0,0.2543352601156069,44,-0.07849786378586399,-995.5591522023136,-1.0000000000000002,4.0,0.006,692,True,False,True,0.0,-0.24704675153025943,26.54092701562514,4,-521.5108474364357,-0.6671194647951079,-227.02631405505156,-0.28703032071955586,-0.004735506589193471,152.7037421472596,0.2030846282199718,0.001925533881363517,1012.1430143101995,1.3663035250903643,0.0,-0.29886519412373747,-29.886519412373747,-0.7497613491968215,-5.3014683384625795e-05,-227.02631405505153,-0.28703032071955586,0.0567330163590942,51108.06304877072,11605.48440319173,98,6,5,-0.39861376482516137,12314,39.861376482516135,50.53938547794742,-157.1937603366759,-0.21401030021221978,-0.0035136211740625645,False,0.2928102893696221,0.22707736726623748,1,0.99099885983379,-4.420259300493119,-0.938849806776485,16557.255551025097,17,-0.3950257864557894,-39.50257864557894,33119.30866118973,174,0.3365570599613153,2.355899419729207,0.27297974253975765,0.0,0.4367816091954023,76,-0.06981300717866601,-997.3500427602355,-1.0000000000000002,0.03,0.0,100,0.25,0,10.705198910435367,0.15919145642288426,3.0310601827599584,0.6408396841214179,3,24,17.57835629769016,213,11
True,False,4.0,1.7,20,1.8,0.5,-76.94036649179013,16,8,300,True,channel_reclaim,36,6,0.0,69.4266166358217,40.96098798784116,6,0.0,0.0,-0.10078602609321943,10.40952347234078,6,-358.6510559711669,-0.39666866789037986,-179.44257740602902,-0.19882787985163408,-0.008152074382205901,91.45395995987701,0.10023377648600483,0.0004143421109150669,247.76067263489134,0.25184478196552074,0.0,-0.1411753495024951,-14.11753495024951,-0.7231753535699467,-2.0851972028204337e-05,-179.44257740602905,-0.19882787985163408,0.05246192279796921,23312.318638125846,3932.5202782747124,65,7,4,-0.19521593041796106,12341,19.521593041796105,21.649525714250064,-146.69908863569577,-0.17005384430506768,-0.007247557054318961,False,0.2549942581717347,0.1686885092520707,1,0.9927365209570037,-4.05789102041481,-0.6259640487503281,4455.817566787506,17,-0.1937979835985112,-19.37979835985112,22204.649946700847,108,0.20889748549323017,1.4622823984526112,0.12015919931709168,0.0,0.39814814814814814,43,-0.0348398964497133,-684.9993705746215,-0.7099781432776865,3.0,0.025,602,True,False,True,0.0,-0.0601828324906785,6.377450815518333,6,-369.61537332500154,-0.3902186425654648,-102.34341323185251,-0.10796733472995992,-0.003416687387506873,88.56512969182536,0.09364074229540072,0.008781710631291961,332.519444299626,0.33309553928944485,0.0,-0.07941902744750273,-7.941902744750273,-0.6378359780087576,-1.4224251855363164e-05,-102.34341323185251,-0.10796733472995992,0.05246192279796921,16632.691799625074,5579.603170584998,45,6,11,-0.12451324507507211,10723,12.451324507507211,13.250580540874218,36.02200117783745,0.03915784464830122,0.0019879999999999533,False,0.2396143020110539,0.33546002281547543,6,0.8877038440670171,-2.516262332443784,-0.2944221182914629,5428.4186051776705,17,-0.11053088629040009,-11.053088629040008,10845.608754062563,108,0.20889748549323017,1.4622823984526112,0.07678602232610655,0.0,0.5833333333333334,63,-0.03183527904888872,-729.5551697865284,-0.7385923562482112,0.05,0.002,10,1.0,0,2.795323934539786,-0.06863547197321532,1.32332415214402,0.6699141448337415,1,25,17.051178075513114,192,11
True,False,5.0,2.2,55,2.0,0.5,-81.87189302402768,12,14,200,True,trend_state_tp,36,8,0.0025,58.235109908871046,29.805219665323836,24,0.0,0.0,-0.17828866287247952,18.834838004926326,8,-401.65614696349655,-0.47706666666435893,-133.04782219506822,-0.1574111590405615,-0.0069972759627306485,89.70054468606742,0.10766901801331931,0.0048091357680777325,183.36785091738736,0.25760731444185,0.0,-0.22223865375558305,-22.223865375558304,-0.7386884948498867,-3.960993080973917e-05,-133.04782219506825,-0.1574111590405615,0.14666774115561287,40968.92699027667,11033.166996386291,102,5,6,-0.3008557129358641,12344,30.085571293586412,35.63168291335541,59.408082762284636,0.07756074662537997,0.0049399999999998855,False,0.22332670709560834,0.26930573502705696,2,0.9950204934373968,-4.412254228242852,-0.8595570641443273,8305.199665470229,17,-0.2993575999389033,-29.935759993890333,41418.34022020589,225,0.43520309477756286,3.04642166344294,0.19642353480350047,0.0,0.5466666666666666,123,-0.04412213237851492,-1001.3661138260368,-1.0000000000000002,2.0,0.01,562,True,True,False,0.0,-0.12298544775638069,12.434520095278925,8,-403.8405436307406,-0.4518309062226137,-89.70447066354546,-0.09963301369369222,-0.0035442323927105815,83.61198338732088,0.09468306494295407,0.01388508225952556,277.3983967334795,0.34295631674546134,0.0,-0.14723288576806515,-14.723288576806514,-0.7204150027170519,-2.9476043788476792e-05,-89.70447066354541,-0.09963301369369222,0.146425981142719,32307.24349045925,12123.73759116152,80,4,11,-0.20437232041639186,12344,20.437232041639184,22.736074971247625,37.9746622273032,0.043875957170745106,0.00198799999999997,False,0.20704207317968823,0.3752637576381847,2,0.9875851024334125,-3.120228784348267,-0.48536146578863526,10174.752675989143,17,-0.20183505899297655,-20.183505899297653,20329.52912863525,225,0.43520309477756286,3.04642166344294,0.13526549229384863,0.0,0.6444444444444445,145,-0.037945056697704205,-1001.5568544576738,-1.0000000000000002,0.03,0.003,20,0.75,0,8.922170411921385,-0.09212297135736779,1.2319951553494024,0.6471130681033533,2,26,11.104878724642154,321,11
True,False,4.0,8.0,40,2.5,0.75,-8.16780665186401,16,50,100,False,channel_reclaim,36,4,0.018,66.09021726328724,36.76558467527861,12,0.0005,0.0,-0.10802816862601006,11.062100383416423,15,-716.584955591117,-0.7837356855883629,-142.50690130101262,-0.15550431988467292,-0.006644864449291053,147.99042737590779,0.16239588926659193,0.010693899108771276,1276.327757048875,1.3520457205763368,0.0,-0.1294197983736698,-12.94197983736698,-0.6866094541184179,-2.670742295716937e-05,-142.50690130101253,-0.15550431988467292,0.1529535014908534,30096.568134826917,12283.205472200345,42,3,9,-0.1884911394641954,12090,18.84911394641954,20.71436774263299,80.22235203695473,0.09183889571258542,0.004939999999999958,False,0.20652181743590922,0.40812644874239196,2,0.945050399358974,-2.2691337684611588,-0.404604441398788,5100.861448751971,17,-0.17813362662626592,-17.81336266262659,25441.06295173368,125,0.24177949709864605,1.6924564796905224,0.12603150606630684,0.0,0.664,83,-0.03714636066241883,-1008.9319937131438,-1.0000000000000002,1.0,0.015,282,True,False,False,0.0,-0.07480857413820899,8.823489774394684,14,-826.5007750400049,-0.8471192576732889,-88.84160342799451,-0.0927679816788735,-0.002912677438319117,151.86823151908257,0.15338875048772524,0.03446050934578859,1589.6630737503508,1.5896630737503508,0.0,-0.08044990582322675,-8.044990582322676,-0.5019542794362749,-2.1327618767052645e-05,-88.8416034279945,-0.0927679816788735,0.14360544765895722,25621.524026240153,14427.481994312846,31,3,11,-0.16027337372952946,9620,16.027337372952946,17.341041070588222,43.80919428777868,0.04482218053082029,0.001987999999999991,False,0.18374844417022082,0.5631000708442251,3,0.6984342920751052,-1.3505905309623378,-0.27183591391530876,6527.418304617827,17,-0.11194042031927268,-11.194042031927268,13045.536877433686,126,0.2437137330754352,1.7059961315280465,0.09473208765047636,0.0,0.753968253968254,95,-0.031120332985575594,-1054.3327687739095,-1.0000000000000002,0.08,0.003,30,0.75,0,5.1835743396655785,-0.08773118828676975,0.8227805706746835,0.7871981147843218,2,27,10.005494830974541,255,11
True,True,5.0,8.0,30,1.5,1.5,-97.91471455755126,10,14,300,True,trend_bb_reversion,24,8,0.008,61.08004149391817,28.226764054534133,18,0.0025,0.0,-0.12214011700014649,13.690193484482052,8,-251.15155618523235,-0.28494951752628533,-122.84719989956488,-0.13817725486275986,-0.0067108264705613725,149.51818800509756,0.17339193430016278,0.0,1001.5523887499853,1.1410990379986752,0.0,-0.15997825245703312,-15.997825245703313,-0.7281555040281257,-2.791587047257755e-05,-122.84719989956491,-0.13817725486275986,0.11507776613748086,30389.338298413128,8522.53671629056,121,10,4,-0.21970341715751668,12313,21.97034171575167,24.729211609040938,-149.67305315837365,-0.17606464362916507,-0.010525589927635477,False,0.5953305258233124,0.28044495844569245,0,0.9952872770497307,-4.302235709786685,-1.106948586486871,5481.2591858276155,17,-0.21866801582122586,-21.866801582122587,27414.870065533825,178,0.344294003868472,2.410058027079304,0.13771148882666437,0.0,0.3202247191011236,57,-0.03340856218454824,-448.6878186582542,-0.4707300803596732,2.0,0.025,759,True,False,True,0.0,-0.057684300625986076,6.11410625931623,8,-234.83649435433165,-0.248823661777114,-55.525217525012735,-0.05800954915393234,-0.0015641672363043337,188.338118962861,0.20149764401359482,0.0036423146133881534,1302.096092521122,1.3830634903237198,0.0,-0.07047902470888423,-7.047902470888423,-0.6937999337145405,-2.0578945513067098e-05,-55.525217525012735,-0.05800954915393234,0.11475541945362237,23953.32242414183,14125.358922214575,102,7,5,-0.10158407529897857,12313,10.158407529897858,10.636195790168083,-70.94594517441392,-0.0712811183297958,-0.002843858866447552,False,0.8019968083780374,0.5897035355720863,4,0.9674708829117182,-1.8217587500497168,-0.42708437405692856,6623.670775591843,17,-0.09827963501927327,-9.827963501927327,13240.336086112628,177,0.34235976789168276,2.3965183752417794,0.06382543402625493,0.0,0.423728813559322,75,-0.022748752187859766,-443.7179172126598,-0.46474372141620357,1.0,0.0005,100,0.5,0,3.0593365051477126,-0.032536704621710974,0.8267020347686821,0.4483632145385851,3,28,9.674287690447521,371,11
True,False,3.0,1.7,20,2.5,1.0,-113.13143434516815,12,20,50,True,channel_reclaim,24,4,0.0,74.97027655666162,39.043144355983245,18,0.001,0.0,-0.09444763464929695,9.733896498126803,4,-299.3566728432422,-0.32882308714410646,-197.70514455561425,-0.21691605121529708,-0.008167720581972546,176.800485977752,0.19537302852242172,0.0,528.8707212256417,0.6067372489705997,0.0,-0.12779197558161426,-12.779197558161426,-0.7262658224715736,-1.8579075066661925e-05,-197.70514455561425,-0.21691605121529708,0.028688854863405593,20954.967099026955,3359.209233577288,70,10,4,-0.17595757865449618,12365,17.595757865449617,19.305528558161445,-276.2472148340246,-0.2993447612173148,-0.01108642854439872,False,0.5906014531045158,0.16030610869979717,0,1.0,-4.370297612448455,-1.0753764021921373,4278.453505243817,17,-0.17595757865449618,-17.595757865449617,21325.8812188393,89,0.172147001934236,1.205029013539652,0.10767809403596433,0.0,0.21348314606741572,19,-0.019775685638511398,-467.9542950731396,-0.4807919375696348,1.0,0.025,360,True,False,True,0.0,-0.04499536443631399,4.460589536185377,4,-254.93978489538657,-0.2663748016235201,-94.33441625559166,-0.09809804595838484,-0.00299991763571598,206.1530476511214,0.21674233560864237,0.006890363383315501,847.042169648496,0.8970073901040546,0.0,-0.06007301625428385,-6.007301625428385,-0.7155158610336768,-1.2482619773906557e-05,-94.33441625559166,-0.09809804595838484,0.028688854863405593,14786.507523932423,6390.744477184764,58,10,5,-0.0839576304674767,12365,8.39576304674767,8.73072609029625,-150.98556737515142,-0.15844969887029003,-0.005122997187280321,False,0.8086342731312628,0.4322010770184335,2,1.0,-2.1964834226283245,-0.44327618328632407,5401.276892648385,17,-0.0839576304674767,-8.39576304674767,10796.596021428051,89,0.172147001934236,1.205029013539652,0.05068126943855352,0.0,0.34831460674157305,31,-0.015175240868995798,-456.742598513992,-0.4575148216836201,0.2,0.003,20,1.25,0,3.3721226625916305,-0.05945651326510004,1.0515994690086485,0.4021105284471209,3,29,8.671164051622938,174,11
False,True,4.0,8.0,14,2.2,1.0,-252.22308835357404,30,50,80,True,trend_state_tp,24,4,0.025,73.6774618370503,36.14297836477311,3,0.0,0.0,-0.24038381158520775,29.323025390729264,4,-220.20682056794521,-0.287572777609486,-97.52348138262552,-0.1269058521306593,-0.006275545701522312,212.6200000778627,0.27926013547981465,0.004075956564679073,1720.8381260439317,1.957482075918635,0.0,-0.3278158662886631,-32.78158662886631,-0.760924390601267,-7.39827385203921e-05,-97.52348138262552,-0.1269058521306593,0.1482794745749053,69585.35529947077,26577.500009732834,316,22,5,-0.4308126672475693,12338,43.08126672475693,56.094456665918386,-185.2249915431486,-0.26333363545255833,-0.011900756299280148,False,0.9655468415078379,0.3819409974318974,2,0.998295977797304,-5.422622054839962,-4.4871078113888005,14126.163123666005,17,-0.43007855289737673,-43.00785528973768,70776.27144364161,441,0.8529980657640233,5.970986460348163,0.2710480851465888,0.0,0.2834467120181406,125,-0.09510200344355735,-404.5745749342732,-0.4271576074756539,1.0,0.01,75,True,False,True,0.0,-0.08365513089863129,8.687616635652828,4,-214.45309773302137,-0.2330052812381139,-34.50779902864622,-0.036739408746957636,-0.001625470174142222,289.85219799898545,0.3170392021765916,0.033388428084240473,2310.852966895864,2.4792459592016707,0.0,-0.10982977160206875,-10.982977160206875,-0.7114741645254061,-5.38245813324515e-05,-34.507799028646204,-0.036739408746957636,0.14989120799419775,60690.22665844503,45506.79508584069,283,14,6,-0.15436930401447743,12331,15.436930401447743,16.51088543725171,-135.42124151232719,-0.148838627247376,-0.006194611353861476,False,1.3515878346501224,0.7498208128624352,5,0.9835784173244915,-1.4465291769462194,-1.1172990637540823,19793.036390694237,17,-0.15183431572604297,-15.183431572604297,39577.03031829288,440,0.851063829787234,5.957446808510638,0.09337737557304457,0.0,0.3568181818181818,157,-0.0566198831357847,-370.4678782561781,-0.39369473639396746,1.0,0.0005,30,0.5,0,22.110451917448884,-0.03921193254622039,0.8761109883448164,0.402019006262439,4,30,5.072648918021667,811,11
True,False,5.0,12.0,55,2.5,1.25,-127.1445757635142,16,14,50,True,trend_state_tp,24,6,0.025,66.51147374483214,29.79381983485491,36,0.005,0.0,-0.16987566401077664,17.4940779221283,6,-284.8783473177895,-0.3354208161114244,-121.60496046445529,-0.14178203901738848,-0.006987323578313995,156.34854334538747,0.18786492674983932,0.005329964324547465,774.2522382690858,1.0710235284031016,0.0,-0.20404262319528743,-20.404262319528744,-0.7271455998793841,-3.892013689056605e-05,-121.60496046445533,-0.14178203901738848,0.11419131275687001,40737.60366644389,13133.277641012548,143,12,5,-0.2806076571585294,12345,28.06076571585294,32.82852558796875,-199.5051756987711,-0.2419487124496076,-0.012368979364210424,False,0.5488256472190792,0.32238709347134736,2,0.9837338832787491,-4.638977936518484,-1.8003299718821988,7668.975969820755,17,-0.27604326025431203,-27.604326025431202,38245.66085659532,227,0.43907156673114117,3.073500967117988,0.19179160235532083,0.0,0.3700440528634361,84,-0.06274918579387068,-453.6899038003536,-0.4700737722730199,2.0,0.01,762,True,False,True,0.0,-0.08082420877743401,7.732921144626106,6,-271.19521395436055,-0.2919664653909703,-53.61824340095317,-0.05659554452968732,-0.00230346000091013,204.09428482735458,0.22219331318950225,0.014246360560285387,1084.390286231433,1.2451635312470741,0.0,-0.08682387844523276,-8.682387844523276,-0.6508949959382578,-2.8947508149287557e-05,-53.61824340095316,-0.05659554452968732,0.11475541945362237,33085.816102431985,21021.711337217526,122,10,5,-0.1333915285676411,12345,13.33915285676411,14.209304133637396,-92.99982198982386,-0.1014561406849876,-0.004760432325431366,False,0.7525733284574174,0.6353692855009345,4,0.9044131133932443,-1.7975152112736414,-0.6429198603428786,9437.72755340396,17,-0.12064104765214419,-12.064104765214418,18870.26732794481,225,0.43520309477756286,3.04642166344294,0.0925192882940103,0.0,0.4577777777777778,103,-0.04387106451501366,-448.26900948503163,-0.46204315037764665,0.04,0.001,50,1.0,0,3.814373109546545,-0.04372151037504724,0.7219943219858214,0.4276407632562347,4,31,3.9097780280415817,329,11
True,False,3.0,6.0,80,1.8,0.75,-2.5533348961961786,20,50,300,False,channel_reclaim,48,8,0.012,71.26100700734645,39.39526087446604,18,0.0005,0.0,-0.10936051202740811,12.161848758070763,14,-872.5234254717801,-0.9521647551422473,-129.03473866206593,-0.13952185494995745,-0.004887931585907822,178.05841458542474,0.19613499512946667,0.02081381199172494,1112.7309556523562,1.16290900066334,0.0,-0.121659888624296,-12.1659888624296,-0.6201068666536396,-2.9378256491884893e-05,-129.03473866206588,-0.13952185494995745,0.15158352808445483,33155.890167927646,16381.374141859076,38,3,11,-0.1961918101001276,10631,19.61918101001276,21.69385833121424,95.57785723791235,0.10879722045945182,0.004939999999999993,False,0.2040729330437715,0.4940713115796573,5,0.855005925961316,-1.896953666876163,-0.7190862692930527,6140.052531327191,17,-0.16774516026068625,-16.774516026068625,30647.59066734125,130,0.2514506769825919,1.760154738878143,0.12850220499825685,0.0,0.7076923076923077,92,-0.04693952301919779,-1016.1874068899543,-1.0000000000000002,2.0,0.025,763,True,False,False,0.0,-0.08647747596499224,10.85622896748245,14,-933.9624740577862,-0.9450729668707056,-48.858558397684945,-0.04866568588671005,-0.0010798516351637351,212.45783574958304,0.21598789230856485,0.04207158323161808,1558.269125898366,1.5175933126834804,0.0,-0.04741533701714107,-4.741533701714107,-0.2843859912537796,-2.3813104098993603e-05,-48.8585583976849,-0.04866568588671005,0.1597227818518817,28952.836695791364,22308.072753706212,31,3,16,-0.16672880688707586,10015,16.672880688707586,18.087051573904144,55.62048887372234,0.056750068741289614,0.001987999999999968,False,0.22748005583834394,0.7704969633234229,4,0.3985372453714917,-0.644097918472454,-0.21495782965544513,8508.031861822183,17,-0.06644763942085061,-6.644763942085061,17019.865792018714,136,0.26305609284332687,1.841392649903288,0.10583639123957879,0.0,0.7720588235294118,105,-0.04651285424617313,-1087.4465768789462,-1.0000000000000002,0.12,0.0,10,0.5,0,9.22100098742436,-0.13385568906046316,0.856797862906888,0.7373089678420022,3,32,1.422003866913137,274,11
True,False,4.0,8.0,30,1.5,1.25,-167.78079488002416,16,8,50,False,channel_reclaim,72,6,0.0025,72.32701092250375,42.96082998054301,6,0.0005,0.0,-0.12531406347200386,13.899455154217522,46,-727.6904875781908,-0.8143974674020453,-311.7770868535542,-0.3564331906086982,-0.015559789546601185,636.5054667986172,0.6877253604801333,0.020803548172558806,1263.5644794783861,1.276327757048875,0.0,-0.18827257679967446,-18.827257679967445,-0.6964725102727624,-3.748740663968064e-05,-311.7770868535541,-0.3564331906086982,0.3047787895882021,41478.35779195688,15912.63666996543,57,12,3,-0.2703230551424643,10731,27.03230551424643,31.27355432902258,-760.8444002942606,-0.9999999999999999,-0.03141931353080524,False,0.8746925755714573,0.3836370945488847,3,0.9457469733211598,-2.649601141945402,-0.5416913682626371,3255.432841324206,17,-0.2556572112199146,-25.56572112199146,16165.459144489123,82,0.15860735009671179,1.1102514506769825,0.1505265178148169,0.0,0.3048780487804878,25,-0.03979241140410994,-1020.0990918322259,-1.0000000000000002,4.0,0.04,557,False,False,False,0.0,-0.10374209109409975,11.494682817593793,46,-800.2160009880853,-0.8567928650707922,-239.25434509914277,-0.2619801411139641,-0.009623279388304424,785.9514398013384,0.825091388876101,0.036128997653481765,1573.766443012847,1.5896630737503505,0.0,-0.14297526729032095,-14.297526729032095,-0.6264701119356719,-3.6683109983643254e-05,-239.25434509914282,-0.2619801411139641,0.3047787895882021,42411.44805236853,22792.59175423882,53,8,7,-0.22822360487167526,10731,22.822360487167526,25.627758557110234,-819.7872513630264,-0.9999999999999999,-0.025578247804153034,False,0.9821741115284707,0.5374160232891632,3,0.859633091378119,-1.7768457755355505,-0.4390430573641267,3942.7026456634317,17,-0.19618856298129655,-19.618856298129657,7854.021695494107,82,0.15860735009671179,1.1102514506769825,0.12479804952411105,0.0,0.35365853658536583,29,-0.03848841130274505,-1041.5081908342795,-1.0000000000000002,0.2,0.0,10,0.25,0,12.870719110246597,-0.10235044409136967,0.8997380223306176,0.3894173636820696,5,33,0.6172608457992421,156,11
True,False,2.5,2.2,30,1.5,0.5,-134.63947525545598,30,80,150,True,range_bb_reversion,36,8,0.012,74.27328985300919,38.913781773229374,6,0.005,0.0,-0.20473122102464866,23.67868963020334,8,-523.8459354113081,-0.6519167233695513,-179.70716893848393,-0.22253210897624975,-0.007026597400344076,132.26909599482397,0.16672310220272463,0.0,345.2425740032721,0.4953375954847277,0.0,-0.27575033141604743,-27.57503314160474,-0.7483873308774359,-5.1407139392607514e-05,-179.7071689384839,-0.22253210897624975,0.1331291804335563,50813.055734896865,14152.793271446166,97,6,13,-0.3684593793066325,12341,36.84593793066325,45.69119951126861,60.923577262409914,0.08524794910214836,0.003733842329078585,False,0.25249617693601123,0.2785267106407548,0,0.9949607615482083,-4.3377512904145314,-0.9414573914945994,9955.920874140145,17,-0.3666026246345072,-36.66026246345072,49646.65622061946,204,0.3945841392649903,2.762088974854932,0.2341657839554529,0.0,0.5245098039215687,107,-0.050602335599740145,-1001.695661189963,-1.0000000000000002,4.0,0.015,316,True,False,True,0.0,-0.08831129217264606,9.483489217800381,8,-587.9105808525187,-0.6364123651853013,-75.21888015513655,-0.08055318615293665,-0.0019928869152369584,190.62126094720978,0.20767009186384514,0.009991649373363831,584.9090466761612,0.666352601429737,0.0,-0.11158360670740308,-11.158360670740308,-0.6482807520298765,-3.629826901570199e-05,-75.2188801551365,-0.08055318615293665,0.1334515271174148,41153.74065967632,25733.870227873318,70,3,13,-0.17212235032123965,11897,17.212235032123964,18.668388663930518,61.35832009780255,0.06744965779113228,0.001987999999999981,False,0.32423512546889915,0.625310599118591,4,0.8958668297884722,-1.690170913861525,-0.3059136856503076,14166.494290404828,17,-0.1541987043180298,-15.419870431802979,28330.590137382893,205,0.3965183752417795,2.775628626692457,0.10062460420364963,0.0,0.6585365853658537,135,-0.03397397454658213,-1007.6408972953913,-1.0000000000000002,1.0,0.003,150,0.25,0,11.114894011345655,-0.09909823691267361,0.7679861555448806,0.6537632765094402,3,34,-0.6656948297996088,367,11
True,False,2.0,6.0,20,1.5,0.75,-111.41740425246984,16,10,150,True,channel_reclaim,72,8,0.0,71.4566696783417,41.34812548625163,18,0.0025,0.0,-0.13122555730441898,14.56970312853058,8,-482.42647294508936,-0.557744900680718,-194.43100842632543,-0.2259454472344811,-0.0068034390006906885,217.70043217811275,0.24887101200754783,0.004743266013772063,1005.4080033605713,1.0377347200098028,0.0,-0.2025708437555538,-20.25708437555538,-0.7365165108075674,-3.748407024817781e-05,-194.43100842632538,-0.2259454472344811,0.09090176484809412,40041.39725444243,12626.625066330536,83,7,5,-0.275039107451157,12354,27.5039107451157,31.981264426287996,-245.2846985958553,-0.2820049279216768,-0.008980830678949394,False,0.45126137222343476,0.31533927215613494,2,0.9967590588178552,-3.690776446364043,-0.8497595588028668,8636.362859805828,17,-0.2741477218811182,-27.41477218811182,43088.5300054041,141,0.2727272727272727,1.909090909090909,0.15875527470056464,0.0,0.41134751773049644,58,-0.04084437428018817,-887.4761830713869,-0.8928812773980225,2.0,0.01,430,True,False,True,0.0,-0.07079905016054493,8.306568532032607,8,-545.2720624756095,-0.5607691992249658,-72.38136503500334,-0.07492508509877165,-0.0020576238395198765,277.90804047655666,0.28495944388359434,0.03253936790991374,1625.1488070965358,1.6239724112725584,0.0,-0.07323215466344357,-7.323215466344357,-0.4639502405704729,-2.729467993307203e-05,-72.38136503500334,-0.07492508509877165,0.09090176484809412,32716.323748536568,22510.551278601095,60,5,8,-0.15784484683831043,10015,15.784484683831042,17.071620664713187,68.24465445150739,0.07352693151258377,0.001987999999999961,False,0.5096685849167043,0.688052589637551,5,0.6465698864651451,-1.1649639262537808,-0.2236551672171387,12350.72545661547,17,-0.10205772469935459,-10.205772469935459,24705.848222409168,141,0.2727272727272727,1.909090909090909,0.0901453357526369,0.0,0.574468085106383,81,-0.03113147096754354,-948.089818501952,-0.9448317700182436,0.08,0.0005,20,0.0,0,8.536808064679619,-0.07855242604479172,0.7799777998409003,0.5759741280587676,3,35,-0.6733570817451788,281,11
True,False,2.0,4.0,20,1.5,0.5,-95.82910971263694,30,80,100,False,trend_bb_reversion,48,4,0.018,62.18878006722813,42.705255509810975,12,0.0005,0.0,-0.17584614470435495,17.291029083191866,7,-847.1318579842142,-1.0,-222.34290401992854,-0.2629223118647119,-0.0066409306453768645,196.72285778538475,0.23145906432359115,0.004589811703037849,880.5036188801981,0.9065856833632512,0.0,-0.22636217446092688,-22.636217446092687,-0.7236208067395089,-4.462112607496353e-05,-222.34290401992865,-0.2629223118647119,0.08800064469336771,46592.252189131774,16131.274338401541,55,4,7,-0.3128187751826398,12081,31.28187751826398,37.21187523945115,128.57602790112227,0.15771983753966357,0.004939999999999941,False,0.23222224017580337,0.3462222489893795,2,0.9737579796144125,-3.2166234124922846,-39936936542083.45,9028.128281264237,17,-0.3046097785073024,-30.46097785073024,45034.06718891391,137,0.26499032882011603,1.8549323017408121,0.20113692069644232,0.0,0.5985401459854015,82,-0.05191533162225115,-1000.0,-1.0000000000000002,1.5,0.08,201,True,False,False,0.0,-0.11417351671616942,11.361694716541008,6,-921.643318579038,-1.0,-116.08826758636054,-0.12572760224255886,-0.0025407380428855908,169.51761412922505,0.18424170241689766,0.016640229419872643,1424.494600171862,1.4219765924936936,0.0,-0.1255602640935788,-12.556026409357878,-0.6284511231540773,-3.17124735729387e-05,-116.08826758636054,-0.12572760224255886,0.07865259086147151,35944.08942458248,18646.93755421475,39,3,11,-0.19979320502032932,10644,19.979320502032934,22.090443596283233,83.96891969343619,0.0913253223552347,0.0019879999999999763,False,0.18392973801468254,0.5187761841439762,4,0.8657527601405541,-1.8235246681661217,-20721663162474.215,13946.1603853473,17,-0.17297151870367772,-17.29715187036777,27885.716926626286,149,0.28820116054158607,2.0174081237911023,0.1319852389788886,0.0,0.738255033557047,110,-0.04377028430298513,-1018.5726178292596,-1.0000000000000002,0.03,0.0005,10,0.0,0,13.352419719493918,-0.15164158571607447,1.3144446112665724,0.7177592956366495,2,36,-2.700213638372711,198,11
True,False,4.0,3.0,20,1.8,2.0,-237.08827026286036,20,30,200,True,trend_state_tp,72,6,0.025,75.81370387803918,33.33895002634853,12,0.0,0.0,-0.2374135274454529,28.633564502041647,6,-209.21024207957902,-0.27233402961535697,-117.39490104090686,-0.15148781822831442,-0.006217808558585144,220.87214489104315,0.29373506582921083,0.0,1848.7227552733073,2.1508726853438254,0.0,-0.31772108169167723,-31.772108169167723,-0.7524722957662079,-6.183386984455072e-05,-117.39490104090687,-0.15148781822831442,0.17753243613506325,58578.867782282105,16786.28301171928,280,16,4,-0.4222362517255954,12362,42.223625172559544,54.67474776397875,-188.80729937922766,-0.26607981338672604,-0.010927390709725732,False,1.055742504265294,0.28655867972915133,0,0.9897914875798786,-6.186837620452828,-3.347467960775178,12828.598934714793,17,-0.4179258477056292,-41.79258477056292,63999.05062101389,356,0.688588007736944,4.820116054158608,0.2673252494599093,0.0,0.21348314606741572,76,-0.053489311969027176,-392.36073500354985,-0.4137742656942478,1.0,0.015,275,True,False,True,0.0,-0.07738880824353875,8.176054200910853,6,-200.80689328520066,-0.21628477060112164,-34.908191397050274,-0.03668352890350828,-0.0009637980461224265,320.3792940625284,0.34794921880288493,0.020301460139186656,2548.0553443967374,2.6410010605075964,0.0,-0.08923379167788814,-8.923379167788815,-0.5862277277494788,-4.257089425414521e-05,-34.908191397050274,-0.03668352890350828,0.17849947618663872,48595.26817501859,36202.8602290657,242,10,4,-0.1522169413931606,10700,15.22169413931606,16.354596633998657,-134.92807359179474,-0.14827044599306674,-0.005229069091476661,False,1.5954596419531388,0.7449873534739857,4,0.8141280354559688,-1.4077600937230204,-0.7884415285419742,18035.421430320628,17,-0.12392407945953018,-12.392407945953018,36082.2957888471,355,0.6866537717601547,4.806576402321083,0.08989975509127154,0.0,0.3183098591549296,113,-0.028571009092687172,-370.27499380588347,-0.384401421498551,0.05,0.0,30,0.5,0,7.3942858634131445,-0.033136166919947675,0.837511550316647,0.3358119306670742,4,37,-4.81250336145905,646,11
False,True,5.0,12.0,55,1.5,1.5,-83.4599785870569,12,20,80,True,trend_state_tp,36,3,0.0,61.45477742327225,24.742535825562125,48,0.005,0.0,-0.08252606593197297,8.53697240720864,3,-202.88705285028985,-0.22030077300694964,-91.13961300124089,-0.09821576855262373,-0.006603933504980798,225.4781332377312,0.24769174406796618,0.0031425379000951104,1093.806882589159,1.1735692984198227,0.0,-0.10605195773970033,-10.605195773970033,-0.6980483203808487,-2.1199896480532856e-05,-91.13961300124089,-0.09821576855262373,0.03964864211459425,24143.559289184494,9470.081595984713,119,12,3,-0.1519263848122138,12308,15.19263848122138,16.424903505129638,-179.04513490820375,-0.19725130865740154,-0.012428975050696341,False,1.1113480632207284,0.39224049290143365,4,0.965828135207497,-3.307481758914583,-1.4646764607212124,4829.796902462215,17,-0.14673477693199705,-14.673477693199704,24198.561788289466,161,0.3114119922630561,2.1798839458413926,0.09588819419064938,0.0,0.2608695652173913,42,-0.025465065367579198,-327.35898373580545,-0.3457888267881645,1.0,0.01,781,True,False,True,0.0,-0.028694073201817674,2.9156273858910966,3,-165.4611112866009,-0.168568832019675,-19.461538434486013,-0.01937869823818826,-0.0016920168908861827,304.657513297209,0.31182339875671233,0.0179114956474975,1433.5730792903278,1.4504293472859708,0.0,-0.022239374961617875,-2.2239374961617875,-0.46740822719756153,-1.5140913055659409e-05,-19.461538434486044,-0.01937869823818826,0.039729228785558866,18366.1833528127,15232.875664860447,111,7,5,-0.04758019578508159,11863,4.758019578508159,4.820447357604015,-114.91122333200491,-0.11720598601931871,-0.006384474257763092,False,1.841263550862421,0.8293979958839733,7,0.6585319030853338,-0.6103574883492797,-0.23282224353514924,5775.454191115181,17,-0.03133307687952256,-3.133307687952256,11545.680840533443,161,0.3114119922630561,2.1798839458413926,0.03217602643827948,0.0,0.3105590062111801,50,-0.02145580446543882,-303.0051450009937,-0.31050436953068405,0.05,0.003,75,1.5,0,4.3235985099741585,-0.022793022977236062,0.95313812165611,0.33615383062272747,2,38,-5.130649366109502,282,11
True,False,5.0,12.0,55,1.8,0.75,-129.34992259413997,20,10,80,True,trend_state_tp,120,6,0.025,70.47769881536891,26.23787087260606,6,0.0005,0.0,-0.19959592872654586,22.764923177192312,6,-289.28215761541503,-0.3550414585250833,-104.75590526468474,-0.1277499319267316,-0.007313455860838864,139.97040104443985,0.17369344022852914,0.0,1450.2751739354217,1.7388723382965725,0.0,-0.2572654879130727,-25.72654879130727,-0.7391279970511758,-5.412305595841734e-05,-104.7559052646847,-0.1277499319267316,0.16568619550326377,54095.76347408265,19735.826547266028,187,8,6,-0.34806621984210956,11666,34.806621984210956,42.58803754102776,-150.91176466765307,-0.19335274820562198,-0.011176898237028676,False,0.4838542487315202,0.36483127845531726,0,0.9871666645043284,-4.67532781785587,-1.9235944734861274,9886.63531008274,17,-0.3435993692681656,-34.35993692681656,49311.430995563984,328,0.6344294003868471,4.44100580270793,0.2279095113185102,0.0,0.4298780487804878,141,-0.060972884616151246,-525.1279650980723,-0.5323514053972261,2.5,0.08,601,True,False,True,0.0,-0.10203031453416328,10.601939552585641,6,-286.42139540929605,-0.31457759508621946,-51.2638478976112,-0.055534815453636,-0.0030760166182556797,163.38577395898488,0.18091702409471053,0.013241207123318333,1868.2820489830895,2.034872754314368,0.0,-0.12234065624895729,-12.23406562489573,-0.6597564195941981,-4.0363421402857514e-05,-51.263847897611214,-0.055534815453636,0.1686679023289548,44968.159079259494,28102.353120945394,157,8,10,-0.18543306683428165,11297,18.543306683428167,20.35853049136258,22.53509470856759,0.02454633269430211,0.0019879999999999143,False,0.5704384399269709,0.6249389278180824,3,0.9095360523474895,-2.0124315490739715,-0.7337360937773824,12472.822420271132,17,-0.1686580595831407,-16.86580595831407,24936.94104929624,329,0.6363636363636364,4.454545454545454,0.11699208078502536,0.0,0.5227963525835866,172,-0.03854193739849543,-528.0634194142789,-0.5388542139441658,0.12,0.002,150,1.0,0,8.909046357643469,-0.04345387039927818,0.7513642636970711,0.5093433645931045,3,39,-9.81760941279886,701,11
True,True,3.0,4.0,55,1.5,1.0,-145.38352376336775,20,10,50,True,range_bb_reversion,48,8,0.018,68.10095113098212,28.048189313868306,24,0.005,0.0,-0.19259981322089775,22.233803725557433,8,-336.3019123996008,-0.40781306660006794,-129.02705462399263,-0.1553028015739757,-0.006045520405361219,193.40050191584226,0.23749094402216775,0.00763860804885419,2223.8643038979135,2.4213700244074294,0.0,-0.24359909441199656,-24.359909441199655,-0.7414524135734325,-5.102218885076815e-05,-129.02705462399265,-0.1553028015739757,0.16310742203239584,51790.494509538476,19146.64968966837,154,11,7,-0.3285431269121775,12376,32.85431269121775,39.60472753260055,-206.92398163176384,-0.2696704250357854,-0.011114954664252271,False,0.5750799944486781,0.36969428214557887,1,0.9935939042972652,-4.082960514123997,-1.688856156737203,10501.651419295493,17,-0.3264384481987024,-32.64384481987024,52491.61388546535,253,0.48936170212765956,3.4255319148936167,0.21680334623383646,0.0,0.391304347826087,99,-0.046220739081573425,-525.9575511739338,-0.5403719585046051,1.5,0.04,517,True,False,True,0.0,-0.06736204393826332,6.989525647048331,8,-372.71397067029477,-0.3961484794608173,-38.59032520070832,-0.039520567406761194,-0.0013084140787837284,272.57826065646384,0.2926061903840391,0.019586792318693425,2746.621758082797,2.8954212882481407,0.0,-0.07000853587305311,-7.000853587305311,-0.6143826784438614,-3.9366387956520176e-05,-38.59032520070829,-0.039520567406761194,0.16310742203239584,45471.10442177598,35707.75214599673,122,6,7,-0.1139493972232,12024,11.39493972232,11.904323307869694,29.8409881092159,0.03289447656610694,0.001371154587042602,False,0.7313336287509018,0.7852844702161312,6,0.8568147365145894,-0.9393716591191263,-0.43122358653633897,14476.919387434105,17,-0.09763352275779238,-9.763352275779239,28928.934757536583,253,0.48936170212765956,3.4255319148936167,0.07462407701609332,0.0,0.5177865612648221,131,-0.03265107973703152,-538.5327653437386,-0.5508066963451466,1.0,0.002,100,1.5,0,5.302068655058283,-0.037695414740644015,0.7911415580211721,0.4964772417606463,2,40,-11.702194988253886,466,11
True,False,4.0,2.2,14,2.5,0.5,-2.9334434483721683,16,14,300,False,channel_reclaim,18,6,0.005,65.33105477255644,39.30617319015783,48,0.0005,0.0,-0.07240189351875209,7.8460244011365745,10,-543.0448149012711,-0.5723089310849387,-116.10885654300071,-0.12258499952192282,-0.005493390457169876,113.77973641914485,0.1195740405504705,0.007880480412475244,364.14197950484254,0.36165572775197163,0.0,-0.08350135267448855,-8.350135267448856,-0.6112679724916356,-1.6228479776369513e-05,-116.10885654300073,-0.12258499952192282,0.08300427109356112,19006.56852154449,7395.682867244415,35,5,9,-0.13660351340529486,10729,13.660351340529486,14.609097152148983,78.67488206776005,0.08572067927351702,0.004939999999999972,False,0.20952181716315751,0.38911194616014966,4,0.8499697676040915,-2.098836284368346,-0.22433523682165263,3872.807679968937,17,-0.11610885654300088,-11.610885654300088,19325.637698965966,100,0.19342359767891681,1.3539651837524178,0.08699406189971466,0.0,0.65,65,-0.026044320391418907,-1015.8636393751625,-1.0000000000000002,2.0,0.08,594,True,False,False,0.0,-0.043540863267628474,5.423088501484524,9,-541.4379886088387,-0.5507952714319752,-57.58846950099347,-0.05864840250318753,-0.002075157831913571,110.14603045639288,0.11196251205879214,0.011640763993685299,454.89979843359947,0.4500337444902744,0.0,-0.041451806350302656,-4.145180635030266,-0.43439673362054787,-1.1611673605149933e-05,-57.58846950099348,-0.05864840250318753,0.07494560399709888,14077.387703829805,8260.952284229468,26,4,25,-0.09542384447695096,10016,9.542384447695095,9.966025442121225,45.21821349050214,0.04491091232989952,0.0019879999999999937,False,0.20343240181465685,0.5868242360038181,5,0.6095368984012505,-1.1162694592154427,-0.09671554425270557,4658.905573563999,17,-0.058164354196003985,-5.816435419600398,9315.528719431424,101,0.195357833655706,1.367504835589942,0.056709635367605454,0.0,0.7425742574257426,75,-0.025365091704247833,-1027.7251735514237,-1.0,1.0,0.001,75,1.0,0,4.115061602889355,-0.08107558318466689,0.5589241217198546,0.7688317464847475,1,41,-12.199233978614508,218,11
True,True,3.0,1.7,30,2.5,0.5,-299.5737293244029,10,80,300,True,trend_state_tp,24,6,0.0025,72.69241331286987,42.723083003342985,24,0.0005,0.0,-0.3468349628971699,43.25476498265483,6,-402.97189096714436,-0.6002288515533851,-163.4010564943315,-0.2436382145589064,-0.007960048953962094,101.68619821818916,0.15093249028113812,0.0,1281.2781788721613,1.9135460135901625,0.0,-0.45976443563372005,-45.976443563372,-0.7878240446433635,-9.170912267381574e-05,-163.40105649433153,-0.2436382145589064,0.19107099685711984,75355.74361085602,17184.967498873975,187,11,9,-0.5835877170286783,12350,58.35877170286783,87.1860053067739,-83.6557867665316,-0.13242913932170847,-0.004627366587594925,False,0.2523406731276946,0.2280511965699486,0,0.996778623240342,-6.625523810981122,-2.4030260463391158,14628.173619189127,17,-0.5817077611198203,-58.17077611198202,73118.96606673245,356,0.688588007736944,4.820116054158608,0.38853592160790346,0.0,0.4747191011235955,169,-0.1117230933772172,-809.9701959249462,-0.8927778302097887,3.0,0.04,523,True,False,True,0.0,-0.218543668541064,24.559825215231562,6,-486.098064163884,-0.6132925026806335,-109.26783531421096,-0.13755555771776418,-0.0036913633549643834,106.53802261731985,0.13489291296581743,0.010557318734405907,2025.235265105545,2.5429026359797255,0.0,-0.2948255929328203,-29.48255929328203,-0.7463625496887397,-6.545277509932055e-05,-109.26783531421097,-0.13755555771776418,0.18132000967040052,63192.748341304905,24184.131134131618,130,6,12,-0.3950165948918167,12252,39.50165948918167,49.9204988097203,46.377232775612796,0.06313240319147159,0.0019879999999999997,False,0.21916981463518323,0.38270421478605093,1,0.9875184412912235,-4.190667090044869,-1.367327084624914,21379.299327086585,17,-0.39008617207173346,-39.008617207173344,42769.501526263404,357,0.690522243713733,4.833655705996131,0.24980428179925945,0.0,0.6358543417366946,227,-0.06811939036382364,-908.354581065355,-0.9508428374436253,0.03,0.003,50,0.25,0,17.091495012573944,-0.10092709382115266,1.2975899523608725,0.647850744429631,1,42,-13.696395994192548,526,11
True,False,5.0,4.0,14,2.2,1.0,-86.15526558699004,40,80,100,False,channel_reclaim,120,4,0.018,60.69516182464691,44.13390115448275,48,0.0,0.0,-0.10192520881810414,10.861416679516687,48,-764.316259623273,-0.8376881817429582,-271.0768458783693,-0.2955998877739651,-0.014321376864632914,341.2203573911666,0.37733730473926774,0.01123418492211914,656.6746711651317,0.6563095206944154,0.0,-0.12797322219123497,-12.797322219123497,-0.7030473209254543,-2.4361236402574155e-05,-271.0768458783692,-0.2955998877739651,0.2515110000805867,27515.385346437826,9895.39036434383,36,7,5,-0.18202647017099474,10729,18.202647017099473,19.934477725031932,-232.95486438996102,-0.266702217409274,-0.024119921802152125,False,0.446438700073386,0.35963117505911646,2,0.9679908073557593,-2.316018252376023,-0.37841209808396864,2108.667031801244,17,-0.17619994982094023,-17.619994982094024,10465.652377365319,65,0.12572533849129594,0.8800773694390716,0.11826515454074696,0.0,0.4461538461538462,29,-0.03107051132859784,-1007.1231160148574,-1.0000000000000002,2.0,0.01,645,False,False,False,0.0,-0.0873573278853575,9.285202690369427,48,-795.1531214992985,-0.8496711502895545,-205.59606528539217,-0.21779787008361165,-0.008377413796987204,482.22050029749863,0.5193876234899885,0.018095102541428654,733.1724769429292,0.7253778478214303,0.0,-0.0963794782143661,-9.63794782143661,-0.6412546608152139,-2.4025278930468923e-05,-205.59606528539211,-0.21779787008361165,0.2515110000805867,27830.359252475446,14466.61500892496,35,7,6,-0.15029828881374654,10729,15.029828881374655,16.13183706765899,-194.20894081514444,-0.21502867192338396,-0.018234927500116162,False,0.6064498613653798,0.5198141668846114,2,0.8891481299638223,-1.6140954340096436,-0.283374998329098,2432.82476859881,17,-0.1336374424355052,-13.36374424355052,4843.763349623223,65,0.12572533849129594,0.8800773694390716,0.10071640618918767,0.0,0.46153846153846156,30,-0.030050469884703612,-1018.0773370663981,-1.0000000000000002,0.12,0.0,75,0.5,0,5.239054144495092,-0.1304056216957742,0.8178502700842071,0.5273268398268398,3,43,-14.231350927037102,141,11
True,False,2.5,8.0,14,1.8,1.25,-105.19608549648085,16,20,100,True,trend_bb_reversion,12,8,0.025,73.11571806378451,33.69734339936655,48,0.005,0.0,-0.09075586901870691,8.765778132599877,8,-341.5617681911847,-0.3670967116631964,-166.13143197643416,-0.18000546225220146,-0.005429528669887448,325.07350942486744,0.34385003609858455,0.016882497958848663,921.8810157950857,1.048675148919346,0.0,-0.11427618330452727,-11.427618330452727,-0.6657253081616243,-2.0751651309394945e-05,-166.13143197643416,-0.18000546225220146,0.06124586993311306,23909.323773382934,8126.837735621684,70,11,4,-0.171656660642956,10656,17.1656660642956,18.771708683759044,-296.01276268452136,-0.3229904275507826,-0.009138275406489675,False,0.9517268608438396,0.3399024503013712,2,0.9194217095128443,-3.0609094696542787,-0.8767116486787525,6124.243318420826,17,-0.15782486037761279,-15.782486037761279,30573.448258645607,95,0.18375241779497098,1.2862669245647969,0.10660040057988969,0.0,0.2631578947368421,25,-0.028209462559853904,-490.4491717911555,-0.516980919929097,1.0,0.01,172,True,False,True,0.0,-0.04085730847982196,4.049728837258618,8,-313.22074615643226,-0.30586715602768033,-3.1209652269648935,-0.0020121862025596036,-0.00031158663676076936,442.1505150820139,0.43429238585402413,0.04790115699883346,1640.5771097176068,1.66724674438682,0.0,-0.002095566237603208,-0.2095566237603208,-0.026129329190749576,-1.3847975371938002e-05,-3.1209652269648984,-0.0020121862025596036,0.06124586993311306,17540.361784760204,17243.870088198542,56,9,5,-0.08019977177007245,10656,8.019977177007245,8.322359576965077,-129.58024637511264,-0.13041989616593125,-0.0031631198406756452,False,1.4116258916680764,0.9830966031259819,6,0.03696914467683389,-0.028949190434835056,-0.008192824178263926,8462.188889909461,17,-0.002964916965616867,-0.2964916965616867,16940.809600232806,95,0.18375241779497098,1.2862669245647969,0.04773226947628708,0.0,0.4105263157894737,39,-0.013920685166526559,-533.7609692444719,-0.5227436223844462,0.03,0.0005,30,0.5,0,5.781875283146288,0.057221175516667507,1.528411404048548,0.4043981575290083,2,44,-16.51836456258829,136,11
True,False,5.0,8.0,55,1.5,2.0,-155.83519351253653,12,8,200,True,range_bb_reversion,120,4,0.005,58.0465072764474,39.95252649270714,12,0.005,0.0,-0.06555788125692856,7.16879777717868,4,-194.27725750977254,-0.20781302003425725,-161.13465773737374,-0.17227334664353317,-0.00915455873706734,70.86354066941772,0.07650436709153537,0.0,203.0609454667924,0.23260343059034783,0.0,-0.09289711635469922,-9.28971163546992,-0.7206481651677632,-1.1733272626551039e-05,-161.13465773737377,-0.17227334664353317,0.025787734708679184,13599.408025684072,708.6354066941772,70,19,2,-0.12890772618989912,12401,12.890772618989912,13.781867731482649,-194.97182833179295,-0.20989862042711221,-0.010611082925999375,False,0.3647546891372663,0.05210781273389521,0,1.0,-4.967259643817139,-0.9019071231272934,2823.49762054439,17,-0.12890772618989912,-12.890772618989912,14067.25172714781,80,0.15473887814313347,1.0831721470019344,0.07602984612585124,0.0,0.125,10,-0.01539084797071033,-356.9369141108553,-0.3724786682080317,1.0,0.01,197,True,False,True,0.0,-0.03203134737959274,3.410907198440129,4,-161.16445140714626,-0.16655172018573597,-80.84783895187729,-0.08342560219552271,-0.0036537485739760152,106.55759011041702,0.11053533978164154,0.0005803042319889595,296.23056345364813,0.31802754085856144,0.0,-0.04614018460253766,-4.6140184602537655,-0.6732057005572454,-7.531408535530678e-06,-80.84783895187726,-0.08342560219552271,0.025787734708679184,9025.209278800194,2557.382162650009,56,7,4,-0.06853801826744065,12401,6.853801826744064,7.088183679897016,-97.66220280397846,-0.10085678609617044,-0.004911906039306325,False,0.6611730389676499,0.28335987384327843,3,0.9436845826081853,-2.9595894730055146,-0.4530809108822128,3321.345558474804,17,-0.0646782711615019,-6.467827116150191,6636.412113556473,80,0.15473887814313347,1.0831721470019344,0.038613363367816116,0.0,0.3,24,-0.011685560723013522,-325.4273357354172,-0.33114177402544714,0.2,0.001,75,0.25,0,6.748522066044316,-0.06948230498893888,0.5743970275428099,0.31471041584677945,3,45,-17.680537893129852,165,11
True,False,4.0,3.0,55,1.5,1.0,-111.72522956491166,8,20,400,True,range_bb_reversion,8,4,0.012,69.98687111753027,40.55306165097819,12,0.01,0.0,-0.10980554063039724,11.20560378405207,4,-234.19404260112455,-0.2612634501015326,-147.40097878676914,-0.1638740320013954,-0.007188602668526386,129.25191212148872,0.14655473819279213,0.0,338.3991220622728,0.4058185620242476,0.0,-0.14397638950160108,-14.397638950160108,-0.7247527604727743,-2.1532701931444918e-05,-147.40097878676914,-0.1638740320013954,0.04367797566282537,23887.792345314712,4136.061187887639,102,9,4,-0.1986558690824188,12401,19.86558690824188,22.102303277654162,-213.0934110980992,-0.2294470825656197,-0.010483731379918223,False,0.5519009394343495,0.17314539276371743,0,0.9942686943335332,-5.104126166510649,-1.3008683179492369,5357.38032313581,17,-0.19751731157426985,-19.751731157426985,26715.237883683516,134,0.25918762088974856,1.81431334622824,0.12595064405844006,0.0,0.23880597014925373,32,-0.028861804013681658,-400.98946260930273,-0.41878716786128617,1.0,0.04,177,True,False,True,0.0,-0.05015041595339155,4.8629029255505785,4,-223.87024016551646,-0.2352918509699967,-68.71071372174717,-0.07180477505608722,-0.0025320450744249034,140.89075182509913,0.14904618714340456,0.004066366515315112,516.045458628923,0.5596363849076097,0.0,-0.06596305978439732,-6.596305978439732,-0.6885047656947852,-1.4668830479062175e-05,-68.71071372174713,-0.07180477505608722,0.043275042308002255,17238.008492744764,8030.772854030651,77,6,6,-0.09580625011045864,12401,9.580625011045864,10.035801069714621,-111.05716786489327,-0.11243684972171411,-0.004839047442523619,False,0.629341138513689,0.4658759077309128,3,0.9610266165410689,-2.4637693043765356,-0.6436772689985738,6616.542451917434,17,-0.09207235638714148,-9.207235638714147,13227.946066472798,134,0.25918762088974856,1.81431334622824,0.05820742260929531,0.0,0.4253731343283582,57,-0.018164720270153256,-372.57262909188046,-0.38619172368477367,1.0,0.0005,20,0.25,0,9.758631523877632,-0.06591218837071748,0.6515276800767951,0.39135934952932344,3,46,-18.792663787795185,269,11
True,True,2.0,6.0,55,2.5,0.5,-158.8861352834369,8,30,400,True,trend_bb_reversion,72,6,0.0025,61.47463373599214,27.689027702887646,36,0.0025,0.0,-0.123444111226869,14.491754429253133,6,-415.9180808329441,-0.47325259530280434,-284.35539226365756,-0.3224545654709321,-0.00981736849058686,218.67841697184966,0.254126136827403,0.001983072515091777,620.8754000435583,0.7649879084302782,0.0,-0.17102452258673528,-17.10245225867353,-0.7299610485583496,-2.4825614312551248e-05,-284.3553922636576,-0.3224545654709321,0.03980981545652349,27034.675254141373,3717.533088521444,65,9,2,-0.23429266934791027,12339,23.429266934791027,26.5876896217068,-304.13150302529215,-0.34048882447305945,-0.010355861269287657,False,0.5257728073131861,0.13750981114344862,1,0.9952143287503091,-3.9871461840538553,-0.5767035285039959,4578.6107777197,17,-0.23317142165619864,-23.317142165619863,22926.379872150614,82,0.15860735009671179,1.1102514506769825,0.1389325243228253,0.0,0.2073170731707317,17,-0.025123889446753034,-984.4247954159548,-1.0000000000000002,2.5,0.08,253,False,False,True,0.0,-0.07332867229376308,8.187918090623056,6,-410.6630180698997,-0.4410243458921919,-154.2366251346327,-0.1635701345245551,-0.003780501027895243,340.2999898119538,0.3715201302558872,0.00806105739272489,1122.845163717768,1.272233626290432,0.0,-0.09110741704745684,-9.110741704745685,-0.6875179710752426,-1.923692623439282e-05,-154.23662513463262,-0.1635701345245551,0.03980981545652349,22175.802975774583,9528.399714734709,54,5,4,-0.13251641539634162,12339,13.251641539634162,14.107693167438159,-185.95782242619975,-0.19821524205060576,-0.004388033274639552,False,0.828659934881282,0.4296755217902945,5,0.9544027600816821,-2.008551838490073,-0.2740832751630621,6120.845046661807,17,-0.12647403261039916,-12.647403261039916,12250.669674249222,82,0.15860735009671179,1.1102514506769825,0.08112660047943449,0.0,0.34146341463414637,28,-0.02155641772489314,-994.5382571855357,-1.0000000000000002,1.0,0.003,75,1.0,0,5.499549681104503,-0.10090739320817756,0.6994070439158964,0.3821341455242384,3,47,-19.24045601352396,166,11
True,True,3.0,2.2,40,2.2,0.5,-71.78462522650028,20,14,80,False,range_bb_reversion,72,6,0.025,75.76200930802271,34.339908314907454,6,0.005,0.0,-0.14895625772967858,14.963798492423573,10,-874.0174063484611,-1.0,-235.46323206268406,-0.26780138505107637,-0.008738782119671865,122.51410806722122,0.14267359605665356,0.007492133473663509,194.49324938708656,0.21123822125432362,0.0,-0.17818267180409553,-17.818267180409553,-0.7299301559544161,-2.997893372224921e-05,-235.46323206268406,-0.26780138505107637,0.08413248448706584,32338.644034893066,8085.931132436603,37,4,8,-0.24410920736808547,12384,24.410920736808546,27.79860195032601,103.7674467301795,0.12252057446254506,0.004939999999999959,False,0.1401735333613896,0.250039275725722,4,0.9935189730834875,-3.1102446959030354,-24685458258068.684,5293.845624231652,17,-0.24252712902456436,-24.252712902456437,26424.61598350121,103,0.19922630560928434,1.3945841392649903,0.16593815694758304,0.0,0.6407766990291263,66,-0.042641283227111804,-999.9999999999999,-1.0000000000000002,2.0,0.08,102,True,False,False,0.0,-0.11879545046224049,11.523723239633263,9,-897.9324563949799,-1.0,-190.5848880948523,-0.21080834109822139,-0.005483951699554447,109.7955861147909,0.12432784281897227,0.009515596998442177,403.9482503333661,0.4641863712493151,0.0,-0.14449718248780463,-14.449718248780464,-0.6858601689842642,-2.5131738954195357e-05,-190.58488809485237,-0.21080834109822139,0.0764767507454267,27835.906148244372,8015.077786379733,31,4,11,-0.21068023632543073,12384,21.068023632543074,23.494185708330058,55.10438127531017,0.062783357844832,0.0019880000000000128,False,0.12227599674434124,0.28794025039796484,5,0.9408015059964155,-2.6614948091687607,-27238190729904.055,6784.071573011383,17,-0.19820828361864595,-19.820828361864596,13545.563458582406,104,0.2011605415860735,1.4081237911025144,0.1368025548230657,0.0,0.7019230769230769,73,-0.03803804886681006,-1000.0000000000001,-1.0000000000000002,0.03,0.001,100,1.25,0,6.4764102866993065,-0.12136308560596044,1.4383697149567203,0.7678037648625883,2,48,-19.430495334079662,169,11
True,False,1.5,8.0,30,2.2,0.5,-319.08200749761266,16,10,50,True,trend_state_tp,36,4,0.018,76.03146485259869,30.60421271431004,12,0.0,0.0,-0.3883863988418145,49.37261216229377,4,-493.6255174973736,-0.760987935476857,-220.55493575599263,-0.332021878271232,-0.007943977780453613,205.9553062019737,0.3379822491737443,0.0,1603.2329072006937,2.1578580703419394,0.0,-0.47037852414447456,-47.03785241444746,-0.7897816563410377,-0.0001014403165229656,-220.5549357559927,-0.332021878271232,0.08848416471915545,80954.5848695693,21625.307151207246,164,8,5,-0.5955804624833666,12380,59.55804624833666,89.88495761771438,-286.9040286296735,-0.4554094886737262,-0.012071649981051785,False,0.41722986130486966,0.26712887461592266,0,0.9961588980098396,-5.481892207172248,-2.165561839605783,14784.35745496461,17,-0.5932927771836211,-59.32927771836211,73699.79154528733,269,0.5203094777562862,3.6421663442940035,0.42579160567868074,0.0,0.3903345724907063,105,-0.13411823486759278,-995.2016963193864,-1.0000000000000002,2.0,0.015,742,True,False,False,0.0,-0.23578671924148686,25.767641382044197,4,-575.9673782462314,-0.732220791966886,-135.29232028184805,-0.16498614955470167,-0.002985277907516347,322.20239638346595,0.4238986700487875,0.015063041546584222,2758.9274345451886,3.2192391599155927,0.0,-0.2714160286138837,-27.14160286138837,-0.7349317248008466,-8.111267223873631e-05,-135.29232028184808,-0.16498614955470167,0.08808123136433234,78331.56344148751,42208.51392623402,136,6,6,-0.3693078138481947,12380,36.930781384819475,45.38635601173467,-48.86857107568309,-0.05520175961399685,-0.0010495095587099736,False,0.5594108426149813,0.5388442675188418,3,0.9781284922961848,-2.4769059039508656,-0.9070558108864344,24249.29689010476,17,-0.3612304951525348,-36.12304951525348,48474.99267991951,267,0.5164410058027079,3.6150870406189552,0.2614908980604722,0.0,0.49063670411985016,131,-0.0904706007828806,-996.6144283865646,-1.0000000000000002,0.04,0.0,30,1.5,0,15.513587237133567,-0.11073038826191749,0.8045654806014103,0.5330868243829945,3,49,-19.50951955363263,363,11
True,False,1.5,3.0,55,1.8,1.25,-48.082308268938405,12,30,100,True,range_bb_reversion,12,8,0.0,73.63749165395626,42.19690982075913,48,0.0,0.0,-0.07648662490588669,7.80331215742049,8,-502.9773954943854,-0.5401165608959065,-184.3048257672078,-0.19731775114626557,-0.00456463030052967,253.8699576076614,0.27403061225949077,0.008189044531300427,600.0231890589095,0.6297273498363424,0.0,-0.10112579767704954,-10.112579767704954,-0.7219575480321236,-1.920259266275038e-05,-184.3048257672078,-0.19731775114626557,0.04899669594649045,22131.005401752955,8123.838643445166,44,5,4,-0.1400716675830778,12339,14.007166758307779,14.996149087116182,-178.70564594220338,-0.19061475461440514,-0.0048790425840294915,False,0.5047343277884847,0.367079511118898,2,1.0,-2.4138399883935073,-0.36311825738817755,5765.175416925354,17,-0.1400716675830778,-14.007166758307779,28785.180707653722,76,0.1470019342359768,1.0290135396518376,0.08715155691575611,0.0,0.42105263157894735,32,-0.024288627428125542,-815.4409092703366,-0.8302636275343787,1.5,0.006,244,True,False,True,0.0,-0.03069986854822895,3.1335324909086073,8,-629.305697752246,-0.6416667796773969,-38.03291238973538,-0.036798993939966856,-0.0001629114563200421,391.9836587829996,0.4031048502327096,0.019303576860395744,1095.3740478952132,1.1143660155845696,0.0,-0.020508529998421343,-2.0508529998421343,-0.35639814466834885,-1.6607357610544068e-05,-38.0329123897354,-0.036798993939966856,0.04899669594649045,20137.782328071873,17247.28098645198,32,3,5,-0.05754387419021453,9512,5.7543874190214535,5.834877922388681,85.68344658111566,0.08933801117784934,0.001987999999999944,False,0.6228827423350635,0.8564637707107122,8,0.5023126062150753,-0.37397392825778036,-0.0674240208608847,8090.604585423536,17,-0.028905013416199072,-2.890501341619907,16191.694944527473,76,0.1470019342359768,1.0290135396518376,0.034912451297259055,0.0,0.5789473684210527,44,-0.017984561762488305,-921.0028207175259,-0.9146105557825784,1.0,0.002,10,1.25,0,8.38606945277684,-0.10518144137350141,0.7065509605364559,0.44067353698932643,3,50,-19.835881599657213,127,11
True,False,1.0,12.0,20,2.2,1.25,-183.4036365744897,30,50,100,True,trend_bb_reversion,18,6,0.0,62.086611924243456,42.722057332876034,12,0.005,0.0,-0.11945924375754942,12.362559947937795,6,-555.100250498368,-0.6237531079214332,-377.33942228176403,-0.4247854442010272,-0.009586015792370511,318.8904882332682,0.3545045720372297,0.006475221454724345,551.7983549520033,0.6257161194811413,0.0,-0.1629900068945649,-16.299000689456488,-0.7321107540350122,-2.3649883891825905e-05,-377.33942228176403,-0.4247854442010272,0.028527681521476347,26089.711773423296,3826.685858799218,47,11,2,-0.2226302591462413,11432,22.26302591462413,25.0623412078606,-433.64945040659774,-0.46348437947969545,-0.010497570047640655,False,0.5744736882157211,0.14667413316146072,1,1.0,-3.5608721170767432,-0.5264669754142142,4808.735254400839,17,-0.2226302591462413,-22.26302591462413,23956.56737562071,59,0.11411992263056092,0.7988394584139265,0.13438295029017522,0.0,0.2033898305084746,12,-0.043594463855608834,-984.3538399309248,-1.0000000000000002,1.5,0.006,454,True,False,True,0.0,-0.07398709915737149,7.50572188351772,6,-582.8867407918995,-0.6149267831253716,-209.98393359403528,-0.22177538541926647,-0.003922490889587384,464.7925746687665,0.4896414294774954,0.019475766394155603,1213.5739702356768,1.3063942081845374,0.0,-0.08920914452578643,-8.920914452578643,-0.6452502568445098,-1.8864307547238335e-05,-209.9839335940353,-0.22177538541926647,0.028527681521476347,22149.69615009218,9760.644068044097,38,6,4,-0.13825510889689385,10968,13.825510889689385,14.757007248869236,-248.48412281534905,-0.2682431837685938,-0.004419626899298878,False,0.7973977483812853,0.4406671767370261,2,0.8961008515994472,-1.7180916159689024,-0.22708695535199336,7110.197318741442,17,-0.12389052082048088,-12.389052082048089,14209.872652027825,59,0.11411992263056092,0.7988394584139265,0.08307179874510086,0.0,0.3559322033898305,21,-0.03452624306712082,-1014.5480968362647,-1.0000000000000002,0.2,0.0,100,0.0,0,7.883696034254924,-0.15408161352441996,0.8112628727579078,0.4019369871240917,4,51,-20.985357721303497,158,11
True,False,4.0,1.7,20,1.8,2.0,-58.690089405210095,40,14,300,False,trend_bb_reversion,48,1,0.012,67.14359105205567,38.54548846417507,24,0.005,0.0,-0.11957163402089709,12.295494251993256,15,-537.569955866848,-0.5997049967233642,-193.9631355482248,-0.21485483707216146,-0.009463576241727662,88.2853239992157,0.10127207978418366,0.003929608171062249,277.0637651331064,0.28933315060683756,0.0,-0.14422139439476678,-14.422139439476677,-0.7289711187478907,-2.233357338833773e-05,-193.96313554822476,-0.21485483707216146,0.125715206704811,24728.217969875,4943.97814395608,46,4,7,-0.19784239825918906,12349,19.784239825918906,21.915193381360464,23.001341508868588,0.02471170706367587,0.0012434207186042046,False,0.16423039092066247,0.19993264981645872,2,1.0,-3.0142635125957065,-0.31672487253657633,3839.5453768510547,17,-0.19784239825918906,-19.784239825918906,19118.082746717177,102,0.19729206963249515,1.381044487427466,0.13110087652457958,0.0,0.5490196078431373,56,-0.03993573472012735,-1000.0,-1.0000000000000002,4.0,0.006,458,True,False,False,0.0,-0.06988826145026734,6.562117417285979,15,-788.0712519711502,-0.8344380488153817,-100.62651827157875,-0.10478507448135818,-0.003490378373595064,199.52540770992434,0.21379580163631412,0.015700607088608765,346.12776517655334,0.35399081560934964,0.0,-0.07365607250911244,-7.365607250911244,-0.6926035126091787,-2.0967479543873528e-05,-100.62651827157876,-0.10478507448135818,0.125715206704811,24430.20881110566,14166.303947404624,31,3,9,-0.10634666323252531,12349,10.634666323252532,11.1109123551114,183.92288225454251,0.19279912510859865,0.007281054520659904,False,0.253181939083382,0.5798683120941973,7,0.9651365216094357,-1.4061059116194268,-0.21069652130238453,4671.603469246587,17,-0.10263904863700955,-10.263904863700954,9332.037294647876,102,0.19729206963249515,1.381044487427466,0.07558737364339903,0.0,0.696078431372549,71,-0.030452669529669296,-1000.0,-1.0000000000000002,1.0,0.001,75,0.0,0,5.456989712096478,-0.14053373114332612,0.6909911253897808,0.6508313855778358,3,52,-23.835447576307253,216,11
True,True,4.0,12.0,40,2.5,1.0,-212.27105940975525,16,14,300,True,channel_reclaim,72,6,0.018,68.03759241528303,26.756131594352542,36,0.001,0.0,-0.20607140357899428,24.113339002706848,6,-260.2510933842348,-0.32547019546783823,-140.51210720064375,-0.17453289626627866,-0.007820082287367015,135.34226603243957,0.17319607151452948,0.0,1015.8068761173635,1.287072536848278,0.0,-0.27585856187286306,-27.585856187286307,-0.7521980681177047,-4.8045725991683496e-05,-140.51210720064373,-0.17453289626627866,0.12627931340156337,47365.69899593074,10692.039016562723,182,16,6,-0.3667365997936815,12341,36.67365997936815,45.55308592549874,-198.11458485015112,-0.2519363369430629,-0.011945493578336781,False,0.5200449468722124,0.22573379562035584,0,1.0,-6.171513049863937,-2.272971251727116,9078.43281136764,17,-0.3667365997936815,-36.67365997936815,45392.646770240164,261,0.504835589941973,3.533849129593811,0.2338116189919858,0.0,0.30268199233716475,79,-0.04054217415220429,-449.3040547891522,-0.4806270093557393,1.5,0.025,534,True,False,True,0.0,-0.1175207283001942,12.740619506774001,6,-253.380405900652,-0.2858754469195924,-78.16412103884036,-0.08695520943101667,-0.003142911076846044,162.3600518169192,0.18610802566693727,0.0035047032971140535,1378.6956784181095,1.5685429931319725,0.0,-0.14887396768148775,-14.887396768148776,-0.7194292013060161,-3.510098592035979e-05,-78.16412103884038,-0.08695520943101667,0.12627931340156337,38260.441290998475,17859.605699861106,151,16,6,-0.2069334514240308,12341,20.69334514240308,23.06864506646996,-87.48728592068449,-0.09999158457791703,-0.004706108540939445,False,0.640775877044648,0.46679037400603457,2,0.9858645593908159,-3.218324823942588,-1.0551154258259168,11760.558253199499,17,-0.20400835591137292,-20.40083559113729,23517.511850687628,261,0.504835589941973,3.533849129593811,0.13528512668644177,0.0,0.421455938697318,110,-0.033233909361678804,-435.70080828857385,-0.4755254319348177,0.2,0.003,10,1.0,0,10.097581545151973,-0.056261738891291574,0.7013577636312829,0.4408940029080213,2,53,-28.0613407750037,492,11
True,False,1.0,6.0,55,2.5,1.25,-301.2120375490061,12,14,150,True,trend_state_tp,8,6,0.0,66.70083237181717,27.306098918607482,12,0.0005,0.0,-0.34196759869763,42.76386646384352,6,-542.5701672875585,-0.8023365612138597,-227.69326804652536,-0.3314294068633266,-0.006552777609129686,334.8396193616125,0.5098541610213339,0.004119944909405371,5330.256995638935,7.104474867405575,0.0,-0.4443182726157785,-44.43182726157785,-0.7837652963429762,-0.00010355671177287414,-227.6932680465254,-0.3314294068633266,0.12055765976307518,86268.65659872182,29800.72612318352,159,8,4,-0.5669022023416364,12370,56.69022023416363,82.70710566009498,-392.9176254647166,-0.6123516851405593,-0.012463596578490495,False,0.6171360674612059,0.3454409434216813,1,0.9960788693762829,-4.099816710062497,-2.007089967467992,16657.223398354974,17,-0.5646793047553819,-56.46793047553819,83088.14539234592,248,0.4796905222437137,3.357833655705996,0.38013166797378894,0.0,0.3588709677419355,89,-0.09116789065881115,-1002.9418082610656,-1.0000000000000002,2.0,0.006,669,True,False,True,0.0,-0.1715057196572724,17.736787787494574,6,-695.3335169405098,-0.8120721764183739,-104.30477381277201,-0.11397921638947905,-0.001335163819735311,580.04429717724,0.6943389478545046,0.042752978677505826,9172.172877869738,10.496292363544159,0.0,-0.18899116604481447,-18.89911660448145,-0.6292656735683386,-8.717934015472297e-05,-104.30477381277205,-0.11397921638947905,0.11975179305342896,91784.02423614725,66125.04987820536,132,6,5,-0.30033604879972836,12148,30.033604879972835,34.30941332045141,-242.58788058979871,-0.2700977251823958,-0.004038847120248995,False,0.8341957967587322,0.720441824473451,4,0.8543421430922512,-1.1154980425529049,-0.6349979090624497,29623.198420470453,17,-0.2565897435794189,-25.658974357941887,59254.578164274855,246,0.4758220502901354,3.3307543520309477,0.19245694728366294,0.0,0.4634146341463415,114,-0.05682692564509351,-1016.7998902621315,-1.0000000000000002,0.2,0.0005,10,1.5,0,23.026599694842446,-0.08583008134576077,0.8469241044313276,0.4339385585413874,4,54,-28.627921607044883,489,11
True,False,5.0,6.0,55,1.5,1.25,-144.7608127998102,10,30,300,True,channel_reclaim,36,6,0.0025,69.45965042132505,25.172897843502735,12,0.0,0.0,-0.10473004383121227,10.296012763958517,6,-270.7798977868197,-0.29952962313578985,-172.00629106218088,-0.18980136514732482,-0.011490536143294771,139.5104686078338,0.1562646792778339,0.002905058294019769,383.2695526873655,0.46272488548397334,0.0,-0.13513992974736388,-13.51399297473639,-0.7274708605608948,-1.9836398883164882e-05,-172.00629106218088,-0.18980136514732482,0.052220162785075346,22203.951618519204,3627.2721838036778,82,15,3,-0.18576679434715537,12363,18.576679434715537,20.498547435911075,-187.67158990391846,-0.21266056168887376,-0.01342081451494841,False,0.5152172290044513,0.16336156041604558,1,1.0,-4.4377539086973545,-0.7856270565513285,3369.720376959944,17,-0.18576679434715537,-18.576679434715537,16772.60623069008,108,0.20889748549323017,1.4622823984526112,0.11974077453512708,0.0,0.24074074074074073,26,-0.028468884027360142,-573.0649679034248,-0.5981704261220375,3.0,0.025,624,True,False,True,0.0,-0.06601385328055684,6.498887184568497,6,-245.6976329882662,-0.26010747087478314,-101.62163308179143,-0.10721838890072669,-0.005954319668051244,163.78152464066204,0.17441939368306167,0.005301632306134119,639.9755923053224,0.7177497459786691,0.0,-0.07884912089245122,-7.884912089245121,-0.68578367735764,-1.4719096977554345e-05,-101.62163308179144,-0.10721838890072669,0.052220162785075346,17198.83430917863,6223.697936345158,70,9,3,-0.11497666610593732,10848,11.497666610593733,12.17284850819526,-105.26842661833996,-0.1096571181459483,-0.006208421793052747,False,0.6665978937146854,0.3618674280165436,4,0.9545533667432274,-2.6727256007729316,-0.42031653446520306,3931.037308374377,17,-0.1097513637283344,-10.97513637283344,7847.9896341821195,108,0.20889748549323017,1.4622823984526112,0.07694109144882966,0.0,0.35185185185185186,38,-0.0204387542210408,-598.1953920716754,-0.613987059349629,0.12,0.0,50,1.25,0,4.0073794527485465,-0.08392443056761842,0.5438714379577959,0.40186739090663987,2,55,-29.024894230029986,213,11
True,True,3.0,8.0,80,1.8,1.25,-146.10423952128323,30,14,400,True,channel_reclaim,12,6,0.008,67.36552017797548,43.22714550429714,6,0.001,0.0,-0.12214114924037527,14.078992252870536,6,-343.0423945411126,-0.3922428881380504,-196.42819833669802,-0.2242998733909547,-0.00929490229954328,161.962059051871,0.1862274959908345,0.0007289463813571206,478.4083447101542,0.5857749932750834,0.0,-0.17898292684712014,-17.898292684712015,-0.7348286613645199,-2.789959113817363e-05,-196.42819833669802,-0.2242998733909547,0.060037069868643725,30187.730719617903,5830.634125867354,88,11,4,-0.24357096593750538,12120,24.357096593750537,27.813184300478394,-208.7109635300602,-0.24064808120978365,-0.01019464777527087,False,0.47213423655267867,0.19314582404427763,1,1.0,-4.325026552444504,-0.7346740306653401,5291.459976453199,17,-0.24357096593750538,-24.357096593750537,26484.00668079334,124,0.23984526112185686,1.678916827852998,0.14125229025612565,0.0,0.2903225806451613,36,-0.030553254773945326,-833.0770819872299,-0.9174317282775724,3.0,0.08,62,True,False,True,0.0,-0.06579072535015927,7.257414001663542,6,-329.3099115764427,-0.35314320502927177,-108.1322104054447,-0.11532310660268587,-0.004046018534304556,208.45547950598376,0.22508605389027048,0.005050879797182661,724.7405733800385,0.8101450156030102,0.0,-0.09670851080659315,-9.670851080659315,-0.7143282377874411,-2.0862227051174907e-05,-108.13221040544468,-0.11532310660268587,0.060037069868643725,24039.623545080307,10631.229454805174,73,6,4,-0.1353838553353818,12120,13.53838553353818,14.455242226610778,-113.29959600332546,-0.12765804284330234,-0.0041953513389042215,False,0.6330070009374589,0.442237767778225,5,0.9903983054005225,-2.2745772115418683,-0.3270542009091315,6713.1948558816475,17,-0.13408394090275164,-13.408394090275163,13437.421581755614,124,0.23984526112185686,1.678916827852998,0.07604460029507039,0.0,0.4112903225806452,51,-0.020889056336312106,-886.5303183897272,-0.9610506187849754,1.0,0.0005,10,0.5,0,6.304965913309906,-0.08492385192104993,0.7342389921318163,0.46322484394584706,1,56,-29.63174309481754,267,11
True,False,3.0,12.0,40,2.2,1.5,-211.95092931486823,20,8,50,True,trend_state_tp,12,8,0.0,67.69449047285781,34.85951322485534,18,0.0005,0.0,-0.27087662452502953,31.620175387133333,8,-416.62429642974877,-0.5540574078304707,-164.4251004157034,-0.21309674117647182,-0.007997157554144431,248.26449306182525,0.3448388951664355,0.003583877049960771,1906.7969385159636,2.3271461253211307,0.0,-0.32704193234922097,-32.704193234922094,-0.7460754552727402,-7.292005854946482e-05,-164.42510041570347,-0.21309674117647182,0.17334192924490288,67493.1360216193,24578.1848131207,162,10,4,-0.438349673666272,12146,43.8349673666272,57.3117326773471,-225.50471594440222,-0.3079352086458511,-0.011326632318894669,False,0.595895379096518,0.3641582872256499,1,0.9790118206217915,-4.125523030630952,-1.2812043299384557,10889.422974024792,17,-0.4291495120849851,-42.91495120849851,54287.543779339656,261,0.504835589941973,3.533849129593811,0.3001391628719444,0.0,0.3793103448275862,99,-0.08072574577705793,-996.5448253915685,-1.0000000000000002,3.0,0.08,411,True,True,False,0.0,-0.15540154038929613,16.22871984861173,8,-432.03522401324057,-0.49717181830846424,-82.4045662399507,-0.09072860441820232,-0.0030089728929141774,358.4340892133279,0.4217432739651714,0.02384656176319644,2716.5563523486917,2.9983038852515516,0.0,-0.15662675977981988,-15.662675977981987,-0.6294154437615077,-5.864305999733767e-05,-82.40456623995067,-0.09072860441820232,0.17350310258683213,62645.107481919855,41219.92025953272,145,7,7,-0.24884479930105982,12146,24.884479930105982,28.185983916196793,-118.24495684643422,-0.13160078197253472,-0.004200411456456516,False,0.8296408933599891,0.6579910533544746,4,0.8609859351115623,-1.6087839963618722,-0.4684505574124658,15059.730914453256,17,-0.21425187222387204,-21.425187222387205,30106.825881769,260,0.5029013539651838,3.520309477756286,0.17053926495128252,0.0,0.4423076923076923,115,-0.05304641241573371,-1009.6616446661199,-1.0000000000000002,0.08,0.0005,50,1.25,0,14.90808703219301,-0.0994689100680911,0.7556676525134968,0.4336789267728118,4,57,-33.07033101090019,483,11
True,False,4.0,6.0,14,2.0,1.25,-141.95910047746636,16,20,50,True,trend_reclaim,36,6,0.0,73.75897437203903,43.07319036066895,24,0.0,0.0,-0.14504459588072982,16.180746746806705,6,-280.96980950745706,-0.32787363592946134,-132.7234752170887,-0.1539513050756802,-0.006303492839216465,240.4483317897007,0.28385318293556205,0.01675805339024561,3002.4810537423564,3.3132433280038094,0.0,-0.19994008758954707,-19.994008758954706,-0.7313360038328776,-3.876076991554764e-05,-132.72347521708866,-0.1539513050756802,0.09904101861552099,41021.592188088725,13946.003243802641,146,11,4,-0.27339018801436815,12352,27.339018801436815,31.77053680305321,-230.41189421690711,-0.27432858881308786,-0.011453393227496212,False,0.8557799580360932,0.3399673805896809,1,0.9903643265669477,-3.7686595006457626,-1.5611925458535656,8546.392672343947,17,-0.27075588944286094,-27.075588944286093,42639.920148456484,204,0.3945841392649903,2.762088974854932,0.1647122344201646,0.0,0.28431372549019607,58,-0.03913274904012276,-458.91306961279304,-0.47783636391436546,1.5,0.006,174,True,False,True,0.0,-0.05608668525136922,5.8654647883795,6,-266.4282364777365,-0.2818599031531861,-51.05311541714525,-0.052941774502159464,-0.001705541798000868,296.86054168073304,0.3168490487033452,0.030279337772227022,3807.0893211619154,4.000205983837903,0.0,-0.07475707822192745,-7.475707822192746,-0.6732897652736031,-2.8803201782077394e-05,-51.05311541714522,-0.052941774502159464,0.09912160528648561,33569.9577961948,23155.122251097164,126,7,4,-0.11103254806130702,12352,11.103254806130703,11.576072129771712,-141.2254658105942,-0.14841875777880376,-0.00512256309665641,False,1.1142232730483863,0.6897572642680483,4,0.9379984272131672,-1.1919479264493942,-0.4922667711738759,11085.197627018624,17,-0.10414835545097638,-10.414835545097638,22171.827346958828,204,0.3945841392649903,2.762088974854932,0.06351398138995319,0.0,0.38235294117647056,78,-0.024154142470174778,-453.19143513217375,-0.4692070923623813,0.04,0.003,100,0.0,0,5.697501218212278,-0.07758120148877191,0.6124023587974686,0.336693656651897,2,58,-33.17586844715552,297,11
True,False,2.5,12.0,20,2.5,0.5,-147.93346577193222,10,30,300,False,trend_bb_reversion,72,3,0.025,60.957231577072506,37.40124565670076,36,0.0005,0.0,-0.18770977590139196,23.921665485839018,9,-817.6561746734993,-0.9902098895135772,-254.9265493657408,-0.3114538938869072,-0.010475419583142449,134.12109282233908,0.1578095104969635,0.020368431540044307,1182.6361371415044,1.1820845260032873,0.0,-0.26178782906019693,-26.17878290601969,-0.7147197725298834,-4.4983981352121526e-05,-254.9265493657408,-0.3114538938869072,0.10234507212507052,45788.74578171595,10863.80851860947,56,5,9,-0.3662803788589062,10731,36.62803788589062,45.33504162153784,81.93061153881224,0.10596502486807366,0.004939999999999949,False,0.1640311624576129,0.2372593599833331,1,0.9535028158458841,-3.9035583639246147,-3.6503695406478935,6902.601624953373,17,-0.3492493726310643,-34.92493726310643,34373.05521456516,137,0.26499032882011603,1.8549323017408121,0.22189326775114054,0.0,0.5912408759124088,81,-0.06428448887325788,-1021.6635003671299,-1.0000000000000002,4.0,0.006,212,True,False,False,0.0,-0.13260396944268701,15.663856569213332,8,-889.5314927419101,-1.0,-173.05122214462557,-0.1968017732705641,-0.005543808256373997,107.9214329915645,0.11817792348607742,0.02427654700492865,2974.524459028368,2.9533667014758445,0.0,-0.18064127383033846,-18.064127383033846,-0.6387593857914818,-3.2504469364537646e-05,-173.0512221446255,-0.1968017732705641,0.09662341848658232,35581.25970967642,11007.986165139573,40,3,21,-0.28280018712602906,11268,28.280018712602907,33.0348603034662,57.131320875664755,0.06473718742092326,0.001987999999999974,False,0.12132390350667098,0.3093759539420107,3,0.8689270609847857,-2.736022421291045,-29737903958824.355,9808.623394396425,17,-0.24573273544536786,-24.573273544536786,19587.736780839106,142,0.2746615087040619,1.9226305609284333,0.16054504700452057,0.0,0.7183098591549296,102,-0.05603908056328788,-1037.6084396769277,-1.0000000000000002,0.2,0.001,10,0.0,0,8.76172908289412,-0.12506346875153393,0.5062623432460032,0.7809523733110513,1,59,-33.73207572193705,320,11
False,True,5.0,1.3,30,2.2,1.5,-129.68268869430753,20,50,100,True,trend_state_tp,36,4,0.0025,61.45114975390763,30.84176356080831,48,0.005,0.0,-0.13284729672457604,14.304961726226797,4,-217.44917044597665,-0.24976816919943465,-102.03542041267416,-0.11654638040868799,-0.0080788267986085,189.89347673038503,0.22042637947378887,0.02521415295612961,1815.4770265434747,2.043521458774466,0.0,-0.1799907957958753,-17.99907957958753,-0.7350012830018443,-3.4813715642060545e-05,-102.03542041267417,-0.11654638040868799,0.07833024417761303,37401.25731670798,12912.756417666178,172,12,5,-0.24488500899041785,12325,24.488500899041785,27.971131298085115,-183.06371627285,-0.21269779018176704,-0.012674513423706818,False,0.8732775404059884,0.34524926016050694,1,1.0,-4.029811932072723,-1.635406675209638,6508.889406219637,17,-0.24488500899041785,-24.488500899041785,32634.71146606129,240,0.46421663442940037,3.2495164410058024,0.15180393920453764,0.0,0.2833333333333333,68,-0.045996295554311284,-374.1035475838995,-0.40752748354276364,1.5,0.08,487,True,False,True,0.0,-0.05343600184760955,5.281366386600703,4,-211.960352216445,-0.22301898655446156,-39.20697257626991,-0.04065444156708587,-0.0027831631232905865,224.46923845347095,0.23769144288732974,0.04479066096681028,2157.2918895693606,2.253246122901581,0.0,-0.0674348512697257,-6.743485126972571,-0.7118565465020993,-2.626309839226587e-05,-39.20697257626995,-0.04065444156708587,0.07849141751954226,30734.251071384515,21324.577653079745,145,8,6,-0.0947309561190175,12325,9.47309561190175,9.833298565191862,-111.17051130080006,-0.11439473605090084,-0.006341485149631402,False,1.0590152172622,0.6938375561373039,2,0.9933050191621295,-1.3578799527924799,-0.6131600696915442,7942.429369539646,17,-0.09409673418304752,-9.409673418304752,15887.850909604305,240,0.46421663442940037,3.2495164410058024,0.05979589565756571,0.0,0.3958333333333333,95,-0.032849756311688405,-366.95331335847027,-0.38679517417779113,0.12,0.0005,150,1.25,0,7.913238119139479,-0.05858189860987831,0.6088432609866963,0.36936137127982865,2,60,-36.24890144035364,443,11
True,True,1.0,12.0,55,2.2,1.0,-200.7214635613142,20,8,300,True,trend_state_tp,8,6,0.0025,59.8659289022936,42.54493011183589,6,0.0025,0.0,-0.26793335751865266,31.734881441478485,6,-619.324846820671,-0.8329934893505386,-201.5381858055541,-0.26276497045075825,-0.006181100157664582,333.7509736200645,0.46784031938958526,0.01256463650618711,1514.0585430019896,2.1820210804504554,0.0,-0.3372508552654735,-33.725085526547346,-0.7572124418238005,-8.321816048579946e-05,-201.5381858055541,-0.26276497045075825,0.11008139253767427,76176.95615894256,32040.093467526192,123,7,6,-0.4453847251283677,11849,44.53847251283677,58.26791732991009,-345.7338062920269,-0.4977176627122811,-0.011067064321567864,False,0.5388948551529759,0.4206008625584201,1,0.9909828559723366,-3.4478074334060014,-1.4645296082994919,14548.217235648031,17,-0.4413686269141639,-44.13686269141639,72706.88945727872,219,0.42359767891682787,2.9651837524177953,0.2946720724066266,0.0,0.4383561643835616,96,-0.06945945738313108,-1002.1666311586685,-1.0000000000000002,2.0,0.04,537,True,False,True,0.0,-0.1413068724635965,13.99008113180635,6,-751.5759972889555,-0.8554762951941001,-75.57505133087446,-0.07822136446584091,-0.0014290508728485257,524.6671679250078,0.6119274102325272,0.03413302803478846,2565.3959616525262,3.190017793040815,0.0,-0.11999353357969678,-11.999353357969678,-0.5137010523674058,-7.168406964285095e-05,-75.57505133087449,-0.07822136446584091,0.11209605931178983,77412.32772076239,60861.39147930091,103,7,7,-0.23358631061140167,12091,23.358631061140166,25.986013447980465,85.175260261394,0.09833221383891871,0.0019879999999999533,False,0.6980893080906775,0.7861976673642584,6,0.7085576290040371,-0.8595366347470463,-0.4305793389472535,23372.698758473955,17,-0.1655093624146153,-16.55093624146153,46754.2227600315,219,0.42359767891682787,2.9651837524177953,0.1531015839784447,0.0,0.5296803652968036,116,-0.052390238329323435,-1008.3332347376077,-1.0000000000000002,0.05,0.0005,30,0.5,0,28.219187564891268,-0.13921277212623875,0.7970958236231502,0.43000731161809913,3,61,-36.47928935339847,456,11
True,False,4.0,3.0,55,2.0,2.0,-166.07457410790875,20,80,130,False,channel_reclaim,36,2,0.0025,73.38864037494695,32.194087160586626,48,0.005,0.0,-0.15357060129744785,15.945654484368076,15,-466.2552767725889,-0.5467199373954524,-251.8899400010855,-0.29487166407124665,-0.013430503314447062,139.32679960690808,0.1647514347454288,0.0052814342420031135,477.3142181783965,0.49013197021636146,0.0,-0.21072836578329168,-21.072836578329166,-0.7387522914223639,-3.226920717162674e-05,-251.88994000108556,-0.29487166407124665,0.1446530743814973,34036.635204399005,5573.071984276322,73,10,4,-0.285249018148646,12349,28.5249018148646,33.41161039269077,-148.59315362121265,-0.1593301514848315,-0.007084231095324645,False,0.2988208531843882,0.16373745379966467,1,0.9978496474715287,-3.939262562453333,-0.5262017847050893,4011.419810482638,17,-0.2846356322012261,-28.463563220122612,19934.72539991454,113,0.218568665377176,1.5299806576402322,0.17582248526432,0.0,0.35398230088495575,40,-0.034597460437698735,-1000.0000000000001,-1.0000000000000002,3.0,0.04,210,True,True,False,0.0,-0.11090193823346636,11.020324872080243,15,-503.2126472212379,-0.562216192352813,-182.17001945060298,-0.20238406275110582,-0.007533634505940336,208.11709666271778,0.23505891833332254,0.014221267639031865,605.4216574277013,0.6100545071424115,0.0,-0.1502672483853329,-15.02672483853329,-0.7058039791397676,-2.8208629866370756e-05,-182.17001945060298,-0.20238406275110582,0.14296075429124022,31199.18412771675,10613.971929798607,62,7,5,-0.2129022403195832,12349,21.29022403195832,23.76810414628391,-24.704604382747267,-0.025085556402858793,-0.0010829285815792998,False,0.4135768403515878,0.34020030416017705,3,0.9668856545153325,-2.675611641134641,-0.3349984302800908,4813.258433945812,17,-0.20585212197918082,-20.585212197918082,9594.948252341663,113,0.218568665377176,1.5299806576402322,0.12908010720364163,0.0,0.45132743362831856,51,-0.027224325840539465,-999.9999999999999,-1.0000000000000002,0.08,0.0,100,0.75,0,4.656615113412116,-0.10703010395165015,0.6470394135901416,0.5600740014787238,1,62,-36.57176795398332,194,11
True,False,4.0,1.7,55,2.5,2.0,-81.56061044794276,40,20,200,False,channel_reclaim,18,3,0.012,63.95795379730158,23.38221405327826,24,0.0025,0.0,-0.06943577773531139,6.906108358678465,11,-398.6263093027522,-0.42719115282600595,-220.96340835769112,-0.23689045783330967,-0.011630634243138016,110.13563431264988,0.11776083738035142,0.0023668405312708973,282.19674523511304,0.28558853270881507,0.0,-0.1004873167417919,-10.04873167417919,-0.7218556165178378,-1.4140834220786507e-05,-220.96340835769115,-0.23689045783330967,0.0585059231203159,16343.678681412832,2422.9839548782975,41,6,4,-0.13920694726534522,12329,13.92069472653452,14.92409884349851,-96.52050162889316,-0.10323184797572338,-0.005421828791808555,False,0.27628792114923634,0.1482520552508098,1,1.0,-2.877454388147598,-0.2585465833405809,2399.7463877180044,17,-0.13920694726534522,-13.92069472653452,11941.137701629883,63,0.1218568665377176,0.8529980657640233,0.08429409023320543,0.0,0.3492063492063492,22,-0.031609234815306086,-990.945484032198,-1.0000000000000002,1.5,0.015,513,True,False,False,0.0,-0.04198399305136146,4.241811971260142,11,-486.3407935215402,-0.5032901255595803,-133.8587580884861,-0.13878219544040735,-0.005956569414414873,186.57945594156314,0.19258865012247717,0.006860881495498017,352.72984761105516,0.3519126528979804,0.0,-0.060343700863975,-6.0343700863975,-0.6410445416302276,-1.2200972740838315e-05,-133.85875808848607,-0.13878219544040735,0.0585059231203159,14590.223805646207,6157.122046071584,30,4,4,-0.09413339782991699,10729,9.413339782991699,9.82388716696016,9.36232023236834,0.010191322562950307,0.0005756927753576261,False,0.383639329513286,0.4220032624646146,6,0.895867136848902,-1.6752696967764116,-0.14419537223943668,2839.2697213923007,17,-0.08433101759574638,-8.433101759574638,5667.352072788386,63,0.1218568665377176,0.8529980657640233,0.05489653002675399,0.0,0.5238095238095238,33,-0.026599985557121397,-1005.8494505963746,-1.0000000000000002,0.2,0.0,100,0.5,0,3.5519746467068196,-0.1259740454266882,0.563717358036726,0.538893091514269,1,63,-37.47205115330582,138,11
True,False,2.0,6.0,40,1.8,1.5,-180.7060761363902,10,10,150,True,channel_reclaim,18,4,0.008,64.75735048712106,26.64594512941854,48,0.01,0.0,-0.1471703194459951,15.28036864018242,4,-357.7555635893572,-0.412470590290015,-248.12618674853866,-0.28656833989362707,-0.009038027120474213,217.79866482494063,0.24851622429102127,0.0024155154875875606,691.0709023343372,0.8752411028958612,0.0,-0.19203229554429646,-19.203229554429647,-0.7338831388741477,-2.8301582317283872e-05,-248.1261867485386,-0.28656833989362707,0.03384640180514143,30409.222905095383,4355.9732964988125,85,11,3,-0.2616660410523858,12072,26.166604105238576,30.243203093697346,-358.5821952412272,-0.40655604766705494,-0.01156221126986108,False,0.6087918316063886,0.14324513684856194,1,0.995667970662676,-4.8914312177728,-1.200857550932281,6090.811138009059,17,-0.2605324960859654,-26.05324960859654,30354.503299312775,105,0.20309477756286268,1.4216634429400388,0.16728100814641936,0.0,0.19047619047619047,20,-0.04192564397807286,-546.9384476344363,-0.5581604530622548,1.0,0.08,381,True,False,True,0.0,-0.08040377666445857,8.151841023719287,4,-342.3437996300852,-0.36248202491827897,-116.36086480032124,-0.12298414345947514,-0.0034740858035572602,423.08226995459904,0.44872047679702426,0.015772768394233028,1520.7794943170954,1.5254438977769007,0.0,-0.08795241722059643,-8.795241722059643,-0.6408625751261081,-2.1672190226995755e-05,-116.36086480032125,-0.12298414345947514,0.03384640180514143,25333.44117262629,13115.55036859257,74,10,4,-0.13724068253367622,10934,13.724068253367621,14.669027546866616,-204.40173564523283,-0.2236166677940141,-0.005595988936639561,False,1.2358403172826693,0.5177168896724699,3,0.8902528447449012,-1.8553163269316553,-0.4453724288350042,8336.747674115722,17,-0.12217890804033713,-12.217890804033713,16665.784200535916,105,0.20309477756286268,1.4216634429400388,0.09071450236525004,0.0,0.29523809523809524,31,-0.032431416778756494,-557.2173750703347,-0.5688857928085526,0.2,0.0,30,1.0,0,4.912067629999514,-0.10035822997095316,0.6577841464638117,0.3116877839874797,2,64,-37.549627737626125,222,11
True,False,4.0,1.3,30,1.5,1.5,-57.933585330839975,55,20,50,True,trend_state_tp,24,6,0.008,67.64084921292599,42.04051650355316,6,0.01,0.0,-0.032842888075081435,3.814186474612513,6,-323.9417667477914,-0.3356970262430227,-174.5378624449555,-0.18094237576680133,-0.011525230422457036,77.58122606607998,0.08020609691182219,5.2293737954567376e-05,126.83804992137192,0.13562830825202102,0.0,-0.05362597530890323,-5.362597530890323,-0.7040867405989183,-7.31425089457845e-06,-174.53786244495555,-0.18094237576680133,0.02264485454105891,8746.427702190367,1241.2996170572796,27,8,3,-0.0761638761486792,11371,7.61638761486792,7.900954263691606,-151.0416430989649,-0.15571918278456529,-0.008604946333418188,False,0.23949127290671887,0.14192075431509268,1,0.9853920867265691,-2.6454927131665493,-0.24305215563538451,1316.9261635226892,17,-0.07505128085133096,-7.505128085133096,6553.698945430917,43,0.08317214700193423,0.5822050290135397,0.04012242430596253,0.0,0.37209302325581395,16,-0.013312532982060477,-718.1446569934254,-0.7567852583668467,4.0,0.01,426,True,False,True,0.0,-0.019245123266916193,2.168949564174983,6,-295.8272690723486,-0.30123486762274543,-102.21095929852314,-0.10410012775628018,-0.0060363782240469375,142.35701094209853,0.1449121752329391,0.0014370784458062058,214.48195081698796,0.22329207689416147,0.0,-0.03125446063769899,-3.125446063769899,-0.6794909278875778,-5.835528955481382e-06,-102.21095929852312,-0.10410012775628018,0.02264485454105891,7099.854457736367,2704.7832078998717,24,8,3,-0.04599687700741467,11371,4.599687700741467,4.690787444337037,-52.2643412736674,-0.05299608890770396,-0.0026265811321630355,False,0.48121666196797824,0.38096319072464935,2,0.9555151427189359,-1.6373026947162481,-0.13582306774638156,1478.5472013218096,17,-0.04395071249836517,-4.395071249836517,2951.261493496382,43,0.08317214700193423,0.5822050290135397,0.024389833371795917,0.0,0.4418604651162791,19,-0.012518888497523029,-706.5252763627348,-0.7270636978262607,0.2,0.0,75,0.5,0,4.4575630331170615,-0.09187608631823942,0.5471147428856168,0.45431216643506944,1,65,-37.59828031155611,207,11
True,False,3.0,3.0,55,1.5,0.5,-76.03607028165955,40,80,300,False,range_bb_reversion,120,1,0.0,75.2312330391148,25.223095505311434,36,0.0,0.0,-0.13171812939494143,15.444419027538073,6,-872.5541490772209,-1.0,-216.85600576525664,-0.24941200062708885,-0.009506900347180734,110.99306589072555,0.12588199905936676,0.015279977471053252,719.3160294954924,0.7280996139607059,0.0,-0.19179664976003097,-19.179664976003096,-0.7121770365380741,-3.244646333549646e-05,-216.85600576525667,-0.24941200062708885,0.06720928358449513,34902.165963088846,8879.445271258042,40,3,13,-0.26931035391475616,10186,26.931035391475618,31.17913255672238,74.71273401012645,0.08951426581693943,0.004939999999999958,False,0.12720478838832805,0.25440957677665604,5,0.9662725667082113,-3.2233368002666514,-24870729249203.258,4874.147850643916,17,-0.2602272069183082,-26.02272069183082,24265.07430154992,120,0.23210831721470018,1.6247582205029012,0.16265251473563008,0.0,0.6666666666666666,80,-0.047284914196955574,-1004.2130032533472,-1.0000000000000002,2.0,0.08,178,True,False,False,0.0,-0.12374743756597727,13.972468433833098,6,-872.4316335754959,-1.0,-204.94001125858048,-0.23448946647677227,-0.007328334384653782,82.23661694753424,0.09485808864368617,0.01219859953564173,841.5463761681602,0.8545636365566793,0.0,-0.18551558923610345,-18.551558923610344,-0.7235219871121346,-3.002759292322673e-05,-204.94001125858048,-0.23448946647677227,0.06479168345555646,32279.970442293354,7072.349057487944,37,3,15,-0.2564062910880847,11895,25.640629108808472,29.423021910370327,36.84937222667793,0.04172199157485453,0.001987999999999974,False,0.09426138826546561,0.2190940375900011,6,0.9831124376018375,-3.1701086353582606,-33858677715998.44,5904.068228739305,17,-0.2520762138480533,-25.20762138480533,11769.499214950729,123,0.2379110251450677,1.6653771760154739,0.15418029822321117,0.0,0.6991869918699187,86,-0.04823466436911006,-1001.9403375744803,-1.0000000000000002,0.2,0.001,100,1.5,0,6.789832432745954,-0.1257884343775619,0.5137259847448189,0.763468703899326,1,66,-38.362825619331275,231,11
True,False,5.0,6.0,80,2.0,1.5,-120.25230675722968,55,20,200,True,range_bb_reversion,12,4,0.025,58.60157261399522,35.69296339302228,18,0.0,0.0,-0.095257506711946,10.09977342871662,4,-228.46910442279412,-0.251482395642826,-145.58506828979125,-0.15992928218024471,-0.009548964582174689,132.6684815852897,0.14742759872984926,0.0002485708125425923,724.4879578053929,0.8551176746535939,0.0,-0.1290308075000285,-12.903080750002848,-0.7264684366992364,-1.9094786098889884e-05,-145.58506828979125,-0.15992928218024471,0.03940688210170038,21476.095815742643,3714.717484388112,94,11,2,-0.17761378331354571,12343,17.76137833135457,19.511372425989848,-186.81517516374257,-0.20704911187749075,-0.012455465433771028,False,0.5806845609189227,0.1729698692098919,1,1.0,-4.648478107362779,-1.0222454371394682,3500.599907572643,17,-0.17761378331354571,-17.76137833135457,17431.77492065658,122,0.23597678916827852,1.6518375241779497,0.1113061529640379,0.0,0.22950819672131148,28,-0.026488898175638043,-398.61733628858826,-0.4021635946878365,1.5,0.08,109,True,False,True,0.0,-0.05081469195604227,5.152078658936701,4,-228.24548329501116,-0.2396194217313219,-79.82487417085551,-0.08359962878099796,-0.00398941777423527,170.84104346105173,0.17990046597954915,0.005671085102278317,924.8680551446864,1.013436127629629,0.0,-0.06924748311214646,-6.924748311214646,-0.7118951183397911,-1.4730304983887774e-05,-79.82487417085554,-0.08359962878099796,0.039165122088806514,17346.656730420844,7687.846955747328,76,7,4,-0.09727202972488187,12343,9.727202972488188,10.191958901412487,-111.56303610463884,-0.11481280955660375,-0.006570549502279605,False,0.7484969296861694,0.4431889715247057,3,0.9929688731685669,-2.434343112951961,-0.5630725615106699,4034.7301067119765,17,-0.0965880977467353,-9.65880977467353,8058.221790656531,121,0.23404255319148937,1.6382978723404256,0.060382678420235536,0.0,0.371900826446281,45,-0.019901689233835507,-377.45142504519936,-0.3797957095160164,0.2,0.0,20,0.75,0,5.842866911820821,-0.06453572595037968,0.5256122481254673,0.413454625772531,1,67,-38.41949238573224,308,11
True,False,1.5,8.0,55,1.5,2.0,-237.72893192757897,8,80,130,True,range_bb_reversion,72,8,0.018,74.59636289012572,38.63521844663877,24,0.01,0.0,-0.19731217273011997,22.570588231583628,8,-505.94345467807557,-0.6265235634564649,-281.6176250529005,-0.35066955934751837,-0.008628950319928393,279.19694901003714,0.33896545092484787,0.0,1360.6650619045024,1.6150007962684998,0.0,-0.2821833927663545,-28.21833927663545,-0.7533902199698116,-4.811619929536315e-05,-281.6176250529005,-0.35066955934751837,0.08590539124828753,48064.62819441716,10609.48406238141,95,13,3,-0.374551441320358,12340,37.4551441320358,46.63905139321995,-248.87835603449201,-0.3393928031466984,-0.008522542521439976,False,0.5518342937901748,0.22073371751607002,0,1.0,-4.2941701916585835,-0.818134869860115,8636.111509704548,17,-0.374551441320358,-37.4551441320358,43036.81783004088,133,0.2572533849129594,1.8007736943907158,0.2301376972301286,0.0,0.2857142857142857,38,-0.05023799412711105,-993.1833832440458,-1.0000000000000002,4.0,0.04,72,True,False,True,0.0,-0.0937773095109523,9.586755305016654,8,-631.2432576447175,-0.690624606353731,-149.68790080001244,-0.16418786299043156,-0.002921081288408714,454.2967840560581,0.4960887303804865,0.016788253090330052,2186.3954137044466,2.3462639217694705,0.0,-0.1451580932909886,-14.515809329098861,-0.6840350091237166,-4.13849063650304e-05,-149.68790080001259,-0.16418786299043156,0.08590539124828753,46712.0010657091,26803.510259307426,74,6,5,-0.21220857317952696,11976,21.220857317952696,23.50578426619065,-113.33571269217431,-0.14155999670884079,-0.0025436814046069824,False,0.7196857606861757,0.5738035118984373,6,0.9381567628542129,-1.7900116172448124,-0.37550535370733434,12877.561150847187,17,-0.19908490806401635,-19.908490806401634,25741.135283205767,133,0.2572533849129594,1.8007736943907158,0.11529741897210993,0.0,0.44360902255639095,59,-0.03603132757729066,-1000.364402785431,-1.0000000000000002,0.04,0.001,75,1.5,0,13.923581015906832,-0.1634857774017749,0.7339280325138408,0.4053341641471391,3,68,-39.00883821380845,242,11
True,True,5.0,4.0,20,1.5,0.75,-109.6962461685796,55,14,80,True,trend_state_tp,18,1,0.008,70.91568388393446,22.333255468497285,6,0.005,0.0,-0.11410061216138012,12.963456343265117,3,-272.5194939848897,-0.3076917112410984,-137.9746414531201,-0.15549241258819207,-0.009583750524985701,111.89437039159493,0.12716342776720546,0.0,473.35456794230436,0.5130096485403131,0.0,-0.1615674016211005,-16.15674016211005,-0.7318709072166552,-2.5906685531957812e-05,-137.97464145312009,-0.15549241258819207,0.039729228785558866,28342.02737442852,6266.084741929317,104,9,3,-0.22075942632499237,12217,22.07594263249924,24.878786014110755,-190.02725309549464,-0.22293598184247376,-0.014072300289146671,False,0.4105921699597721,0.22108809151680048,0,1.0,-4.839974293887839,-1.3431222385029282,4576.51392915945,17,-0.22075942632499237,-22.07594263249924,22833.326084282206,160,0.30947775628626695,2.166344294003869,0.13176467407122888,0.0,0.35,56,-0.03081205167384371,-487.08798139163196,-0.5194099253132989,2.0,0.015,36,True,False,True,0.0,-0.05670821649735237,6.162792923109215,3,-242.95612438470306,-0.2578232025307642,-72.47228319852456,-0.07667263982234816,-0.004177105102894928,135.89685602902694,0.14473360348793804,0.007269262636586449,644.0420544188129,0.6564018968995898,0.0,-0.08338912753439343,-8.338912753439342,-0.7191467193910211,-1.839205724927617e-05,-72.47228319852456,-0.07667263982234816,0.041985655572568295,21380.13894585387,9784.573634089942,88,9,6,-0.11595565311763915,12217,11.595565311763915,12.267622371575701,-98.63011703345595,-0.10452813299848518,-0.00569376252487761,False,0.5593473157887731,0.4576478038271781,6,1.0,-2.533858949641431,-0.6547194986491974,5417.00711963851,17,-0.11595565311763915,-11.595565311763915,10814.944133354067,160,0.30947775628626695,2.166344294003869,0.06709538658163874,0.0,0.45,72,-0.025280159743696684,-433.53362316649196,-0.45962880533229117,0.04,0.0,20,0.25,0,5.154284878965482,-0.07150237494967214,0.5051304340689445,0.4593415812510333,1,69,-39.36445687820262,326,11
True,False,1.5,6.0,30,2.2,0.5,-93.51283808400493,20,20,80,False,trend_reclaim,12,2,0.0025,62.28206883690242,44.24835385485894,36,0.001,0.0,-0.10337776993735041,11.418249442355682,4,-825.1835534652434,-0.928836647312337,-268.59796204377017,-0.3046499767616114,-0.008687067883505326,206.81889729540487,0.22850947100046679,0.008532899056659327,1067.294638272948,1.2142860648256633,0.0,-0.17552094403699936,-17.552094403699936,-0.7311558614848764,-3.08109243849561e-05,-268.5979620437702,-0.3046499767616114,0.03578048190829237,33832.525692074996,9927.307070179433,41,4,7,-0.24005954582726124,11291,24.005954582726126,27.252479395803533,104.54771740018995,0.13445242615010372,0.004939999999999905,False,0.2506338092014773,0.2934249473578269,1,0.9958037094303639,-2.964870607328991,-0.9638862763091552,6017.300669825917,17,-0.2390521862189552,-23.905218621895518,29997.366495582533,89,0.172147001934236,1.205029013539652,0.12009522670830401,0.0,0.5393258426966292,48,-0.055664383764943204,-1000.0055421423623,-1.0000000000000002,1.5,0.006,48,True,False,False,0.0,-0.08175391227348189,9.580953355183246,4,-883.298446624499,-0.9451374895732272,-188.12675248476603,-0.20373545450817168,-0.004744307068411503,246.355556352567,0.25964081740748796,0.020231995271910996,1949.8535199264893,1.943371467140159,0.0,-0.12423391509504234,-12.423391509504233,-0.6160798068596742,-2.678093599017402e-05,-188.12675248476603,-0.20373545450817168,0.0340881618180353,30915.44563185747,13795.911155743754,35,4,9,-0.2016523082103539,10920,20.16523082103539,22.333151123400317,74.52348529840111,0.08250303045233065,0.001987999999999953,False,0.2789040978097585,0.44624655649561357,3,0.848962981284372,-1.8810813669484352,-0.6861434688736182,8369.846123860436,17,-0.1711953447611371,-17.11953447611371,16722.224761162026,91,0.1760154738878143,1.2321083172147,0.09829608787882749,0.0,0.6153846153846154,56,-0.05711160165751972,-1023.6343205991808,-1.0000000000000002,0.12,0.0005,100,0.0,0,8.122516997455573,-0.14361961566613315,0.8195642023813072,0.6232160975789162,1,70,-39.69126120207913,199,11
True,False,5.0,6.0,55,1.5,2.0,-172.09900320308492,8,8,400,True,trend_state_tp,12,3,0.005,62.85381007285149,44.91187612050598,6,0.001,0.0,-0.15731754823059463,16.670331644229563,3,-207.19214437260163,-0.24124501467967518,-145.55801234060598,-0.16826926381544677,-0.009926235282080432,160.55817675163897,0.19417696547688745,0.0,622.6181674970067,0.8322269027012562,0.0,-0.19204491345913877,-19.204491345913876,-0.7370783608895659,-2.9039834534877676e-05,-145.558012340606,-0.16826926381544677,0.04730437585623338,30871.62951151763,4816.745302549169,149,13,2,-0.2605488420896842,12373,26.05488420896842,30.12019822296497,-175.0253899514271,-0.20537441410354812,-0.013413755909250279,False,0.774924055339188,0.15602497758507147,0,1.0,-5.874463431732203,-1.6244184895899865,5199.285296034131,17,-0.2605488420896842,-26.05488420896842,25892.27440249296,179,0.34622823984526113,2.423597678916828,0.17263948096797704,0.0,0.16759776536312848,30,-0.06674424157941627,-389.4414200269713,-0.3997196819048833,1.5,0.01,587,True,False,True,0.0,-0.08796773228037312,8.932767852450874,3,-181.15109371417955,-0.1965625069713279,-79.25251787844996,-0.08511666085941175,-0.004393079263063632,196.722791676651,0.2167158390270277,0.0016963082239758176,854.8760951113039,0.9999200577436606,0.0,-0.1018627850133782,-10.18627850133782,-0.7000994396063216,-2.067405008598106e-05,-79.25251787844996,-0.08511666085941175,0.04746554919816262,23549.64218284334,9442.69400047925,130,9,3,-0.14549759541395643,12373,14.549759541395643,15.679232034886086,-110.7466025041164,-0.11415969141027896,-0.0068590052105517935,False,1.0859597236936394,0.4009697441330362,1,0.9695657266519305,-3.163608212650528,-0.8292122776095723,6187.776745160877,17,-0.14106948182364126,-14.106948182364127,12359.732909693263,178,0.344294003868472,2.410058027079304,0.09698704378290021,0.0,0.2696629213483146,48,-0.028143524801819475,-369.3342959961101,-0.377499948680986,0.12,0.003,150,1.5,0,4.755192058391243,-0.06047186111947819,0.5951954205958042,0.3134951189053843,1,71,-40.07515702154179,333,11
True,False,4.0,6.0,14,1.8,2.0,-228.89613009648062,8,80,100,True,range_bb_reversion,120,3,0.0,66.35238362381565,29.596124302371585,18,0.01,0.0,-0.1600198200050689,18.596532140670746,3,-257.8292732828679,-0.30488814603240433,-171.81218046222293,-0.2024524795383877,-0.009128145027376461,105.59294388435714,0.12790254490481606,0.0,552.8914948233028,0.7249919579032723,0.0,-0.21519761115513225,-21.519761115513226,-0.7383478269488332,-3.180026749529432e-05,-171.81218046222293,-0.2024524795383877,0.040857442179063584,33259.97625348994,4223.717755374286,129,22,3,-0.29145831178838866,12346,29.145831178838865,34.369174161565326,-189.77380656823883,-0.22376167976227007,-0.01090793079090338,False,0.40954598575976947,0.1269910033363627,0,0.9962405367666152,-5.794603923364064,-1.2742067940498663,5725.407002626167,17,-0.2903625849811558,-29.03625849811558,28510.61074963445,169,0.32688588007736946,2.288201160541586,0.18610782924634442,0.0,0.23668639053254437,40,-0.041647846392475985,-522.1544632727912,-0.5366121904434334,2.0,0.08,159,True,False,True,0.0,-0.09692672792209764,10.709230412583318,3,-250.80540290801727,-0.2765472309728296,-101.20854353553634,-0.11055076654092297,-0.003703582885580338,163.6514697796758,0.1833446131090102,0.0068162253170032105,707.4828398140039,0.8324155509808955,0.0,-0.12411977219036396,-12.411977219036396,-0.7027103379039252,-2.4189763460812915e-05,-101.20854353553631,-0.11055076654092297,0.040857442179063584,27086.983514065858,9982.739656560223,108,7,4,-0.1766300643314766,12346,17.66300643314766,19.361429109781394,-102.48909757062069,-0.11789148479841463,-0.004943425213861985,False,0.6525037653981277,0.3685437934193129,5,0.968365375523309,-3.361358589786566,-0.6539385891068126,7047.749245196748,17,-0.17104243857505658,-17.104243857505658,14075.401576796772,169,0.32688588007736946,2.288201160541586,0.11461717715864818,0.0,0.3609467455621302,61,-0.029901207220802473,-524.9964177712741,-0.5453432385564955,1.0,0.002,100,1.25,0,6.23605946284829,-0.08159964621307368,0.5590214481577772,0.37306734139665776,2,72,-40.647377585176244,330,11
True,False,1.5,3.0,30,2.2,2.0,-167.38285044005846,16,50,200,True,trend_bb_reversion,18,3,0.012,70.8320045267652,44.72655917235945,3,0.0005,0.0,-0.10190644291018841,10.224020591859768,3,-404.33889774166266,-0.44524301196305816,-302.5326661616629,-0.33282317322606114,-0.008080774032373086,150.96781996742675,0.16795610842056213,0.0,473.84927696023544,0.5063853937751864,0.0,-0.13195524067513364,-13.195524067513364,-0.7269476183034809,-1.759853802225528e-05,-302.532666161663,-0.33282317322606114,0.01450560077363204,19812.60598934147,1660.6460196416942,49,12,2,-0.1815195996969976,12118,18.15195996969976,19.969390393563675,-367.7211863732701,-0.4040796622864688,-0.009641569784603598,False,0.37336951950609026,0.08381764723606107,0,1.0,-3.9975060265671054,-0.6153624781437855,4404.8208763657585,17,-0.1815195996969976,-18.15195996969976,21955.573897232025,60,0.11605415860735009,0.8123791102514506,0.11439150316280877,0.0,0.18333333333333332,11,-0.03151656914279799,-616.8350920755215,-0.6397185770660354,1.0,0.08,92,True,False,True,0.0,-0.051372483108382876,4.871142480410008,3,-390.6675606092968,-0.40850352789689887,-155.03219580918613,-0.16163446164083153,-0.0027050755181577393,353.4441177068422,0.371082997122261,0.0012629298131245914,898.05563360758,0.9309738953333357,0.0,-0.06665141266663932,-6.665141266663932,-0.6822164667072,-1.3518964116371677e-05,-155.03219580918613,-0.16163446164083153,0.01450560077363204,16017.369984981171,6715.438236430002,41,7,2,-0.09769833464785802,12077,9.769833464785801,10.220050209582025,-195.8462804813468,-0.1986328002060967,-0.003669443101996555,False,0.9047183675952009,0.4192597313246052,2,0.9521075033754539,-1.8747540095597022,-0.25135564526483384,6176.38166398472,17,-0.0930193174855117,-9.301931748551171,12346.549111796368,60,0.11605415860735009,0.8123791102514506,0.059209221104098465,0.0,0.31666666666666665,19,-0.024057649594013797,-661.5807011579008,-0.6670552634837843,0.05,0.0005,150,0.0,0,4.936018585433258,-0.16255447931638878,0.6105878918580969,0.31046125591580137,3,73,-41.66708577312855,135,11
True,False,2.5,6.0,80,2.2,2.0,-266.0666199528755,16,30,400,True,trend_state_tp,48,8,0.008,68.94295178316234,43.30728040354022,36,0.0005,0.0,-0.27455179467980073,32.10484803493557,8,-378.1695630427161,-0.5118050750788404,-190.7082197828616,-0.25552908421383946,-0.008674217661822437,242.4794788311266,0.33667624602825746,0.0,1198.9241596893567,1.4029315333292243,0.0,-0.35908130989325715,-35.90813098932571,-0.7667271027922438,-7.095724650436326e-05,-190.70821978286153,-0.25552908421383946,0.17253606253525666,64666.99528030444,17943.481433503373,171,13,5,-0.4683300076201371,12369,46.83300076201371,62.81055584621089,-255.84005034935618,-0.3504919448611496,-0.011672253436626194,False,0.64119247694119,0.27747510698039807,0,0.9976621844974454,-5.146362723412191,-1.621233960700642,11020.332595034228,17,-0.46723513846801124,-46.723513846801126,54923.627580069886,245,0.4738878143133462,3.3172147001934236,0.3048847629118756,0.0,0.3020408163265306,74,-0.06165426486070147,-799.2417541148596,-0.9054799470239109,2.5,0.006,224,True,False,True,0.0,-0.16158374230559613,17.13505347598141,8,-442.0175373970216,-0.5005216644463453,-96.03290178880717,-0.10763835091012638,-0.0029390720172089275,380.9556249720321,0.43400660561553456,0.030431406115074777,1778.1322796078052,1.8173423820862364,0.0,-0.1726360355169274,-17.26360355169274,-0.6145669951399542,-5.776032210595777e-05,-96.03290178880724,-0.10763835091012638,0.1755177693609477,62766.49031037706,39238.42937211932,142,8,7,-0.28090677970367306,10820,28.090677970367306,32.69023940490752,-135.65094887179637,-0.16214217369669262,-0.004483156705931046,False,0.8618563580427727,0.625149330129617,2,0.8375754035939396,-1.9324542023909872,-0.6209390092591712,16031.324830415346,17,-0.23528060938257783,-23.528060938257784,32047.7543926881,245,0.4738878143133462,3.3172147001934236,0.1811329048991388,0.0,0.4204081632653061,103,-0.052381430315618704,-925.6630426887117,-0.943849348125625,1.0,0.001,150,0.75,0,16.19282969876385,-0.07573341094979298,0.7693406236780587,0.4018075529283143,2,74,-41.98747986416455,578,11
True,False,2.5,4.0,55,2.2,0.5,-125.8950226033909,12,80,130,True,range_bb_reversion,120,2,0.012,67.71917857614316,36.82480108862022,36,0.0005,0.0,-0.11255657182699853,12.288388208432195,2,-371.2932829223091,-0.4150577275470075,-221.3686966943076,-0.24668340646322673,-0.00834876555081337,159.20909911523464,0.1807283316725243,0.0,778.5409675254132,0.9297753430793901,0.0,-0.14861022810769575,-14.861022810769576,-0.7249252752782016,-2.212389760790062e-05,-221.3686966943077,-0.24668340646322673,0.014989120799419777,24505.356672872396,4139.436576996101,66,8,4,-0.20500075411312457,12346,20.50007541131246,22.8635666835618,-231.72739187338595,-0.26450845976600845,-0.010913731124987648,False,0.428796066177551,0.16891966243358078,0,0.9934558623446755,-4.024453193384771,-0.7089825651452646,4540.135396898273,17,-0.20365920095876297,-20.365920095876298,22621.71795932776,92,0.17794970986460348,1.2456479690522244,0.12830330404667642,0.0,0.2826086956521739,26,-0.03098463460819112,-596.3932109974284,-0.5963932109974284,1.5,0.006,223,True,False,True,0.0,-0.08936570224042444,9.584646527577558,2,-392.79329801717415,-0.4277142247780795,-168.70672641367108,-0.182516481119279,-0.004481953369854141,135.82117858596118,0.15070096539139868,0.003950605374446248,1054.4833175634335,1.2162581879050667,0.0,-0.11233433565803908,-11.233433565803907,-0.7065526595777459,-1.8327151680199033e-05,-168.70672641367113,-0.182516481119279,0.014989120799419777,20818.04479491023,5297.025964852485,53,6,4,-0.15898933240895727,12346,15.898933240895726,17.240207326955943,-85.1133052777128,-0.09236627428332297,-0.004280056589823346,False,0.34578283099937884,0.254443969980675,4,0.9762302033028291,-3.027829500298615,-0.467581487128253,5651.3170407914495,17,-0.15521018830057742,-15.521018830057741,11282.900330798539,92,0.17794970986460348,1.2456479690522244,0.10249164846115186,0.0,0.42391304347826086,39,-0.027090486523533297,-616.7917515463697,-0.6239622745873317,1.0,0.002,10,0.75,0,7.926179971720561,-0.1258328437072858,0.5724795527868043,0.47588910788893357,2,75,-42.42180350920295,162,11
True,False,5.0,1.7,20,1.5,0.5,-117.52502497494979,12,10,200,True,range_bb_reversion,8,6,0.018,64.18741902973306,32.686962155862126,36,0.01,0.0,-0.16792602126107103,19.4659240204043,6,-302.7467866446883,-0.360339645162486,-116.04661431298007,-0.13735270300963742,-0.0073094157873094005,78.06229501601818,0.09448292732387974,0.0015145220700611972,215.56946610934605,0.2244102661616379,0.0,-0.22136223321522142,-22.13622332152214,-0.7329979003955385,-3.843388171005182e-05,-116.04661431298005,-0.13735270300963742,0.12507051333709404,39659.82905045419,9835.849172018292,131,8,7,-0.30199572617571,12343,30.199572617571,35.836524422489795,-6.168079281190405,-0.008343255896875124,-0.0003989476756101643,False,0.2578468160840768,0.2480053345541501,1,0.9875629783278244,-5.12017269854811,-1.1282375481899347,7891.122039933017,17,-0.2982397987843583,-29.82397987843583,39346.381248557416,257,0.49709864603481624,3.479690522243714,0.19124732738425648,0.0,0.490272373540856,126,-0.03536401133543898,-595.1043893154729,-0.5986121684519465,3.0,0.08,546,True,False,True,0.0,-0.11181143986623289,12.33059387994647,6,-330.24053326891334,-0.3695311501707663,-75.55248520075241,-0.08359197440484104,-0.003763533362778201,77.26034364014413,0.08797153105471407,0.006627906492964186,272.24900729012387,0.27978303460279264,0.0,-0.1408866587310097,-14.08866587310097,-0.7009261739506751,-2.896390465087652e-05,-75.55248520075241,-0.08359197440484104,0.12442581996937707,31703.09119381569,12361.654982423055,96,6,9,-0.2010007101559943,12343,20.10007101559943,22.346331794954803,32.14019401492156,0.03718265585089051,0.001987999999999975,False,0.23395172868507752,0.3899195478084622,3,0.9622571082650412,-3.4364418259432554,-0.6697264210512405,9511.274742312175,17,-0.19341436211392676,-19.341436211392676,19002.925852743698,256,0.4951644100580271,3.4661508704061896,0.1271030186917309,0.0,0.625,160,-0.025519335175721802,-608.7533276180855,-0.6165073556388515,1.0,0.001,75,0.25,0,6.710386375976056,-0.0760753777862398,0.4459956787644636,0.6190282604957267,0,76,-42.682789000145476,479,11
True,True,5.0,6.0,40,1.5,0.75,-194.2794204557065,16,50,80,True,range_bb_reversion,120,6,0.0025,59.1416410142215,39.89021807716657,48,0.0025,0.0,-0.24467621629335107,29.762723752059998,6,-289.1056272978166,-0.3763481636580226,-127.7870975882795,-0.16404029132708706,-0.007923839389422566,104.41381638756943,0.14155437339168384,0.0,548.6038588846634,0.8551176746535943,0.0,-0.31238732492194854,-31.238732492194853,-0.7552693267543634,-5.824873826574146e-05,-127.7870975882795,-0.16404029132708706,0.1561769683294383,54930.069186585155,13782.623763159172,190,10,6,-0.4136105013881312,12384,41.36105013881312,53.18864504850309,-112.25109568931965,-0.15456478550571562,-0.008430339779073443,False,0.36116148054084585,0.2509121864810088,0,0.9948356070585677,-5.96802315007849,-1.780631180956879,9623.984573753458,17,-0.41147445423426005,-41.14744542342601,48142.404587159246,322,0.6228239845261122,4.359767891682785,0.273575138167411,0.0,0.40993788819875776,132,-0.05738982256735237,-593.4135531851806,-0.5975533696055164,3.0,0.006,52,True,False,True,0.0,-0.14485640392832524,16.082146303862874,6,-314.9385179962541,-0.3642013277150626,-70.48244612192245,-0.07943584978455542,-0.0031194965611216425,126.17495248089185,0.1496492274332827,0.005274173706197649,791.5507242657042,1.0134361276296293,0.0,-0.1668183846579413,-16.68183846579413,-0.696574039703089,-4.2885756146020926e-05,-70.48244612192246,-0.07943584978455542,0.15641872834233217,45351.1465914606,22585.31649407963,144,5,8,-0.23948406795212576,12384,23.948406795212577,27.206694047246316,24.36419912199344,0.030329088663918834,0.0019879999999999616,False,0.4006336007537591,0.49800982315918635,3,0.9506198175125383,-3.031704901158067,-0.8033860253622788,12505.890232051936,17,-0.22765830097381012,-22.765830097381013,25018.30551989199,323,0.6247582205029013,4.373307543520309,0.15978670450832722,0.0,0.5541795665634675,179,-0.03782963309672793,-613.7391099751552,-0.6202649600365177,0.12,0.001,10,1.25,0,9.148388795563832,-0.08104929538627975,0.5112462921887792,0.5359886644813115,1,77,-43.86901994002587,536,11
True,False,4.0,3.0,20,2.0,0.5,-189.51540015648726,40,14,100,True,trend_state_tp,96,4,0.008,74.40031991674404,34.55212921812094,24,0.0005,0.0,-0.24971575521698744,28.61893472667938,4,-341.58053089585,-0.4441277903239562,-156.86441502740848,-0.20097847985136333,-0.009232750372562912,100.72136122950073,0.1380921182388579,0.0,288.18661843228324,0.4814320875305943,0.0,-0.3106891953859634,-31.06891953859634,-0.757871209878911,-5.4888547141427116e-05,-156.86441502740854,-0.20097847985136333,0.0846965911838182,51920.240696169196,10978.628374015581,152,8,6,-0.40994985867797223,12380,40.994985867797226,52.54583919046494,-138.3897267131368,-0.1924382089277713,-0.009245360360236946,False,0.2948685657386348,0.21145180043099476,0,0.998698046980285,-5.691570062883689,-1.3499767052129543,8960.383690112547,17,-0.4094161232215347,-40.94161232215347,44642.32883490719,261,0.504835589941973,3.533849129593811,0.2766597791693229,0.0,0.41762452107279696,109,-0.060831105823284326,-908.7390843674287,-1.0000000000000002,2.5,0.006,419,True,False,False,0.0,-0.15132710315806414,15.956192975027783,4,-346.03957449837293,-0.4028341805301911,-96.6611220960926,-0.11062160163952545,-0.004403265932750745,130.71334921186892,0.1558075144078462,0.010729095533881905,454.82894423758626,0.6050237501378168,0.0,-0.18493304824365098,-18.493304824365097,-0.7060229964647655,-4.070358408225523e-05,-96.66112209609256,-0.11062160163952545,0.08445483117092432,42908.907237798216,17777.01549281417,124,8,7,-0.2619362955167993,12380,26.19362955167993,30.20565323592885,22.4237257862222,0.029740521329876264,0.0019879999999998926,False,0.3777410413284493,0.4142966259731382,2,0.9594658004687333,-3.3311685487038583,-0.662461142660387,11605.008862550982,17,-0.25131891744984053,-25.131891744984053,23183.002583815927,260,0.5029013539651838,3.520309477756286,0.16864916858163467,0.0,0.5230769230769231,136,-0.041016827260334066,-960.7097209678421,-1.0000000000000002,0.08,0.002,30,1.5,0,10.018090995993044,-0.10731124052508455,0.5510682698228269,0.5496938324370496,1,78,-44.05837251889159,483,11
True,False,1.5,12.0,30,2.2,0.5,-131.40469413563952,40,30,80,True,range_bb_reversion,8,6,0.0025,73.95635301387127,43.8414297725707,24,0.01,0.0,-0.15790275120285222,18.441466421300802,6,-631.4028811758861,-0.7467307955820928,-240.15836527126086,-0.2824787007563393,-0.0065505768087706275,243.56212711991222,0.29150570739186493,0.016184270060303874,1720.9243531257634,2.290125954533325,0.0,-0.21913342802822888,-21.91334280282289,-0.726756608200341,-4.110555662558266e-05,-240.1583652712609,-0.2824787007563393,0.059472963171891366,42935.39591996026,13395.916991595168,68,5,6,-0.3015224430787997,12343,30.152244307879972,35.61911963613141,-233.36136444023558,-0.2739278951649099,-0.006815463725671324,False,0.38574757002425614,0.3120017110490306,3,0.9796776195742503,-3.328042387773512,-0.8034661626811396,8540.749182536218,17,-0.29539478928365087,-29.53947892836509,42599.29227801477,123,0.2379110251450677,1.6653771760154739,0.185323511594504,0.0,0.44715447154471544,55,-0.04359146057337404,-978.0900633144477,-1.0000000000000002,2.0,0.01,528,True,False,True,0.0,-0.10095240138828385,11.004443794679704,6,-738.721802339234,-0.8135712628163436,-136.8398361877207,-0.14724958984391995,-0.0022890587251883305,303.9751249373312,0.3407606495161651,0.026998973282355454,2551.7477504502954,3.0714683233271494,0.0,-0.12208331139520678,-12.208331139520679,-0.6587992622964131,-3.4291728675082907e-05,-136.83983618772075,-0.14724958984391995,0.059472963171891366,38413.53372164016,21582.23387055052,52,4,8,-0.18531185200428765,12343,18.531185200428766,20.19061289583606,75.79112619546407,0.08385598374161739,0.0019879999999999638,False,0.41148795659579096,0.5618393253519456,4,0.9082689352594724,-1.584548431521739,-0.38497102799301125,12243.308932604263,17,-0.16831299851089526,-16.831299851089526,24477.521441493656,123,0.2379110251450677,1.6653771760154739,0.11731580025418291,0.0,0.5772357723577236,71,-0.033158569957754125,-1000.0,-1.0000000000000002,1.0,0.003,10,1.0,0,7.222533347065598,-0.15492241838697932,0.580025315963576,0.5845452280546658,2,79,-44.26588521062049,221,11
True,True,1.5,1.3,30,2.2,1.0,-388.76084012514224,30,8,400,True,range_bb_reversion,48,8,0.008,65.94234235893701,23.152958468009135,3,0.001,0.0,-0.21864830537282376,23.824390813510174,8,-416.00001599004435,-0.5218051758395259,-354.69688913934255,-0.44431361316136003,-0.010935141963401245,312.8260476794093,0.3994834026675582,0.0027232303815649672,829.2666971817632,1.2680170398567625,0.0,-0.28622129508500094,-28.622129508500095,-0.7541552961225222,-4.124276734597419e-05,-354.6968891393426,-0.44431361316136003,0.06898219034571682,40768.001567024345,2815.434429114684,98,33,2,-0.37952567137909565,12382,37.95256713790957,47.54155660826554,-421.73793551359404,-0.5542431691723739,-0.01282821289482334,False,0.7519856626325125,0.06905990779278177,1,1.0,-5.472548668185246,-1.0815841781727524,7130.564658937661,17,-0.37952567137909565,-37.95256713790957,35670.36322129145,107,0.20696324951644102,1.448742746615087,0.24811068443604065,0.0,0.08411214953271028,9,-0.060067170852631135,-763.0571160487862,-0.8303515883783764,1.5,0.04,506,False,False,True,0.0,-0.15619986455260543,16.06437237807568,8,-498.1905422312039,-0.5827463655072744,-259.96185816234697,-0.30259984716883365,-0.005679093021839237,324.08265761936696,0.3842109719834728,0.01924989907848862,1522.9398999631935,2.0491936001412308,0.0,-0.20568685952849086,-20.568685952849087,-0.7394573619321584,-3.578308457506089e-05,-259.96185816234697,-0.30259984716883365,0.06898219034571682,37862.48120957148,10046.562386200378,76,10,3,-0.27815918823371133,12382,27.815918823371135,32.37818364706521,-356.07455543060746,-0.41097089149569843,-0.008003417443756627,False,0.650519490329795,0.26534347631873234,1,1.0,-3.4383035512644016,-0.6776913456075597,10319.193314512604,17,-0.27815918823371133,-27.815918823371135,20631.080055133996,107,0.20696324951644102,1.448742746615087,0.17926085620330512,0.0,0.2897196261682243,31,-0.054069047297450434,-865.2459347675745,-0.9137881991398257,0.05,0.001,150,0.75,0,7.732743789328076,-0.13344701104282922,0.6841405794543706,0.3787122361158872,2,80,-45.56758215991119,195,11
True,False,2.0,3.0,14,1.5,0.75,-165.00449405896177,55,80,200,True,trend_bb_reversion,48,6,0.018,77.09218761491204,33.946737220217734,48,0.0,0.0,-0.12560688001264894,14.685677107449322,6,-498.0544484494577,-0.5688996787939392,-291.24347698205196,-0.33185508054932616,-0.009235068946341485,188.5579768223294,0.21808838737817637,0.0,452.76595080347795,0.5072359937900738,0.0,-0.17757337106049353,-17.757337106049352,-0.734587509982229,-2.6646354978638737e-05,-291.24347698205196,-0.33185508054932616,0.0402127488113466,28887.158010068546,4713.949420558236,58,10,3,-0.24173208589510237,12364,24.173208589510235,27.543971685594077,-308.3945392816293,-0.32974094472951115,-0.010090017316777477,False,0.3785890827987739,0.16318494948223017,0,1.0,-3.81661520801376,-0.5685568494420885,5079.379604619138,17,-0.24173208589510237,-24.173208589510235,25301.58407204818,83,0.16054158607350097,1.1237911025145069,0.14393843328440384,0.0,0.30120481927710846,25,-0.0446404030910893,-973.7047206787151,-1.0000000000000002,4.0,0.08,305,True,False,True,0.0,-0.07469075293691299,8.398454496904094,6,-511.2927287681823,-0.5512692246929269,-175.01317874023516,-0.18780738411088846,-0.003928236148491876,186.48733753980812,0.2029140945148029,0.006470377927944693,781.6568588727055,0.8820233182145558,0.0,-0.10496135192423439,-10.49613519242344,-0.7225710718469853,-1.91660548688518e-05,-175.0131787402351,-0.18780738411088846,0.0402127488113466,21985.58733703184,7459.493501592327,43,4,4,-0.14526093835439546,12364,14.526093835439546,15.588012881203742,-46.436642415191,-0.050914431978259525,-0.0012499926143348656,False,0.3647369247536485,0.3392901625615336,2,1.0,-2.3487452966119444,-0.2813079154694452,6893.158416786109,17,-0.14526093835439546,-14.526093835439546,13771.07551529528,83,0.16054158607350097,1.1237911025145069,0.08664188852227513,0.0,0.4819277108433735,40,-0.03341246694231004,-990.001323828486,-1.0000000000000002,0.2,0.002,10,1.25,0,5.5390038477137855,-0.16283612040790715,0.6263775807814178,0.48436041083099907,2,81,-48.31572016143959,158,11
True,False,3.0,8.0,20,1.8,2.0,-177.59919011576116,10,8,100,False,channel_reclaim,96,6,0.005,62.0030855969613,26.652424869744372,48,0.0005,0.0,-0.20997477938698247,24.74677131837787,25,-798.2337838122536,-0.9744395308571461,-276.1503086485244,-0.33896759554673844,-0.01213616059559438,245.93316651520468,0.2965043397636694,0.021976277354564422,1612.7322132523689,1.8021648093077034,0.0,-0.2696158808583463,-26.96158808583463,-0.7282596217482805,-5.131537673638055e-05,-276.15030864852446,-0.33896759554673844,0.26408252075106775,51885.19594779646,15985.655823488303,65,7,8,-0.3702194558186528,10731,37.02194558186528,45.90149303085801,21.57482634840422,0.029584445532071364,0.002221265269116742,False,0.3080966647899342,0.3080966647899343,2,0.9696826992769687,-3.422383001035239,-1.8730314855492716,5836.838993904388,17,-0.3589954012430817,-35.899540124308174,29033.855742734926,130,0.2514506769825919,1.760154738878143,0.24405008303516684,0.0,0.5,65,-0.06047440557041539,-1017.8221678635076,-1.0000000000000002,4.0,0.025,4,True,False,False,0.0,-0.1930565674637592,22.227516231041324,27,-837.5767074742255,-0.9794204102994089,-248.37863131565643,-0.2932337325620515,-0.008833696373397886,286.43193012058316,0.32961263646108835,0.04144511418284713,2081.988588962871,2.177890204083418,0.0,-0.2290204524136148,-22.902045241361478,-0.6807227470393589,-4.681666062356414e-05,-248.37863131565646,-0.2932337325620515,0.2724635345313885,49417.02574097928,18618.075457837906,59,7,8,-0.33643719621488277,10731,33.64371962148828,40.66610816165341,26.765641818621596,0.03424038764547589,0.001987999999999916,False,0.3419769527549779,0.37675426998429784,2,0.9154442680431255,-2.6637641881789733,-2.0076561258033547,7027.08604832659,17,-0.30798950283141474,-30.798950283141473,14006.58930708387,124,0.23984526112185686,1.678916827852998,0.22237353452221287,0.0,0.5241935483870968,65,-0.04757908314272907,-1042.871139282063,-1.0000000000000002,0.12,0.003,30,0.75,0,9.668573995665689,-0.18060047030425794,0.722020278518653,0.5613916208568615,2,82,-48.87975697473972,227,11
True,False,3.0,3.0,40,1.8,1.0,-175.25244516130124,20,50,100,True,trend_state_tp,36,8,0.005,61.43829608900872,25.177956707321833,18,0.0025,0.0,-0.20712294698672137,24.54007472210172,9,-468.6182763305397,-0.5956284504775703,-173.62753645223307,-0.2210221512692802,-0.008137612242554855,159.2519223095258,0.20169871847952434,0.0,650.0861579124846,0.6879772297894212,0.0,-0.30525564949841955,-30.525564949841954,-0.7441654632989066,-5.956768794921635e-05,-173.62753645223302,-0.2210221512692802,0.17342251591586752,57640.04798865638,17358.459531738314,123,6,5,-0.41019862457095574,12360,41.01986245709558,52.5234126666222,-203.4659832114391,-0.25723200277251684,-0.01024792461258847,False,0.3398329308803943,0.3011527598858779,0,0.9820020361855266,-4.838349763362414,-1.6071551829334831,10511.286467075272,17,-0.40281588456918094,-40.281588456918094,52408.14677154612,232,0.44874274661508706,3.141199226305609,0.2407488377157871,0.0,0.4698275862068966,109,-0.06201066692936752,-807.6369381569749,-0.9181182534648794,3.0,0.006,395,True,False,True,0.0,-0.12327867462040737,13.90555903659986,9,-487.27634287430095,-0.5570524452818358,-109.34278850581858,-0.12491163862846986,-0.003692775759525559,214.16833403360232,0.24500089186681137,0.014929052201196669,1010.7846282107807,1.0172317157535935,0.0,-0.18674621221428211,-18.67462122142821,-0.6937569745762924,-4.8526102454739526e-05,-109.34278850581856,-0.12491163862846986,0.1726972358771859,52138.5686875502,26771.0417542003,107,5,6,-0.2691810231217296,10333,26.91810231217296,31.152759269906912,39.29571577447263,0.04692692852461634,0.001987999999999932,False,0.4395213048314347,0.5134594682610221,2,0.9423965567542382,-2.7086080351229582,-0.7251037726431525,14135.52907829266,17,-0.25367526933350093,-25.367526933350092,28248.66222753267,232,0.44874274661508706,3.141199226305609,0.14960903267474618,0.0,0.5387931034482759,125,-0.04562619563230452,-914.8182434617167,-0.9562813941230964,0.2,0.001,75,0.25,0,9.827290740695265,-0.10801479609657233,0.607724796960127,0.5579678271824736,1,83,-49.392922912658335,455,11
True,False,1.0,8.0,30,2.2,1.5,-475.2371041438559,16,10,50,True,trend_state_tp,36,6,0.012,63.356513295482515,27.30838789015795,3,0.001,0.0,-0.43153733302927105,66.36786296003186,7,-454.46824504072623,-0.812604092055419,-203.57620679165296,-0.36912792138598327,-0.007976195620917875,266.59942394283075,0.4619534063252428,0.0,2548.294188448656,3.0780556913507975,0.0,-0.6171168361009414,-61.711683610094134,-0.8283346573105768,-0.00015747884855401813,-203.576206791653,-0.36912792138598327,0.21468289144975422,108163.44231969284,33858.12684073951,238,8,4,-0.7450090741157518,12143,74.50090741157518,135.54619415128624,-273.21468891372734,-0.6536106485997055,-0.013373255190664464,False,0.5866183762056687,0.31302745284924344,0,0.9973746369082283,-6.206842667351675,-3.886569484794217,20063.132892686743,17,-0.7430531547895333,-74.30531547895333,100045.59863590245,365,0.7059961315280464,4.941972920696325,0.4900318268630856,0.0,0.34794520547945207,127,-0.1611120795673605,-1002.9630889843094,-1.0000000000000002,2.0,0.006,457,True,False,True,0.0,-0.25670532958336306,32.106567345654945,7,-626.3103176383855,-0.7925396189855255,-110.15032019303867,-0.1354242266632018,-0.0021421825226843774,605.0517677704485,0.7750886045285147,0.0931417542884796,3845.974381460906,5.397843083274025,0.0,-0.30462519726760706,-30.462519726760707,-0.6187249005102193,-0.0001370868894849616,-110.15032019303868,-0.1354242266632018,0.22588443871383673,132777.78733933787,92572.9204688786,212,8,5,-0.49234352297184725,10953,49.23435229718473,66.35904304867643,-331.00875601461,-0.4810903266421724,-0.0071343818213721565,False,0.9660574809814786,0.6972018612743681,4,0.8166019251716284,-1.7187766420073218,-1.187084369905354,39616.032857388615,17,-0.4020486687045923,-40.204866870459234,79231.2026162257,365,0.7059961315280464,4.941972920696325,0.2972644589926321,0.0,0.4191780821917808,153,-0.1262596666920045,-1076.8976034302268,-1.0000000000000002,1.0,0.002,50,0.25,0,20.85527433742574,-0.11698479676515422,0.7879690536180161,0.39249621399191226,4,84,-49.549604492593105,735,11
True,False,2.0,8.0,30,1.5,1.25,-139.2549683239983,10,20,300,True,trend_bb_reversion,12,4,0.025,70.95335585968662,24.700897027284675,18,0.0025,0.0,-0.06396636178744322,7.132923197917552,4,-354.29745857472176,-0.37816384866423125,-246.06282170949692,-0.26218735826961725,-0.007628514200707443,197.69918943792487,0.2133162523482998,0.0027896289927371587,531.158917816061,0.5852984780726146,0.0,-0.0903856892566689,-9.03856892566689,-0.7202503834121582,-1.2505821741598225e-05,-246.06282170949694,-0.26218735826961725,0.01643968087678298,14526.195801563588,1976.9918943792482,41,13,5,-0.12549203907184361,12114,12.549203907184362,13.371555271750479,-312.9976336030785,-0.3192518415423941,-0.009701872518374927,False,0.5580034083033928,0.1360983922691202,1,1.0,-3.401361421363436,-0.5363700437030618,3137.6916866578445,17,-0.12549203907184361,-12.549203907184362,15641.556623296508,51,0.09864603481624758,0.690522243713733,0.07073770270315168,0.0,0.19607843137254902,10,-0.02412719118591722,-545.1390477132574,-0.5462190146915062,1.0,0.08,71,True,False,True,0.0,-0.02261474950883028,2.5561945364035332,4,-308.11134890104836,-0.31536585672362116,-83.61929064560712,-0.08465938150011915,-0.001409846586153352,327.9494828227016,0.33830248974296795,0.01674418893180163,1142.5516374495644,1.2009434971360124,0.0,-0.030320538150421017,-3.0320538150421017,-0.6236015313939983,-8.399574876416058e-06,-83.61929064560717,-0.08465938150011915,0.01643968087678298,10167.674513734595,5903.090690808629,33,7,6,-0.048621654412301575,12114,4.862165441230157,4.967739540338567,-110.40125237823696,-0.11163499471634605,-0.0037301087445260933,False,1.0643862486481288,0.5805743174444339,2,0.8770955810683021,-1.057847439303278,-0.15583095430402677,4110.151472199286,17,-0.042645838229259825,-4.2645838229259825,8220.02634207309,51,0.09864603481624758,0.690522243713733,0.024751980646614866,0.0,0.35294117647058826,18,-0.019777996613195348,-545.2319403286932,-0.5549870031314054,1.0,0.001,30,0.25,0,4.550557615825994,-0.15370926119425135,0.7255596295802023,0.2746343303161485,2,85,-50.7981117144695,141,11
True,False,5.0,2.2,80,2.5,0.75,-44.56062076390239,30,80,300,False,range_bb_reversion,96,3,0.018,73.62091038224935,27.49851101000098,24,0.001,0.0,-0.08296253173616555,9.274870564785635,16,-899.0751231546853,-0.9685017427548545,-243.3291043973792,-0.26138544862508756,-0.01509783869444606,84.54390498127381,0.09217269843979589,0.0024762417652186564,293.880066058093,0.34310444922064337,0.0,-0.10550629348089369,-10.55062934808937,-0.7011968992730415,-1.5661412399011263e-05,-243.3291043973793,-0.26138544862508756,0.0804254976226932,17981.502463093708,3381.7561992509522,20,4,6,-0.1504660011906445,11895,15.046600119064449,16.20796719600066,52.07782041664677,0.05940418600062611,0.0049399999999999505,False,0.09403430570364929,0.18806861140729855,5,0.9703020049921118,-2.4699611494632374,-0.6978068688683172,1641.743462315734,17,-0.14599746263842783,-14.599746263842784,8143.806942674475,60,0.11605415860735009,0.8123791102514506,0.09649009906303,0.0,0.6666666666666666,40,-0.038207303514688595,-1001.5802278528646,-1.0000000000000002,1.5,0.08,413,True,False,False,0.0,-0.07418125702370103,8.271556460240063,14,-898.9977613767752,-0.962603526451645,-222.20758144224962,-0.2369890028334629,-0.011331295347669194,67.8453528154042,0.07398865014575798,0.004638229950650885,346.3399734670493,0.3900189934334182,0.0,-0.0961489310872683,-9.614893108726829,-0.7103750814665771,-1.4011696163779383e-05,-222.20758144224968,-0.2369890028334629,0.07002981706825691,16181.959704781953,2849.5048182469777,18,4,8,-0.13534952674405157,11895,13.534952674405156,14.453306995017167,23.750890563182523,0.02625010111789179,0.0019879999999999776,False,0.07546776613937509,0.17609145432520862,6,0.9850388994522958,-2.351794748769756,-0.561715809538086,1845.0915863837577,17,-0.13332454886534964,-13.332454886534965,3667.177165422687,60,0.11605415860735009,0.8123791102514506,0.08787577106868583,0.0,0.7,42,-0.03888625587228889,-1000.7058052170088,-1.0000000000000002,1.0,0.0,30,1.0,0,4.678380672455667,-0.19052416388437668,0.3976165088200079,0.7352358574283708,2,86,-51.565799408800345,130,11
True,True,5.0,2.2,20,2.5,1.0,-67.8237844405193,40,20,150,False,range_bb_reversion,120,8,0.018,59.41395381839249,23.805488541992496,12,0.0,0.0,-0.09218114635322475,10.383484816643326,20,-764.6523341287126,-0.8375976098037013,-266.0592944369771,-0.29175462261699187,-0.01588569007891147,82.95583334723773,0.0903354684137048,0.0026489925935999636,218.81072135928508,0.225857308385365,0.0,-0.13150627176449214,-13.150627176449214,-0.7183687904070033,-1.896242971741888e-05,-266.0592944369771,-0.29175462261699187,0.1116125392860021,21410.26535560395,3318.233333889508,28,3,6,-0.18306234001338667,11749,18.306234001338666,20.101293370751318,51.09533265273279,0.06019738915605796,0.0029606278458108684,False,0.10848830199643897,0.15498328856634133,4,0.9882989598183596,-2.861433431364011,-0.3491680307469949,2499.7188240546557,17,-0.1809203202171449,-18.09203202171449,12510.47734684798,68,0.13152804642166344,0.920696324951644,0.1095065984819919,0.0,0.5882352941176471,40,-0.029114524790190277,-1001.3533464257611,-1.0000000000000002,1.0,0.01,429,True,True,False,0.0,-0.05178793516483836,5.437254149956301,15,-949.3289646699927,-1.0,-164.93489119082517,-0.17423983185869257,-0.009124001692740144,96.52979996889735,0.10101355752174321,0.005729526135126006,563.031483559559,0.590862170702878,0.0,-0.08543924036697503,-8.543924036697504,-0.7092134797189563,-1.4570179698882949e-05,-164.93489119082517,-0.17423983185869257,0.09122411153195262,17087.92136405987,5212.609198320457,18,2,8,-0.1204704123796864,11696,12.04704123796864,12.740383158466752,43.97533808618074,0.04610603095708902,0.002011999999999952,False,0.10168213923869182,0.3050464177160755,5,0.9857451245632038,-2.0006159047102567,-21900443703995.758,3191.789055239139,17,-0.11875312165739452,-11.875312165739452,6381.766900297417,72,0.13926499032882012,0.9748549323017408,0.06313278961886111,0.0,0.75,54,-0.02944826518335475,-1001.9525104629377,-1.0000000000000002,1.0,0.003,10,0.0,0,4.889306776892075,-0.16317967248289833,2.166730959517014,0.7433001342092251,3,87,-53.389075503821395,146,11
True,True,2.5,12.0,30,2.0,1.0,-191.29708379053963,8,80,200,False,trend_bb_reversion,36,6,0.025,70.25318955067044,29.712459678133033,36,0.0005,0.0,-0.26101270434289464,31.88907515497966,11,-533.8225843990236,-0.6989969958302388,-202.99314870757811,-0.2611791853685242,-0.008308498971617902,115.23326086228855,0.15995985136131566,0.0,608.4060034605542,1.0237043397574876,0.0,-0.31791986996,-31.791986996,-0.7577100475422912,-5.7383318360443886e-05,-202.9931487075781,-0.2611791853685242,0.1966314771536788,53916.081024301406,12099.492390540294,101,7,7,-0.41957985246626345,12222,41.95798524662634,54.04638567333949,9.460032162043401,0.014125841460052371,0.0004836722478734474,False,0.2158643418805855,0.22441342472734122,0,0.9966300428384679,-4.484470082436475,-0.8180944341325976,9063.376442978555,17,-0.4181658863376102,-41.81658863376102,45320.097435953125,206,0.3984526112185687,2.7891682785299805,0.2893254118826848,0.0,0.5097087378640777,105,-0.06433079159655741,-1002.4361079377782,-1.0000000000000002,3.0,0.08,184,True,True,False,0.0,-0.19977396854193613,23.032542019795976,10,-767.6330910485096,-0.9285508001779343,-133.95414988247506,-0.15535895812955747,-0.003616192417308293,165.03520968178069,0.20945691100594427,0.01803724186067135,836.4040905257898,1.1991071438317604,0.0,-0.20709058802842473,-20.709058802842474,-0.673735354920811,-5.0719797498713226e-05,-133.95414988247506,-0.15535895812955747,0.18494640986380853,51431.417100250146,23434.99977481287,67,3,9,-0.3073767563419105,12222,30.737675634191046,36.390431357230604,54.9620821117728,0.06921540961348248,0.001988000000000039,False,0.21499230766141045,0.45565533862567614,4,0.9108176447244279,-2.6236774323313736,-0.8835449302998871,12317.47624648854,17,-0.2799641732543733,-27.996417325437328,24629.666782004446,209,0.40425531914893614,2.829787234042553,0.2178598865158871,0.0,0.6794258373205742,142,-0.05861399080094776,-1007.0733323943039,-1.0000000000000002,1.0,0.003,150,0.25,0,12.032511982715768,-0.1373855271837137,0.5496607518375254,0.6749166729832479,1,88,-53.88397271111023,435,11
True,False,5.0,1.7,30,1.8,0.75,-103.1042594281289,40,30,200,True,range_bb_reversion,48,4,0.0025,76.71378944673701,27.3433780675792,24,0.0025,0.0,-0.10250394644872522,10.756392500455775,4,-294.3923552968422,-0.3255716785506379,-176.8261698464899,-0.19553043288017105,-0.010027642682834428,86.80709449672443,0.09607720892633055,0.0,283.9239327508666,0.2971463974080804,0.0,-0.13772083417511027,-13.772083417511027,-0.7223544580664124,-1.9468528656765446e-05,-176.8261698464899,-0.19553043288017105,0.03578048190829237,21785.034291966327,2864.634118391906,74,6,3,-0.19065547756673273,12344,19.065547756673272,21.101022386483024,-184.66240907377065,-0.18781597915877676,-0.009797991142065152,False,0.29486871155059363,0.13149550650229172,0,0.992386917755982,-4.538155073757665,-0.7593701773647606,3685.970425935321,17,-0.18920400173574467,-18.920400173574468,18353.757964143628,107,0.20696324951644102,1.448742746615087,0.11951232592419968,0.0,0.308411214953271,33,-0.024953111271730166,-526.1289652498168,-0.5336484907762219,2.5,0.04,686,True,False,True,0.0,-0.06527950307933068,6.616071248357478,4,-284.0576835218672,-0.3014841752505374,-108.6638528525776,-0.11507895178501608,-0.005186505307232106,87.77723749702676,0.09369489849636782,0.004656652327433397,481.69979363304503,0.497715437622898,0.0,-0.082823728700268,-8.2823728700268,-0.7005042174762306,-1.3661687824915138e-05,-108.6638528525776,-0.11507895178501608,0.035458135224433876,15907.230277224564,4388.861874851337,56,5,6,-0.11823444689407363,12344,11.823444689407363,12.544537247668774,-38.424396681343865,-0.041375159468994935,-0.0023763690460205504,False,0.30901201618181023,0.27590358587661623,4,0.9741973430714798,-3.0496183128603813,-0.40932044230357995,4296.085634690403,17,-0.1151836840237325,-11.51836840237325,8577.732125642886,106,0.20502901353965183,1.435203094777563,0.07586872831425184,0.0,0.4716981132075472,50,-0.02090300840816517,-530.3138293215022,-0.5407757569992512,0.04,0.002,30,0.5,0,3.8846017724668145,-0.09833047930108152,0.3517570629750035,0.5013605524371075,0,89,-54.05800957407259,174,11
True,True,1.5,4.0,30,2.0,1.25,-290.89202383812784,8,30,300,False,range_bb_reversion,48,8,0.0,58.725400074307515,44.02481219260269,12,0.005,0.0,-0.32337787219187836,40.06332569855199,11,-684.0424942572821,-0.9818454091445026,-302.551752719213,-0.428810938771535,-0.010220794210466854,211.1891125520535,0.31594214799739473,0.0,863.6915701170172,1.1975533346942415,0.0,-0.41559588041177686,-41.55958804117768,-0.7804748141068737,-8.040735127186799e-05,-302.55175271921297,-0.428810938771535,0.16254331533564348,69088.2919199855,15839.183441404017,101,6,5,-0.5324910847858155,12382,53.249108478581554,75.47072522379018,-514.3302920345014,-0.9999999999999999,-0.01956391559624661,False,0.30873683188550716,0.22926002367735684,0,1.0,-4.988855316799237,-3.6809504429694715,10311.036289416537,17,-0.5324910847858155,-53.249108478581554,51511.85454250864,176,0.3404255319148936,2.382978723404255,0.36070785505782,0.0,0.42613636363636365,75,-0.08644800889744553,-1000.0,-1.0000000000000002,1.5,0.025,575,True,False,False,0.0,-0.23011446373506103,25.923665788457765,11,-788.4234366087561,-1.0,-210.15558287164717,-0.25875104064581717,-0.004420824643612164,374.68349647611063,0.4909212023373905,0.014051715556030464,1535.7699992033731,1.8342964585412103,0.0,-0.2800959461887669,-28.009594618876687,-0.7461563803948926,-7.224025974025979e-05,-210.15558287164714,-0.25875104064581717,0.16770086227737932,70169.68585817928,32972.14768989773,89,5,6,-0.37538504467458966,12341,37.538504467458964,46.35919349658074,-633.8367912538663,-0.9999999999999998,-0.01018687923727416,False,0.47523130221462706,0.4698916246616537,3,0.9909168917618205,-2.6765276537317058,-44316105534627.08,16005.502681545953,17,-0.3719753816828165,-37.19753816828165,31974.375299233852,177,0.34235976789168276,2.3965183752417794,0.2583295110673604,0.0,0.4971751412429379,88,-0.07739799418081628,-1004.616392853442,-1.0000000000000002,0.12,0.002,10,1.0,0,10.761346087292536,-0.16235304013930552,0.6787007228657914,0.5469597675425613,2,90,-54.847812176507084,307,11
True,False,3.0,4.0,14,1.8,2.0,-186.8957481200115,20,10,300,False,range_bb_reversion,24,8,0.0,71.56853139737818,35.502664511426396,12,0.001,0.0,-0.22998121543919853,27.72337763051041,15,-599.5900973945135,-0.7675397045016443,-228.63845666222423,-0.2882894141155289,-0.010581054637761995,208.0514495162935,0.27589130747825263,0.006960215071021958,693.1594642368057,0.8614598532929724,0.0,-0.29741851446587775,-29.741851446587773,-0.737147901909549,-5.789698476652843e-05,-228.63845666222426,-0.2882894141155289,0.21274881134660328,55761.87905768976,16436.06451178718,93,6,4,-0.4034719676952593,12341,40.34719676952593,51.294904873207095,-103.26335824076432,-0.13639041928272333,-0.005722604001508654,False,0.34698946900619254,0.2947544951773032,3,0.9746851750455493,-3.9893805036938086,-0.9082427441371147,7176.819205526432,17,-0.393258145459026,-39.325814545902595,35723.440412056705,172,0.33268858800773693,2.3288201160541586,0.2603364753787237,0.0,0.45930232558139533,79,-0.0705044346721605,-1000.0,-1.0000000000000002,4.0,0.08,671,True,False,False,0.0,-0.1725202749877387,19.727250416933146,14,-693.8520011995239,-0.8250793294195012,-157.64160944286104,-0.18178617826290022,-0.005401022593575636,288.25966370215343,0.3531628632252207,0.020210453093844283,925.6344488928127,1.0715409059783192,0.0,-0.20268624351930797,-20.268624351930796,-0.669793450523884,-5.2936950397255404e-05,-157.64160944286093,-0.18178617826290022,0.2099282778628415,54814.308094762404,27384.66805170458,79,6,8,-0.30261007085210434,11961,30.261007085210434,35.64214493182897,35.38310282711327,0.04784622822424729,0.0019879999999999494,False,0.4154483423032768,0.49958977871913024,6,0.9064351350178166,-2.3844885409963825,-0.6262778715159828,9414.484039860146,17,-0.27429640043057824,-27.429640043057823,18792.940878853402,174,0.3365570599613153,2.355899419729207,0.19430611658113,0.0,0.5459770114942529,95,-0.05951670845947654,-1000.0342923438824,-1.0000000000000002,0.2,0.0,20,1.5,0,10.816513115572125,-0.16586435884424525,0.6506544490265616,0.51747068500987,2,91,-55.17208453522685,314,11
True,False,2.5,8.0,30,1.8,0.5,-239.7052469546049,12,30,200,True,range_bb_reversion,120,3,0.0025,65.67358304499199,35.27208408626255,36,0.0,0.0,-0.24287965079771132,28.169265834205312,3,-424.28361207389855,-0.544547691206767,-250.0540868921325,-0.31853898876370806,-0.010268503679811337,115.15780243118488,0.15521002212654988,0.004241954499235812,373.28384289416954,0.5011654732552017,0.0,-0.30506760660245635,-30.506760660245636,-0.7577680006050151,-4.803795592549177e-05,-250.05408689213252,-0.31853898876370806,0.040293335482311225,46246.91371605495,5988.205726421615,109,11,4,-0.4025870798963338,12346,40.25870798963338,51.284777190956994,-203.78351774665893,-0.2687958049105183,-0.009174416673764353,False,0.2714170407579342,0.1294833588936934,1,1.0,-5.3069987972810315,-0.9711338292707179,7440.125408352789,17,-0.4025870798963338,-40.25870798963338,37036.63958028216,161,0.3114119922630561,2.1798839458413926,0.271172140503626,0.0,0.32298136645962733,52,-0.05058787055504954,-999.9999999999999,-1.0000000000000002,4.0,0.08,446,True,False,True,0.0,-0.18131340884745725,19.946000421740855,3,-479.92958324725436,-0.5729310311154169,-184.86927613609447,-0.21842310262736694,-0.005521534215228975,117.56753865284449,0.14494752407288422,0.015753054383339293,664.7211331909024,0.9301819188865578,0.0,-0.22234109994129392,-22.23410999412939,-0.7424034724694725,-3.810865067445174e-05,-184.86927613609444,-0.21842310262736694,0.04037392215327585,39354.225826274866,9405.40309222756,82,5,4,-0.2994882273404729,12346,29.948822734047294,35.38454262563345,-16.996893997840036,-0.02067339646371503,-0.0006324903251570635,False,0.24496830942858341,0.23899347261325207,2,1.0,-3.8272362272721936,-0.6073969684695343,9882.795859003696,17,-0.2994882273404729,-29.948822734047294,19725.45830198302,162,0.31334622823984526,2.1934235976789167,0.2019947634223436,0.0,0.49382716049382713,80,-0.040430674610096085,-999.9999999999999,-1.0000000000000002,0.04,0.002,75,1.25,0,9.986807693712807,-0.1323280432441705,0.4859023162247745,0.5397176938961983,1,92,-56.01192980233663,291,11
True,False,5.0,3.0,30,1.8,2.0,-187.62675146336989,12,30,400,True,trend_reclaim,12,2,0.0025,77.11303220442318,41.53311764257035,3,0.0,0.0,-0.08408321369504305,8.488263671801759,2,-202.83504096201295,-0.21867652689993344,-157.7927122141705,-0.17031692726199157,-0.010089896448433222,177.9773748152006,0.19018190640266572,0.0,325.20500690812224,0.33253506186864434,0.0,-0.10606116941564503,-10.606116941564503,-0.7112502133080396,-1.446436654496613e-05,-157.7927122141705,-0.17031692726199157,0.015150294141349021,16632.473358885065,1957.7511229672061,82,22,2,-0.14911934988722508,12103,14.911934988722509,16.11825922450936,-142.55729289021158,-0.155887469583206,-0.009857458927980015,False,0.8774488568202191,0.1177065539636879,0,0.9840924230836541,-4.491932795563596,-0.6951935079190933,3022.764427843518,17,-0.14674722235917856,-14.674722235917855,15055.64744241791,93,0.17988394584139264,1.2591876208897486,0.0944496247427424,0.0,0.11827956989247312,11,-0.02280526017770701,-505.4029868804294,-0.5241491946963189,2.5,0.006,540,True,False,True,0.0,-0.04445905921796005,4.327591479979224,2,-173.86555325997642,-0.18006198970198387,-78.78959686911921,-0.08155796728801604,-0.004474404103552925,141.9224447525136,0.14711208474440937,0.004392102467760228,453.199311930975,0.45449111836327605,0.0,-0.05234187458669792,-5.234187458669792,-0.6771550565051665,-9.45398168871485e-06,-78.78959686911922,-0.08155796728801604,0.015150294141349021,11301.260961898466,3973.828453070381,65,8,3,-0.0772967344537559,12103,7.72967344537559,8.021337849808058,-76.16954790868121,-0.07994679169696452,-0.00388663149096257,False,0.8162769570594632,0.3516269968871535,1,0.9479614579593667,-2.376777777817725,-0.299433426752822,3528.9331685777665,17,-0.07327432508828045,-7.327432508828045,7050.282345607057,93,0.17988394584139264,1.2591876208897486,0.05030434953423492,0.0,0.3010752688172043,28,-0.01825951971333295,-520.2034846563377,-0.527383156458094,0.08,0.002,10,0.0,0,3.063927093892625,-0.056952975963456234,0.6769869779164186,0.35408086065980804,1,93,-56.42734886169727,205,11
True,False,2.5,12.0,14,1.5,0.5,-388.4925136386453,8,20,150,True,trend_state_tp,24,3,0.008,71.67389503110664,28.629575172507494,24,0.001,0.0,-0.4063371849447419,56.5720887298801,4,-353.75781239039645,-0.5884240612411066,-156.141566232973,-0.26108743830026426,-0.00859180311546591,123.359864796311,0.2018859068536342,0.0,1636.3438320625683,2.7863431433042,0.0,-0.5552172325223018,-55.52172325223018,-0.8130373316868037,-0.00012319993430745342,-156.141566232973,-0.26108743830026426,0.14231606092352325,90561.99997194146,22328.135528132298,256,8,6,-0.6828926678808167,12351,68.28926678808168,114.26992218422248,-186.78323278694887,-0.39282357103854876,-0.013107597063041496,False,0.34871276470970136,0.2465508219236562,0,0.9991887108051041,-7.426163065212438,-3.9294887548613273,16774.690925642506,17,-0.6823386444380913,-68.23386444380914,83616.96270535045,437,0.8452611218568665,5.916827852998066,0.4557635759638941,0.0,0.41418764302059496,181,-0.1289342098770374,-814.8120147906941,-0.905479947023911,2.5,0.015,289,True,False,True,0.0,-0.27692333428389915,34.09312325081682,4,-379.98260115732944,-0.5251185027651646,-112.93383474125532,-0.15527087587520738,-0.004109597328134885,156.53166259261135,0.21792378836217033,0.04180206693241284,2935.489759372632,3.585175897587926,0.0,-0.3884218215294528,-38.842182152945284,-0.7341471976922341,-9.608716346650675e-05,-112.9338347412553,-0.15527087587520738,0.14626480780078974,84736.12005808449,34593.49743296711,223,8,6,-0.5290789405046333,12209,52.907894050463334,74.7678402149661,-47.44239239368302,-0.08556663203712278,-0.0029966997136211333,False,0.4119442893328697,0.4082497217155345,1,0.9477342374899951,-4.185687177568664,-1.8551742129772468,25424.1183406291,17,-0.5014262262511732,-50.14262262511732,50798.90399428804,444,0.8588007736943907,6.011605415860735,0.3228331187983309,0.0,0.49774774774774777,221,-0.08971752193444571,-881.6787755256868,-0.9456323257499164,0.08,0.003,10,0.5,0,20.60354022315397,-0.10861520269885147,0.5838718830309213,0.5651710935682137,2,94,-56.72934707243225,850,11
True,True,5.0,8.0,30,1.8,0.75,-145.22516892535282,40,30,50,False,range_bb_reversion,18,3,0.0,71.77553780975039,39.565205055759904,48,0.0025,0.0,-0.2456700867967604,28.09113146741317,9,-502.291274927686,-0.6450276380027631,-131.76253088014352,-0.16792935123502,-0.008753389917058069,95.21057411233022,0.12432457312008958,0.0,911.411397846212,1.0928035950400066,0.0,-0.30773361920046716,-30.773361920046717,-0.7477512055423896,-6.177313059369994e-05,-131.76253088014352,-0.16792935123502,0.23966475944878718,58768.079166539275,18185.219655455057,117,5,10,-0.4115454671547459,12385,41.15454671547459,52.69471461413921,55.82726298826178,0.08065416412476464,0.004939999999999984,False,0.18955251437731527,0.30944042945356565,0,0.9861087716906992,-4.419841081935271,-1.0027985165425954,9513.819088527891,17,-0.40582859511084146,-40.582859511084145,47530.968241054696,308,0.5957446808510638,4.170212765957446,0.27362020211259896,0.0,0.6201298701298701,191,-0.053332190737966134,-1001.0664833118407,-1.0000000000000002,1.0,0.025,723,True,False,False,0.0,-0.1893244575391509,20.50605890684746,9,-537.4671829840681,-0.6442257856933514,-95.0335546700482,-0.11263718629819489,-0.005345375039539627,98.77586658255338,0.1202268461802144,0.01732870085198246,1161.2593019088451,1.3181475375951148,0.0,-0.22970500129385285,-22.970500129385286,-0.7187642830823472,-5.235458281369382e-05,-95.03355467004825,-0.11263718629819489,0.23740833266177774,53209.251115422725,22323.34584765707,99,3,11,-0.319583216223247,12385,31.958321622324696,38.180008786453776,30.779633606508202,0.03966319442346232,0.001988000000000005,False,0.18378027479583128,0.4195388091298778,2,0.9664432829973834,-3.134786431447214,-0.6712249650604794,12391.131270759359,17,-0.30885905267765745,-30.885905267765747,24771.330329969747,325,0.6286266924564797,4.400386847195358,0.21131819401068813,0.0,0.6953846153846154,226,-0.04638603001241892,-1004.2563791922298,-1.0000000000000002,0.04,0.0005,75,0.0,0,12.829464069640542,-0.11780569570521425,0.42841469986312025,0.7163138200201714,0,95,-57.199137690302706,529,11
True,True,2.5,8.0,20,2.5,0.75,-328.071747435281,40,20,200,True,trend_state_tp,48,6,0.0025,64.37109491093545,32.16669416867254,6,0.001,0.0,-0.3845682798695412,54.191281439641585,6,-366.8917533736519,-0.5949663571167136,-117.18275400080402,-0.18529720719905207,-0.006885209023482958,152.5410888332263,0.25720801962040674,0.009559027820994714,1556.8326906248599,1.996897583918405,0.0,-0.5128210215396365,-51.28210215396365,-0.8021075335155692,-0.0001386262794862753,-117.18275400080404,-0.18529720719905207,0.29317430896929647,103830.36620474338,39965.76527430527,283,9,8,-0.639341983601607,12350,63.9341983601607,101.17995139574259,-111.44757931141683,-0.22357929316074177,-0.006758728879147108,False,0.415765923955981,0.38491403560589077,2,0.9989114209373449,-5.580747271860686,-2.970945549473811,19490.854839934455,17,-0.6386460093043819,-63.864600930438186,97432.4407614496,545,1.0541586073500968,7.379110251450678,0.42885799724131685,0.0,0.48073394495412847,262,-0.11380091959106686,-853.6508954584502,-0.9357825293816706,2.5,0.006,628,True,False,True,0.0,-0.201789896280465,23.065121579224886,7,-455.5020806886454,-0.5657851767874825,-62.82171631035533,-0.07488245209221084,-0.002639045774519443,247.94188331352322,0.31361341281563665,0.026570346593456584,2201.799888175038,2.5215124920441,0.0,-0.2542831057498701,-25.428310574987012,-0.7073079153153703,-0.00011169887432034395,-62.821716310355356,-0.07488245209221084,0.30872753646546863,108864.99728458628,74878.44876068403,239,6,8,-0.35950835589969593,12350,35.95083558996959,43.62491038486415,37.50985677185578,0.05062665375364862,0.001987999999999977,False,0.5443265658384595,0.6878101375866726,5,0.9453618522676175,-1.9770545088088787,-0.9612071923177313,30977.991704294585,17,-0.3398654852390224,-33.986548523902236,61945.65900542182,541,1.04642166344294,7.3249516441005795,0.22315276854395813,0.0,0.5582255083179297,302,-0.07739978734951192,-929.339885212614,-0.9721890482415264,1.0,0.003,75,0.5,0,15.561449575977882,-0.07911570766041567,0.7112973947803596,0.5556839366095961,1,96,-57.79486864308483,1120,11
True,True,2.5,12.0,80,2.0,1.25,-514.4146100139383,10,50,80,True,trend_state_tp,18,6,0.025,67.54278459704534,30.921193392961047,48,0.0,0.0,-0.49614079575230774,71.30710291913613,6,-326.26837474809116,-0.6096792978430093,-167.91878859054276,-0.3105664614168622,-0.00927009238973178,150.90588152532652,0.2916741488371253,0.0,1114.4881148899728,1.4433312853847842,0.0,-0.6286668740327287,-62.86668740327287,-0.8334702771479375,-0.00014919959976580698,-167.91878859054276,-0.3105664614168622,0.22443387863647352,97880.51242442729,22484.976347273645,300,14,5,-0.7542762966712764,12402,75.42762966712763,139.5749496178446,-175.00272291366736,-0.4133536306797635,-0.012368979364210424,False,0.4625207136359433,0.22971862110585192,0,0.9995745114871615,-7.848232138641915,-3.407476011392527,16439.19696723033,17,-0.7539553607715364,-75.39553607715364,82141.81581659903,449,0.8684719535783365,6.079303675048355,0.5435856821577534,0.0,0.33184855233853006,149,-0.1487530262107568,-971.661477052722,-0.9990630197203338,3.0,0.04,222,True,False,True,0.0,-0.37166421758334356,46.29753956632565,6,-374.0740933580465,-0.5695228212709144,-129.85885797265587,-0.19295263844532848,-0.00447903819192251,215.45623292174056,0.33950950178654826,0.019497701427826586,1593.4164140912847,2.0744395789360386,0.0,-0.46100458360004026,-46.100458360004026,-0.7882073513471185,-0.00012255318441683067,-129.85885797265587,-0.19295263844532848,0.2246756386493674,98381.48655316631,40074.859323443765,263,9,5,-0.5848772950571207,12370,58.487729505712075,87.07169079329324,-122.82517574465035,-0.2180012273595513,-0.004897449522762008,False,0.575972078118534,0.4073414696959973,2,0.996903585119134,-4.656757427715427,-1.7307087428588122,25346.396117797907,17,-0.5830662722972252,-58.306627229722515,50689.32662943164,449,0.8684719535783365,6.079303675048355,0.4115943918235344,0.0,0.4142538975501114,186,-0.13279523268468285,-1000.8788547679831,-1.0000000000000002,0.03,0.002,10,1.0,0,34.8851702841426,-0.10906717399917108,0.883680454592885,0.43978561272549543,2,97,-58.832587082325865,661,11
True,False,4.0,1.3,14,2.2,1.5,-207.3312920981196,8,80,100,True,channel_reclaim,12,6,0.0,73.0821319594876,34.348223257916544,24,0.001,0.0,-0.20463731163011603,22.652515004025382,6,-204.84435641199224,-0.25206499274994093,-142.85794015340923,-0.1742298421434468,-0.008053022421767708,146.4120023866449,0.18900086068685917,0.0,471.32537051508734,0.6473552533323175,0.0,-0.25439197569645633,-25.439197569645632,-0.7462409193194386,-3.995207713002456e-05,-142.8579401534092,-0.1742298421434468,0.11515835280844548,40149.49385675046,6149.3041002390855,196,12,2,-0.3408979179652307,12363,34.08979179652307,41.604593854026106,-184.63284461341533,-0.22198789439062994,-0.010764811205914208,False,0.7147475524889466,0.15316018981906004,0,0.9973715873494747,-7.049652072703749,-2.4973874913050653,8655.168063667228,17,-0.3400018975651132,-34.00018975651132,43149.560323337246,238,0.46034816247582205,3.2224371373307545,0.22462234708837958,0.0,0.17647058823529413,42,-0.04691208349016174,-397.22154712133687,-0.4222609180392935,1.0,0.025,104,True,False,True,0.0,-0.10419251464593712,10.694189732423073,6,-183.77308832346216,-0.2033525691152266,-68.42699959757856,-0.07437947342806076,-0.0030462414967437667,177.4422947918049,0.20053686211563485,0.008633302189474445,755.1104112960167,0.8760528272550615,0.0,-0.11801785706125378,-11.80178570612538,-0.7044469404068174,-2.6713522702454318e-05,-68.42699959757857,-0.07437947342806076,0.11515835280844548,29771.240308400873,13485.61440417717,162,11,5,-0.16753264198024423,12363,16.75326419802442,18.265440229465,-107.6036476496067,-0.11441322640585055,-0.004711513072179199,False,0.965551030407051,0.4529745574749127,3,0.9720867355595137,-3.222404368351452,-1.0371814579534815,11227.69223093291,17,-0.16285625904223636,-16.285625904223636,22445.338144137168,238,0.46034816247582205,3.2224371373307545,0.11330695451699534,0.0,0.31932773109243695,76,-0.022785221302323744,-373.7497304548635,-0.37832921623386934,0.05,0.0,100,0.5,0,8.010527112089244,-0.07373686027261007,0.5218354628309224,0.3125476080944351,1,98,-58.97738727374417,425,11
True,False,4.0,2.2,14,1.8,0.75,-168.10913217059073,30,80,200,True,trend_bb_reversion,48,3,0.0025,74.7325951583484,37.3794917347364,24,0.01,0.0,-0.09208515720016061,9.62153724561307,3,-279.629937481513,-0.3067267910307167,-211.2189497845859,-0.23193612471491254,-0.011871034035559818,79.5277479273545,0.08592420712725507,0.0010432670371127717,144.8494042612608,0.16774215433044365,0.0,-0.1288887520229145,-12.88887520229145,-0.7230786242388199,-1.6831360385804337e-05,-211.21894978458587,-0.23193612471491254,0.021516641147554194,19014.83574874289,1272.443966837672,68,15,2,-0.17824998237030565,12087,17.824998237030563,19.583159518161704,-183.37243996427452,-0.19946997265780492,-0.010542639212286712,False,0.2844035536524492,0.06691848321234097,1,0.9953656963088094,-4.369076214341167,-0.5606077859645866,3068.577645108355,17,-0.17742391781905228,-17.74239178190523,15269.534047855412,84,0.16247582205029013,1.1373307543520308,0.10216702870246033,0.0,0.19047619047619047,16,-0.03337994523131649,-850.4720735154336,-0.9048320051770178,4.0,0.006,199,True,False,True,0.0,-0.05628500102577321,5.680372028223706,3,-252.0749258350099,-0.2659608598650121,-136.46531852998336,-0.14448081051528844,-0.00650863984401849,107.59940800285047,0.11197707144523923,0.0016357358217442552,339.6655962047424,0.3536790293714064,0.0,-0.08241892868419964,-8.241892868419963,-0.7008646563314139,-1.2244381723855667e-05,-136.46531852998336,-0.14448081051528844,0.021516641147554194,14368.270772595562,2905.184016076961,57,8,3,-0.11759606928334915,12087,11.759606928334914,12.472424859067232,-93.29375864911492,-0.10100983867780756,-0.004575935268690389,False,0.42685486327695,0.20219440892066046,4,0.9747848568729116,-3.0543823877843455,-0.3256991456484217,3650.874323889001,17,-0.11463086756518649,-11.46308675651865,7286.122118551473,84,0.16247582205029013,1.1373307543520308,0.06377869065584882,0.0,0.32142857142857145,27,-0.022830333493291666,-892.4136582617173,-0.9230170728678869,1.0,0.001,100,0.25,0,4.118673817841568,-0.11579373422419527,0.36545719315892206,0.45279059352836415,0,99,-59.36813645665381,256,11
True,False,3.0,2.2,55,2.0,1.0,-184.23911706162144,40,80,130,True,trend_state_tp,96,8,0.018,69.29187274676698,44.06908124194181,12,0.0025,0.0,-0.20508868877704725,22.56186730610581,8,-412.3848323254302,-0.5096448004543336,-186.33765947231257,-0.228147350799112,-0.008605060629576066,122.688855314228,0.1566846056915707,0.0,542.9962470870006,0.8133035152671201,0.0,-0.26114844246160407,-26.114844246160406,-0.7473967566307238,-4.464404124346493e-05,-186.33765947231257,-0.228147350799112,0.12152469981465065,44537.561891146455,9692.419569824013,108,11,6,-0.349410724818857,12360,34.9410724818857,42.81100578595499,-220.53128037303617,-0.24647436190384442,-0.01088015942468429,False,0.29751059131439894,0.21762348809108817,0,0.9972545158534261,-5.029070742534462,-1.307547078543394,8036.231563429968,17,-0.3484514232132239,-34.84514232132239,40047.444226696694,187,0.3617021276595745,2.5319148936170213,0.22637994186993052,0.0,0.42245989304812837,79,-0.06129457494462409,-736.0843478552185,-0.7823702851769091,2.5,0.025,758,True,False,True,0.0,-0.11489929369364027,11.702219440643635,8,-444.86710876764823,-0.49945076461151294,-113.51974215618708,-0.1267124674744653,-0.003985946783948953,168.6176195129777,0.19066865682044648,0.008406711579659776,773.5694475391487,0.9670362398580394,0.0,-0.15513350930160408,-15.513350930160408,-0.7288485802192483,-3.490108536328118e-05,-113.51974215618715,-0.1267124674744653,0.12152469981465065,38258.57135401774,17030.37957081075,86,5,7,-0.21284737805887974,12360,21.284737805887975,23.76706757897859,45.225991233411946,0.05164531098230283,0.0019879999999999234,False,0.3790291891438659,0.4451389314364008,1,0.9973433535711537,-2.874923472184726,-0.6098438477035589,10563.504062237762,17,-0.21228191783207032,-21.22819178320703,21105.72051316477,187,0.3617021276595745,2.5319148936170213,0.12835539373959814,0.0,0.5401069518716578,101,-0.03382539447662736,-792.8848693024318,-0.814329300180705,0.05,0.002,75,1.25,0,8.277880800101226,-0.13558401073863005,0.5544351555142846,0.46552801510552305,1,100,-60.171952696265976,313,11
True,False,3.0,3.0,80,1.5,1.0,-403.8313681010553,8,30,80,True,trend_state_tp,8,3,0.0,64.21754013573248,37.56240459936111,36,0.0025,0.0,-0.3401482241225489,39.471007729870436,3,-306.1667828879036,-0.44037269389020717,-194.27783867373108,-0.2796144592107848,-0.009238002495026848,122.99629081029224,0.1762342336473033,0.0,396.9387117701201,0.5000618763815886,0.0,-0.425777210280735,-42.5777210280735,-0.7788851629406616,-7.390121413479762e-05,-194.2778386737311,-0.2796144592107848,0.07341445724877105,63376.52405779602,8978.72922915133,207,27,6,-0.5466495326130283,12351,54.66495326130283,78.88070399185622,-258.4562584336215,-0.4010161224233463,-0.013407694583097901,False,0.4017297031707215,0.14167279387180032,0,0.9951128023217893,-8.126188352555442,-4.093832138874747,11933.278864192203,17,-0.543977948286447,-54.3977948286447,59454.496490651305,280,0.5415860735009671,3.7911025145067696,0.3752919400605012,0.0,0.26071428571428573,73,-0.0970767378786015,-527.6246991831165,-0.547708122932819,1.5,0.025,538,True,False,True,0.0,-0.23224280762451519,24.529777236447504,3,-309.8479950844948,-0.3900813910848287,-136.94544960880086,-0.17179710522691802,-0.004667809669534842,182.39496601467468,0.2313606064086108,0.007930154487832075,798.1152094329808,0.9250132758950352,0.0,-0.28829671179375904,-28.829671179375904,-0.7455906287298522,-5.735559040321201e-05,-136.94544960880089,-0.17179710522691802,0.07446208397131114,56082.487110293594,17874.70666943812,181,15,6,-0.38666890473782606,12351,38.66689047378261,48.679468145252436,-198.20128204609355,-0.26998919687889156,-0.007393922977366639,False,0.5886595004913168,0.31872171849806086,1,0.9881265333906689,-5.205506185329794,-1.942868531994852,16541.706221446275,17,-0.3820778044085549,-38.20778044085549,33040.12579066003,279,0.539651837524178,3.777562862669246,0.25826302411938695,0.0,0.35125448028673834,98,-0.06929255574691262,-534.4802725868313,-0.5644063857451515,0.03,0.0,50,0.75,0,11.490673133560744,-0.11321273852473356,0.6077703233122892,0.37446147606096664,1,101,-60.34305179590884,371,11
True,False,2.0,12.0,20,2.2,1.5,-154.93781948409543,40,14,400,False,trend_bb_reversion,96,2,0.025,63.1364136114356,36.65447172072338,36,0.005,0.0,-0.12790979941087208,14.794513274897499,43,-873.5511691469284,-0.9668748670962319,-311.9250947171476,-0.3422598333265354,-0.010506128906430528,1216.9458856750339,1.3580810919354163,0.05958587006114313,3054.0775469563123,3.618295279417762,0.0,-0.15264049615450004,-15.264049615450004,-0.6110673948484152,-3.823798909420122e-05,-311.92509471714754,-0.3422598333265354,0.23281489241679426,42804.00728819949,21905.02594215061,49,8,5,-0.24979322647768645,10690,24.979322647768644,28.39364967283715,-850.7700523471842,-0.9999999999999999,-0.02587480192013697,False,1.3931020055338597,0.5117517571348872,1,0.8366512431399235,-1.5749577721919439,-1.0649797405283505,3991.4608320988214,17,-0.2089898134604888,-20.89898134604888,19872.84069092857,67,0.12959381044487428,0.90715667311412,0.1462443055560678,0.0,0.26865671641791045,18,-0.05020396020179263,-1043.3183644704802,-1.0000000000000002,2.5,0.04,688,False,False,False,0.0,-0.11260267438345797,13.005092037956105,43,-917.5474414870414,-0.9598835606083764,-183.84556446908715,-0.18510828242843042,-0.004539205239632154,1813.4539896353442,1.9240021970614225,0.09284386192864158,4132.37252112596,4.568648646177494,0.0,-0.08868481808073292,-8.868481808073291,-0.4260986898257694,-3.79614967472239e-05,-183.84556446908704,-0.18510828242843042,0.23281489241679426,44959.82463286503,32642.171813436194,49,8,5,-0.20813210694685755,10690,20.813210694685754,22.885313261280864,-915.6913471706281,-0.9999999999999999,-0.020000368687628136,False,1.9764144148190683,0.7260297850355761,3,0.5918189653734612,-0.7052144805199152,-0.47468007808395546,5281.630956709847,17,-0.12317652819428782,-12.317652819428782,10549.20392242253,67,0.12959381044487428,0.90715667311412,0.12686209707196353,0.0,0.26865671641791045,18,-0.04419172378277292,-1084.3769779379402,-1.0000000000000002,0.05,0.001,75,0.5,0,9.852347174394302,-0.23395665720965447,0.7588384724553952,0.211338004101162,5,102,-61.00072645559297,149,11
False,True,1.5,4.0,20,1.8,0.5,-39.15010017519309,30,20,100,False,range_bb_reversion,48,4,0.0025,76.7086584724271,34.293484225062194,48,0.001,0.0,-0.09644506957664384,10.128274986737262,6,-914.4160322494952,-1.0,-186.47786517001649,-0.20087389401496197,-0.005185304148516976,231.41256407931397,0.25788368534681905,0.024213734418973232,1012.7659858145606,1.1628999321178466,0.0,-0.11478247581320633,-11.478247581320634,-0.7241513984297725,-2.5093087259187304e-05,-186.47786517001649,-0.20087389401496197,0.041260375533886694,28346.896999734352,12496.278460282954,31,5,18,-0.15850618539451433,12386,15.850618539451434,17.074280991271774,162.249244275488,0.18702571662045803,0.0050600000000000775,False,0.25307142035778946,0.44083408707485905,4,1.0,-1.9738777603947828,-24326984345899.49,6298.68952518454,17,-0.15850618539451433,-15.850618539451434,31541.75701669378,85,0.1644100580270793,1.1508704061895552,0.10301196126498012,0.0,0.6352941176470588,54,-0.04900995010000009,-1000.0,-1.0000000000000002,3.0,0.025,191,True,False,False,0.0,-0.04765142741229654,4.749791155225841,5,-959.0237181563242,-1.0,-102.04422330663681,-0.10435089870056655,-0.002271702318334254,255.0305662140663,0.26883622684086406,0.03406178126619119,1591.7236475260618,1.7184033149389684,0.0,-0.06208910812610802,-6.208910812610801,-0.7158269933676511,-2.0246193715581433e-05,-102.0442233066367,-0.10435089870056655,0.035055201869610766,23975.592953908108,15301.833972843977,25,3,18,-0.08673758981064136,12386,8.673758981064136,8.869826389548155,96.27976765876357,0.10103607810534918,0.0020119999999999357,False,0.2659272772777195,0.6382254654665266,5,1.0,-0.9712597911366133,-11486680215513.178,8921.881577698397,17,-0.08673758981064136,-8.673758981064136,17843.339276051003,85,0.1644100580270793,1.1508704061895552,0.05120109453121545,0.0,0.7058823529411765,60,-0.03833603893901871,-999.9999999999999,-1.0000000000000002,1.0,0.001,50,1.25,0,6.6286323001635825,-0.22247441491521155,0.5600478589772212,0.6332665848708628,2,103,-61.44814481317252,135,11
True,True,4.0,1.7,14,2.2,0.75,-201.89880484441278,30,30,50,True,trend_state_tp,8,3,0.005,76.10414684057127,44.199034310934586,12,0.01,0.0,-0.18581529021344168,21.54486518544597,3,-283.8867785592016,-0.34789107128372787,-158.7236840359904,-0.1946942367055386,-0.01010095241558199,93.31706794910625,0.11379801922588362,0.0,865.5432695766222,1.022350107286672,0.0,-0.26174193348543284,-26.174193348543284,-0.7493298685511484,-4.1459252110829375e-05,-158.72368403599037,-0.1946942367055386,0.06148762994600693,41731.35644820262,6812.145960284751,147,13,4,-0.34930134840550087,12365,34.93013484055009,42.849520726317365,-175.34892181994655,-0.2174875488316484,-0.011810679810876627,False,0.3287122719230334,0.16323806700939747,0,0.9996872513466665,-6.097166065097154,-1.5286372508202095,7002.66270326942,17,-0.34919210487917945,-34.919210487917944,34930.00545839249,220,0.425531914893617,2.978723404255319,0.21163390902228857,0.0,0.33181818181818185,73,-0.04778722121244805,-691.4441831933408,-0.7169937342723768,3.0,0.01,530,True,True,True,0.0,-0.11625083990223323,12.798598722099,3,-259.8292205648282,-0.2923152353158228,-98.7104850935374,-0.11098640474503985,-0.005020280189798474,108.91675133853846,0.12268476867091763,0.003087333116601476,1206.777022831022,1.3343554299832898,0.0,-0.16033470969572605,-16.033470969572605,-0.7259268064260206,-2.9680289508957765e-05,-98.71048509353736,-0.11098640474503985,0.06035941655250222,32478.652570603517,10564.924879838221,125,10,7,-0.220868975048748,12365,22.0868975048748,24.861176846650714,-69.1111980322753,-0.07963929457398372,-0.003926173832364775,False,0.4191859218211502,0.3252882753332123,3,0.9921596134508612,-3.921637481479356,-0.7941918528117767,8690.807878488811,17,-0.21913727690765372,-21.913727690765374,17352.025502042638,222,0.42940038684719534,3.0058027079303673,0.1314375544305539,0.0,0.4369369369369369,97,-0.029720574333762184,-728.6306354701426,-0.7398196099481206,0.04,0.0005,75,0.75,0,8.052682048722499,-0.10402781863694423,0.40194457027601177,0.40827612331233065,1,104,-62.78931407324817,437,11
True,False,5.0,4.0,55,1.8,0.75,-294.2333641026507,16,30,80,True,trend_state_tp,36,2,0.005,58.19412320188424,24.060581686916198,36,0.0,0.0,-0.3119055555304154,35.5193682275835,2,-232.8443625961612,-0.3254608176343995,-147.72290174459545,-0.20636212267463153,-0.009449841855583164,94.40036467763613,0.13240749854426404,0.0,357.0514720599011,0.41181524052912866,0.0,-0.3968477695857111,-39.68477695857111,-0.7758507785629335,-6.763920223608245e-05,-147.72290174459545,-0.20636212267463153,0.0624546699975824,59608.15682461726,8496.032820987251,256,12,4,-0.5115001241872449,12381,51.15001241872449,71.47885519204794,-192.12976091953337,-0.2702958387189705,-0.012156165663111194,False,0.40542259054543445,0.1425313794886293,0,0.9992592687019451,-8.802400081764233,-3.937581246234799,10944.583632738388,17,-0.5111212400363004,-51.11212400363004,54522.43933431103,346,0.6692456479690522,4.6847195357833655,0.3488470727546447,0.0,0.26011560693641617,90,-0.10784707862670284,-466.90284348636885,-0.48035354958650156,2.0,0.04,521,True,False,True,0.0,-0.19375308623426485,19.82472729831363,2,-206.37008816429193,-0.24945878693189497,-92.13551201816142,-0.11039836571060531,-0.004368786546340625,112.18649409686876,0.13832759094535996,0.0047695131585550055,543.2468064162144,0.5830562349836519,0.0,-0.23535587101444277,-23.53558710144428,-0.7373233680807898,-4.467312423688808e-05,-92.13551201816144,-0.11039836571060531,0.06269643001047627,45401.41939614421,13798.938773914855,220,10,5,-0.3192030541864698,12381,31.920305418646983,38.33348171582461,-113.33419003212495,-0.13547503008834824,-0.005463519624511821,False,0.5436179976216161,0.3039318804884491,1,0.9900431780883958,-5.488060891044517,-1.773122904677845,14350.504800703098,17,-0.316024806222295,-31.6024806222295,28666.551308065144,343,0.6634429400386848,4.644100580270793,0.22039682908517605,0.0,0.358600583090379,123,-0.08280531066044272,-442.3359374182746,-0.47284908719661817,0.03,0.0,20,1.0,0,10.392251980986341,-0.10488905061015728,0.433788314155972,0.3776740020880239,1,105,-62.84695853181711,416,11
True,False,2.5,8.0,80,2.2,0.5,-285.2035134080275,8,50,400,True,trend_state_tp,120,8,0.012,62.86619539195383,36.2333617421772,18,0.0005,0.0,-0.2547397925438142,27.204418584387653,8,-423.59229507635644,-0.5392219538843205,-257.1646178495502,-0.32616893862656887,-0.00934122933802676,335.1221158105542,0.4320491450848416,0.0,1359.524267706753,1.6195197919212094,0.0,-0.30179844353010266,-30.179844353010267,-0.7401281992650321,-5.272818524325424e-05,-257.16461784955027,-0.32616893862656887,0.10637440567330164,51254.667704239124,11394.151937558847,121,17,4,-0.4077650923580494,12369,40.776509235804944,52.11038268559935,-286.0273187233464,-0.38468303528948905,-0.010932200928381083,False,0.7911430866563456,0.22230466897781623,0,0.9775362460815957,-4.6157800228310535,-1.0372054721005606,8189.925671504741,17,-0.3986051576668028,-39.86051576668028,40791.50342988075,155,0.29980657640232106,2.0986460348162472,0.27962155220211604,0.0,0.21935483870967742,34,-0.05923179576884541,-999.1510948418306,-1.0000000000000002,2.5,0.04,437,False,False,False,0.0,-0.14788310086633727,14.301980548854914,8,-487.05572865209956,-0.5485450280740455,-143.37164292794847,-0.15993422168231863,-0.0033672951722159444,431.4103625072697,0.48998385107625897,0.02765051708057542,2049.2841944244783,2.2291886352235704,0.0,-0.16268255341464566,-16.268255341464567,-0.6438017144195445,-4.308410341958086e-05,-143.37164292794844,-0.15993422168231863,0.10637440567330164,47244.40567925367,25021.801025421646,97,13,8,-0.25269046318294014,12369,25.269046318294013,28.820000689082743,-186.45929623569293,-0.21781774184622577,-0.004967841411806589,False,0.8857515416175775,0.5296246331321597,5,0.879439784703848,-2.091922842621172,-0.49014458719372406,11603.740842794628,17,-0.2222260465383205,-22.22260465383205,23186.29422768885,155,0.29980657640232106,2.0986460348162472,0.1646196443535106,0.0,0.3741935483870968,58,-0.047291137406875294,-1005.2026919088377,-1.0000000000000002,0.03,0.0005,30,1.0,0,10.187064073767786,-0.15370108420275555,0.9779861125307318,0.33250245689392977,1,106,-64.21733485943969,211,11
True,False,3.0,3.0,40,2.2,0.75,-257.42403675894525,8,20,400,True,trend_state_tp,12,4,0.018,66.38080787918295,39.40018265390644,24,0.0,0.0,-0.29507855428927027,35.02823810186035,4,-323.356349895429,-0.4473330154172756,-166.46120505733307,-0.22952987523959822,-0.007838082437757365,127.71719151409678,0.1788510125935468,0.0029177511905553732,659.2071454927535,0.718535273807139,0.0,-0.38521261041655686,-38.521261041655684,-0.7739560032884234,-7.089559330816707e-05,-166.46120505733307,-0.22952987523959822,0.10701909904101861,63054.48822960865,13282.587917466066,195,8,4,-0.4977190031214256,12403,49.771900312142556,68.62943269663988,-248.9193250070281,-0.3664757812494895,-0.012192349957176706,False,0.39497350695416855,0.21065253704222325,1,1.0,-7.10135199127673,-4.008298379028771,12743.59498374003,17,-0.4977190031214256,-49.771900312142556,63533.49602182477,299,0.5783365570599613,4.04835589941973,0.3229512583913685,0.0,0.34782608695652173,104,-0.07312289030937447,-531.6768505131195,-0.5516758959660367,1.5,0.01,694,True,True,True,0.0,-0.19393897904882482,21.083014375046016,4,-313.3266867533985,-0.3816292694672357,-111.30190384481531,-0.13456103071568576,-0.0036828780550398166,157.01226095564672,0.19357647387621643,0.012337855542516207,1101.135363418171,1.1666098211577982,0.0,-0.24776207711365172,-24.776207711365174,-0.7428787155206036,-5.283141352559454e-05,-111.30190384481533,-0.13456103071568576,0.10855024578934644,53265.53674807776,20097.569402322777,170,8,6,-0.33351618768619856,12403,33.35161876861986,40.37711827302765,-138.0510836783156,-0.17898188506274104,-0.005508316915287121,False,0.5011135903633452,0.3773090562735774,2,0.9944934779886091,-4.440489277680224,-1.6760850116978325,17564.396528093865,17,-0.33167967345754934,-33.16796734575493,35097.66389092471,298,0.5764023210831721,4.034816247582205,0.21229065514792578,0.0,0.42953020134228187,128,-0.05703511998939159,-542.7433798484254,-0.5721156848205916,0.04,0.001,150,0.25,0,10.908123104878046,-0.10151766813419086,0.5438711973597095,0.4706887642350317,0,107,-64.44110119052766,488,11
True,False,3.0,12.0,14,1.8,1.0,-79.01522216428809,20,10,50,True,range_bb_reversion,96,6,0.005,58.418792554909764,36.68310291965216,36,0.0005,0.0,-0.058753014211735434,5.5957358114874545,6,-334.6984253132425,-0.35381565292407113,-178.7134144410381,-0.1890876963731557,-0.006355659974330844,156.65435893420124,0.16507741021131236,0.000371207414833874,332.0629482454934,0.3351686292410707,0.0,-0.08092474315700393,-8.092474315700393,-0.7099580762505867,-1.2281298898720592e-05,-178.71341444103817,-0.1890876963731557,0.030461761624627288,14392.032288469429,3133.087178684025,43,7,3,-0.11398524203623644,12343,11.398524203623644,12.070060728088736,-275.8965990884207,-0.2920065003213916,-0.010194761860063078,False,0.46804629805948217,0.21769595258580565,1,0.987754634604898,-3.282189993445474,-0.7653346828828288,3546.633389657368,17,-0.1125894510978536,-11.25894510978536,17694.85495326682,63,0.1218568665377176,0.8529980657640233,0.07063491380208575,0.0,0.31746031746031744,20,-0.017775975198668137,-452.6117841693035,-0.4547673392687847,1.0,0.006,340,True,True,True,0.0,-0.03453360498849596,3.645475314643811,6,-299.3844462891109,-0.30745242679035445,-93.79022629210891,-0.0962265547559451,-0.0026458563073067662,180.33540037056045,0.18540794128993404,0.004090812900948704,617.5701615967882,0.6208834473431958,0.0,-0.04211590478777516,-4.2115904787775165,-0.6063182718308403,-8.939736179995818e-06,-93.79022629210887,-0.0962265547559451,0.030461761624627288,10777.84006640799,4869.055810005132,36,7,6,-0.06946171135598778,9651,6.946171135598778,7.176189863253078,-141.3661286558189,-0.14560023796292895,-0.004225964350720499,False,0.6023539385757314,0.45176545393179857,4,0.8506534234552128,-1.7809103506812338,-0.3098556941968135,4448.024360677686,17,-0.05908784256402883,-5.908784256402884,8893.156931152074,63,0.1218568665377176,0.8529980657640233,0.04214585621768606,0.0,0.42857142857142855,27,-0.015900556304558888,-438.52824467931435,-0.4389457360194768,0.04,0.001,100,1.5,0,2.972469434033808,-0.13929424885321962,0.38674379130600234,0.27506930204298624,1,108,-64.94617022865052,129,11
True,False,4.0,3.0,80,2.5,1.0,-138.89630062705118,12,10,300,True,trend_reclaim,120,2,0.0025,76.01637763351442,29.011016350050753,3,0.0005,0.0,-0.07715961474531498,7.848620081636481,2,-242.47461534073855,-0.26141068427049935,-172.7334713133032,-0.18646905519308205,-0.009499883071953133,128.02521230501185,0.13671672020328027,0.0,383.07009731594735,0.3989942983779273,0.0,-0.10611759180295166,-10.611759180295167,-0.7227564217944145,-1.4555630418547831e-05,-172.73347131330317,-0.18646905519308205,0.01378032073495044,16730.74845851096,2048.403396880189,69,13,2,-0.14682345061630797,12350,14.682345061630798,15.849869691411971,-233.52633246585705,-0.252553119683098,-0.01222886132164552,False,0.527994289732572,0.12243345848871232,0,1.0,-4.606138823532119,-1.0342605631613275,3207.410609966296,17,-0.14682345061630797,-14.682345061630798,15979.790998986678,85,0.1644100580270793,1.1508704061895552,0.08791960923792333,0.0,0.18823529411764706,16,-0.021671493741853842,-374.88118681771266,-0.39297453823290324,1.0,0.01,359,True,False,True,0.0,-0.04014191810487182,4.1401742039812,2,-197.3896480547313,-0.20522578702716468,-95.85419834118747,-0.09963168946219013,-0.004347090479821582,153.75378220460792,0.159953800385039,0.0,547.1978710247503,0.5592946478987323,0.0,-0.05688667925927604,-5.688667925927604,-0.7144492466217842,-9.777391339311027e-06,-95.85419834118744,-0.09963168946219013,0.013619147393021194,11645.989235229148,3690.0907729105893,59,8,2,-0.07962312162586793,12350,7.962312162586793,8.276760441843264,-130.85144579351203,-0.14184016741469063,-0.006326397874608371,False,0.7789353885568293,0.3168550733112525,0,0.9991944927381355,-2.832981179050511,-0.5204764720935376,3715.4822854866093,17,-0.07955898462318597,-7.955898462318597,7422.496466940727,83,0.16054158607350097,1.1237911025145069,0.04603280214542036,0.0,0.2891566265060241,24,-0.0100279066189648,-345.87582424434595,-0.34708657695629985,0.05,0.0005,30,0.25,0,3.6832102937351063,-0.08555273004758367,1.258665754771921,0.3225580907893161,1,109,-65.51889319761024,176,11
True,False,3.0,12.0,14,2.2,1.25,-126.33458488034333,8,30,150,False,channel_reclaim,36,2,0.018,66.77976153820592,27.869190081455738,36,0.0005,0.0,-0.19257100010601377,20.80530002609789,16,-706.4579402596196,-0.836601371822112,-198.4277430851067,-0.2337313485207163,-0.009555532482805102,202.01958880539172,0.2414720816109722,0.027868280528772882,2488.5451900287762,2.6568048300030505,0.0,-0.22400604615078168,-22.40060461507817,-0.6797342937568347,-4.548591407293803e-05,-198.42774308510664,-0.2337313485207163,0.20589894431461037,47332.681997394524,17171.665048458293,67,5,11,-0.3295494257215109,10852,32.95494257215109,39.722763698748615,72.49214111038826,0.0896812240457563,0.004939999999999934,False,0.2859612402843835,0.3627866481219789,2,0.915219830315351,-2.884158893919798,-0.7262971660567853,6521.284630947054,17,-0.3016101694893626,-30.161016948936258,32488.445710979784,152,0.2940038684719536,2.0580270793036752,0.22275985120713718,0.0,0.5592105263157895,85,-0.04726081149102945,-1020.5087469753876,-1.0000000000000002,4.0,0.01,515,True,False,False,0.0,-0.15896171529541034,17.710335955836563,16,-810.0389079962528,-0.9032584025115782,-128.5144546083352,-0.1399195970450842,-0.004470627604815002,250.89091119524775,0.28503190290533514,0.046396347735839116,3097.8104587980647,3.226276990325957,0.0,-0.14137016206491604,-14.137016206491603,-0.5292821613667114,-3.961981458502575e-05,-128.51445460833529,-0.1399195970450842,0.20469014425014104,43742.101031797654,24336.41838593903,54,4,15,-0.26709791559925294,10852,26.709791559925293,30.803765679952708,44.11017937995473,0.05099484147963055,0.001987999999999962,False,0.30972698807253884,0.5563614415377085,5,0.7265381537074367,-1.5585887947331405,-0.5445611454619335,8195.36625554444,17,-0.194056826458586,-19.405682645858597,16368.332510372753,151,0.29206963249516443,2.044487427466151,0.18338125725029725,0.0,0.6423841059602649,97,-0.049135796342154925,-1051.4962443417332,-1.0000000000000002,0.2,0.003,100,1.0,0,10.736478457293648,-0.17803707424474796,0.5996796914670841,0.6077215724695961,1,110,-66.32482297510855,307,11
True,False,5.0,6.0,30,2.5,1.0,-147.1079979719107,40,80,200,True,trend_state_tp,8,4,0.0025,73.14284716622151,33.06726645783306,12,0.005,0.0,-0.17190547353282246,17.161493274586928,4,-267.6794387263864,-0.3129608716659171,-137.3249282647227,-0.160220633496499,-0.009359459109330288,106.62422702781949,0.12562181222055477,0.0,725.2381610391164,0.9736911954729698,0.0,-0.20402696845427937,-20.402696845427936,-0.7332113061612657,-3.3228946497191686e-05,-137.32492826472267,-0.160220633496499,0.07422032395841728,35066.00647315663,7463.695891947365,131,10,6,-0.27826489681735045,12160,27.826489681735044,32.516767673425626,-149.03477277755462,-0.1833955187031366,-0.01160676544585831,False,0.39832804318155884,0.21284704597487875,0,0.9919436801734666,-5.169130920460935,-1.184244949308749,5925.135363217079,17,-0.27602310581209255,-27.602310581209256,29517.48694778837,201,0.38878143133462284,2.7214700193423598,0.18710645668204556,0.0,0.3482587064676617,70,-0.06956643688088548,-900.7014782839226,-1.0,1.0,0.04,444,True,False,False,0.0,-0.11357149014094282,10.84830591525669,4,-228.77278794121824,-0.25175192323390216,-82.73369888215217,-0.09003090498693264,-0.004388862729354744,131.81755541450053,0.14755923293145468,0.0006182973580273199,912.2044388436153,1.0811105185417207,0.0,-0.11996226958417999,-11.996226958418,-0.7078997324897757,-2.4303138529110357e-05,-82.73369888215213,-0.09003090498693264,0.07575147070674511,27223.961765004962,10677.221988574545,119,7,6,-0.16946223324913126,12160,16.946223324913127,18.488998742983977,-81.87785282165126,-0.08824891432866795,-0.004611983890981499,False,0.5761942082393569,0.3921994190536801,1,0.9764263965590811,-3.1045206357154562,-0.6459556591059805,7014.9197611608515,17,-0.16546739776430375,-16.546739776430375,14010.793798186305,200,0.38684719535783363,2.7079303675048356,0.12261376816542043,0.0,0.405,81,-0.04918935524020296,-938.6434155243203,-1.0,0.08,0.002,20,0.75,0,7.5613493552658,-0.11838945049398268,0.4789586937164943,0.40621713507797974,0,111,-66.52890769168049,512,11
True,False,5.0,1.7,20,2.2,1.0,-158.95063104796859,20,20,150,False,range_bb_reversion,36,6,0.018,73.54664308923644,43.099763903767624,18,0.005,0.0,-0.13535600087800248,13.693910786567011,12,-423.37187364549993,-0.48108120309761715,-203.13050378880808,-0.23162530939855977,-0.01034358697510996,75.28783169040614,0.08372459395685239,0.0015702466628308986,167.9899355998243,0.17234625951950086,0.0,-0.17912528017651563,-17.912528017651564,-0.7212762826465083,-2.608858001419689e-05,-203.13050378880808,-0.23162530939855977,0.12265291320815537,28365.915534248503,3990.255079591524,67,14,5,-0.24834489152931635,11982,24.834489152931635,28.404019168606855,-10.757022486774606,-0.014087639333625588,-0.0006371409295315609,False,0.1778290821308705,0.1406707664617333,3,0.9815245364843529,-3.629094079426584,-0.39716286290388075,4644.537735351683,17,-0.24375660454656914,-24.375660454656913,23124.117888040848,120,0.23210831721470018,1.6247582205029012,0.15920751463322547,0.0,0.44166666666666665,53,-0.04854852578777813,-1003.4378839941041,-1.0000000000000002,1.5,0.08,226,True,False,False,0.0,-0.08281027676688979,7.955014957720756,11,-739.0800447119382,-0.79473561971806,-124.71907964910541,-0.13459993851557173,-0.005156562902425985,86.67394058756824,0.0925435216831339,0.010334971597246945,213.28097613696198,0.2301081456905839,0.0,-0.1128456147832041,-11.28456147832041,-0.6656485044075465,-2.065086466177658e-05,-124.71907964910541,-0.13459993851557173,0.11298251269240067,23650.56143078202,8060.676474643848,32,3,18,-0.16952733167130174,11900,16.952733167130173,18.45381934879712,48.65721272125818,0.05020472508546843,0.001988000000000019,False,0.11727273819353361,0.34082389537495716,6,0.9196089387147045,-2.373662976295684,-0.32670764025907806,5903.345501379673,17,-0.1558988495613815,-15.58988495613815,11787.326326997329,125,0.24177949709864605,1.6924564796905224,0.10224712636599954,0.0,0.744,93,-0.04414198278470427,-1006.2780793238172,-1.0000000000000002,0.03,0.0,20,0.75,0,8.612537358718217,-0.14192402282886898,1.19478406585882,0.7129857813012893,1,112,-66.56498225522644,204,11
True,False,5.0,1.3,80,1.8,1.5,-131.4886675478658,12,30,300,True,trend_state_tp,96,8,0.018,67.28873999520758,32.72079118281015,18,0.005,0.0,-0.12112298720760045,13.19275573657334,8,-276.9605314839618,-0.3166017261672396,-167.50202961277415,-0.19142372804644106,-0.010881924912431654,75.73908565653163,0.08674960111088906,0.0,333.32533616173237,0.43203003903046344,0.0,-0.17845158630800262,-17.845158630800263,-0.7347377211325143,-2.5608810658192954e-05,-167.5020296127742,-0.19142372804644106,0.09992747199613183,27696.053148396168,3408.258854543922,100,7,4,-0.24287794293852216,12121,24.287794293852215,27.75644056673397,-190.46456449082413,-0.20195080025571135,-0.011898031204628944,False,0.273465266876546,0.1230593700944457,0,1.0,-5.327651099917425,-1.047483125194579,4778.524310966125,17,-0.24287794293852216,-24.287794293852215,23795.182352725187,145,0.2804642166344294,1.9632495164410058,0.1392244799226961,0.0,0.3103448275862069,45,-0.039116626993708103,-520.8567648459939,-0.5290206866614429,2.5,0.08,704,True,False,True,0.0,-0.07989726427243535,8.44700955095958,8,-279.9099025505866,-0.3061956002144322,-117.77679607110753,-0.12878355587102455,-0.006533206815885575,93.25359648948422,0.10213370819499809,0.0,467.3299786831915,0.5573828985477406,0.0,-0.12392115773447077,-12.392115773447077,-0.7256341677989389,-2.0338630390914054e-05,-117.77679607110755,-0.12878355587102455,0.09992747199613183,22952.61200914809,5874.976578837507,82,7,6,-0.17077635430310562,12121,17.07763543031056,18.673615601298557,-99.88048360623714,-0.10266343849916991,-0.005939484165268324,False,0.33315576062061975,0.25596113315974456,0,1.0,-4.017258949692437,-0.7701626973761588,5641.463367432362,17,-0.17077635430310562,-17.07763543031056,11260.053686265479,145,0.2804642166344294,1.9632495164410058,0.09303487051149739,0.0,0.43448275862068964,63,-0.02934832934183107,-527.637244151467,-0.5340362488809702,0.04,0.0005,10,0.5,0,5.834831710041155,-0.12450290103788332,0.3348811629390797,0.4249753358172452,0,113,-67.70510687651637,257,11
True,False,3.0,8.0,20,1.8,2.0,-294.9508317340118,20,80,200,True,trend_state_tp,36,6,0.0025,68.66460243982036,24.74036542873746,24,0.0,0.0,-0.26992351908651646,32.79579735108027,10,-430.18711214943943,-0.5859737294383522,-205.47013904369155,-0.2792967323919518,-0.009650370595197615,258.5558184084372,0.35397135241814776,0.0,1520.7847045266167,1.835718992059125,0.0,-0.3741769485674976,-37.41769485674976,-0.7695596379238839,-7.5557394356255e-05,-205.47013904369155,-0.2792967323919518,0.1992102506245467,68399.75083176084,19908.798017449666,159,15,4,-0.4862221589179901,12092,48.62221589179901,66.18519181797579,-308.0944026222235,-0.4347329291558485,-0.01502617734490403,False,0.6010310655671606,0.2910653587966754,0,0.997300347689215,-4.99197495589086,-1.853429621197551,10030.946421824165,17,-0.4849095281431123,-48.49095281431123,49962.71964498916,236,0.4564796905222437,3.195357833655706,0.3073620265461234,0.0,0.326271186440678,77,-0.06294898293737405,-997.5261221353555,-1.0000000000000002,4.0,0.01,734,True,False,True,0.0,-0.17201041200033942,19.307885475990123,10,-450.3622987905162,-0.5346618439523845,-127.12749627877103,-0.1490625574036932,-0.003970901477650301,352.6210000807665,0.423247962631733,0.024853703941790872,2009.2905034304076,2.1992577385978116,0.0,-0.22275890636647477,-22.27589063664748,-0.6883446400538616,-6.12257938741868e-05,-127.12749627877105,-0.1490625574036932,0.2050124909339995,63501.08412946281,33498.99500767283,141,8,4,-0.32361537143522223,10925,32.36153714352222,38.77002236942728,-230.60233533529055,-0.2739563681778868,-0.008564686715457643,False,0.7829718451738928,0.5275342219256723,3,0.9270909780561982,-2.4744300228082903,-0.8684042404126313,13887.100708772095,17,-0.30002089121790004,-30.002089121790004,27742.017948836303,236,0.4564796905222437,3.195357833655706,0.19765854560594703,0.0,0.4025423728813559,95,-0.05291768354700266,-1002.9396952286716,-1.0000000000000002,0.2,0.001,30,0.0,0,15.433387613045046,-0.13133351180810174,0.6552854844028553,0.3821898641939352,2,114,-68.20558126766015,470,11
True,False,1.0,12.0,14,2.0,1.25,-234.930859895275,10,8,400,True,trend_bb_reversion,18,6,0.008,69.84663769906628,37.40918288003124,3,0.0005,0.0,-0.1724678746869826,18.329732040262982,6,-555.230714054193,-0.6596550491504765,-314.12543232473735,-0.37383000575160064,-0.007376913148600106,362.8240125310414,0.4286787699452429,0.005882081949627693,2173.1505889005466,2.3050183272353504,0.0,-0.2313790607469267,-23.137906074692673,-0.7402928545576785,-3.8890985776114304e-05,-314.12543232473746,-0.37383000575160064,0.047949069223950355,40531.842125956086,9433.424325807076,73,15,3,-0.3125507146562621,12364,31.255071465626212,37.25258459957722,-418.2209351279089,-0.5281685870897891,-0.010246377464893878,False,0.6534653133321227,0.23274107050185192,1,0.9949878961035321,-3.737886947240587,-0.8411995764087447,8449.745235960976,17,-0.31098417800148964,-31.098417800148965,42135.96999941942,99,0.19148936170212766,1.3404255319148937,0.19028354546221624,0.0,0.26262626262626265,26,-0.0618593230619513,-965.9911005390743,-1.0,1.5,0.015,520,True,False,True,0.0,-0.06900689563488037,6.812669554929134,6,-609.0232298524187,-0.6417192925822182,-133.6624591074583,-0.13983806950602545,-0.001908065275430842,597.6618035770962,0.6322868890727324,0.04075818332963155,3923.173657502962,4.097945230850198,0.0,-0.09541321892658294,-9.541321892658294,-0.5928982782749986,-3.1128755400544164e-05,-133.6624591074583,-0.13983806950602545,0.047949069223950355,36541.393791145114,23308.810339506745,60,11,6,-0.16092679372283197,10730,16.092679372283197,17.368194571010164,-203.94430349436414,-0.23143145497074097,-0.003350668828089632,False,0.9813448392139728,0.6378741454890823,3,0.8222734788607775,-1.151620002327138,-0.2488112737051056,13740.464681478767,17,-0.13232583451638377,-13.232583451638376,27482.0570851705,99,0.19148936170212766,1.3404255319148937,0.08090519976274277,0.0,0.3939393939393939,39,-0.049718931257663024,-1013.6994815651036,-1.0000000000000002,0.04,0.001,50,0.25,0,8.522654585928366,-0.18288319203739398,0.7675417623378059,0.3169290704787662,2,115,-68.48264681323857,176,11
True,False,5.0,2.2,14,1.8,1.0,-214.95530739399274,12,14,200,True,trend_bb_reversion,14,8,0.0,66.6179125554248,43.47132941354941,6,0.0,0.0,-0.22244893515574155,26.440483394129824,8,-287.1348103759626,-0.3648692416399432,-168.6325079345766,-0.21355891282195547,-0.01095540418381636,81.01234254194337,0.10520151322127208,0.0,255.06091525850692,0.271223336974496,0.0,-0.2971367917377964,-29.71367917377964,-0.7562392424870762,-4.6743971603917136e-05,-168.63250793457655,-0.21355891282195547,0.15198646143927794,45367.300039402144,6075.925690645753,158,10,3,-0.3929137434875635,12362,39.29137434875635,49.759226687515635,-140.85778894134506,-0.19830793475934513,-0.010038013506526526,False,0.28214044279712763,0.13392742537838323,0,1.0,-6.392452339878672,-1.4096300990718678,7157.368921903028,17,-0.3929137434875635,-39.29137434875635,35626.261888792076,233,0.4506769825918762,3.1547388781431334,0.2489248076157251,0.0,0.3218884120171674,75,-0.04715474338117498,-721.055916514228,-0.7637146645582285,4.0,0.08,46,True,False,True,0.0,-0.1515629376555675,16.829100878735847,8,-301.31912246768707,-0.35158601024863495,-115.16006642054082,-0.133358339329017,-0.0059218528345612075,100.57566208269415,0.11954101762455899,0.0,321.8042782096983,0.3501310630581027,0.0,-0.19627266935615406,-19.627266935615406,-0.7378123873298463,-3.544156188182324e-05,-115.16006642054079,-0.133358339329017,0.1504553146909501,37363.5711859932,10761.595842848274,124,6,5,-0.26601975343144846,12362,26.601975343144847,30.805776385002925,-52.11261477468753,-0.062485989587390975,-0.0029707081817460395,False,0.3337845313600358,0.28802374883486953,0,1.0,-4.376389522522213,-0.849552663207786,8798.64568943845,17,-0.26601975343144846,-26.601975343144847,17561.68375298589,231,0.44680851063829785,3.127659574468085,0.17005832732722326,0.0,0.46320346320346323,107,-0.03550281590339954,-721.6364665511644,-0.7822296333488469,0.2,0.0,100,0.0,0,11.299449233681992,-0.1068537350722074,0.42875257110830894,0.4778387034050153,0,116,-68.50364117932457,464,11
True,True,3.0,3.0,30,1.8,1.25,-204.71024086956265,55,50,400,False,channel_reclaim,8,4,0.0,76.17734758582114,24.41525201036951,18,0.001,0.0,-0.1843209074410873,22.25927386738226,6,-404.7943510710675,-0.49370915805484167,-242.00529356014576,-0.2957391665131935,-0.01121973985908491,136.57390995362562,0.1646561626534305,0.0026935078061327555,713.9527918786391,0.7473521110133727,0.0,-0.25923965871288934,-25.923965871288935,-0.749101277734418,-3.9927954553565855e-05,-242.00529356014587,-0.2957391665131935,0.07849141751954226,40479.435107106736,5872.678128005901,100,9,4,-0.3460675697910085,12339,34.60675697910085,42.29070081138668,-214.9427685217186,-0.2817650836785084,-0.010410904357900343,False,0.33739084943319303,0.14507806525627304,2,1.0,-4.883458162567907,-0.8153617704321167,5917.763598464785,17,-0.3460675697910085,-34.60675697910085,29635.660437234852,143,0.2765957446808511,1.9361702127659575,0.21275281922493308,0.0,0.3006993006993007,43,-0.03700207717432835,-996.4978903940147,-1.0000000000000002,1.5,0.025,114,True,False,False,0.0,-0.129980160948702,14.91005853789042,6,-423.02961873219016,-0.4838553440848923,-166.49147690340973,-0.18891043224218027,-0.00580765889106222,188.3862859597366,0.21909669580690447,0.005155078492504961,831.0415160381064,0.8655273617707216,0.0,-0.17477906217110928,-17.477906217110927,-0.7331173968508737,-3.2523480368518055e-05,-166.4914769034097,-0.18891043224218027,0.07889435087436537,35111.45835477179,11303.177157584192,83,9,5,-0.23840528532248398,12339,23.8405285322484,27.05653366836698,-88.17334063517895,-0.09405910864152446,-0.0030912405553241372,False,0.4453264679771735,0.32192274793530595,4,0.9986473733156911,-3.1742411491016105,-0.4809899914502267,7588.9822978802285,17,-0.2380828119718765,-23.80828119718765,15191.125480943118,143,0.2765957446808511,1.9361702127659575,0.1498791256512196,0.0,0.4195804195804196,60,-0.03030520738423259,-997.2538844685243,-1.0000000000000002,1.0,0.0,100,0.25,0,7.072921282329786,-0.1462385673890751,0.4979308904005778,0.4507257402862464,1,117,-69.22245610304478,260,11
True,True,3.0,4.0,55,1.5,0.5,-232.4221846230318,16,80,130,True,range_bb_reversion,8,4,0.018,73.11745794214063,36.095366605737574,18,0.0025,0.0,-0.25844483680119923,28.27606692717692,4,-426.67971936122507,-0.5598277274881447,-208.99307815297533,-0.275222893069408,-0.009478681523444651,125.31140655969399,0.16184881693079461,0.0,540.0736677448306,0.6476358435403624,0.0,-0.3404277984105625,-34.042779841056245,-0.7647394778919981,-5.8599299615360726e-05,-208.99307815297536,-0.275222893069408,0.07808848416471915,55041.68379759808,10526.158151014295,129,8,5,-0.4451552564658367,12386,44.51552564658367,58.62247622378391,-161.0648258622765,-0.22539193360829424,-0.008091801963053131,False,0.2936896244970245,0.1912397554864344,0,1.0,-5.4563202108340665,-1.1297409665080984,9773.661100279178,17,-0.4451552564658367,-44.51552564658367,48836.295969153834,213,0.4119922630560928,2.8839458413926495,0.2916507212152035,0.0,0.39436619718309857,84,-0.05564574494958163,-987.1473917336284,-1.0000000000000002,4.0,0.04,400,True,True,True,0.0,-0.17386132913689162,17.571302581145112,4,-490.78552777368594,-0.5833951625090844,-143.90466199181463,-0.17158459132566445,-0.00483121254776111,109.37343048383741,0.1291024923955628,0.0041786273035135935,546.5872577873474,0.7624823405440808,0.0,-0.23353024399917788,-23.35302439991779,-0.7444092752417627,-4.370001217296508e-05,-143.90466199181466,-0.17158459132566445,0.07881376420340076,45152.268555179115,13781.052240963525,92,4,7,-0.3137121631421559,12386,31.371216314215587,37.405440908994855,46.486396758501996,0.06003898771321972,0.0019879999999999716,False,0.222853821668255,0.3052128427195668,1,1.0,-3.7805714335012044,-0.6430283531037255,13512.00560308862,17,-0.3137121631421559,-31.371216314215587,27009.051451315645,218,0.42166344294003866,2.9516441005802707,0.1980345940540786,0.0,0.5779816513761468,126,-0.04245247128494911,-1000.0,-1.0000000000000002,0.03,0.001,30,0.0,0,15.01675230301235,-0.12772973204070096,0.423910599902589,0.5616670675431791,0,118,-70.1065676772788,349,11
True,False,4.0,6.0,40,2.2,0.75,-297.99507136542576,30,14,150,True,trend_state_tp,48,4,0.008,62.26425789152303,23.18455118746886,12,0.0005,0.0,-0.3518983836200449,43.75678984851146,4,-282.7715798890003,-0.41478896855593383,-144.11130901306066,-0.209686241777675,-0.009310081782537845,110.77889480300473,0.16734082950588902,0.0,721.3509415021281,0.9778257887672457,0.0,-0.4367556637802311,-43.67556637802311,-0.7828321305616541,-8.449905650177939e-05,-144.11130901306075,-0.209686241777675,0.13183979369812232,70692.89497225011,15065.92969320864,250,9,7,-0.5579173959899608,12347,55.79173959899608,81.31116172507008,-151.2298325324353,-0.2557344283842887,-0.011751720914429657,False,0.3917610632811476,0.21311801842494413,0,0.9970466179915011,-7.1617737973445115,-2.302663161434776,11957.644445116171,17,-0.5562696527904155,-55.62696527904155,59570.27314521844,386,0.746615087040619,5.226305609284333,0.3873206653178373,0.0,0.35233160621761656,136,-0.08280949207704724,-1002.7985796908233,-1.0000000000000002,1.0,0.025,247,True,False,False,0.0,-0.23712079362277272,26.321395949865053,4,-281.68141756179426,-0.3572053323387996,-93.8629539971226,-0.11551877464117477,-0.004434146680082573,125.97002040243623,0.16736435539127237,0.010506546786334559,935.3496511601342,1.2092838742776226,0.0,-0.2692625930893672,-26.926259308936718,-0.7379594741067314,-6.015720933763296e-05,-93.8629539971226,-0.11551877464117477,0.13256507373680393,58026.37201772958,22170.723590828762,206,7,7,-0.3648744985831344,12347,36.48744985831344,45.13794145641271,-55.55734957250452,-0.06836466880442708,-0.003302880433797996,False,0.4472074213940697,0.3820801270162925,3,0.9826844179610816,-4.161532349743899,-1.114470472620383,16005.072472416934,17,-0.35855648426900893,-35.85564842690089,31970.492272590145,382,0.7388781431334622,5.172147001934236,0.26182120973091955,0.0,0.4607329842931937,176,-0.06159434091554117,-1001.3548598103387,-1.0000000000000002,0.08,0.002,20,1.0,0,12.875714594390137,-0.10585547756999375,0.4983760750112643,0.4807572130077484,1,119,-70.18995353740338,789,11
True,False,2.5,2.2,14,2.0,1.25,-199.25166324078708,8,50,100,True,trend_state_tp,8,1,0.012,61.64237625024372,37.145648419360754,6,0.005,0.0,-0.1207907366098412,13.919935340793668,3,-455.4567881078015,-0.5186048684877089,-295.20338418114414,-0.334281808555461,-0.012734097539498158,169.53148720616244,0.200255065248058,0.0,326.18020260963914,0.4197180057133887,0.0,-0.1688011651838771,-16.880116518387712,-0.733093730737669,-2.4280822063518767e-05,-295.2033841811441,-0.334281808555461,0.021516641147554194,26416.49371025249,3390.6297441232487,58,15,2,-0.23025863966129195,12186,23.025863966129194,26.073981067325956,-378.4666116032439,-0.4040196039284827,-0.01604510407380997,False,0.37222298938716497,0.12835275496109136,0,1.0,-4.166808330550424,-0.7874592758705435,3488.8734998072714,17,-0.23025863966129195,-23.025863966129194,17346.62778763762,78,0.15087040618955513,1.056092843326886,0.13961180874526496,0.0,0.2564102564102564,20,-0.03899997431633484,-874.0616337931564,-1.0000000000000002,2.0,0.01,249,True,False,True,0.0,-0.08466654948455635,9.420018590879465,3,-408.85224306456763,-0.44721742812747195,-203.51404156597076,-0.2204972062131961,-0.006945088311653953,258.4969118058721,0.2896232930939245,0.006247696044510809,532.8381017016509,0.6184724618211629,0.0,-0.11495695902228598,-11.495695902228597,-0.7011099020204323,-1.950075994741886e-05,-203.51404156597079,-0.2204972062131961,0.02175840116044806,22078.021125486644,6203.925883340932,54,8,2,-0.16396424967185216,12186,16.396424967185215,17.83322292790496,-268.6138151149239,-0.2824403500401412,-0.00967185721395003,False,0.6322501984293852,0.28100008819083805,1,0.968143682169446,-2.888382192738578,-0.4380292654202591,4299.421517409805,17,-0.15874095242145733,-15.874095242145733,8575.681691402007,78,0.15087040618955513,1.056092843326886,0.09978786780881178,0.0,0.3076923076923077,24,-0.029827781727789326,-916.1021100154128,-1.0000000000000002,0.08,0.0005,150,0.25,0,8.285431688302184,-0.11976794732153641,0.525364306458628,0.38750361547012263,1,120,-70.40190563898398,252,11
True,False,5.0,8.0,55,1.5,1.0,,12,20,300,True,trend_state_tp,12,2,0.008,58.619590397215894,28.33644601482681,48,0.005,,,,,,,,,,,,,,,,,,,,,,,,,,,,,,,,,,,,,,,,,,,,,,,,,,,,,,,,,2.5,0.04,311,True,False,True,,,,,,,,,,,,,,,,,,,,,,,,,,,,,,,,,,,,,,,,,,,,,,,,,,,,,,,,,0.12,0.0005,50,0.75,0,9.163614297669048,-0.07984318360470956,0.46694359826515064,0.369198705940077,0,121,-70.82712753441936,793,11
True,False,2.5,8.0,20,2.5,0.5,,16,30,300,True,trend_state_tp,8,2,0.012,60.47174242333907,33.77582486689939,12,0.0,,,,,,,,,,,,,,,,,,,,,,,,,,,,,,,,,,,,,,,,,,,,,,,,,,,,,,,,,1.5,0.015,100,True,False,False,,,,,,,,,,,,,,,,,,,,,,,,,,,,,,,,,,,,,,,,,,,,,,,,,,,,,,,,,1.0,0.001,100,0.0,0,15.491688209483485,-0.1441771742228459,0.5047836669672837,0.529890337207055,2,122,-71.5750642739678,665,11
True,False,2.0,4.0,55,2.2,1.0,,12,14,80,False,range_bb_reversion,72,6,0.0025,77.87053906075015,40.27225538409837,6,0.001,,,,,,,,,,,,,,,,,,,,,,,,,,,,,,,,,,,,,,,,,,,,,,,,,,,,,,,,,1.0,0.08,583,True,False,False,,,,,,,,,,,,,,,,,,,,,,,,,,,,,,,,,,,,,,,,,,,,,,,,,,,,,,,,,0.04,0.003,30,0.5,0,10.607347857513233,-0.22057752901466623,0.521797650755345,0.6077854747133743,2,123,-72.37034062859512,176,11
True,False,2.0,1.3,80,2.2,1.25,,16,50,100,True,trend_state_tp,48,4,0.0025,71.81374262079864,23.434858791787637,6,0.0005,,,,,,,,,,,,,,,,,,,,,,,,,,,,,,,,,,,,,,,,,,,,,,,,,,,,,,,,,1.5,0.04,639,True,True,True,,,,,,,,,,,,,,,,,,,,,,,,,,,,,,,,,,,,,,,,,,,,,,,,,,,,,,,,,0.03,0.001,100,1.5,0,8.165035924043968,-0.22399216839142316,0.5235767065603055,0.33016749563452286,2,124,-72.7275301547267,182,11
True,False,5.0,4.0,40,1.5,1.0,,16,50,400,True,trend_bb_reversion,36,3,0.0,59.52148140817998,29.466513280950412,6,0.0005,,,,,,,,,,,,,,,,,,,,,,,,,,,,,,,,,,,,,,,,,,,,,,,,,,,,,,,,,1.0,0.01,143,True,True,True,,,,,,,,,,,,,,,,,,,,,,,,,,,,,,,,,,,,,,,,,,,,,,,,,,,,,,,,,0.12,0.0005,30,0.75,0,2.319670238638916,-0.11724038356479274,0.2723505566234467,0.24642496392496394,0,125,-72.91229351709873,156,11
True,False,2.0,1.3,30,1.5,0.5,,12,10,100,False,range_bb_reversion,96,4,0.0,75.79025711125902,33.17235021974956,24,0.01,,,,,,,,,,,,,,,,,,,,,,,,,,,,,,,,,,,,,,,,,,,,,,,,,,,,,,,,,1.5,0.006,276,True,False,False,,,,,,,,,,,,,,,,,,,,,,,,,,,,,,,,,,,,,,,,,,,,,,,,,,,,,,,,,0.12,0.003,75,1.0,0,5.340053832370252,-0.2251675522878448,0.41932582450560624,0.6476581897634529,1,126,-73.24500892000742,137,11
True,True,5.0,3.0,20,2.2,0.75,,8,8,400,True,channel_reclaim,72,8,0.012,76.75178913657767,29.594567348946214,18,0.0,,,,,,,,,,,,,,,,,,,,,,,,,,,,,,,,,,,,,,,,,,,,,,,,,,,,,,,,,2.0,0.015,81,False,False,True,,,,,,,,,,,,,,,,,,,,,,,,,,,,,,,,,,,,,,,,,,,,,,,,,,,,,,,,,0.08,0.002,150,0.25,0,21.652317662047306,-0.05983129188739939,0.665144239022505,0.36267283591848015,0,127,-73.4362079910305,1111,11
True,False,4.0,1.7,14,1.8,0.5,,8,50,100,True,trend_state_tp,36,3,0.005,61.12194595571252,41.210325893482846,18,0.005,,,,,,,,,,,,,,,,,,,,,,,,,,,,,,,,,,,,,,,,,,,,,,,,,,,,,,,,,2.5,0.015,597,True,False,True,,,,,,,,,,,,,,,,,,,,,,,,,,,,,,,,,,,,,,,,,,,,,,,,,,,,,,,,,0.08,0.0005,30,1.0,0,9.959020519928426,-0.11078256561943679,0.35465762109169463,0.5047496740499153,0,128,-73.89215545311444,699,11
True,False,4.0,6.0,20,1.5,2.0,,20,50,400,True,range_bb_reversion,12,8,0.012,75.71089686279342,29.878442660666764,24,0.005,,,,,,,,,,,,,,,,,,,,,,,,,,,,,,,,,,,,,,,,,,,,,,,,,,,,,,,,,2.0,0.04,2,True,False,True,,,,,,,,,,,,,,,,,,,,,,,,,,,,,,,,,,,,,,,,,,,,,,,,,,,,,,,,,0.05,0.002,75,0.5,0,7.0385108988921985,-0.13304518080210365,0.42443835338891206,0.31340700063610283,1,129,-74.06259657451398,183,11
True,False,4.0,6.0,14,2.0,1.0,,20,10,150,True,trend_state_tp,24,4,0.005,66.37477025981056,28.410797052517353,6,0.0025,,,,,,,,,,,,,,,,,,,,,,,,,,,,,,,,,,,,,,,,,,,,,,,,,,,,,,,,,4.0,0.04,40,True,False,True,,,,,,,,,,,,,,,,,,,,,,,,,,,,,,,,,,,,,,,,,,,,,,,,,,,,,,,,,1.0,0.001,20,1.25,0,7.690805597168087,-0.12313139806062832,0.46057804818894205,0.3929577600859933,0,130,-74.82559365848024,384,11
True,False,2.0,12.0,55,2.5,1.0,,16,20,100,True,channel_reclaim,120,6,0.0,67.15755227834697,35.77433607918212,48,0.01,,,,,,,,,,,,,,,,,,,,,,,,,,,,,,,,,,,,,,,,,,,,,,,,,,,,,,,,,1.5,0.01,272,True,False,True,,,,,,,,,,,,,,,,,,,,,,,,,,,,,,,,,,,,,,,,,,,,,,,,,,,,,,,,,0.05,0.003,20,0.5,0,6.277426788327273,-0.13620753090348955,0.5196489427511247,0.4309852667268936,0,131,-74.8843127694663,232,11
True,False,2.5,3.0,30,2.5,0.75,,16,10,150,False,range_bb_reversion,18,1,0.0,70.07207044367608,24.017696144884326,6,0.005,,,,,,,,,,,,,,,,,,,,,,,,,,,,,,,,,,,,,,,,,,,,,,,,,,,,,,,,,2.0,0.08,372,False,False,False,,,,,,,,,,,,,,,,,,,,,,,,,,,,,,,,,,,,,,,,,,,,,,,,,,,,,,,,,0.12,0.0005,10,1.0,0,5.288562285104341,-0.17090728096104665,0.6224704276649594,0.46538987328461007,0,132,-75.06460504753463,138,11
True,False,5.0,1.7,14,1.5,1.25,,12,20,100,False,channel_reclaim,48,4,0.012,76.91241444124665,29.233167138662846,18,0.0,,,,,,,,,,,,,,,,,,,,,,,,,,,,,,,,,,,,,,,,,,,,,,,,,,,,,,,,,3.0,0.006,417,True,False,False,,,,,,,,,,,,,,,,,,,,,,,,,,,,,,,,,,,,,,,,,,,,,,,,,,,,,,,,,0.05,0.001,50,0.0,0,10.48869185437865,-0.16451134760100292,0.3918739035863593,0.6515252593890365,0,133,-76.35514718712238,309,11
True,False,4.0,8.0,80,2.2,1.25,,55,10,150,True,trend_state_tp,120,3,0.012,58.14820357456704,33.98320645072041,36,0.001,,,,,,,,,,,,,,,,,,,,,,,,,,,,,,,,,,,,,,,,,,,,,,,,,,,,,,,,,1.0,0.01,539,True,False,True,,,,,,,,,,,,,,,,,,,,,,,,,,,,,,,,,,,,,,,,,,,,,,,,,,,,,,,,,0.2,0.003,30,0.75,0,11.009459615756645,-0.07453700144422225,0.5471476496578082,0.30621264140413385,0,134,-76.98145586207455,911,11
True,True,2.0,1.7,55,2.5,1.25,,12,10,300,True,trend_bb_reversion,12,6,0.018,64.68690508798349,33.368518794080586,24,0.0,,,,,,,,,,,,,,,,,,,,,,,,,,,,,,,,,,,,,,,,,,,,,,,,,,,,,,,,,3.0,0.025,202,True,False,True,,,,,,,,,,,,,,,,,,,,,,,,,,,,,,,,,,,,,,,,,,,,,,,,,,,,,,,,,0.04,0.003,100,0.25,0,7.28912606339377,-0.1471985410417692,0.6280627512988696,0.45396306479897813,2,135,-77.09524181959898,135,11
True,False,1.5,3.0,30,2.2,1.25,,12,10,400,True,trend_bb_reversion,12,1,0.018,74.28416093275882,27.19496509121745,24,0.005,,,,,,,,,,,,,,,,,,,,,,,,,,,,,,,,,,,,,,,,,,,,,,,,,,,,,,,,,2.5,0.04,30,False,False,True,,,,,,,,,,,,,,,,,,,,,,,,,,,,,,,,,,,,,,,,,,,,,,,,,,,,,,,,,0.2,0.002,50,0.25,0,5.859243622706084,-0.14893348930986597,1.368128195508659,0.44135797971702595,2,136,-77.14105610140523,154,11
True,True,2.0,4.0,40,2.2,2.0,,20,20,100,True,trend_reclaim,12,6,0.0,64.93852125108786,43.054266870917274,36,0.0,,,,,,,,,,,,,,,,,,,,,,,,,,,,,,,,,,,,,,,,,,,,,,,,,,,,,,,,,1.5,0.04,183,True,False,True,,,,,,,,,,,,,,,,,,,,,,,,,,,,,,,,,,,,,,,,,,,,,,,,,,,,,,,,,0.08,0.003,30,1.0,0,13.484237493705397,-0.11912541132400362,0.6427530062342239,0.3091837825052487,1,137,-77.21773696428295,319,11
True,True,3.0,3.0,40,1.8,1.0,,8,8,80,True,range_bb_reversion,72,6,0.005,74.47567556161768,41.24008438267247,6,0.0005,,,,,,,,,,,,,,,,,,,,,,,,,,,,,,,,,,,,,,,,,,,,,,,,,,,,,,,,,4.0,0.01,345,True,True,True,,,,,,,,,,,,,,,,,,,,,,,,,,,,,,,,,,,,,,,,,,,,,,,,,,,,,,,,,0.12,0.0,10,0.25,0,10.622826036092263,-0.17041262228079523,0.4066315564213852,0.4390365371878808,1,138,-77.24244651654317,282,11
True,False,5.0,2.2,30,1.8,0.75,,10,20,300,True,trend_bb_reversion,48,4,0.018,69.73633899362628,38.498307008935846,12,0.0025,,,,,,,,,,,,,,,,,,,,,,,,,,,,,,,,,,,,,,,,,,,,,,,,,,,,,,,,,4.0,0.04,245,False,False,True,,,,,,,,,,,,,,,,,,,,,,,,,,,,,,,,,,,,,,,,,,,,,,,,,,,,,,,,,1.0,0.0005,100,0.25,0,4.038705084312458,-0.13454846521925543,0.3099121652851524,0.3244178081429822,0,139,-77.9844458426422,215,11
True,True,2.5,3.0,80,2.2,0.75,,30,50,300,False,range_bb_reversion,36,6,0.008,72.01840891468403,29.146575593081668,24,0.01,,,,,,,,,,,,,,,,,,,,,,,,,,,,,,,,,,,,,,,,,,,,,,,,,,,,,,,,,2.5,0.08,292,False,False,False,,,,,,,,,,,,,,,,,,,,,,,,,,,,,,,,,,,,,,,,,,,,,,,,,,,,,,,,,0.04,0.003,50,1.5,0,9.866817606663846,-0.17386599033912484,0.7170059857889178,0.46357252175433994,2,140,-78.32978916168571,170,11
True,True,4.0,1.3,30,1.5,2.0,,55,10,80,False,trend_bb_reversion,120,6,0.0025,58.512736844281676,44.36937412503544,36,0.0,,,,,,,,,,,,,,,,,,,,,,,,,,,,,,,,,,,,,,,,,,,,,,,,,,,,,,,,,3.0,0.08,422,True,False,False,,,,,,,,,,,,,,,,,,,,,,,,,,,,,,,,,,,,,,,,,,,,,,,,,,,,,,,,,0.08,0.001,30,1.5,0,6.547913676409942,-0.2223253153899879,0.40843918545271723,0.5795690885403805,1,141,-79.45167346413498,152,11
True,False,5.0,1.7,14,2.2,1.0,,12,80,100,False,channel_reclaim,18,3,0.0,76.26582110428795,34.849555807932276,12,0.0,,,,,,,,,,,,,,,,,,,,,,,,,,,,,,,,,,,,,,,,,,,,,,,,,,,,,,,,,2.5,0.025,592,True,False,False,,,,,,,,,,,,,,,,,,,,,,,,,,,,,,,,,,,,,,,,,,,,,,,,,,,,,,,,,0.2,0.003,30,0.0,0,13.381380581651893,-0.15303089057516941,0.3276458072964799,0.5654647120556212,0,142,-81.36587125122739,382,11
True,False,4.0,1.3,14,2.0,2.0,,10,14,200,True,range_bb_reversion,8,1,0.012,70.49668210080661,23.21237591381312,36,0.005,,,,,,,,,,,,,,,,,,,,,,,,,,,,,,,,,,,,,,,,,,,,,,,,,,,,,,,,,4.0,0.08,339,True,False,True,,,,,,,,,,,,,,,,,,,,,,,,,,,,,,,,,,,,,,,,,,,,,,,,,,,,,,,,,0.2,0.0,30,0.5,0,4.326850131024171,-0.13908057681838185,0.26294494260240414,0.33255556245986867,0,143,-81.71204854200502,168,11
True,False,4.0,6.0,30,2.5,1.0,,20,20,200,True,channel_reclaim,18,3,0.008,74.09111794492236,41.8306919851874,24,0.0025,,,,,,,,,,,,,,,,,,,,,,,,,,,,,,,,,,,,,,,,,,,,,,,,,,,,,,,,,3.0,0.01,53,True,False,True,,,,,,,,,,,,,,,,,,,,,,,,,,,,,,,,,,,,,,,,,,,,,,,,,,,,,,,,,0.05,0.0005,10,0.25,0,8.414589021286526,-0.1314179753993835,0.3480460168434599,0.3663847961307854,0,144,-81.83418894670038,278,11
True,False,1.5,8.0,30,2.5,0.75,,12,50,150,True,channel_reclaim,96,4,0.0,69.17100072139765,40.727454018565446,18,0.005,,,,,,,,,,,,,,,,,,,,,,,,,,,,,,,,,,,,,,,,,,,,,,,,,,,,,,,,,4.0,0.025,259,True,False,True,,,,,,,,,,,,,,,,,,,,,,,,,,,,,,,,,,,,,,,,,,,,,,,,,,,,,,,,,0.08,0.001,75,0.25,0,8.937412700992455,-0.1627277411161271,0.514949864603592,0.4761459098157361,0,145,-82.10222280150248,324,11
True,False,4.0,6.0,80,1.8,1.5,,10,14,300,True,trend_state_tp,18,4,0.008,68.77465418805873,28.862022310028404,24,0.005,,,,,,,,,,,,,,,,,,,,,,,,,,,,,,,,,,,,,,,,,,,,,,,,,,,,,,,,,2.5,0.04,343,True,False,False,,,,,,,,,,,,,,,,,,,,,,,,,,,,,,,,,,,,,,,,,,,,,,,,,,,,,,,,,0.2,0.0005,150,0.75,0,9.474203447404209,-0.12003057523590831,0.5056101268204146,0.3246636794542934,0,146,-82.57427494603131,549,11
True,True,4.0,8.0,20,2.0,2.0,,8,8,200,True,trend_bb_reversion,36,3,0.0,64.53788688280281,43.79064347165551,3,0.001,,,,,,,,,,,,,,,,,,,,,,,,,,,,,,,,,,,,,,,,,,,,,,,,,,,,,,,,,2.0,0.04,721,True,False,True,,,,,,,,,,,,,,,,,,,,,,,,,,,,,,,,,,,,,,,,,,,,,,,,,,,,,,,,,0.2,0.0,30,0.0,0,5.114502687729875,-0.13687973041388826,0.35562903860989925,0.2529162928895549,1,147,-82.88400861554135,289,11
True,False,2.5,6.0,55,1.5,0.75,,12,30,50,True,trend_reclaim,36,4,0.0,74.70733991117856,40.86454546858624,12,0.001,,,,,,,,,,,,,,,,,,,,,,,,,,,,,,,,,,,,,,,,,,,,,,,,,,,,,,,,,4.0,0.04,775,True,False,True,,,,,,,,,,,,,,,,,,,,,,,,,,,,,,,,,,,,,,,,,,,,,,,,,,,,,,,,,1.0,0.0,30,0.75,0,5.26853443065969,-0.21238362189262353,0.46511678390328104,0.42218161735636256,1,148,-83.18233928669999,161,11
True,True,5.0,8.0,30,2.2,1.0,,16,30,300,True,trend_state_tp,24,2,0.018,64.18050168376541,42.99877321288548,24,0.001,,,,,,,,,,,,,,,,,,,,,,,,,,,,,,,,,,,,,,,,,,,,,,,,,,,,,,,,,1.5,0.08,312,True,False,False,,,,,,,,,,,,,,,,,,,,,,,,,,,,,,,,,,,,,,,,,,,,,,,,,,,,,,,,,1.0,0.002,30,0.25,0,30.179067232691672,-0.09176656091139761,0.5201922138342978,0.42736101355098105,1,149,-83.32672959084238,1229,11
True,True,3.0,4.0,14,2.5,0.5,,20,20,300,False,trend_bb_reversion,8,3,0.012,63.52309853623277,28.961205989790717,36,0.0025,,,,,,,,,,,,,,,,,,,,,,,,,,,,,,,,,,,,,,,,,,,,,,,,,,,,,,,,,4.0,0.006,765,True,True,False,,,,,,,,,,,,,,,,,,,,,,,,,,,,,,,,,,,,,,,,,,,,,,,,,,,,,,,,,1.0,0.001,20,0.0,0,11.041347228024136,-0.15325861929345935,0.3188842348245612,0.6186727662308603,0,150,-83.38910222277268,482,11
True,False,4.0,12.0,40,1.8,1.25,,55,14,100,True,trend_state_tp,36,1,0.018,65.2229976917576,40.68629499769908,3,0.001,,,,,,,,,,,,,,,,,,,,,,,,,,,,,,,,,,,,,,,,,,,,,,,,,,,,,,,,,2.0,0.025,12,False,False,True,,,,,,,,,,,,,,,,,,,,,,,,,,,,,,,,,,,,,,,,,,,,,,,,,,,,,,,,,0.03,0.001,50,0.25,0,8.246616692538328,-0.14027194407083407,0.41948782050290717,0.21770006416347878,1,151,-84.38338414839133,295,11
True,True,4.0,8.0,14,2.0,1.25,,55,10,100,True,trend_bb_reversion,36,3,0.025,65.03635264228775,38.49298825776342,6,0.001,,,,,,,,,,,,,,,,,,,,,,,,,,,,,,,,,,,,,,,,,,,,,,,,,,,,,,,,,2.0,0.08,227,True,False,True,,,,,,,,,,,,,,,,,,,,,,,,,,,,,,,,,,,,,,,,,,,,,,,,,,,,,,,,,0.04,0.003,20,0.5,0,10.170123272298214,-0.1374833218111868,0.3591551714779577,0.3136656748982033,1,152,-85.57561824531264,342,11
True,False,4.0,8.0,30,2.0,1.25,,12,8,200,True,trend_state_tp,18,1,0.0025,58.23238335638696,43.400382714419564,36,0.0025,,,,,,,,,,,,,,,,,,,,,,,,,,,,,,,,,,,,,,,,,,,,,,,,,,,,,,,,,1.5,0.01,448,False,False,True,,,,,,,,,,,,,,,,,,,,,,,,,,,,,,,,,,,,,,,,,,,,,,,,,,,,,,,,,0.03,0.0,50,1.0,0,7.584257473202907,-0.14979702811757803,0.5351793791218482,0.22239019543832378,1,153,-85.58851428140575,231,11
True,False,3.0,6.0,30,2.0,0.75,,55,8,80,True,trend_state_tp,18,3,0.012,69.0452002627101,24.198329462430813,6,0.0025,,,,,,,,,,,,,,,,,,,,,,,,,,,,,,,,,,,,,,,,,,,,,,,,,,,,,,,,,4.0,0.08,709,True,False,True,,,,,,,,,,,,,,,,,,,,,,,,,,,,,,,,,,,,,,,,,,,,,,,,,,,,,,,,,0.04,0.002,30,0.25,0,11.540597146485998,-0.15090192258893081,0.46213419928467886,0.4279954751055737,1,154,-85.72497346559322,423,11
True,False,4.0,2.2,20,2.0,1.5,,55,20,300,True,channel_reclaim,96,1,0.008,60.121606023764365,43.33750643053603,24,0.0,,,,,,,,,,,,,,,,,,,,,,,,,,,,,,,,,,,,,,,,,,,,,,,,,,,,,,,,,1.5,0.01,659,True,False,True,,,,,,,,,,,,,,,,,,,,,,,,,,,,,,,,,,,,,,,,,,,,,,,,,,,,,,,,,0.12,0.001,75,0.75,0,3.25496931808074,-0.13200837050110079,0.1886492137164848,0.22853093702636035,0,155,-85.93920758969745,136,11
True,False,2.0,2.2,30,2.2,0.75,,30,8,300,True,range_bb_reversion,8,3,0.012,65.71472220112966,40.41526014638382,48,0.0005,,,,,,,,,,,,,,,,,,,,,,,,,,,,,,,,,,,,,,,,,,,,,,,,,,,,,,,,,3.0,0.04,310,True,False,True,,,,,,,,,,,,,,,,,,,,,,,,,,,,,,,,,,,,,,,,,,,,,,,,,,,,,,,,,0.03,0.0,20,1.5,0,10.180709150824498,-0.18353260881147593,1.2331506183237733,0.4368591934381408,2,156,-86.43069327367073,129,11
True,False,3.0,1.3,20,1.5,0.5,,8,10,80,True,trend_bb_reversion,48,3,0.012,66.00616620196637,40.054445927904524,3,0.0,,,,,,,,,,,,,,,,,,,,,,,,,,,,,,,,,,,,,,,,,,,,,,,,,,,,,,,,,1.5,0.08,433,True,True,True,,,,,,,,,,,,,,,,,,,,,,,,,,,,,,,,,,,,,,,,,,,,,,,,,,,,,,,,,0.08,0.0,20,1.0,0,7.236358266550455,-0.16335880725862514,0.2948959056069109,0.43576567546452155,0,157,-87.21510770879766,218,11
True,True,4.0,8.0,80,1.8,1.0,,10,14,300,True,range_bb_reversion,36,4,0.005,65.68185755168645,34.47535658149024,48,0.0005,,,,,,,,,,,,,,,,,,,,,,,,,,,,,,,,,,,,,,,,,,,,,,,,,,,,,,,,,2.5,0.015,533,True,False,True,,,,,,,,,,,,,,,,,,,,,,,,,,,,,,,,,,,,,,,,,,,,,,,,,,,,,,,,,0.12,0.001,75,0.25,0,7.507892698313627,-0.14975294521020469,0.2823706917576066,0.3913473311200584,0,158,-87.46878256652894,194,11
True,False,1.5,3.0,14,2.2,2.0,,20,50,100,False,channel_reclaim,48,4,0.008,63.22669449906289,43.830586365367985,12,0.0025,,,,,,,,,,,,,,,,,,,,,,,,,,,,,,,,,,,,,,,,,,,,,,,,,,,,,,,,,2.0,0.08,173,True,False,False,,,,,,,,,,,,,,,,,,,,,,,,,,,,,,,,,,,,,,,,,,,,,,,,,,,,,,,,,1.0,0.002,20,1.0,0,7.0,-0.23682992701887143,0.6493317331225196,0.4202431555372732,1,159,-87.78380837075701,132,11
True,True,1.5,1.3,55,1.5,1.5,,8,14,300,True,range_bb_reversion,36,4,0.012,65.55652857218227,29.20969970513284,36,0.01,,,,,,,,,,,,,,,,,,,,,,,,,,,,,,,,,,,,,,,,,,,,,,,,,,,,,,,,,4.0,0.006,163,True,True,True,,,,,,,,,,,,,,,,,,,,,,,,,,,,,,,,,,,,,,,,,,,,,,,,,,,,,,,,,0.12,0.0005,30,1.0,0,7.112180092364494,-0.22670510438470062,0.48506487769950424,0.36977885969980834,2,160,-87.84995350976037,120,11
True,False,5.0,2.2,40,2.2,2.0,,55,80,300,True,trend_state_tp,8,3,0.012,75.00896264154404,37.34316019140619,24,0.001,,,,,,,,,,,,,,,,,,,,,,,,,,,,,,,,,,,,,,,,,,,,,,,,,,,,,,,,,2.0,0.015,192,True,False,False,,,,,,,,,,,,,,,,,,,,,,,,,,,,,,,,,,,,,,,,,,,,,,,,,,,,,,,,,0.03,0.0005,50,0.25,0,11.041918980973549,-0.15296388774339548,0.35877209335480675,0.3214435928295184,1,161,-88.25832879677444,289,11
True,False,2.0,12.0,40,2.5,1.0,,8,80,100,False,range_bb_reversion,120,1,0.008,76.98150935689448,26.5608205722228,48,0.005,,,,,,,,,,,,,,,,,,,,,,,,,,,,,,,,,,,,,,,,,,,,,,,,,,,,,,,,,1.5,0.025,484,True,False,False,,,,,,,,,,,,,,,,,,,,,,,,,,,,,,,,,,,,,,,,,,,,,,,,,,,,,,,,,0.12,0.0005,10,1.0,0,10.530837206344046,-0.20427924165294797,0.4725972376589281,0.5704414264785782,0,162,-88.35479371768216,177,11
True,False,2.0,1.3,14,1.8,0.5,,55,14,400,True,trend_reclaim,72,4,0.0025,68.03013757719623,31.726414601535687,36,0.0,,,,,,,,,,,,,,,,,,,,,,,,,,,,,,,,,,,,,,,,,,,,,,,,,,,,,,,,,1.5,0.006,338,False,False,True,,,,,,,,,,,,,,,,,,,,,,,,,,,,,,,,,,,,,,,,,,,,,,,,,,,,,,,,,0.08,0.001,75,0.25,0,9.017705112179547,-0.183725404905012,0.37482633413654437,0.3299694903751725,1,163,-88.6194466749669,265,11
True,False,5.0,6.0,55,1.5,2.0,,40,80,300,True,trend_state_tp,8,1,0.008,60.69491760038905,37.494339327505514,3,0.001,,,,,,,,,,,,,,,,,,,,,,,,,,,,,,,,,,,,,,,,,,,,,,,,,,,,,,,,,1.5,0.08,571,True,False,True,,,,,,,,,,,,,,,,,,,,,,,,,,,,,,,,,,,,,,,,,,,,,,,,,,,,,,,,,0.08,0.0,20,0.5,0,9.26085281266905,-0.08684397144984896,0.35591528369047865,0.23239961497537254,0,164,-88.99432468764753,570,11
True,False,1.5,12.0,40,2.5,1.0,,8,10,50,False,trend_reclaim,48,2,0.0,70.4433778280963,42.14208207878019,6,0.0,,,,,,,,,,,,,,,,,,,,,,,,,,,,,,,,,,,,,,,,,,,,,,,,,,,,,,,,,1.5,0.01,604,True,False,False,,,,,,,,,,,,,,,,,,,,,,,,,,,,,,,,,,,,,,,,,,,,,,,,,,,,,,,,,0.08,0.0005,50,0.0,0,24.256991042817376,-0.18788641498797268,0.6274056865263263,0.5362217348868746,2,165,-89.2497716933937,493,11
True,False,2.5,2.2,20,2.2,0.75,,30,8,400,True,trend_state_tp,120,6,0.0025,69.1088501788062,43.423557890313354,12,0.0025,,,,,,,,,,,,,,,,,,,,,,,,,,,,,,,,,,,,,,,,,,,,,,,,,,,,,,,,,3.0,0.006,425,True,False,False,,,,,,,,,,,,,,,,,,,,,,,,,,,,,,,,,,,,,,,,,,,,,,,,,,,,,,,,,0.05,0.0,100,0.75,0,11.987621212563818,-0.18819029734886972,0.435498678693213,0.45331652139263134,1,166,-89.6012349178649,387,11
True,False,3.0,3.0,40,1.8,2.0,,12,20,300,True,trend_bb_reversion,72,6,0.025,73.09176334560627,34.790609970809875,6,0.001,,,,,,,,,,,,,,,,,,,,,,,,,,,,,,,,,,,,,,,,,,,,,,,,,,,,,,,,,2.5,0.08,770,False,False,True,,,,,,,,,,,,,,,,,,,,,,,,,,,,,,,,,,,,,,,,,,,,,,,,,,,,,,,,,1.0,0.001,150,0.5,0,3.5646699262486985,-0.20706421007923623,0.4142924784506709,0.3429888293524657,0,167,-89.89670542823694,133,11
True,True,2.5,6.0,20,2.0,1.0,,40,30,100,True,trend_bb_reversion,14,8,0.012,69.44737264462358,37.86470840885559,48,0.005,,,,,,,,,,,,,,,,,,,,,,,,,,,,,,,,,,,,,,,,,,,,,,,,,,,,,,,,,3.0,0.006,28,True,True,True,,,,,,,,,,,,,,,,,,,,,,,,,,,,,,,,,,,,,,,,,,,,,,,,,,,,,,,,,0.04,0.0,20,1.25,0,8.653428588963962,-0.1807034330869678,0.3571436665220267,0.4876615324534413,0,168,-90.2288272905609,192,11
True,False,2.0,4.0,30,2.2,0.5,,40,8,300,True,trend_state_tp,12,2,0.008,71.02519822137457,41.27965638388956,6,0.001,,,,,,,,,,,,,,,,,,,,,,,,,,,,,,,,,,,,,,,,,,,,,,,,,,,,,,,,,4.0,0.006,795,True,False,True,,,,,,,,,,,,,,,,,,,,,,,,,,,,,,,,,,,,,,,,,,,,,,,,,,,,,,,,,1.0,0.003,50,1.25,0,16.511908271625515,-0.1678540347175509,0.44331141169492627,0.48503785658287896,0,169,-91.1218824650737,499,11
True,False,4.0,2.2,30,2.5,1.25,,16,80,100,False,range_bb_reversion,36,8,0.0,72.57651334951424,31.014066539956847,6,0.01,,,,,,,,,,,,,,,,,,,,,,,,,,,,,,,,,,,,,,,,,,,,,,,,,,,,,,,,,2.5,0.006,170,True,False,False,,,,,,,,,,,,,,,,,,,,,,,,,,,,,,,,,,,,,,,,,,,,,,,,,,,,,,,,,0.05,0.001,30,0.75,0,5.623403887898304,-0.23781571868251336,0.36586982495301706,0.628501801229074,0,170,-91.66383469432267,137,11
True,False,2.5,3.0,40,2.0,1.5,,12,50,400,True,channel_reclaim,72,6,0.0,65.37474736984959,27.51490739826192,6,0.0,,,,,,,,,,,,,,,,,,,,,,,,,,,,,,,,,,,,,,,,,,,,,,,,,,,,,,,,,4.0,0.01,393,True,False,True,,,,,,,,,,,,,,,,,,,,,,,,,,,,,,,,,,,,,,,,,,,,,,,,,,,,,,,,,0.08,0.001,10,1.25,0,6.778547442921787,-0.23334533864777748,0.40545292624856183,0.3225490196078431,1,171,-92.29749209737093,166,11
True,False,2.5,1.3,20,2.5,0.5,,10,80,400,False,range_bb_reversion,96,6,0.008,60.8841966967746,37.473423306086936,48,0.01,,,,,,,,,,,,,,,,,,,,,,,,,,,,,,,,,,,,,,,,,,,,,,,,,,,,,,,,,3.0,0.04,665,True,False,False,,,,,,,,,,,,,,,,,,,,,,,,,,,,,,,,,,,,,,,,,,,,,,,,,,,,,,,,,0.2,0.003,100,1.0,0,6.732369402978125,-0.22813369375588996,0.3018299726389074,0.6615800865800865,0,172,-92.5278398985961,172,11
True,True,5.0,1.7,30,2.5,0.75,,12,14,300,True,range_bb_reversion,72,3,0.012,71.11672931353858,43.60935294959265,3,0.0,,,,,,,,,,,,,,,,,,,,,,,,,,,,,,,,,,,,,,,,,,,,,,,,,,,,,,,,,2.0,0.015,179,True,False,True,,,,,,,,,,,,,,,,,,,,,,,,,,,,,,,,,,,,,,,,,,,,,,,,,,,,,,,,,0.12,0.0,100,0.75,0,4.337246412056608,-0.14917858315467278,0.1179394053634816,0.3435749010347941,0,173,-93.00097264959635,138,11
True,True,4.0,1.3,80,1.5,2.0,,12,30,100,True,trend_state_tp,96,2,0.018,60.092428766349435,35.27712529079231,3,0.0025,,,,,,,,,,,,,,,,,,,,,,,,,,,,,,,,,,,,,,,,,,,,,,,,,,,,,,,,,2.0,0.015,99,True,True,False,,,,,,,,,,,,,,,,,,,,,,,,,,,,,,,,,,,,,,,,,,,,,,,,,,,,,,,,,0.12,0.003,150,1.5,0,9.320534303200878,-0.1171800211823717,0.27771054577019255,0.3191701293179359,0,174,-94.13881878851211,554,11
True,False,5.0,6.0,14,2.5,2.0,,40,80,130,True,trend_bb_reversion,72,1,0.018,70.07425527352314,40.98052095325222,18,0.0005,,,,,,,,,,,,,,,,,,,,,,,,,,,,,,,,,,,,,,,,,,,,,,,,,,,,,,,,,3.0,0.01,782,True,True,True,,,,,,,,,,,,,,,,,,,,,,,,,,,,,,,,,,,,,,,,,,,,,,,,,,,,,,,,,0.05,0.0,50,1.5,0,5.777175950106562,-0.132102273651801,0.22615771789641315,0.30037395951768314,0,175,-94.96483537502911,169,11
True,False,4.0,8.0,14,2.0,1.5,,16,30,100,True,trend_state_tp,36,8,0.005,66.00158537069628,30.80744798424461,24,0.005,,,,,,,,,,,,,,,,,,,,,,,,,,,,,,,,,,,,,,,,,,,,,,,,,,,,,,,,,3.0,0.025,56,False,False,True,,,,,,,,,,,,,,,,,,,,,,,,,,,,,,,,,,,,,,,,,,,,,,,,,,,,,,,,,0.05,0.0005,100,0.25,0,8.429638462103215,-0.1273980820629215,0.5327715854924487,0.2453676612767522,0,176,-96.10050598196413,405,11
True,False,5.0,3.0,20,2.0,1.25,,16,14,100,True,channel_reclaim,18,3,0.018,77.49774937260253,36.093532756229514,12,0.0,,,,,,,,,,,,,,,,,,,,,,,,,,,,,,,,,,,,,,,,,,,,,,,,,,,,,,,,,3.0,0.01,328,False,False,True,,,,,,,,,,,,,,,,,,,,,,,,,,,,,,,,,,,,,,,,,,,,,,,,,,,,,,,,,0.12,0.002,20,0.75,0,8.495726054623015,-0.12409116861787632,0.2832670097089446,0.2916901559903588,0,177,-96.30161351324546,344,11
True,True,5.0,12.0,55,2.2,1.25,,16,30,150,True,trend_state_tp,120,3,0.025,63.907250383190394,32.08609883471656,36,0.0025,,,,,,,,,,,,,,,,,,,,,,,,,,,,,,,,,,,,,,,,,,,,,,,,,,,,,,,,,2.5,0.015,33,True,False,True,,,,,,,,,,,,,,,,,,,,,,,,,,,,,,,,,,,,,,,,,,,,,,,,,,,,,,,,,0.2,0.001,10,0.5,0,31.495392436254278,-0.0845479055515706,0.5287944215875625,0.38688362077896576,0,178,-98.08600876695387,1510,11
True,True,2.5,1.3,14,2.2,1.25,,8,80,130,True,trend_state_tp,36,1,0.0025,62.35048446135508,43.77788009169047,18,0.01,,,,,,,,,,,,,,,,,,,,,,,,,,,,,,,,,,,,,,,,,,,,,,,,,,,,,,,,,3.0,0.006,308,True,False,True,,,,,,,,,,,,,,,,,,,,,,,,,,,,,,,,,,,,,,,,,,,,,,,,,,,,,,,,,0.2,0.003,50,0.25,0,14.713408784545248,-0.16583226619056599,0.43256716647139226,0.41177618494892876,1,179,-98.14447495022188,578,11
True,True,3.0,1.7,80,1.8,2.0,,55,30,400,True,trend_state_tp,36,8,0.012,72.9794620575546,29.862310643331405,6,0.0025,,,,,,,,,,,,,,,,,,,,,,,,,,,,,,,,,,,,,,,,,,,,,,,,,,,,,,,,,2.0,0.015,567,True,False,False,,,,,,,,,,,,,,,,,,,,,,,,,,,,,,,,,,,,,,,,,,,,,,,,,,,,,,,,,0.12,0.003,30,1.25,0,10.119914933299638,-0.16757059236977445,0.3378660233785702,0.4073929245338471,0,180,-98.25378689654951,349,11
True,False,3.0,1.3,20,2.2,0.5,,10,10,50,True,trend_state_tp,72,3,0.0,59.52564259628807,31.119892021652888,6,0.005,,,,,,,,,,,,,,,,,,,,,,,,,,,,,,,,,,,,,,,,,,,,,,,,,,,,,,,,,1.5,0.006,337,False,False,True,,,,,,,,,,,,,,,,,,,,,,,,,,,,,,,,,,,,,,,,,,,,,,,,,,,,,,,,,0.2,0.003,20,0.5,0,11.214543736397697,-0.1332085024954948,0.42208836974343095,0.30863338115273503,0,181,-99.2075257677998,579,11
True,False,4.0,4.0,55,1.8,2.0,,12,80,300,True,trend_bb_reversion,18,3,0.012,77.77968271541972,28.22315123706906,18,0.001,,,,,,,,,,,,,,,,,,,,,,,,,,,,,,,,,,,,,,,,,,,,,,,,,,,,,,,,,2.0,0.01,560,True,False,True,,,,,,,,,,,,,,,,,,,,,,,,,,,,,,,,,,,,,,,,,,,,,,,,,,,,,,,,,0.08,0.0005,30,0.25,0,3.779701215453538,-0.17685719292733001,0.28358181040665476,0.260353681406313,0,182,-99.79491202728858,140,11
True,False,1.5,4.0,30,2.0,1.25,,20,14,100,False,trend_reclaim,12,4,0.0,67.71622376256188,38.2663004894632,12,0.01,,,,,,,,,,,,,,,,,,,,,,,,,,,,,,,,,,,,,,,,,,,,,,,,,,,,,,,,,3.0,0.025,125,True,False,False,,,,,,,,,,,,,,,,,,,,,,,,,,,,,,,,,,,,,,,,,,,,,,,,,,,,,,,,,1.0,0.001,150,0.0,0,8.753715318543204,-0.3265616404438447,0.5393937735197034,0.35878909726158303,1,183,-100.19431409851983,148,11
True,True,1.0,2.2,30,1.8,0.75,,8,20,200,True,trend_state_tp,48,6,0.0025,69.04207163163292,41.70416146080349,36,0.0,,,,,,,,,,,,,,,,,,,,,,,,,,,,,,,,,,,,,,,,,,,,,,,,,,,,,,,,,4.0,0.04,559,True,False,True,,,,,,,,,,,,,,,,,,,,,,,,,,,,,,,,,,,,,,,,,,,,,,,,,,,,,,,,,0.05,0.002,100,0.25,0,51.11827328103843,-0.15671485112148975,0.6547304099393519,0.5437281499403565,2,184,-100.57276889278464,1025,11
True,False,4.0,4.0,20,2.2,1.5,,8,10,200,True,trend_state_tp,36,4,0.025,67.59984674790084,38.49083310751707,48,0.0025,,,,,,,,,,,,,,,,,,,,,,,,,,,,,,,,,,,,,,,,,,,,,,,,,,,,,,,,,1.5,0.025,59,True,False,False,,,,,,,,,,,,,,,,,,,,,,,,,,,,,,,,,,,,,,,,,,,,,,,,,,,,,,,,,0.12,0.001,75,0.75,0,10.937561787999718,-0.1308491389494709,0.41791873696670195,0.34409559543249385,0,185,-100.78503031007885,709,11
True,False,5.0,1.3,30,1.5,1.5,,16,80,100,False,channel_reclaim,12,6,0.025,77.94971630810333,23.200653234430767,24,0.001,,,,,,,,,,,,,,,,,,,,,,,,,,,,,,,,,,,,,,,,,,,,,,,,,,,,,,,,,3.0,0.006,744,False,False,False,,,,,,,,,,,,,,,,,,,,,,,,,,,,,,,,,,,,,,,,,,,,,,,,,,,,,,,,,0.08,0.001,30,1.0,0,6.133842740655797,-0.17872396839675495,0.24456273435678932,0.36843867854633405,0,186,-101.07636138145656,203,11
True,False,2.5,4.0,40,1.5,0.75,,16,14,300,False,trend_bb_reversion,8,6,0.025,72.43250862033773,35.99162968829238,24,0.0025,,,,,,,,,,,,,,,,,,,,,,,,,,,,,,,,,,,,,,,,,,,,,,,,,,,,,,,,,1.0,0.04,376,False,False,False,,,,,,,,,,,,,,,,,,,,,,,,,,,,,,,,,,,,,,,,,,,,,,,,,,,,,,,,,1.0,0.0,10,0.5,0,7.0514791454228,-0.2122977046739088,0.49071634638176476,0.39127577619513104,1,187,-101.17145906149055,214,11
True,False,5.0,3.0,14,1.5,1.5,,16,50,100,True,trend_bb_reversion,48,2,0.018,59.71258786862994,32.86673578347129,18,0.0005,,,,,,,,,,,,,,,,,,,,,,,,,,,,,,,,,,,,,,,,,,,,,,,,,,,,,,,,,1.0,0.04,790,True,False,True,,,,,,,,,,,,,,,,,,,,,,,,,,,,,,,,,,,,,,,,,,,,,,,,,,,,,,,,,1.0,0.001,30,0.0,0,11.840556957163589,-0.09120745291323108,0.3529212100923914,0.2521506615176833,0,188,-101.38560081865072,508,11
True,False,5.0,6.0,14,1.8,2.0,,10,80,200,True,trend_state_tp,12,1,0.0025,68.91469253213793,26.272523659749325,12,0.001,,,,,,,,,,,,,,,,,,,,,,,,,,,,,,,,,,,,,,,,,,,,,,,,,,,,,,,,,2.5,0.01,41,True,False,True,,,,,,,,,,,,,,,,,,,,,,,,,,,,,,,,,,,,,,,,,,,,,,,,,,,,,,,,,0.03,0.001,30,1.0,0,9.080110839610509,-0.1387883842655217,0.3717148505059988,0.19684298481258874,1,189,-101.65940472036681,342,11
True,False,4.0,1.3,40,1.8,2.0,,10,50,150,True,trend_bb_reversion,8,3,0.012,75.87500729826772,44.51272129573853,24,0.0025,,,,,,,,,,,,,,,,,,,,,,,,,,,,,,,,,,,,,,,,,,,,,,,,,,,,,,,,,3.0,0.025,445,True,False,True,,,,,,,,,,,,,,,,,,,,,,,,,,,,,,,,,,,,,,,,,,,,,,,,,,,,,,,,,0.04,0.001,75,0.75,0,3.8754420438531128,-0.17342828653067294,0.15801794756791251,0.2731515958788686,0,190,-102.22896585521718,138,11
True,False,2.0,4.0,14,2.0,1.0,,30,80,400,True,trend_bb_reversion,24,6,0.0,60.29977980981361,39.6714179980164,12,0.0,,,,,,,,,,,,,,,,,,,,,,,,,,,,,,,,,,,,,,,,,,,,,,,,,,,,,,,,,4.0,0.025,409,True,False,True,,,,,,,,,,,,,,,,,,,,,,,,,,,,,,,,,,,,,,,,,,,,,,,,,,,,,,,,,0.08,0.003,100,0.0,0,16.269510963237142,-0.1968584838961065,0.4822426616534912,0.4217703972366046,1,191,-102.41802085821023,410,11
True,True,2.5,1.3,30,1.5,0.75,,40,80,130,True,range_bb_reversion,8,3,0.008,74.9922584033426,33.935776095028885,18,0.005,,,,,,,,,,,,,,,,,,,,,,,,,,,,,,,,,,,,,,,,,,,,,,,,,,,,,,,,,2.0,0.006,213,True,False,True,,,,,,,,,,,,,,,,,,,,,,,,,,,,,,,,,,,,,,,,,,,,,,,,,,,,,,,,,0.2,0.0,20,1.25,0,13.565917412160259,-0.16705437648403995,0.3056208040914221,0.4337398955820008,0,192,-103.03340445086398,378,11
True,False,2.5,1.7,30,2.5,1.5,,20,80,150,True,trend_bb_reversion,96,3,0.005,60.99691196115846,31.112942189450678,12,0.0,,,,,,,,,,,,,,,,,,,,,,,,,,,,,,,,,,,,,,,,,,,,,,,,,,,,,,,,,1.0,0.006,385,False,False,True,,,,,,,,,,,,,,,,,,,,,,,,,,,,,,,,,,,,,,,,,,,,,,,,,,,,,,,,,1.0,0.002,30,1.0,0,4.569971651030963,-0.17882459962133257,0.26287993248085545,0.24876304153675388,0,193,-103.97213211556661,183,11
True,False,4.0,6.0,55,2.2,1.5,,10,8,200,True,channel_reclaim,18,6,0.0,71.73228996505219,27.00372776400355,18,0.0005,,,,,,,,,,,,,,,,,,,,,,,,,,,,,,,,,,,,,,,,,,,,,,,,,,,,,,,,,4.0,0.025,504,True,False,True,,,,,,,,,,,,,,,,,,,,,,,,,,,,,,,,,,,,,,,,,,,,,,,,,,,,,,,,,0.2,0.002,10,0.25,0,12.642750579025382,-0.14750459181069206,0.35698886331929347,0.347438828431423,0,194,-104.78634699577754,503,11
True,False,2.5,1.3,14,2.0,2.0,,10,50,100,True,trend_state_tp,24,4,0.018,68.93016666184366,28.59038205228314,18,0.0005,,,,,,,,,,,,,,,,,,,,,,,,,,,,,,,,,,,,,,,,,,,,,,,,,,,,,,,,,1.0,0.04,68,True,False,True,,,,,,,,,,,,,,,,,,,,,,,,,,,,,,,,,,,,,,,,,,,,,,,,,,,,,,,,,0.03,0.002,20,0.5,0,19.655320609758803,-0.16465250344746707,0.3881544890655032,0.2769216049077375,1,195,-104.81804369486264,424,11
True,True,2.0,6.0,40,1.8,1.0,,10,8,200,False,range_bb_reversion,18,1,0.005,69.67870786004212,30.439746465421408,6,0.005,,,,,,,,,,,,,,,,,,,,,,,,,,,,,,,,,,,,,,,,,,,,,,,,,,,,,,,,,2.0,0.04,499,True,False,False,,,,,,,,,,,,,,,,,,,,,,,,,,,,,,,,,,,,,,,,,,,,,,,,,,,,,,,,,0.04,0.0,30,0.5,0,18.54242628720251,-0.2432360782237456,0.4477620900068006,0.5605711418475171,1,196,-105.0483022040678,330,11
True,False,1.5,1.7,20,1.5,1.0,,30,10,300,True,channel_reclaim,48,4,0.008,63.90220752464936,41.77697486543454,36,0.001,,,,,,,,,,,,,,,,,,,,,,,,,,,,,,,,,,,,,,,,,,,,,,,,,,,,,,,,,3.0,0.025,536,True,False,True,,,,,,,,,,,,,,,,,,,,,,,,,,,,,,,,,,,,,,,,,,,,,,,,,,,,,,,,,0.05,0.002,20,1.0,0,6.207733642228274,-0.22944724842734002,1.217512532558699,0.4317452318922907,2,197,-105.08494879655305,131,11
True,True,1.5,12.0,40,2.0,1.0,,40,80,300,True,trend_state_tp,12,4,0.025,67.83174504728741,32.39936648319333,36,0.0025,,,,,,,,,,,,,,,,,,,,,,,,,,,,,,,,,,,,,,,,,,,,,,,,,,,,,,,,,1.5,0.006,593,True,False,True,,,,,,,,,,,,,,,,,,,,,,,,,,,,,,,,,,,,,,,,,,,,,,,,,,,,,,,,,0.05,0.001,100,0.5,0,38.11030003338911,-0.13034835914415843,0.663682323310873,0.44405409324151335,1,198,-105.09556220643196,1062,11
True,False,1.5,1.3,80,2.2,1.0,,16,10,80,True,range_bb_reversion,18,6,0.008,62.05179579724616,31.174970875160305,12,0.0,,,,,,,,,,,,,,,,,,,,,,,,,,,,,,,,,,,,,,,,,,,,,,,,,,,,,,,,,2.5,0.04,428,True,False,True,,,,,,,,,,,,,,,,,,,,,,,,,,,,,,,,,,,,,,,,,,,,,,,,,,,,,,,,,0.2,0.001,75,0.25,0,7.014954191161591,-0.23282018559443046,0.34699709406000134,0.48031752813810846,0,199,-105.51039230557396,163,11
True,False,2.5,4.0,40,2.0,1.0,,8,8,150,True,range_bb_reversion,96,4,0.005,71.51575173217498,33.059014896746106,24,0.001,,,,,,,,,,,,,,,,,,,,,,,,,,,,,,,,,,,,,,,,,,,,,,,,,,,,,,,,,2.5,0.015,736,True,False,True,,,,,,,,,,,,,,,,,,,,,,,,,,,,,,,,,,,,,,,,,,,,,,,,,,,,,,,,,0.05,0.0,30,0.0,0,8.09867491759517,-0.24065838991903024,0.30399953286934234,0.34669671237853056,0,200,-106.10823493946488,139,11
True,False,2.0,1.7,55,1.5,1.5,,55,8,300,True,trend_state_tp,120,2,0.018,73.7266355056879,35.45887744168375,12,0.005,,,,,,,,,,,,,,,,,,,,,,,,,,,,,,,,,,,,,,,,,,,,,,,,,,,,,,,,,3.0,0.04,286,True,False,True,,,,,,,,,,,,,,,,,,,,,,,,,,,,,,,,,,,,,,,,,,,,,,,,,,,,,,,,,0.03,0.001,30,0.0,0,7.1801726572663584,-0.2434801631562684,0.3338696984352277,0.2669199221830801,1,201,-106.51762349061114,131,11
True,False,2.5,1.3,80,1.8,1.0,,20,14,150,True,channel_reclaim,24,1,0.0025,77.61638697823378,34.363510310969836,6,0.001,,,,,,,,,,,,,,,,,,,,,,,,,,,,,,,,,,,,,,,,,,,,,,,,,,,,,,,,,3.0,0.08,129,True,False,True,,,,,,,,,,,,,,,,,,,,,,,,,,,,,,,,,,,,,,,,,,,,,,,,,,,,,,,,,0.08,0.002,100,0.0,0,7.937262662917109,-0.17847695056657772,0.25944324649314776,0.2895047460379268,0,202,-106.74240090912048,228,11
True,False,2.0,2.2,55,2.5,1.5,,20,8,50,False,channel_reclaim,12,4,0.025,71.30643211034413,24.47563070515357,36,0.0005,,,,,,,,,,,,,,,,,,,,,,,,,,,,,,,,,,,,,,,,,,,,,,,,,,,,,,,,,1.5,0.025,89,True,False,False,,,,,,,,,,,,,,,,,,,,,,,,,,,,,,,,,,,,,,,,,,,,,,,,,,,,,,,,,0.12,0.0,150,0.75,0,6.521839791528812,-0.23896831798234472,0.4109141982052418,0.41815268065268063,0,203,-107.47433847434837,132,11
True,False,2.5,4.0,55,1.5,2.0,,20,20,200,True,channel_reclaim,12,4,0.025,68.70859963455376,39.27312439783978,3,0.0005,,,,,,,,,,,,,,,,,,,,,,,,,,,,,,,,,,,,,,,,,,,,,,,,,,,,,,,,,4.0,0.01,293,True,True,True,,,,,,,,,,,,,,,,,,,,,,,,,,,,,,,,,,,,,,,,,,,,,,,,,,,,,,,,,0.12,0.001,150,0.0,0,7.415915441116605,-0.22206248309942467,0.32769104395453935,0.28087596746687654,1,204,-108.091596244659,186,11
True,False,4.0,2.2,80,2.2,0.5,,12,10,80,True,channel_reclaim,72,4,0.008,58.26721949228486,44.77424498371663,12,0.0005,,,,,,,,,,,,,,,,,,,,,,,,,,,,,,,,,,,,,,,,,,,,,,,,,,,,,,,,,2.0,0.01,650,False,False,True,,,,,,,,,,,,,,,,,,,,,,,,,,,,,,,,,,,,,,,,,,,,,,,,,,,,,,,,,1.0,0.003,150,0.25,0,12.148262201180676,-0.14303757639910056,0.30014845740852114,0.2801303567182784,0,205,-108.6413193514025,455,11
True,True,1.5,6.0,55,1.5,1.5,,16,20,200,True,range_bb_reversion,72,6,0.025,63.72522084261801,42.495405689458636,48,0.001,,,,,,,,,,,,,,,,,,,,,,,,,,,,,,,,,,,,,,,,,,,,,,,,,,,,,,,,,1.5,0.006,708,True,False,True,,,,,,,,,,,,,,,,,,,,,,,,,,,,,,,,,,,,,,,,,,,,,,,,,,,,,,,,,0.04,0.0005,50,1.25,0,9.495369586650604,-0.26489585050174835,0.4271984872013837,0.335161302015369,0,206,-109.15179757639318,138,11
True,False,2.0,8.0,40,1.8,0.5,,20,20,80,False,range_bb_reversion,12,2,0.012,75.62474661378516,33.88149330965851,24,0.001,,,,,,,,,,,,,,,,,,,,,,,,,,,,,,,,,,,,,,,,,,,,,,,,,,,,,,,,,4.0,0.01,105,False,True,False,,,,,,,,,,,,,,,,,,,,,,,,,,,,,,,,,,,,,,,,,,,,,,,,,,,,,,,,,0.05,0.001,150,1.25,0,11.805331896133987,-0.2809386542529335,0.5168919497943261,0.3608287822402655,2,207,-109.24445102900569,167,11
True,True,3.0,8.0,14,2.0,1.5,,55,20,150,True,range_bb_reversion,12,3,0.018,72.01796767674122,23.216150385920354,36,0.001,,,,,,,,,,,,,,,,,,,,,,,,,,,,,,,,,,,,,,,,,,,,,,,,,,,,,,,,,3.0,0.015,397,True,True,True,,,,,,,,,,,,,,,,,,,,,,,,,,,,,,,,,,,,,,,,,,,,,,,,,,,,,,,,,0.2,0.002,150,1.0,0,9.580794796976443,-0.2148118647245454,0.22536046573596033,0.26610071529426366,1,208,-110.68408420536113,190,11
True,False,3.0,12.0,14,1.5,1.0,,20,8,400,True,channel_reclaim,96,1,0.025,61.92798326368873,23.682805082695385,48,0.01,,,,,,,,,,,,,,,,,,,,,,,,,,,,,,,,,,,,,,,,,,,,,,,,,,,,,,,,,1.0,0.08,200,True,True,True,,,,,,,,,,,,,,,,,,,,,,,,,,,,,,,,,,,,,,,,,,,,,,,,,,,,,,,,,0.08,0.0,150,0.0,0,5.977592363658313,-0.17413850420222846,0.16583884579852917,0.22356913136981113,0,209,-111.351168049516,270,11
False,True,2.5,2.2,30,1.5,2.0,,30,20,200,True,range_bb_reversion,72,8,0.0,60.818499791945726,39.8833745972946,24,0.001,,,,,,,,,,,,,,,,,,,,,,,,,,,,,,,,,,,,,,,,,,,,,,,,,,,,,,,,,2.0,0.015,118,True,False,True,,,,,,,,,,,,,,,,,,,,,,,,,,,,,,,,,,,,,,,,,,,,,,,,,,,,,,,,,0.12,0.003,20,0.25,0,6.598429524030498,-0.20318868612435878,0.3546189210604498,0.31978640339708453,0,210,-111.86704884092251,210,11
True,False,1.5,2.2,14,2.0,0.5,,16,50,80,False,channel_reclaim,12,2,0.012,73.03255969461962,40.48962125079969,36,0.0005,,,,,,,,,,,,,,,,,,,,,,,,,,,,,,,,,,,,,,,,,,,,,,,,,,,,,,,,,3.0,0.01,187,True,False,False,,,,,,,,,,,,,,,,,,,,,,,,,,,,,,,,,,,,,,,,,,,,,,,,,,,,,,,,,0.04,0.003,100,0.0,0,19.104822599301862,-0.234070511860908,0.32312497942969626,0.6514459181488452,0,211,-111.9261043443763,347,11
True,False,4.0,1.7,14,1.5,1.0,,55,10,200,True,range_bb_reversion,18,3,0.0025,72.87967178385816,42.41034431478871,6,0.01,,,,,,,,,,,,,,,,,,,,,,,,,,,,,,,,,,,,,,,,,,,,,,,,,,,,,,,,,3.0,0.01,350,True,False,True,,,,,,,,,,,,,,,,,,,,,,,,,,,,,,,,,,,,,,,,,,,,,,,,,,,,,,,,,0.03,0.003,20,0.75,0,13.225946786301982,-0.15792290060728026,1.0103683545022115,0.33195332397733773,1,212,-112.01674427435867,160,11
True,False,3.0,1.3,14,2.2,2.0,,16,30,200,True,channel_reclaim,96,2,0.025,73.17534690188128,30.579889125203454,36,0.001,,,,,,,,,,,,,,,,,,,,,,,,,,,,,,,,,,,,,,,,,,,,,,,,,,,,,,,,,2.0,0.006,698,True,False,True,,,,,,,,,,,,,,,,,,,,,,,,,,,,,,,,,,,,,,,,,,,,,,,,,,,,,,,,,0.2,0.001,30,1.5,0,4.758576834028096,-0.1977233178431333,0.1948963351650166,0.25933003732046794,0,213,-112.05844558664614,142,11
True,False,5.0,1.3,40,2.2,0.5,,12,10,50,True,trend_state_tp,18,1,0.008,74.66591518092903,27.335892423064298,18,0.0005,,,,,,,,,,,,,,,,,,,,,,,,,,,,,,,,,,,,,,,,,,,,,,,,,,,,,,,,,1.0,0.015,749,True,False,True,,,,,,,,,,,,,,,,,,,,,,,,,,,,,,,,,,,,,,,,,,,,,,,,,,,,,,,,,0.03,0.001,75,0.5,0,15.433907361108941,-0.13639424566940825,0.17378500376257908,0.3497534543764867,0,214,-112.18126618898327,532,11
True,False,2.5,6.0,40,1.5,1.5,,16,20,100,True,trend_state_tp,8,3,0.025,58.57939456002427,37.11388549912696,48,0.0,,,,,,,,,,,,,,,,,,,,,,,,,,,,,,,,,,,,,,,,,,,,,,,,,,,,,,,,,2.5,0.01,760,True,False,True,,,,,,,,,,,,,,,,,,,,,,,,,,,,,,,,,,,,,,,,,,,,,,,,,,,,,,,,,0.03,0.0,100,0.5,0,19.943756743976714,-0.19162308844444836,0.5451502894245598,0.3185843907614936,1,215,-112.79837608838028,410,11
True,True,2.5,1.7,30,1.5,0.75,,12,10,300,False,range_bb_reversion,96,2,0.025,68.91196043484274,38.999363135857024,6,0.005,,,,,,,,,,,,,,,,,,,,,,,,,,,,,,,,,,,,,,,,,,,,,,,,,,,,,,,,,3.0,0.01,655,True,False,False,,,,,,,,,,,,,,,,,,,,,,,,,,,,,,,,,,,,,,,,,,,,,,,,,,,,,,,,,0.12,0.003,50,1.5,0,10.133326218374597,-0.3028200760777684,0.34159160444403897,0.5820610065107673,1,216,-113.14085124138433,173,11
True,False,3.0,1.7,14,2.2,0.75,,16,50,400,True,trend_state_tp,120,3,0.0025,66.80741486816164,36.584531732203196,24,0.001,,,,,,,,,,,,,,,,,,,,,,,,,,,,,,,,,,,,,,,,,,,,,,,,,,,,,,,,,2.0,0.025,390,False,False,False,,,,,,,,,,,,,,,,,,,,,,,,,,,,,,,,,,,,,,,,,,,,,,,,,,,,,,,,,0.03,0.0005,75,1.0,0,15.493928794334662,-0.22877798427160245,0.28479798486341795,0.3111166029444714,1,217,-113.2935845014494,248,11
True,True,4.0,1.7,80,1.5,1.5,,10,10,80,True,range_bb_reversion,8,2,0.012,71.12294807837974,44.38432284438042,3,0.005,,,,,,,,,,,,,,,,,,,,,,,,,,,,,,,,,,,,,,,,,,,,,,,,,,,,,,,,,2.5,0.01,221,True,False,True,,,,,,,,,,,,,,,,,,,,,,,,,,,,,,,,,,,,,,,,,,,,,,,,,,,,,,,,,0.12,0.003,75,1.5,0,14.84358117310174,-0.17939167061647346,0.1469684330821616,0.23311323466122227,0,218,-113.77526893219888,195,11
True,False,2.0,1.3,20,2.5,0.75,,40,20,400,True,trend_bb_reversion,96,4,0.008,62.07767481642169,40.86372432112168,24,0.0025,,,,,,,,,,,,,,,,,,,,,,,,,,,,,,,,,,,,,,,,,,,,,,,,,,,,,,,,,4.0,0.006,363,True,False,True,,,,,,,,,,,,,,,,,,,,,,,,,,,,,,,,,,,,,,,,,,,,,,,,,,,,,,,,,0.08,0.003,20,1.5,0,7.726476565178065,-0.2737728645018571,0.25520992027653083,0.446006771006771,0,219,-113.98575564574509,174,11
True,False,2.0,3.0,20,2.5,1.0,,8,20,150,True,trend_state_tp,96,3,0.005,64.14250234647719,26.084201810548066,12,0.0,,,,,,,,,,,,,,,,,,,,,,,,,,,,,,,,,,,,,,,,,,,,,,,,,,,,,,,,,1.0,0.04,152,True,False,True,,,,,,,,,,,,,,,,,,,,,,,,,,,,,,,,,,,,,,,,,,,,,,,,,,,,,,,,,1.0,0.002,75,0.75,0,21.20272347303053,-0.12835247939029945,0.5245101342847893,0.3541972142765068,0,220,-114.38087999219947,1020,11
False,True,2.5,1.3,80,2.5,1.5,,16,8,300,True,range_bb_reversion,96,2,0.012,61.73182897602368,40.60010034051299,36,0.0,,,,,,,,,,,,,,,,,,,,,,,,,,,,,,,,,,,,,,,,,,,,,,,,,,,,,,,,,2.5,0.08,403,True,False,True,,,,,,,,,,,,,,,,,,,,,,,,,,,,,,,,,,,,,,,,,,,,,,,,,,,,,,,,,0.08,0.001,30,0.5,0,9.080929992319351,-0.25704031526155396,0.255750925748436,0.3038892480068951,1,221,-114.5114257556866,127,11
True,True,1.0,4.0,30,2.5,1.0,,16,8,150,False,trend_bb_reversion,36,4,0.012,71.17715500680356,25.618069701811685,48,0.0005,,,,,,,,,,,,,,,,,,,,,,,,,,,,,,,,,,,,,,,,,,,,,,,,,,,,,,,,,4.0,0.025,180,False,False,False,,,,,,,,,,,,,,,,,,,,,,,,,,,,,,,,,,,,,,,,,,,,,,,,,,,,,,,,,0.08,0.003,20,1.0,0,13.0,-0.27596739005216264,0.6267252016084839,0.27690563650315975,3,222,-115.1432546685266,166,11
True,False,1.0,1.7,55,1.5,2.0,,55,50,100,True,range_bb_reversion,8,6,0.012,66.27928515503204,36.92778996910886,48,0.0,,,,,,,,,,,,,,,,,,,,,,,,,,,,,,,,,,,,,,,,,,,,,,,,,,,,,,,,,1.5,0.04,620,True,False,True,,,,,,,,,,,,,,,,,,,,,,,,,,,,,,,,,,,,,,,,,,,,,,,,,,,,,,,,,1.0,0.003,20,1.0,0,20.07037789160242,-0.19796198934418988,0.552672107534676,0.3631240737678945,1,223,-115.51093881650345,458,11
True,False,5.0,1.7,40,1.5,1.25,,12,8,50,False,range_bb_reversion,12,2,0.0,75.69246015207845,39.75282971671174,3,0.0025,,,,,,,,,,,,,,,,,,,,,,,,,,,,,,,,,,,,,,,,,,,,,,,,,,,,,,,,,1.5,0.01,507,True,False,False,,,,,,,,,,,,,,,,,,,,,,,,,,,,,,,,,,,,,,,,,,,,,,,,,,,,,,,,,0.03,0.0,150,0.5,0,11.674147765221125,-0.23902302470061249,0.24016987961574987,0.4291201286726853,0,224,-115.5419041279763,173,11
True,False,5.0,6.0,40,1.8,1.25,,12,80,150,True,range_bb_reversion,18,2,0.0025,70.86026510326286,44.762379920118946,24,0.0005,,,,,,,,,,,,,,,,,,,,,,,,,,,,,,,,,,,,,,,,,,,,,,,,,,,,,,,,,3.0,0.015,77,True,True,True,,,,,,,,,,,,,,,,,,,,,,,,,,,,,,,,,,,,,,,,,,,,,,,,,,,,,,,,,0.05,0.003,30,0.5,0,12.514001844344879,-0.15955199845548892,0.15529277571696948,0.27776294296670473,0,225,-115.61413508104607,324,11
True,False,3.0,8.0,40,2.5,2.0,,40,8,50,True,range_bb_reversion,24,1,0.0,77.36913873149666,32.32842325844193,36,0.0005,,,,,,,,,,,,,,,,,,,,,,,,,,,,,,,,,,,,,,,,,,,,,,,,,,,,,,,,,2.0,0.08,157,True,False,True,,,,,,,,,,,,,,,,,,,,,,,,,,,,,,,,,,,,,,,,,,,,,,,,,,,,,,,,,0.08,0.001,10,0.0,0,7.233224264919123,-0.19667218834432845,0.2576675332508169,0.2808144346183109,0,226,-115.63411893501,235,11
True,False,1.5,12.0,40,2.2,1.25,,55,30,100,True,range_bb_reversion,36,2,0.025,76.6205276046565,32.1883687714314,18,0.001,,,,,,,,,,,,,,,,,,,,,,,,,,,,,,,,,,,,,,,,,,,,,,,,,,,,,,,,,2.5,0.025,208,True,False,True,,,,,,,,,,,,,,,,,,,,,,,,,,,,,,,,,,,,,,,,,,,,,,,,,,,,,,,,,0.03,0.003,30,0.0,0,13.215668312981276,-0.26810158981798193,0.3588758931895819,0.29241495346758506,1,227,-115.67755026918056,124,11
True,True,4.0,4.0,40,2.5,1.25,,8,10,200,True,channel_reclaim,18,4,0.0,60.703968547459446,28.53703452853469,48,0.0025,,,,,,,,,,,,,,,,,,,,,,,,,,,,,,,,,,,,,,,,,,,,,,,,,,,,,,,,,2.0,0.08,476,True,False,True,,,,,,,,,,,,,,,,,,,,,,,,,,,,,,,,,,,,,,,,,,,,,,,,,,,,,,,,,0.04,0.0,150,0.0,0,26.980392781158155,-0.12542851071662545,0.3814211151941351,0.32639942011784256,0,228,-115.79524479572916,761,11
True,False,2.5,12.0,80,2.0,1.5,,16,80,130,True,channel_reclaim,48,6,0.025,60.51704675977534,29.81982880762221,48,0.001,,,,,,,,,,,,,,,,,,,,,,,,,,,,,,,,,,,,,,,,,,,,,,,,,,,,,,,,,3.0,0.015,625,True,True,True,,,,,,,,,,,,,,,,,,,,,,,,,,,,,,,,,,,,,,,,,,,,,,,,,,,,,,,,,0.08,0.002,30,0.75,0,8.732445628964562,-0.18515982302147885,0.3597874938449211,0.3219096490320451,0,229,-115.89863532958314,323,11
True,False,2.5,2.2,40,2.0,1.5,,20,20,50,True,trend_bb_reversion,96,3,0.005,58.016588658478064,37.27649268424794,24,0.001,,,,,,,,,,,,,,,,,,,,,,,,,,,,,,,,,,,,,,,,,,,,,,,,,,,,,,,,,3.0,0.015,470,True,False,True,,,,,,,,,,,,,,,,,,,,,,,,,,,,,,,,,,,,,,,,,,,,,,,,,,,,,,,,,0.08,0.0005,100,0.0,0,5.864331469535671,-0.22687089428671525,0.2287975304000197,0.28748696987478667,0,230,-116.69206279139783,126,11
True,False,3.0,1.3,40,2.2,0.5,,16,10,200,True,trend_state_tp,48,2,0.005,68.98862839544847,32.012380424359236,24,0.001,,,,,,,,,,,,,,,,,,,,,,,,,,,,,,,,,,,,,,,,,,,,,,,,,,,,,,,,,2.5,0.01,270,True,False,True,,,,,,,,,,,,,,,,,,,,,,,,,,,,,,,,,,,,,,,,,,,,,,,,,,,,,,,,,1.0,0.0005,20,0.0,0,18.968443036017895,-0.16632605984624516,0.26611563701352253,0.49064394470742473,0,231,-117.07818718505689,872,11
False,True,2.0,1.3,80,2.2,1.0,,40,20,200,True,trend_state_tp,12,4,0.0025,77.18327379440255,24.05134075699451,12,0.005,,,,,,,,,,,,,,,,,,,,,,,,,,,,,,,,,,,,,,,,,,,,,,,,,,,,,,,,,2.5,0.01,120,True,False,False,,,,,,,,,,,,,,,,,,,,,,,,,,,,,,,,,,,,,,,,,,,,,,,,,,,,,,,,,1.0,0.0005,150,0.0,0,15.057393568263459,-0.24854114248422124,0.368604947707561,0.4966669526065665,0,232,-117.29431793838276,274,11
True,False,4.0,2.2,14,2.0,0.5,,20,20,100,True,channel_reclaim,12,1,0.008,69.6201041470044,38.838044844202436,18,0.001,,,,,,,,,,,,,,,,,,,,,,,,,,,,,,,,,,,,,,,,,,,,,,,,,,,,,,,,,4.0,0.025,394,True,False,True,,,,,,,,,,,,,,,,,,,,,,,,,,,,,,,,,,,,,,,,,,,,,,,,,,,,,,,,,0.08,0.001,30,0.5,0,12.073437665036783,-0.1474847159812935,0.17780419324981367,0.25771255618567745,0,233,-117.49670729037264,365,11
True,True,5.0,4.0,40,2.0,1.0,,40,20,150,True,trend_bb_reversion,24,1,0.005,61.6131808225886,29.644649155679367,48,0.0025,,,,,,,,,,,,,,,,,,,,,,,,,,,,,,,,,,,,,,,,,,,,,,,,,,,,,,,,,2.0,0.08,383,False,False,True,,,,,,,,,,,,,,,,,,,,,,,,,,,,,,,,,,,,,,,,,,,,,,,,,,,,,,,,,0.05,0.0,30,0.0,0,7.842268547551344,-0.12870472966209162,0.15698501161764927,0.21405929588067352,0,234,-118.06773343835235,337,11
True,True,4.0,12.0,30,1.8,1.0,,20,50,100,True,channel_reclaim,8,2,0.0025,62.04760122115249,29.951538464661855,18,0.001,,,,,,,,,,,,,,,,,,,,,,,,,,,,,,,,,,,,,,,,,,,,,,,,,,,,,,,,,4.0,0.006,681,True,False,True,,,,,,,,,,,,,,,,,,,,,,,,,,,,,,,,,,,,,,,,,,,,,,,,,,,,,,,,,0.08,0.0005,75,0.75,0,11.008205617605675,-0.14314494476541537,0.25279488472879,0.2809822353783486,0,235,-118.88773260065167,468,11
True,False,2.0,4.0,40,2.2,0.5,,30,80,150,True,trend_state_tp,48,1,0.018,71.97881132791395,24.44042558991217,48,0.001,,,,,,,,,,,,,,,,,,,,,,,,,,,,,,,,,,,,,,,,,,,,,,,,,,,,,,,,,2.0,0.08,466,True,False,True,,,,,,,,,,,,,,,,,,,,,,,,,,,,,,,,,,,,,,,,,,,,,,,,,,,,,,,,,0.12,0.001,20,0.25,0,20.80358511102471,-0.1945493112248397,0.40234924898528424,0.4912320546558517,0,236,-119.32410481449722,627,11
True,False,4.0,8.0,55,1.5,1.5,,12,10,80,True,channel_reclaim,8,1,0.008,62.211527754857876,23.470801170719803,48,0.0005,,,,,,,,,,,,,,,,,,,,,,,,,,,,,,,,,,,,,,,,,,,,,,,,,,,,,,,,,2.0,0.08,750,True,True,True,,,,,,,,,,,,,,,,,,,,,,,,,,,,,,,,,,,,,,,,,,,,,,,,,,,,,,,,,0.04,0.0,150,0.75,0,7.532912558717638,-0.16105123600107885,0.17247406522336595,0.1759110445327454,0,237,-119.54744776889157,204,11
True,False,3.0,2.2,55,2.5,1.25,,30,20,300,True,trend_state_tp,48,1,0.025,76.81165616104825,29.927472370871662,18,0.005,,,,,,,,,,,,,,,,,,,,,,,,,,,,,,,,,,,,,,,,,,,,,,,,,,,,,,,,,1.0,0.08,778,True,False,False,,,,,,,,,,,,,,,,,,,,,,,,,,,,,,,,,,,,,,,,,,,,,,,,,,,,,,,,,0.05,0.0005,150,0.75,0,11.464278524113244,-0.16849435766692353,0.2673519936520673,0.26248378814686785,0,238,-120.0973932925576,506,11
False,True,2.0,6.0,14,2.5,0.75,,8,30,100,True,channel_reclaim,36,8,0.0025,67.81651767523155,27.521939397306276,24,0.005,,,,,,,,,,,,,,,,,,,,,,,,,,,,,,,,,,,,,,,,,,,,,,,,,,,,,,,,,4.0,0.006,774,False,False,True,,,,,,,,,,,,,,,,,,,,,,,,,,,,,,,,,,,,,,,,,,,,,,,,,,,,,,,,,0.04,0.0,150,0.25,0,9.205378331927887,-0.23101223735147683,0.4697938794150426,0.2789448693598891,1,239,-120.38186725186851,205,11
False,True,2.0,1.7,14,2.5,1.5,,40,10,400,False,trend_bb_reversion,12,6,0.005,61.26367321452398,23.70871078162584,36,0.0,,,,,,,,,,,,,,,,,,,,,,,,,,,,,,,,,,,,,,,,,,,,,,,,,,,,,,,,,1.5,0.04,229,True,False,False,,,,,,,,,,,,,,,,,,,,,,,,,,,,,,,,,,,,,,,,,,,,,,,,,,,,,,,,,1.0,0.003,100,0.5,0,15.7571507622946,-0.24122631897777483,0.3642976823730382,0.45022868472038696,0,240,-121.21103733608153,279,11
True,False,2.0,4.0,40,1.5,0.75,,55,14,150,True,trend_state_tp,36,2,0.018,66.24113715860804,25.94676305959137,18,0.01,,,,,,,,,,,,,,,,,,,,,,,,,,,,,,,,,,,,,,,,,,,,,,,,,,,,,,,,,1.5,0.01,489,False,False,True,,,,,,,,,,,,,,,,,,,,,,,,,,,,,,,,,,,,,,,,,,,,,,,,,,,,,,,,,0.08,0.001,150,1.0,0,10.662983422271793,-0.21119219846043571,0.3660329782398358,0.25773935404559345,0,241,-121.4853808774983,373,11
True,True,4.0,1.3,30,1.8,0.75,,10,50,400,True,trend_state_tp,18,4,0.005,68.89285486198261,24.94626014866564,24,0.0025,,,,,,,,,,,,,,,,,,,,,,,,,,,,,,,,,,,,,,,,,,,,,,,,,,,,,,,,,2.5,0.04,25,True,False,False,,,,,,,,,,,,,,,,,,,,,,,,,,,,,,,,,,,,,,,,,,,,,,,,,,,,,,,,,0.2,0.003,10,1.0,0,22.91649419014849,-0.13469019566489004,0.2797494519618404,0.4717996848020439,0,242,-121.54578544381746,1353,11
True,False,1.0,1.7,30,2.2,2.0,,40,14,80,True,range_bb_reversion,96,6,0.025,65.9127048304394,35.31816825793324,24,0.0,,,,,,,,,,,,,,,,,,,,,,,,,,,,,,,,,,,,,,,,,,,,,,,,,,,,,,,,,2.0,0.01,31,True,False,True,,,,,,,,,,,,,,,,,,,,,,,,,,,,,,,,,,,,,,,,,,,,,,,,,,,,,,,,,0.2,0.0005,75,1.5,0,10.897988825275162,-0.2623330875076098,0.4246285474634007,0.35709007569970136,0,243,-121.62934901804249,147,11
True,True,4.0,12.0,40,1.5,1.0,,8,20,150,True,trend_bb_reversion,120,2,0.0,72.64090743097529,44.428655209965754,24,0.001,,,,,,,,,,,,,,,,,,,,,,,,,,,,,,,,,,,,,,,,,,,,,,,,,,,,,,,,,3.0,0.006,21,True,True,True,,,,,,,,,,,,,,,,,,,,,,,,,,,,,,,,,,,,,,,,,,,,,,,,,,,,,,,,,1.0,0.002,150,0.5,0,11.000423358977809,-0.14705345784444315,0.19809244292885203,0.29671650223249235,0,244,-121.72648441941666,473,11
True,False,5.0,1.7,40,1.5,1.25,,20,8,150,True,trend_state_tp,8,2,0.0,61.44027797032684,35.13245429489021,24,0.0,,,,,,,,,,,,,,,,,,,,,,,,,,,,,,,,,,,,,,,,,,,,,,,,,,,,,,,,,2.5,0.015,341,True,False,True,,,,,,,,,,,,,,,,,,,,,,,,,,,,,,,,,,,,,,,,,,,,,,,,,,,,,,,,,0.05,0.001,100,0.5,0,16.65703436385699,-0.1292261358092111,0.2730253127287047,0.3120156055679594,0,245,-121.74832282198442,889,11
True,False,2.0,3.0,20,2.0,1.25,,12,14,200,False,trend_bb_reversion,96,2,0.018,58.867343196148,38.19584470192286,48,0.0005,,,,,,,,,,,,,,,,,,,,,,,,,,,,,,,,,,,,,,,,,,,,,,,,,,,,,,,,,1.5,0.006,136,True,True,False,,,,,,,,,,,,,,,,,,,,,,,,,,,,,,,,,,,,,,,,,,,,,,,,,,,,,,,,,0.08,0.001,50,0.5,0,18.21611445433593,-0.23734416080881457,0.42494820540193695,0.5187923894882088,0,246,-122.45928062422564,367,11
True,False,1.5,4.0,55,2.5,0.5,,12,14,150,True,trend_state_tp,96,3,0.0,75.87038544637929,41.89979743295071,12,0.0005,,,,,,,,,,,,,,,,,,,,,,,,,,,,,,,,,,,,,,,,,,,,,,,,,,,,,,,,,4.0,0.015,195,True,False,False,,,,,,,,,,,,,,,,,,,,,,,,,,,,,,,,,,,,,,,,,,,,,,,,,,,,,,,,,0.08,0.002,75,0.5,0,27.520695903042395,-0.1807079445157127,0.4829117795136914,0.5326486818929818,0,247,-122.57293065863081,908,11
True,False,2.5,1.7,40,2.2,1.5,,55,8,300,True,range_bb_reversion,24,3,0.005,73.57766695401676,38.53227196661581,36,0.001,,,,,,,,,,,,,,,,,,,,,,,,,,,,,,,,,,,,,,,,,,,,,,,,,,,,,,,,,4.0,0.08,609,False,True,True,,,,,,,,,,,,,,,,,,,,,,,,,,,,,,,,,,,,,,,,,,,,,,,,,,,,,,,,,0.03,0.001,10,0.0,0,12.344838228011197,-0.31348588517104736,0.3469732256944029,0.29785419126328216,1,248,-122.69708353727567,146,11
True,False,2.0,4.0,20,1.5,0.75,,16,8,400,False,range_bb_reversion,24,4,0.025,61.77568985233082,43.29072497606118,24,0.0005,,,,,,,,,,,,,,,,,,,,,,,,,,,,,,,,,,,,,,,,,,,,,,,,,,,,,,,,,1.0,0.08,236,True,True,False,,,,,,,,,,,,,,,,,,,,,,,,,,,,,,,,,,,,,,,,,,,,,,,,,,,,,,,,,0.05,0.0,20,0.0,0,19.23124250304324,-0.2301597958416452,0.3360443096198206,0.6279802761329604,0,249,-122.72849868633416,529,11
True,True,2.0,12.0,14,1.8,1.25,,16,20,300,False,channel_reclaim,48,8,0.025,61.50808797184123,39.33431861864554,36,0.005,,,,,,,,,,,,,,,,,,,,,,,,,,,,,,,,,,,,,,,,,,,,,,,,,,,,,,,,,2.5,0.01,280,True,True,False,,,,,,,,,,,,,,,,,,,,,,,,,,,,,,,,,,,,,,,,,,,,,,,,,,,,,,,,,0.2,0.0,30,0.5,0,18.019095710804258,-0.22789624362846003,0.4012633150386416,0.5483524720093415,0,250,-123.14758981210747,511,11
True,True,5.0,6.0,40,1.5,1.5,,55,80,400,True,trend_state_tp,36,1,0.0,62.54012768603292,26.524644099259756,18,0.0005,,,,,,,,,,,,,,,,,,,,,,,,,,,,,,,,,,,,,,,,,,,,,,,,,,,,,,,,,2.0,0.01,18,True,False,False,,,,,,,,,,,,,,,,,,,,,,,,,,,,,,,,,,,,,,,,,,,,,,,,,,,,,,,,,0.12,0.0005,10,1.5,0,24.437127170801748,-0.11278560237444689,0.3797594045306718,0.26406693723493857,1,251,-123.50075149606752,1107,11
True,False,1.0,12.0,20,2.5,0.75,,12,30,150,True,range_bb_reversion,72,4,0.018,68.67313851172923,34.57293997136579,6,0.005,,,,,,,,,,,,,,,,,,,,,,,,,,,,,,,,,,,,,,,,,,,,,,,,,,,,,,,,,2.5,0.015,653,False,False,True,,,,,,,,,,,,,,,,,,,,,,,,,,,,,,,,,,,,,,,,,,,,,,,,,,,,,,,,,0.2,0.0005,10,0.5,0,11.836847054481277,-0.3085270955681675,0.4742540882864297,0.29883677725782987,2,252,-125.09591126765088,134,11
True,True,4.0,8.0,80,1.8,1.0,,10,30,300,True,channel_reclaim,18,1,0.008,66.63100608649086,31.32714912079363,36,0.005,,,,,,,,,,,,,,,,,,,,,,,,,,,,,,,,,,,,,,,,,,,,,,,,,,,,,,,,,4.0,0.08,294,True,False,True,,,,,,,,,,,,,,,,,,,,,,,,,,,,,,,,,,,,,,,,,,,,,,,,,,,,,,,,,0.12,0.0005,30,1.0,0,9.419255914701662,-0.14475995934247615,0.2019473796428935,0.23298247720387522,0,253,-125.48632264873333,520,11
True,False,5.0,1.3,80,1.5,2.0,,40,50,100,True,trend_state_tp,48,6,0.0,71.4778290144191,37.40794855985354,12,0.001,,,,,,,,,,,,,,,,,,,,,,,,,,,,,,,,,,,,,,,,,,,,,,,,,,,,,,,,,4.0,0.04,230,True,False,True,,,,,,,,,,,,,,,,,,,,,,,,,,,,,,,,,,,,,,,,,,,,,,,,,,,,,,,,,1.0,0.003,10,1.25,0,13.376370468539182,-0.16818300370460798,0.2325675639382475,0.33666574725093645,0,254,-125.51674143412576,638,11
True,False,1.0,8.0,40,2.2,1.25,,16,50,300,True,range_bb_reversion,96,1,0.0025,60.14793430705275,28.759455544915916,24,0.0025,,,,,,,,,,,,,,,,,,,,,,,,,,,,,,,,,,,,,,,,,,,,,,,,,,,,,,,,,1.0,0.08,532,True,False,True,,,,,,,,,,,,,,,,,,,,,,,,,,,,,,,,,,,,,,,,,,,,,,,,,,,,,,,,,0.04,0.001,10,1.5,0,8.32008434386071,-0.3221210441769718,0.3815420887908058,0.22417229425575097,2,255,-125.59674902459814,138,11
True,False,4.0,2.2,55,2.0,1.25,,55,10,80,True,range_bb_reversion,96,1,0.0,66.62979427166856,41.94839887884434,36,0.01,,,,,,,,,,,,,,,,,,,,,,,,,,,,,,,,,,,,,,,,,,,,,,,,,,,,,,,,,2.0,0.01,279,True,False,True,,,,,,,,,,,,,,,,,,,,,,,,,,,,,,,,,,,,,,,,,,,,,,,,,,,,,,,,,0.05,0.001,10,0.5,0,9.19860766123934,-0.19928367522782023,0.12938619949405866,0.2181173846949248,0,256,-125.82391646655384,162,11
True,False,5.0,12.0,55,1.5,0.75,,8,8,200,True,range_bb_reversion,24,1,0.025,58.60292834687661,36.58070699409979,18,0.0,,,,,,,,,,,,,,,,,,,,,,,,,,,,,,,,,,,,,,,,,,,,,,,,,,,,,,,,,2.0,0.015,69,False,False,True,,,,,,,,,,,,,,,,,,,,,,,,,,,,,,,,,,,,,,,,,,,,,,,,,,,,,,,,,0.04,0.003,20,0.5,0,13.059787636632587,-0.20166937287669262,0.12847876454296941,0.19226329226329228,0,257,-126.1772672764183,163,11
True,True,2.0,8.0,55,2.5,1.0,,16,10,80,False,range_bb_reversion,8,3,0.005,76.96028143367698,35.27632181064747,24,0.0005,,,,,,,,,,,,,,,,,,,,,,,,,,,,,,,,,,,,,,,,,,,,,,,,,,,,,,,,,2.5,0.025,266,True,False,False,,,,,,,,,,,,,,,,,,,,,,,,,,,,,,,,,,,,,,,,,,,,,,,,,,,,,,,,,0.04,0.002,30,0.0,0,9.39436754134977,-0.3076583176897189,0.29431937982386636,0.49299652367834185,0,258,-128.04600263652623,162,11
True,True,2.5,2.2,55,2.0,1.25,,20,10,80,True,trend_state_tp,8,4,0.0,63.007353601563686,35.78228626285489,6,0.0025,,,,,,,,,,,,,,,,,,,,,,,,,,,,,,,,,,,,,,,,,,,,,,,,,,,,,,,,,1.5,0.025,616,False,False,True,,,,,,,,,,,,,,,,,,,,,,,,,,,,,,,,,,,,,,,,,,,,,,,,,,,,,,,,,1.0,0.001,30,0.0,0,22.929962473921655,-0.12777566334386428,0.5488838428532428,0.2931214335811131,0,259,-128.40454603360104,1156,11
True,False,2.0,1.7,30,1.5,0.5,,8,14,150,True,channel_reclaim,24,4,0.025,71.35608487528297,29.617981760541916,24,0.0005,,,,,,,,,,,,,,,,,,,,,,,,,,,,,,,,,,,,,,,,,,,,,,,,,,,,,,,,,3.0,0.01,362,True,False,True,,,,,,,,,,,,,,,,,,,,,,,,,,,,,,,,,,,,,,,,,,,,,,,,,,,,,,,,,0.04,0.0005,100,0.25,0,27.962030142148347,-0.22308393264182752,0.28467178469542,0.4784222027256083,0,260,-129.11361178783588,466,11
True,False,1.0,1.7,14,1.5,1.0,,16,14,400,True,trend_state_tp,12,4,0.025,77.66590662889506,43.004444094642196,36,0.01,,,,,,,,,,,,,,,,,,,,,,,,,,,,,,,,,,,,,,,,,,,,,,,,,,,,,,,,,2.0,0.08,542,True,True,True,,,,,,,,,,,,,,,,,,,,,,,,,,,,,,,,,,,,,,,,,,,,,,,,,,,,,,,,,0.12,0.002,10,1.25,0,21.188072336355944,-0.24656098175648247,0.45670006060401586,0.3593614321817065,1,261,-129.3898244553082,354,11
True,False,2.5,1.3,40,2.0,1.0,,55,10,80,True,trend_state_tp,120,4,0.025,74.13052959115657,24.814155255121644,18,0.0025,,,,,,,,,,,,,,,,,,,,,,,,,,,,,,,,,,,,,,,,,,,,,,,,,,,,,,,,,1.5,0.015,634,True,False,False,,,,,,,,,,,,,,,,,,,,,,,,,,,,,,,,,,,,,,,,,,,,,,,,,,,,,,,,,0.2,0.001,50,1.5,0,16.144920015388898,-0.22242622746127505,0.2579663440372244,0.41646358683053447,0,262,-130.42487958188389,447,11
True,True,4.0,3.0,30,2.0,2.0,,55,30,80,True,range_bb_reversion,96,3,0.025,69.03730075160968,43.41149638124312,18,0.0,,,,,,,,,,,,,,,,,,,,,,,,,,,,,,,,,,,,,,,,,,,,,,,,,,,,,,,,,3.0,0.01,554,True,False,True,,,,,,,,,,,,,,,,,,,,,,,,,,,,,,,,,,,,,,,,,,,,,,,,,,,,,,,,,0.2,0.002,100,0.25,0,16.561429925648845,-0.17317296075416286,0.22750857541646077,0.27903706808217277,0,263,-131.1318563179808,485,11
True,True,1.5,12.0,30,2.5,2.0,,20,14,80,False,channel_reclaim,8,1,0.018,70.84651434159574,23.50698111741483,3,0.0,,,,,,,,,,,,,,,,,,,,,,,,,,,,,,,,,,,,,,,,,,,,,,,,,,,,,,,,,2.0,0.08,738,True,False,False,,,,,,,,,,,,,,,,,,,,,,,,,,,,,,,,,,,,,,,,,,,,,,,,,,,,,,,,,0.05,0.0,10,0.25,0,26.966366536249577,-0.23682095727072464,0.5466191527177567,0.3527972995021918,1,264,-131.3023425896343,322,11
True,False,1.5,8.0,80,1.8,0.75,,16,30,150,True,trend_state_tp,8,6,0.012,73.15867251332836,28.18520252210622,6,0.0005,,,,,,,,,,,,,,,,,,,,,,,,,,,,,,,,,,,,,,,,,,,,,,,,,,,,,,,,,1.5,0.04,219,False,False,False,,,,,,,,,,,,,,,,,,,,,,,,,,,,,,,,,,,,,,,,,,,,,,,,,,,,,,,,,0.08,0.001,20,0.75,0,30.36102314036913,-0.21656854706555856,0.5937371552066184,0.31062523272289766,2,265,-131.43215211751937,770,11
True,False,3.0,1.3,40,2.2,1.25,,8,10,50,False,channel_reclaim,96,6,0.0,62.915648065606206,36.631899283586264,3,0.0,,,,,,,,,,,,,,,,,,,,,,,,,,,,,,,,,,,,,,,,,,,,,,,,,,,,,,,,,1.0,0.04,295,False,True,False,,,,,,,,,,,,,,,,,,,,,,,,,,,,,,,,,,,,,,,,,,,,,,,,,,,,,,,,,1.0,0.0,75,0.0,0,13.602103743348883,-0.26911409031041456,0.3588476986743524,0.5415726144408557,0,266,-132.5297140578337,375,11
True,False,3.0,1.7,30,1.5,1.25,,55,8,50,True,trend_state_tp,12,2,0.0,76.63206348877709,22.10057017744281,24,0.01,,,,,,,,,,,,,,,,,,,,,,,,,,,,,,,,,,,,,,,,,,,,,,,,,,,,,,,,,2.0,0.04,485,True,False,False,,,,,,,,,,,,,,,,,,,,,,,,,,,,,,,,,,,,,,,,,,,,,,,,,,,,,,,,,0.12,0.003,10,1.25,0,11.713916123109254,-0.20163347478146376,0.2325891262967192,0.2696124727679626,0,267,-132.5914834864277,470,11
True,False,1.5,8.0,20,2.0,1.0,,8,20,300,True,trend_state_tp,24,1,0.0,75.7914064591693,44.638573517137395,6,0.001,,,,,,,,,,,,,,,,,,,,,,,,,,,,,,,,,,,,,,,,,,,,,,,,,,,,,,,,,2.5,0.08,307,True,False,True,,,,,,,,,,,,,,,,,,,,,,,,,,,,,,,,,,,,,,,,,,,,,,,,,,,,,,,,,0.2,0.001,30,0.0,0,24.019965774463774,-0.22224023802684412,0.4561647545621531,0.39644130714866255,1,268,-132.97782761167372,587,11
True,False,2.0,12.0,20,2.0,1.0,,16,14,150,True,trend_bb_reversion,48,3,0.0,69.26065682330861,34.843805984404725,3,0.0005,,,,,,,,,,,,,,,,,,,,,,,,,,,,,,,,,,,,,,,,,,,,,,,,,,,,,,,,,2.0,0.08,747,True,True,True,,,,,,,,,,,,,,,,,,,,,,,,,,,,,,,,,,,,,,,,,,,,,,,,,,,,,,,,,0.2,0.003,75,0.25,0,7.470483493960964,-0.2584609118387569,0.20117341029294183,0.3103821545396332,0,269,-134.7666959681726,217,11
True,True,3.0,2.2,40,2.0,1.5,,30,8,80,True,range_bb_reversion,72,3,0.0025,63.54337890846319,38.49695411377343,48,0.01,,,,,,,,,,,,,,,,,,,,,,,,,,,,,,,,,,,,,,,,,,,,,,,,,,,,,,,,,2.5,0.025,596,False,False,True,,,,,,,,,,,,,,,,,,,,,,,,,,,,,,,,,,,,,,,,,,,,,,,,,,,,,,,,,1.0,0.002,100,1.5,0,17.819435580594565,-0.19708475678623216,0.2638328163311901,0.2940457139826057,0,270,-135.1540831759777,424,11
True,True,1.5,12.0,55,2.0,0.5,,10,8,200,True,trend_state_tp,48,3,0.012,60.653687172267766,22.320298402807854,24,0.0025,,,,,,,,,,,,,,,,,,,,,,,,,,,,,,,,,,,,,,,,,,,,,,,,,,,,,,,,,3.0,0.015,730,True,False,True,,,,,,,,,,,,,,,,,,,,,,,,,,,,,,,,,,,,,,,,,,,,,,,,,,,,,,,,,0.05,0.0,20,0.0,0,40.06371236961488,-0.18246244745174475,0.5218754483744071,0.5195220847468901,1,271,-135.16025860858858,1229,11
True,False,2.0,8.0,80,2.0,1.25,,16,30,80,True,trend_state_tp,36,4,0.018,61.331430569190715,35.09436525786482,3,0.001,,,,,,,,,,,,,,,,,,,,,,,,,,,,,,,,,,,,,,,,,,,,,,,,,,,,,,,,,3.0,0.025,365,False,True,False,,,,,,,,,,,,,,,,,,,,,,,,,,,,,,,,,,,,,,,,,,,,,,,,,,,,,,,,,0.03,0.003,20,0.75,0,13.493944071599048,-0.24454679098467802,0.49575792252642903,0.23094711077904356,1,272,-136.00656415062434,305,11
True,False,1.0,12.0,80,2.2,0.75,,8,30,100,True,range_bb_reversion,8,2,0.0025,75.43565277538802,26.171307371208766,12,0.0025,,,,,,,,,,,,,,,,,,,,,,,,,,,,,,,,,,,,,,,,,,,,,,,,,,,,,,,,,1.5,0.08,581,False,False,True,,,,,,,,,,,,,,,,,,,,,,,,,,,,,,,,,,,,,,,,,,,,,,,,,,,,,,,,,0.05,0.0005,10,0.0,0,10.644063336362429,-0.30220663623253174,0.3843267238144511,0.33035001484658233,1,273,-136.52806485637473,157,11
True,False,2.0,4.0,14,2.0,0.5,,8,10,200,True,trend_bb_reversion,36,2,0.0,75.32037716845498,33.22989686769669,12,0.0005,,,,,,,,,,,,,,,,,,,,,,,,,,,,,,,,,,,,,,,,,,,,,,,,,,,,,,,,,3.0,0.015,329,True,False,True,,,,,,,,,,,,,,,,,,,,,,,,,,,,,,,,,,,,,,,,,,,,,,,,,,,,,,,,,0.12,0.003,150,0.0,0,19.145791258561523,-0.22712386879019097,0.24403810123312486,0.394547329523215,0,274,-136.60772497342506,451,11
True,False,4.0,1.7,20,2.2,2.0,,20,10,50,True,trend_state_tp,24,2,0.005,66.37148974466011,22.55534998183197,18,0.0025,,,,,,,,,,,,,,,,,,,,,,,,,,,,,,,,,,,,,,,,,,,,,,,,,,,,,,,,,2.5,0.01,767,True,False,True,,,,,,,,,,,,,,,,,,,,,,,,,,,,,,,,,,,,,,,,,,,,,,,,,,,,,,,,,0.05,0.002,30,0.75,0,15.332653775079576,-0.160494438268474,0.2513959424274877,0.2763590109439321,0,275,-136.7156463676534,802,11
True,False,2.5,3.0,14,1.5,2.0,,8,14,100,True,channel_reclaim,12,6,0.012,75.81025258986148,44.85884160021518,18,0.001,,,,,,,,,,,,,,,,,,,,,,,,,,,,,,,,,,,,,,,,,,,,,,,,,,,,,,,,,2.5,0.015,298,True,False,True,,,,,,,,,,,,,,,,,,,,,,,,,,,,,,,,,,,,,,,,,,,,,,,,,,,,,,,,,0.2,0.0,20,0.75,0,14.229115684592733,-0.21304008334782906,0.3510238691558571,0.305557859366985,0,276,-137.01936706130294,462,11
True,False,4.0,6.0,14,1.5,1.0,,20,14,150,True,trend_state_tp,24,2,0.0025,72.91513227201229,22.38594115777161,12,0.001,,,,,,,,,,,,,,,,,,,,,,,,,,,,,,,,,,,,,,,,,,,,,,,,,,,,,,,,,2.5,0.015,779,False,False,False,,,,,,,,,,,,,,,,,,,,,,,,,,,,,,,,,,,,,,,,,,,,,,,,,,,,,,,,,1.0,0.003,50,0.25,0,16.548954870714887,-0.14781452521839747,0.4602441427886444,0.20059609035784343,0,277,-138.15217969505426,783,11
True,False,1.0,6.0,30,2.0,1.5,,8,14,80,True,trend_state_tp,24,4,0.012,67.49800250305208,27.747121599136847,36,0.005,,,,,,,,,,,,,,,,,,,,,,,,,,,,,,,,,,,,,,,,,,,,,,,,,,,,,,,,,1.5,0.08,165,True,False,True,,,,,,,,,,,,,,,,,,,,,,,,,,,,,,,,,,,,,,,,,,,,,,,,,,,,,,,,,0.12,0.002,50,0.5,0,21.91618790379982,-0.20478097247663768,0.5967208051170333,0.3346718058492519,1,278,-138.30924535747843,719,11
True,False,3.0,3.0,40,2.0,2.0,,12,80,130,True,channel_reclaim,120,1,0.018,62.94185395942066,31.78316086513836,36,0.001,,,,,,,,,,,,,,,,,,,,,,,,,,,,,,,,,,,,,,,,,,,,,,,,,,,,,,,,,2.5,0.01,700,True,True,True,,,,,,,,,,,,,,,,,,,,,,,,,,,,,,,,,,,,,,,,,,,,,,,,,,,,,,,,,0.12,0.002,100,1.0,0,8.70357719606189,-0.19454962815224805,0.1268803975049295,0.2210011765901883,0,279,-138.64766428796997,314,11
False,True,2.0,1.7,55,1.8,0.5,,10,20,300,True,trend_state_tp,8,2,0.0,59.91097673201899,31.153396159700982,36,0.001,,,,,,,,,,,,,,,,,,,,,,,,,,,,,,,,,,,,,,,,,,,,,,,,,,,,,,,,,4.0,0.08,577,True,False,True,,,,,,,,,,,,,,,,,,,,,,,,,,,,,,,,,,,,,,,,,,,,,,,,,,,,,,,,,0.03,0.0005,75,0.5,0,36.26327838720972,-0.22570762664881816,0.25203789649753056,0.41336431680451985,0,280,-139.50418196347516,394,11
True,True,1.0,3.0,14,2.2,1.0,,8,8,150,False,channel_reclaim,48,6,0.025,76.52269541885963,36.33041905173113,48,0.0025,,,,,,,,,,,,,,,,,,,,,,,,,,,,,,,,,,,,,,,,,,,,,,,,,,,,,,,,,1.0,0.006,420,True,True,False,,,,,,,,,,,,,,,,,,,,,,,,,,,,,,,,,,,,,,,,,,,,,,,,,,,,,,,,,0.12,0.0,100,1.25,0,14.089428827424566,-0.284767411592883,0.3984959239837058,0.4858584502610164,0,281,-139.57745502175794,324,11
True,True,4.0,4.0,14,1.5,1.25,,10,10,300,True,trend_state_tp,96,1,0.008,68.64079249945341,43.34774764333579,48,0.005,,,,,,,,,,,,,,,,,,,,,,,,,,,,,,,,,,,,,,,,,,,,,,,,,,,,,,,,,4.0,0.01,751,True,False,True,,,,,,,,,,,,,,,,,,,,,,,,,,,,,,,,,,,,,,,,,,,,,,,,,,,,,,,,,0.08,0.003,10,1.5,0,17.858566448577466,-0.14654648202511852,0.33548895749601876,0.25952171759980713,0,282,-140.07362012543464,814,11
True,True,4.0,3.0,80,1.5,1.5,,30,8,400,True,trend_state_tp,8,1,0.025,64.30333368222782,26.15150362042684,18,0.001,,,,,,,,,,,,,,,,,,,,,,,,,,,,,,,,,,,,,,,,,,,,,,,,,,,,,,,,,4.0,0.006,110,True,False,True,,,,,,,,,,,,,,,,,,,,,,,,,,,,,,,,,,,,,,,,,,,,,,,,,,,,,,,,,0.08,0.003,30,1.25,0,25.047319936601355,-0.13504507318544978,0.35714955498981227,0.27026103578062655,0,283,-140.43915876244816,1146,11
True,True,1.0,2.2,30,1.8,0.75,,16,20,100,False,channel_reclaim,12,4,0.018,65.13181475616025,41.41834347341782,6,0.0,,,,,,,,,,,,,,,,,,,,,,,,,,,,,,,,,,,,,,,,,,,,,,,,,,,,,,,,,3.0,0.01,488,True,False,False,,,,,,,,,,,,,,,,,,,,,,,,,,,,,,,,,,,,,,,,,,,,,,,,,,,,,,,,,0.04,0.001,30,0.0,0,27.070291946874814,-0.26465418648680433,0.3987577958546975,0.5482365050279489,0,284,-141.2222587223958,442,11
True,False,1.5,1.3,30,2.0,1.25,,16,10,50,True,range_bb_reversion,72,6,0.005,59.32688182492479,37.22530213272942,36,0.001,,,,,,,,,,,,,,,,,,,,,,,,,,,,,,,,,,,,,,,,,,,,,,,,,,,,,,,,,4.0,0.015,127,True,False,True,,,,,,,,,,,,,,,,,,,,,,,,,,,,,,,,,,,,,,,,,,,,,,,,,,,,,,,,,1.0,0.003,150,0.25,0,11.295866111039617,-0.2719995690507535,0.29331753475441374,0.39070980692115315,0,285,-142.17815329406366,301,11
True,False,1.5,2.2,30,2.0,0.5,,12,14,100,True,range_bb_reversion,8,2,0.0025,71.02585161423872,38.92882341217784,6,0.0025,,,,,,,,,,,,,,,,,,,,,,,,,,,,,,,,,,,,,,,,,,,,,,,,,,,,,,,,,1.0,0.025,344,False,False,True,,,,,,,,,,,,,,,,,,,,,,,,,,,,,,,,,,,,,,,,,,,,,,,,,,,,,,,,,0.05,0.0005,50,1.0,0,14.986851964140929,-0.26197569335141857,0.28059633064896455,0.25773941969809117,1,286,-142.30084922734673,311,11
True,False,2.0,12.0,20,2.0,1.25,,12,30,150,True,range_bb_reversion,12,4,0.005,64.18821512851702,39.49503544294311,6,0.0005,,,,,,,,,,,,,,,,,,,,,,,,,,,,,,,,,,,,,,,,,,,,,,,,,,,,,,,,,3.0,0.08,290,True,False,True,,,,,,,,,,,,,,,,,,,,,,,,,,,,,,,,,,,,,,,,,,,,,,,,,,,,,,,,,0.03,0.002,10,0.25,0,21.365639214317483,-0.28566866244719885,0.2720950735983048,0.3669191919191919,0,287,-142.66147377054472,272,11
True,False,2.5,8.0,80,2.5,0.75,,20,50,100,True,range_bb_reversion,12,1,0.008,72.3888289087134,38.98954189732565,24,0.001,,,,,,,,,,,,,,,,,,,,,,,,,,,,,,,,,,,,,,,,,,,,,,,,,,,,,,,,,1.5,0.01,60,True,False,True,,,,,,,,,,,,,,,,,,,,,,,,,,,,,,,,,,,,,,,,,,,,,,,,,,,,,,,,,0.05,0.001,20,0.75,0,8.516785779927437,-0.26922800705753747,0.09015889654949932,0.2288657249183565,0,288,-145.96258765744162,127,11
True,True,1.0,1.7,80,2.2,0.75,,30,50,150,True,range_bb_reversion,36,4,0.0025,72.75271148151069,28.679289397982103,3,0.001,,,,,,,,,,,,,,,,,,,,,,,,,,,,,,,,,,,,,,,,,,,,,,,,,,,,,,,,,4.0,0.08,565,True,False,True,,,,,,,,,,,,,,,,,,,,,,,,,,,,,,,,,,,,,,,,,,,,,,,,,,,,,,,,,1.0,0.001,30,0.0,0,13.699194164722853,-0.2768405451289653,0.3664843171451432,0.4433174264494685,0,289,-146.92835144836494,374,11
True,False,1.5,3.0,14,1.8,1.25,,20,80,100,True,trend_state_tp,120,4,0.012,71.117002202122,26.319621268336533,18,0.005,,,,,,,,,,,,,,,,,,,,,,,,,,,,,,,,,,,,,,,,,,,,,,,,,,,,,,,,,3.0,0.01,351,True,True,True,,,,,,,,,,,,,,,,,,,,,,,,,,,,,,,,,,,,,,,,,,,,,,,,,,,,,,,,,0.08,0.0,50,1.5,0,17.684065747596662,-0.27279308046811823,0.45261385427092404,0.328995776992417,0,290,-147.11890824317288,369,11
True,False,1.0,1.3,30,2.0,2.0,,8,80,150,True,channel_reclaim,24,1,0.0,77.71605899378133,25.110945385745133,12,0.001,,,,,,,,,,,,,,,,,,,,,,,,,,,,,,,,,,,,,,,,,,,,,,,,,,,,,,,,,1.5,0.015,509,False,False,True,,,,,,,,,,,,,,,,,,,,,,,,,,,,,,,,,,,,,,,,,,,,,,,,,,,,,,,,,0.2,0.001,75,1.5,0,13.357455714302347,-0.3085580211716053,0.3029195090215745,0.3180592666238599,0,291,-147.5921547715548,139,11
True,True,2.5,4.0,30,1.8,1.25,,55,20,50,True,trend_state_tp,12,3,0.012,61.955576563945414,27.332528448840932,18,0.0,,,,,,,,,,,,,,,,,,,,,,,,,,,,,,,,,,,,,,,,,,,,,,,,,,,,,,,,,2.5,0.006,676,True,False,True,,,,,,,,,,,,,,,,,,,,,,,,,,,,,,,,,,,,,,,,,,,,,,,,,,,,,,,,,0.04,0.0,150,0.0,0,58.53984797617244,-0.16578313750731088,0.49199981556077693,0.4033572964746306,0,292,-148.851604321104,1130,11
True,False,1.0,8.0,30,2.2,0.75,,55,80,100,False,trend_bb_reversion,18,1,0.025,71.02144661499786,31.652836780240243,24,0.005,,,,,,,,,,,,,,,,,,,,,,,,,,,,,,,,,,,,,,,,,,,,,,,,,,,,,,,,,2.0,0.015,86,True,False,False,,,,,,,,,,,,,,,,,,,,,,,,,,,,,,,,,,,,,,,,,,,,,,,,,,,,,,,,,0.2,0.001,50,0.0,0,13.15034989293084,-0.3440941536683011,0.3101820315240876,0.5140640912688501,0,293,-149.20241455556206,216,11
True,False,3.0,2.2,30,1.8,1.5,,30,20,80,True,trend_state_tp,18,3,0.012,76.08252281074851,25.510027861631627,24,0.001,,,,,,,,,,,,,,,,,,,,,,,,,,,,,,,,,,,,,,,,,,,,,,,,,,,,,,,,,3.0,0.015,326,True,False,True,,,,,,,,,,,,,,,,,,,,,,,,,,,,,,,,,,,,,,,,,,,,,,,,,,,,,,,,,0.08,0.002,75,0.5,0,23.32583046249124,-0.18256576861793203,0.3750810324171608,0.3310140744084214,0,294,-149.37625382146538,865,11
True,True,4.0,12.0,14,1.5,1.25,,40,20,50,True,range_bb_reversion,24,1,0.005,62.55713354248782,33.18033480153453,24,0.01,,,,,,,,,,,,,,,,,,,,,,,,,,,,,,,,,,,,,,,,,,,,,,,,,,,,,,,,,2.0,0.01,145,False,False,True,,,,,,,,,,,,,,,,,,,,,,,,,,,,,,,,,,,,,,,,,,,,,,,,,,,,,,,,,0.12,0.003,150,1.5,0,18.331509376327585,-0.1661671178738307,0.1815980414431189,0.21213862082255278,0,295,-149.4505630960341,571,11
True,True,2.0,6.0,55,2.0,1.5,,20,80,200,True,channel_reclaim,24,2,0.0025,73.28412646147238,36.88396655501118,48,0.005,,,,,,,,,,,,,,,,,,,,,,,,,,,,,,,,,,,,,,,,,,,,,,,,,,,,,,,,,2.0,0.006,205,False,False,True,,,,,,,,,,,,,,,,,,,,,,,,,,,,,,,,,,,,,,,,,,,,,,,,,,,,,,,,,0.04,0.001,20,1.0,0,13.240655763557347,-0.2503870566000528,0.2239921752654842,0.2705870975529448,0,296,-149.55083451617787,254,11
True,False,2.0,2.2,80,2.0,1.0,,30,30,100,True,trend_state_tp,48,2,0.012,67.71559957837844,44.31674500963281,24,0.005,,,,,,,,,,,,,,,,,,,,,,,,,,,,,,,,,,,,,,,,,,,,,,,,,,,,,,,,,2.5,0.01,260,True,False,True,,,,,,,,,,,,,,,,,,,,,,,,,,,,,,,,,,,,,,,,,,,,,,,,,,,,,,,,,0.2,0.003,20,1.5,0,15.3292555517493,-0.2547910983448902,0.3169658325145679,0.33104638767091044,0,297,-150.9394806491962,475,11
True,True,5.0,1.3,40,2.0,1.5,,30,10,50,True,trend_state_tp,18,1,0.008,70.02970092105214,22.858160092451076,24,0.0005,,,,,,,,,,,,,,,,,,,,,,,,,,,,,,,,,,,,,,,,,,,,,,,,,,,,,,,,,2.5,0.08,65,True,False,True,,,,,,,,,,,,,,,,,,,,,,,,,,,,,,,,,,,,,,,,,,,,,,,,,,,,,,,,,0.05,0.0005,75,1.25,0,28.835604863897366,-0.12760106499904877,0.20104594208248702,0.2658497959119918,0,298,-151.52945005828903,1139,11
True,False,2.5,1.7,20,2.5,1.25,,8,14,300,True,trend_state_tp,18,1,0.0,75.59461100418167,43.64454544898351,3,0.0005,,,,,,,,,,,,,,,,,,,,,,,,,,,,,,,,,,,,,,,,,,,,,,,,,,,,,,,,,1.5,0.006,638,True,False,True,,,,,,,,,,,,,,,,,,,,,,,,,,,,,,,,,,,,,,,,,,,,,,,,,,,,,,,,,0.04,0.001,50,1.0,0,20.182889221923578,-0.22970503238488585,0.2186724339109443,0.2429151656424384,0,299,-151.6179401090374,444,11
True,False,2.0,1.3,30,2.0,1.5,,16,14,150,True,channel_reclaim,120,4,0.008,72.22213035680198,30.694623906290044,18,0.001,,,,,,,,,,,,,,,,,,,,,,,,,,,,,,,,,,,,,,,,,,,,,,,,,,,,,,,,,4.0,0.04,97,True,False,True,,,,,,,,,,,,,,,,,,,,,,,,,,,,,,,,,,,,,,,,,,,,,,,,,,,,,,,,,0.12,0.003,150,0.5,0,13.089510623153208,-0.26653682951990226,0.22197768353219594,0.3276696864355097,0,300,-152.05556198575854,372,11
True,False,1.0,4.0,30,2.0,1.0,,12,20,80,False,trend_reclaim,120,1,0.0,74.89711547009708,39.64616250471728,24,0.005,,,,,,,,,,,,,,,,,,,,,,,,,,,,,,,,,,,,,,,,,,,,,,,,,,,,,,,,,1.5,0.08,743,True,False,False,,,,,,,,,,,,,,,,,,,,,,,,,,,,,,,,,,,,,,,,,,,,,,,,,,,,,,,,,0.08,0.003,20,0.5,0,20.12971287123736,-0.3382307796301994,0.41580782429335233,0.4435894536046913,1,301,-152.7189657913432,313,11
True,False,2.0,4.0,40,2.2,2.0,,16,10,200,True,trend_state_tp,18,4,0.0,73.54873694020303,42.78680395945992,6,0.0,,,,,,,,,,,,,,,,,,,,,,,,,,,,,,,,,,,,,,,,,,,,,,,,,,,,,,,,,2.5,0.025,693,True,False,False,,,,,,,,,,,,,,,,,,,,,,,,,,,,,,,,,,,,,,,,,,,,,,,,,,,,,,,,,1.0,0.001,30,1.25,0,22.87067860197106,-0.22862773825087557,0.43341544169708274,0.3461918561845296,0,302,-153.38483369463634,662,11
True,True,3.0,3.0,55,2.2,1.5,,20,8,300,True,trend_state_tp,8,6,0.008,71.94849440535214,30.19026387301256,36,0.0,,,,,,,,,,,,,,,,,,,,,,,,,,,,,,,,,,,,,,,,,,,,,,,,,,,,,,,,,4.0,0.006,410,True,True,True,,,,,,,,,,,,,,,,,,,,,,,,,,,,,,,,,,,,,,,,,,,,,,,,,,,,,,,,,0.04,0.0005,10,0.5,0,44.16311841109285,-0.18539713481796413,0.39563590181503655,0.37910368888652984,1,303,-153.63739004935448,1091,11
True,False,1.0,6.0,30,2.5,0.75,,40,30,200,False,channel_reclaim,12,1,0.0025,70.61829902253655,36.22253716632365,36,0.001,,,,,,,,,,,,,,,,,,,,,,,,,,,,,,,,,,,,,,,,,,,,,,,,,,,,,,,,,2.5,0.025,10,True,False,False,,,,,,,,,,,,,,,,,,,,,,,,,,,,,,,,,,,,,,,,,,,,,,,,,,,,,,,,,0.2,0.0,20,1.25,0,6.78745407609338,-0.36926270893373697,0.3583903338970427,0.45774087024087023,0,304,-154.23905931191456,129,11
True,True,2.5,6.0,14,2.5,1.0,,16,50,100,True,channel_reclaim,96,3,0.018,77.08793535126989,41.927679198532154,24,0.0,,,,,,,,,,,,,,,,,,,,,,,,,,,,,,,,,,,,,,,,,,,,,,,,,,,,,,,,,3.0,0.015,589,True,False,True,,,,,,,,,,,,,,,,,,,,,,,,,,,,,,,,,,,,,,,,,,,,,,,,,,,,,,,,,0.12,0.0005,30,0.5,0,27.151675509627918,-0.19115284982419975,0.3299338613484895,0.3439475976662547,0,305,-154.3658341278999,845,11
True,False,2.0,12.0,20,1.8,1.25,,20,8,80,True,trend_state_tp,48,3,0.018,61.19922610179332,42.11690230180473,18,0.005,,,,,,,,,,,,,,,,,,,,,,,,,,,,,,,,,,,,,,,,,,,,,,,,,,,,,,,,,3.0,0.04,66,True,False,True,,,,,,,,,,,,,,,,,,,,,,,,,,,,,,,,,,,,,,,,,,,,,,,,,,,,,,,,,0.2,0.0005,10,0.75,0,21.69301752525851,-0.20932010077340496,0.408969441852217,0.3232459942710305,0,306,-154.88068591943798,819,11
True,False,2.0,1.7,30,1.5,2.0,,10,30,200,True,trend_state_tp,96,3,0.008,61.33538562696225,29.120751128297695,18,0.005,,,,,,,,,,,,,,,,,,,,,,,,,,,,,,,,,,,,,,,,,,,,,,,,,,,,,,,,,4.0,0.025,672,True,False,True,,,,,,,,,,,,,,,,,,,,,,,,,,,,,,,,,,,,,,,,,,,,,,,,,,,,,,,,,0.08,0.002,50,0.75,0,16.87133794937027,-0.24758985988009144,0.3178097935680304,0.30447698550565155,0,307,-154.91369858652018,643,11
True,True,4.0,1.7,14,1.5,2.0,,10,30,150,True,trend_state_tp,18,4,0.012,60.80720772517606,22.141907142817253,12,0.0,,,,,,,,,,,,,,,,,,,,,,,,,,,,,,,,,,,,,,,,,,,,,,,,,,,,,,,,,2.0,0.04,285,True,False,True,,,,,,,,,,,,,,,,,,,,,,,,,,,,,,,,,,,,,,,,,,,,,,,,,,,,,,,,,1.0,0.0005,50,0.75,0,45.51886471156548,-0.12747339383021636,0.38546125886131577,0.32477203217878203,0,308,-155.17792565831775,1703,11
True,False,2.0,1.3,14,2.5,2.0,,12,8,80,True,trend_state_tp,120,3,0.018,62.680438998303,28.247638873286185,24,0.0,,,,,,,,,,,,,,,,,,,,,,,,,,,,,,,,,,,,,,,,,,,,,,,,,,,,,,,,,1.0,0.01,646,True,True,True,,,,,,,,,,,,,,,,,,,,,,,,,,,,,,,,,,,,,,,,,,,,,,,,,,,,,,,,,0.12,0.002,20,0.75,0,27.045920285382298,-0.17370731508423834,0.39029300138888784,0.2793066483819785,0,309,-155.2666596577452,1055,11
True,True,4.0,4.0,20,2.2,0.75,,8,14,400,True,trend_state_tp,18,1,0.008,72.92856002829382,36.140401912904224,36,0.0,,,,,,,,,,,,,,,,,,,,,,,,,,,,,,,,,,,,,,,,,,,,,,,,,,,,,,,,,2.5,0.015,233,True,True,False,,,,,,,,,,,,,,,,,,,,,,,,,,,,,,,,,,,,,,,,,,,,,,,,,,,,,,,,,0.05,0.0,100,0.75,0,38.46569913955451,-0.12566706986173812,0.36225670430219964,0.31866760062508576,0,310,-155.35217744471714,1561,11
True,False,2.0,1.3,55,2.2,1.5,,10,50,200,True,range_bb_reversion,24,3,0.025,67.0693511902518,33.7206524187649,3,0.01,,,,,,,,,,,,,,,,,,,,,,,,,,,,,,,,,,,,,,,,,,,,,,,,,,,,,,,,,3.0,0.025,508,True,False,True,,,,,,,,,,,,,,,,,,,,,,,,,,,,,,,,,,,,,,,,,,,,,,,,,,,,,,,,,1.0,0.002,20,0.0,0,12.742449634397088,-0.31324097727713895,0.1825668655377265,0.3057604605732948,0,311,-155.49823523067198,174,11
True,False,2.0,4.0,20,2.5,1.5,,55,8,150,True,trend_state_tp,120,2,0.018,76.08460278661583,38.96259365703924,3,0.0,,,,,,,,,,,,,,,,,,,,,,,,,,,,,,,,,,,,,,,,,,,,,,,,,,,,,,,,,2.0,0.08,107,True,False,True,,,,,,,,,,,,,,,,,,,,,,,,,,,,,,,,,,,,,,,,,,,,,,,,,,,,,,,,,0.04,0.001,50,1.0,0,23.01672307291556,-0.22538996868484074,0.3683126918652709,0.2970457916337643,0,312,-155.77825549304816,577,11
True,True,4.0,4.0,40,2.5,0.75,,8,14,80,True,trend_state_tp,12,1,0.0025,70.19852233802192,23.638842353791844,18,0.0005,,,,,,,,,,,,,,,,,,,,,,,,,,,,,,,,,,,,,,,,,,,,,,,,,,,,,,,,,4.0,0.01,250,True,False,True,,,,,,,,,,,,,,,,,,,,,,,,,,,,,,,,,,,,,,,,,,,,,,,,,,,,,,,,,0.2,0.002,50,0.5,0,45.06766011456437,-0.12221701647394055,0.3728331997037554,0.3699331228700796,0,313,-155.81912396098537,2134,11
True,False,1.0,12.0,30,1.5,1.5,,12,30,80,True,range_bb_reversion,24,2,0.025,77.27490643233041,24.01222431492322,3,0.0005,,,,,,,,,,,,,,,,,,,,,,,,,,,,,,,,,,,,,,,,,,,,,,,,,,,,,,,,,4.0,0.08,142,True,False,True,,,,,,,,,,,,,,,,,,,,,,,,,,,,,,,,,,,,,,,,,,,,,,,,,,,,,,,,,0.04,0.003,20,1.5,0,9.160955123398034,-0.3298947114960842,0.32456118541290024,0.3336914547440863,0,314,-157.10545370412638,161,11
False,True,2.0,1.3,40,2.0,1.0,,10,30,300,True,range_bb_reversion,96,2,0.0025,59.358844599850094,29.15592733384351,6,0.0025,,,,,,,,,,,,,,,,,,,,,,,,,,,,,,,,,,,,,,,,,,,,,,,,,,,,,,,,,3.0,0.025,261,False,False,True,,,,,,,,,,,,,,,,,,,,,,,,,,,,,,,,,,,,,,,,,,,,,,,,,,,,,,,,,0.05,0.003,100,1.25,0,12.423397437476108,-0.28013259807713037,1.0645853314785418,0.298852157943067,1,315,-158.06622104958774,144,11
True,False,1.0,3.0,40,1.8,0.75,,8,20,80,True,channel_reclaim,96,3,0.018,68.10761843418338,33.787470369392516,36,0.0,,,,,,,,,,,,,,,,,,,,,,,,,,,,,,,,,,,,,,,,,,,,,,,,,,,,,,,,,2.0,0.015,243,True,False,True,,,,,,,,,,,,,,,,,,,,,,,,,,,,,,,,,,,,,,,,,,,,,,,,,,,,,,,,,0.2,0.003,50,0.75,0,19.143868572665994,-0.26625225915529777,0.40589364347398205,0.39272638009970073,0,316,-158.3139893146032,497,11
True,False,2.0,6.0,30,2.0,0.5,,30,30,50,True,range_bb_reversion,36,1,0.008,70.1739592404238,42.84176209799014,6,0.005,,,,,,,,,,,,,,,,,,,,,,,,,,,,,,,,,,,,,,,,,,,,,,,,,,,,,,,,,1.0,0.08,691,True,False,True,,,,,,,,,,,,,,,,,,,,,,,,,,,,,,,,,,,,,,,,,,,,,,,,,,,,,,,,,0.04,0.002,10,0.0,0,20.41165474163638,-0.25122210011174867,0.17759760926355236,0.3167294255938044,0,317,-158.62247188887144,374,11
True,False,2.5,12.0,80,2.0,1.25,,16,8,80,True,trend_state_tp,96,1,0.025,75.42568420635045,23.52072891145396,3,0.0,,,,,,,,,,,,,,,,,,,,,,,,,,,,,,,,,,,,,,,,,,,,,,,,,,,,,,,,,3.0,0.08,320,True,True,True,,,,,,,,,,,,,,,,,,,,,,,,,,,,,,,,,,,,,,,,,,,,,,,,,,,,,,,,,0.04,0.003,150,0.5,0,30.31627314699867,-0.18646789467160974,0.4233402900026946,0.2679933508223988,1,318,-158.94554202660967,914,11
True,False,1.5,8.0,30,2.2,0.75,,12,30,80,False,range_bb_reversion,24,1,0.005,62.97681905032924,40.24535330944596,6,0.01,,,,,,,,,,,,,,,,,,,,,,,,,,,,,,,,,,,,,,,,,,,,,,,,,,,,,,,,,1.5,0.015,238,True,False,False,,,,,,,,,,,,,,,,,,,,,,,,,,,,,,,,,,,,,,,,,,,,,,,,,,,,,,,,,0.03,0.003,20,0.25,0,13.76668512142899,-0.4477832363707994,0.22440668083976972,0.4604468324824056,1,319,-159.02830998253444,182,11
True,True,1.0,2.2,40,2.0,1.5,,16,20,100,True,range_bb_reversion,18,8,0.0025,63.20745166908704,27.68892144753389,24,0.01,,,,,,,,,,,,,,,,,,,,,,,,,,,,,,,,,,,,,,,,,,,,,,,,,,,,,,,,,2.5,0.025,785,False,False,True,,,,,,,,,,,,,,,,,,,,,,,,,,,,,,,,,,,,,,,,,,,,,,,,,,,,,,,,,1.0,0.0,20,0.0,0,18.226104693603954,-0.26222123342853526,0.4472392896715656,0.3279269313696545,0,320,-159.259578199618,422,11
True,False,2.5,1.3,40,2.5,1.0,,8,20,80,False,channel_reclaim,24,8,0.0,60.969313577561806,25.76867708112302,36,0.0005,,,,,,,,,,,,,,,,,,,,,,,,,,,,,,,,,,,,,,,,,,,,,,,,,,,,,,,,,4.0,0.01,189,False,False,False,,,,,,,,,,,,,,,,,,,,,,,,,,,,,,,,,,,,,,,,,,,,,,,,,,,,,,,,,0.03,0.002,20,1.0,0,13.016059652368156,-0.3557985638126019,0.22235251105368745,0.4534005210475799,0,321,-160.1652932438775,143,11
True,False,2.0,1.7,40,2.2,1.0,,30,50,80,True,range_bb_reversion,120,1,0.018,69.20230894993743,41.50232326202737,18,0.01,,,,,,,,,,,,,,,,,,,,,,,,,,,,,,,,,,,,,,,,,,,,,,,,,,,,,,,,,4.0,0.01,141,True,False,True,,,,,,,,,,,,,,,,,,,,,,,,,,,,,,,,,,,,,,,,,,,,,,,,,,,,,,,,,0.08,0.0,100,0.0,0,17.615971682078186,-0.27677224515641957,0.20357019183739908,0.30759199560380596,0,322,-160.35363225555548,296,11
True,False,1.0,4.0,14,1.5,0.5,,40,20,300,True,trend_bb_reversion,36,2,0.005,66.12226109515719,42.51383795227848,18,0.0005,,,,,,,,,,,,,,,,,,,,,,,,,,,,,,,,,,,,,,,,,,,,,,,,,,,,,,,,,4.0,0.006,607,True,False,True,,,,,,,,,,,,,,,,,,,,,,,,,,,,,,,,,,,,,,,,,,,,,,,,,,,,,,,,,1.0,0.001,10,1.25,0,11.668007589770685,-0.31933760809641476,0.3085696487280117,0.3713606076254298,0,323,-160.51715980664875,252,11
True,False,1.5,1.3,20,2.0,2.0,,8,30,200,True,trend_bb_reversion,72,2,0.0,75.32704595304973,40.9348245998405,48,0.005,,,,,,,,,,,,,,,,,,,,,,,,,,,,,,,,,,,,,,,,,,,,,,,,,,,,,,,,,1.0,0.025,155,True,False,True,,,,,,,,,,,,,,,,,,,,,,,,,,,,,,,,,,,,,,,,,,,,,,,,,,,,,,,,,0.03,0.0,50,0.25,0,13.260096866118651,-0.2747911926995138,0.4194979307001257,0.2474352556888442,1,324,-161.25859883954723,205,11
True,True,3.0,8.0,30,2.2,1.25,,12,14,300,True,channel_reclaim,8,1,0.0,68.71361350671594,30.479158959172445,12,0.0025,,,,,,,,,,,,,,,,,,,,,,,,,,,,,,,,,,,,,,,,,,,,,,,,,,,,,,,,,4.0,0.01,74,True,False,True,,,,,,,,,,,,,,,,,,,,,,,,,,,,,,,,,,,,,,,,,,,,,,,,,,,,,,,,,0.12,0.003,100,0.25,0,15.537499513421745,-0.17678151173835338,0.21558340099827616,0.23898803863656448,0,325,-161.82266450090216,764,11
True,False,1.5,12.0,30,1.5,1.5,,10,20,50,False,channel_reclaim,12,2,0.0,73.1643408397976,39.50971476908784,12,0.0,,,,,,,,,,,,,,,,,,,,,,,,,,,,,,,,,,,,,,,,,,,,,,,,,,,,,,,,,2.0,0.006,190,True,False,False,,,,,,,,,,,,,,,,,,,,,,,,,,,,,,,,,,,,,,,,,,,,,,,,,,,,,,,,,0.08,0.002,100,0.25,0,25.629211021707096,-0.27631975747761267,0.4848101825181667,0.38602496087644017,1,326,-162.56765941555824,538,11
True,False,1.5,8.0,14,1.8,2.0,,10,30,80,False,channel_reclaim,48,2,0.0,59.671531932633116,25.201837143669344,24,0.005,,,,,,,,,,,,,,,,,,,,,,,,,,,,,,,,,,,,,,,,,,,,,,,,,,,,,,,,,4.0,0.015,651,True,False,False,,,,,,,,,,,,,,,,,,,,,,,,,,,,,,,,,,,,,,,,,,,,,,,,,,,,,,,,,0.05,0.003,50,0.0,0,22.73192112189011,-0.3145192985000335,0.5692254151427713,0.3676581607203617,1,327,-162.6828443983288,339,11
True,False,3.0,3.0,14,2.0,0.75,,20,80,300,True,trend_state_tp,8,1,0.025,64.0147033328806,30.30105324917106,36,0.001,,,,,,,,,,,,,,,,,,,,,,,,,,,,,,,,,,,,,,,,,,,,,,,,,,,,,,,,,1.5,0.04,271,False,False,False,,,,,,,,,,,,,,,,,,,,,,,,,,,,,,,,,,,,,,,,,,,,,,,,,,,,,,,,,0.08,0.0,100,0.75,0,26.042090328537206,-0.18193711531733336,0.3144477836511944,0.22952142278351886,0,328,-165.16970317132493,956,11
True,True,1.0,1.7,30,1.8,1.25,,16,80,150,True,trend_bb_reversion,8,2,0.025,67.55131982580532,24.35078019731662,36,0.0025,,,,,,,,,,,,,,,,,,,,,,,,,,,,,,,,,,,,,,,,,,,,,,,,,,,,,,,,,2.0,0.04,464,True,False,True,,,,,,,,,,,,,,,,,,,,,,,,,,,,,,,,,,,,,,,,,,,,,,,,,,,,,,,,,0.05,0.0005,50,1.25,0,9.34107957367199,-0.38331648137006835,0.33809335898505616,0.2731086055952366,1,329,-165.5026380803277,130,11
True,True,1.5,1.7,30,1.5,2.0,,20,80,100,True,channel_reclaim,48,4,0.008,61.48451228416461,40.177656335773435,36,0.0005,,,,,,,,,,,,,,,,,,,,,,,,,,,,,,,,,,,,,,,,,,,,,,,,,,,,,,,,,4.0,0.015,505,True,False,True,,,,,,,,,,,,,,,,,,,,,,,,,,,,,,,,,,,,,,,,,,,,,,,,,,,,,,,,,0.12,0.0005,50,1.5,0,11.324663916827047,-0.3198531682684213,0.2863860695248314,0.2922805061842495,0,330,-165.931982199312,214,11
True,False,1.0,1.7,30,2.0,1.5,,40,14,150,True,trend_state_tp,48,8,0.0025,73.55672058143583,39.710555142293714,24,0.0005,,,,,,,,,,,,,,,,,,,,,,,,,,,,,,,,,,,,,,,,,,,,,,,,,,,,,,,,,1.0,0.006,792,True,False,False,,,,,,,,,,,,,,,,,,,,,,,,,,,,,,,,,,,,,,,,,,,,,,,,,,,,,,,,,1.0,0.0,10,0.5,0,32.43751009207579,-0.26815604384470737,0.45563572111576334,0.419653220874465,0,331,-166.33999367151165,690,11
True,True,1.0,1.7,40,1.8,1.0,,40,30,150,True,trend_state_tp,12,6,0.0025,61.15853310976157,40.36183072686064,48,0.0,,,,,,,,,,,,,,,,,,,,,,,,,,,,,,,,,,,,,,,,,,,,,,,,,,,,,,,,,2.0,0.08,696,True,True,True,,,,,,,,,,,,,,,,,,,,,,,,,,,,,,,,,,,,,,,,,,,,,,,,,,,,,,,,,0.2,0.002,30,0.5,0,54.36218686711497,-0.2043686426321398,0.542852230593873,0.46481599991482053,1,332,-166.8856009814059,1336,11
True,False,1.5,2.2,14,2.5,2.0,,55,30,400,True,trend_state_tp,12,2,0.005,67.90312146051025,39.571955467668545,24,0.0,,,,,,,,,,,,,,,,,,,,,,,,,,,,,,,,,,,,,,,,,,,,,,,,,,,,,,,,,3.0,0.006,552,True,False,True,,,,,,,,,,,,,,,,,,,,,,,,,,,,,,,,,,,,,,,,,,,,,,,,,,,,,,,,,0.12,0.003,50,1.5,0,23.62623780025813,-0.28064597232205934,0.36780720385548255,0.3104419329391543,0,333,-167.3331512598314,506,11
True,True,1.0,8.0,40,1.8,1.5,,20,20,200,True,trend_state_tp,12,4,0.0025,76.88402528153115,26.547304386903832,12,0.0025,,,,,,,,,,,,,,,,,,,,,,,,,,,,,,,,,,,,,,,,,,,,,,,,,,,,,,,,,2.5,0.04,450,True,False,True,,,,,,,,,,,,,,,,,,,,,,,,,,,,,,,,,,,,,,,,,,,,,,,,,,,,,,,,,0.08,0.001,10,0.75,0,37.90616849846373,-0.18016088435664948,0.6276301443299962,0.3480403829793504,0,334,-168.61923660789267,1261,11
True,False,1.0,1.3,14,2.0,0.5,,20,80,400,True,trend_state_tp,12,6,0.0025,58.45793638926285,30.19702571105669,36,0.005,,,,,,,,,,,,,,,,,,,,,,,,,,,,,,,,,,,,,,,,,,,,,,,,,,,,,,,,,2.5,0.04,49,False,False,False,,,,,,,,,,,,,,,,,,,,,,,,,,,,,,,,,,,,,,,,,,,,,,,,,,,,,,,,,0.04,0.001,75,1.5,0,17.68964052093071,-0.3847085281337142,0.26341000522893504,0.33319430677756157,0,335,-175.45540594623444,179,11
True,True,2.0,12.0,30,2.0,2.0,,16,8,100,True,range_bb_reversion,96,4,0.0025,58.881912217266205,39.98850281761539,12,0.005,,,,,,,,,,,,,,,,,,,,,,,,,,,,,,,,,,,,,,,,,,,,,,,,,,,,,,,,,4.0,0.01,732,True,True,True,,,,,,,,,,,,,,,,,,,,,,,,,,,,,,,,,,,,,,,,,,,,,,,,,,,,,,,,,0.2,0.003,150,0.0,0,17.6128892647015,-0.2954722877594064,0.21541136331605246,0.2676932229563808,0,336,-177.38428938396436,365,11
True,False,3.0,12.0,20,1.5,1.25,,30,50,400,True,range_bb_reversion,48,1,0.0025,70.38064023709525,43.077682243902245,48,0.0,,,,,,,,,,,,,,,,,,,,,,,,,,,,,,,,,,,,,,,,,,,,,,,,,,,,,,,,,3.0,0.08,687,True,True,True,,,,,,,,,,,,,,,,,,,,,,,,,,,,,,,,,,,,,,,,,,,,,,,,,,,,,,,,,0.04,0.003,150,0.5,0,34.38420391170513,-0.23707495495973685,0.1510105000789458,0.2614673575407688,0,337,-177.67910354545054,554,11
True,False,1.5,8.0,20,1.5,0.5,,16,80,300,True,channel_reclaim,48,1,0.0025,60.61882451837154,44.2049035437827,12,0.001,,,,,,,,,,,,,,,,,,,,,,,,,,,,,,,,,,,,,,,,,,,,,,,,,,,,,,,,,4.0,0.04,524,True,False,True,,,,,,,,,,,,,,,,,,,,,,,,,,,,,,,,,,,,,,,,,,,,,,,,,,,,,,,,,0.2,0.0005,20,1.0,0,12.340415096953246,-0.3136431855552298,0.1518376448165817,0.20907190292399003,0,338,-178.5058364701826,244,11
True,False,1.0,4.0,30,2.0,1.25,,20,30,150,True,range_bb_reversion,12,1,0.0025,64.7015281129892,34.829519885970484,24,0.001,,,,,,,,,,,,,,,,,,,,,,,,,,,,,,,,,,,,,,,,,,,,,,,,,,,,,,,,,2.5,0.01,333,True,True,True,,,,,,,,,,,,,,,,,,,,,,,,,,,,,,,,,,,,,,,,,,,,,,,,,,,,,,,,,0.08,0.001,75,1.5,0,16.91315452192874,-0.3683260665325043,0.21795907737228565,0.2325175666084757,0,339,-178.5787676036965,151,11
True,False,2.5,1.3,20,2.2,1.25,,55,8,400,True,trend_state_tp,96,1,0.025,62.05058133073192,23.700123431550224,36,0.005,,,,,,,,,,,,,,,,,,,,,,,,,,,,,,,,,,,,,,,,,,,,,,,,,,,,,,,,,1.5,0.025,168,True,True,True,,,,,,,,,,,,,,,,,,,,,,,,,,,,,,,,,,,,,,,,,,,,,,,,,,,,,,,,,0.04,0.002,10,0.75,0,25.799570929406364,-0.24487547889557132,0.16018086014484037,0.21219639365240983,0,340,-178.75246001730756,568,11
True,False,1.0,1.7,20,2.5,1.25,,10,10,200,True,trend_bb_reversion,48,3,0.0025,69.59981342335932,33.97052943112286,24,0.001,,,,,,,,,,,,,,,,,,,,,,,,,,,,,,,,,,,,,,,,,,,,,,,,,,,,,,,,,4.0,0.006,214,True,False,True,,,,,,,,,,,,,,,,,,,,,,,,,,,,,,,,,,,,,,,,,,,,,,,,,,,,,,,,,0.03,0.0,75,0.0,0,15.464464029730694,-0.401772595531562,0.2594594442711924,0.24795537795537798,1,341,-179.57388401117356,143,11
False,True,1.5,1.3,55,2.5,1.5,,12,10,300,True,channel_reclaim,36,2,0.018,65.4027005352753,22.7671742843924,6,0.0,,,,,,,,,,,,,,,,,,,,,,,,,,,,,,,,,,,,,,,,,,,,,,,,,,,,,,,,,4.0,0.04,674,True,False,True,,,,,,,,,,,,,,,,,,,,,,,,,,,,,,,,,,,,,,,,,,,,,,,,,,,,,,,,,1.0,0.0,10,1.0,0,29.228187104989114,-0.3088914182124104,0.2154967307609173,0.276434223522377,0,342,-181.11233379669008,349,11
True,True,2.5,1.7,20,2.5,2.0,,40,8,100,True,trend_reclaim,72,2,0.0,68.48161004884037,38.196117062677985,36,0.0005,,,,,,,,,,,,,,,,,,,,,,,,,,,,,,,,,,,,,,,,,,,,,,,,,,,,,,,,,2.0,0.01,798,True,False,True,,,,,,,,,,,,,,,,,,,,,,,,,,,,,,,,,,,,,,,,,,,,,,,,,,,,,,,,,0.03,0.003,10,0.75,0,41.420516612662134,-0.2469500155996065,0.25971539991963827,0.24075098002215353,0,343,-181.2934743489119,464,11
True,False,1.0,1.3,14,1.5,1.5,,8,80,100,True,trend_bb_reversion,8,3,0.025,71.47095394858091,40.046275509416745,48,0.0005,,,,,,,,,,,,,,,,,,,,,,,,,,,,,,,,,,,,,,,,,,,,,,,,,,,,,,,,,2.5,0.025,666,True,False,True,,,,,,,,,,,,,,,,,,,,,,,,,,,,,,,,,,,,,,,,,,,,,,,,,,,,,,,,,0.12,0.0005,100,1.25,0,11.070594423918942,-0.360985078231217,0.21563425368169006,0.29020527272708524,0,344,-182.29460991135278,194,11
True,False,1.0,6.0,14,1.8,1.0,,8,14,200,True,range_bb_reversion,12,4,0.0,77.20594758761216,33.50433910896849,48,0.0,,,,,,,,,,,,,,,,,,,,,,,,,,,,,,,,,,,,,,,,,,,,,,,,,,,,,,,,,3.0,0.025,137,True,False,True,,,,,,,,,,,,,,,,,,,,,,,,,,,,,,,,,,,,,,,,,,,,,,,,,,,,,,,,,0.12,0.001,20,0.5,0,19.896311304877294,-0.34206377176283875,0.2946976852784907,0.3412750367654674,0,345,-182.5575261212283,256,11
True,True,1.5,2.2,20,2.2,0.5,,10,30,80,True,trend_state_tp,36,1,0.0025,69.64841664276243,34.350109384833154,48,0.0025,,,,,,,,,,,,,,,,,,,,,,,,,,,,,,,,,,,,,,,,,,,,,,,,,,,,,,,,,2.5,0.04,96,True,False,False,,,,,,,,,,,,,,,,,,,,,,,,,,,,,,,,,,,,,,,,,,,,,,,,,,,,,,,,,0.12,0.0,20,0.25,0,52.415030060461156,-0.22260172421678515,0.3865534761014377,0.4940494439700881,0,346,-186.07831643437783,1341,11
True,False,1.5,4.0,40,1.8,2.0,,16,10,150,True,channel_reclaim,24,1,0.018,70.8593809099768,34.68317424634208,3,0.0,,,,,,,,,,,,,,,,,,,,,,,,,,,,,,,,,,,,,,,,,,,,,,,,,,,,,,,,,2.0,0.025,356,False,False,True,,,,,,,,,,,,,,,,,,,,,,,,,,,,,,,,,,,,,,,,,,,,,,,,,,,,,,,,,0.05,0.003,100,0.5,0,13.15188324542058,-0.31145326846124893,0.17240469374888912,0.21885567180786164,0,347,-187.86589486879396,295,11
True,False,1.5,3.0,20,2.5,1.0,,30,50,80,True,trend_bb_reversion,120,1,0.0,66.56991553626551,44.467333931323935,48,0.001,,,,,,,,,,,,,,,,,,,,,,,,,,,,,,,,,,,,,,,,,,,,,,,,,,,,,,,,,1.0,0.006,1,True,False,True,,,,,,,,,,,,,,,,,,,,,,,,,,,,,,,,,,,,,,,,,,,,,,,,,,,,,,,,,0.03,0.0005,50,0.0,0,21.77941051208113,-0.3205850488615883,0.21245318238020933,0.2009853224552181,0,348,-189.4317831420953,212,11
True,False,1.0,1.7,55,1.8,1.5,,16,50,100,True,range_bb_reversion,36,2,0.0025,71.6374229073382,44.830677590076135,36,0.0005,,,,,,,,,,,,,,,,,,,,,,,,,,,,,,,,,,,,,,,,,,,,,,,,,,,,,,,,,2.0,0.025,117,True,False,True,,,,,,,,,,,,,,,,,,,,,,,,,,,,,,,,,,,,,,,,,,,,,,,,,,,,,,,,,0.05,0.001,75,0.5,0,31.43654906440085,-0.3230867759825795,0.33545632957534083,0.3334692217167557,0,349,-192.7487757300114,396,11
True,False,2.0,1.7,55,2.5,2.0,,40,8,150,True,trend_state_tp,36,3,0.0025,62.0442622974899,22.89189520763402,18,0.001,,,,,,,,,,,,,,,,,,,,,,,,,,,,,,,,,,,,,,,,,,,,,,,,,,,,,,,,,2.0,0.08,303,True,True,True,,,,,,,,,,,,,,,,,,,,,,,,,,,,,,,,,,,,,,,,,,,,,,,,,,,,,,,,,0.2,0.0,30,0.25,0,29.893394128060933,-0.25201324720156815,0.3312670591998814,0.26735896653973934,0,350,-199.2063576606712,907,11
True,False,2.0,4.0,14,2.5,2.0,,55,10,80,True,trend_bb_reversion,24,2,0.012,66.1379356117803,43.7520135447692,12,0.0005,,,,,,,,,,,,,,,,,,,,,,,,,,,,,,,,,,,,,,,,,,,,,,,,,,,,,,,,,3.0,0.04,254,True,True,True,,,,,,,,,,,,,,,,,,,,,,,,,,,,,,,,,,,,,,,,,,,,,,,,,,,,,,,,,0.04,0.001,10,0.0,0,19.77341836638036,-0.32848924617818887,0.11134048030812402,0.2027720727433925,0,351,-201.97200427686582,276,11
True,False,1.0,2.2,20,2.5,0.5,,55,8,200,True,range_bb_reversion,12,2,0.012,67.76459013217887,37.70496023288701,18,0.0025,,,,,,,,,,,,,,,,,,,,,,,,,,,,,,,,,,,,,,,,,,,,,,,,,,,,,,,,,2.0,0.04,267,False,False,True,,,,,,,,,,,,,,,,,,,,,,,,,,,,,,,,,,,,,,,,,,,,,,,,,,,,,,,,,1.0,0.003,20,0.75,0,15.624093085691658,-0.3965605148643421,0.2583142853961287,0.25752411868506403,0,352,-202.59125442525362,225,11
True,False,1.0,1.3,14,1.5,1.5,,30,10,200,True,trend_state_tp,12,2,0.008,61.98354805624508,40.9031934182292,24,0.01,,,,,,,,,,,,,,,,,,,,,,,,,,,,,,,,,,,,,,,,,,,,,,,,,,,,,,,,,3.0,0.01,357,True,True,True,,,,,,,,,,,,,,,,,,,,,,,,,,,,,,,,,,,,,,,,,,,,,,,,,,,,,,,,,0.08,0.001,150,1.0,0,18.5879559627183,-0.42768124060217955,0.24739538936960373,0.26193911975351064,0,353,-202.8412028238262,400,11
True,False,1.5,1.3,14,1.5,1.5,,30,8,150,True,trend_state_tp,24,1,0.025,60.371340335107185,28.8729707198208,24,0.0005,,,,,,,,,,,,,,,,,,,,,,,,,,,,,,,,,,,,,,,,,,,,,,,,,,,,,,,,,4.0,0.015,772,False,False,True,,,,,,,,,,,,,,,,,,,,,,,,,,,,,,,,,,,,,,,,,,,,,,,,,,,,,,,,,0.2,0.003,30,1.5,0,24.82534448293287,-0.32398851927054184,0.21948237273201004,0.2721735821114703,0,354,-203.95443473829607,533,11
True,False,1.0,6.0,14,1.8,2.0,,12,10,80,True,trend_state_tp,72,3,0.008,60.92574123814722,28.88698145979674,48,0.0,,,,,,,,,,,,,,,,,,,,,,,,,,,,,,,,,,,,,,,,,,,,,,,,,,,,,,,,,4.0,0.08,531,False,False,True,,,,,,,,,,,,,,,,,,,,,,,,,,,,,,,,,,,,,,,,,,,,,,,,,,,,,,,,,0.03,0.003,20,0.5,0,35.8099372442957,-0.33081702133416785,0.5453082334355068,0.2083534486420495,1,355,-214.03283060720435,436,11
True,False,1.0,2.2,14,2.5,1.25,,30,8,80,False,trend_bb_reversion,8,2,0.0,75.19316160789838,36.692806031299966,24,0.0,,,,,,,,,,,,,,,,,,,,,,,,,,,,,,,,,,,,,,,,,,,,,,,,,,,,,,,,,2.5,0.08,547,True,True,False,,,,,,,,,,,,,,,,,,,,,,,,,,,,,,,,,,,,,,,,,,,,,,,,,,,,,,,,,0.2,0.0,30,0.5,0,22.158377799430276,-0.4145858033276809,0.25316175840073274,0.33244126167288335,0,356,-218.3002449497655,322,11
False,True,1.0,6.0,20,2.5,2.0,,20,50,100,False,range_bb_reversion,36,2,0.005,64.1856580879802,24.60890959601647,18,0.001,,,,,,,,,,,,,,,,,,,,,,,,,,,,,,,,,,,,,,,,,,,,,,,,,,,,,,,,,1.0,0.01,753,True,False,False,,,,,,,,,,,,,,,,,,,,,,,,,,,,,,,,,,,,,,,,,,,,,,,,,,,,,,,,,0.2,0.0005,75,0.0,0,14.0,-0.5276331076933009,0.37719078318382776,0.26641815950116343,1,357,-219.31401249507667,163,11
True,False,1.0,1.3,20,1.5,2.0,,20,8,50,True,trend_state_tp,24,2,0.025,75.58209112758213,42.79352419487509,24,0.0005,,,,,,,,,,,,,,,,,,,,,,,,,,,,,,,,,,,,,,,,,,,,,,,,,,,,,,,,,2.5,0.08,480,False,False,True,,,,,,,,,,,,,,,,,,,,,,,,,,,,,,,,,,,,,,,,,,,,,,,,,,,,,,,,,1.0,0.0,30,1.5,0,26.555389323488644,-0.36438295117302816,0.2622287337603198,0.28902620247167593,0,358,-220.0145020371643,553,11
True,False,1.0,1.7,80,2.5,1.0,,55,10,200,True,trend_state_tp,12,2,0.0,62.247079235217775,32.96392850630282,36,0.0,,,,,,,,,,,,,,,,,,,,,,,,,,,,,,,,,,,,,,,,,,,,,,,,,,,,,,,,,1.0,0.08,241,True,False,True,,,,,,,,,,,,,,,,,,,,,,,,,,,,,,,,,,,,,,,,,,,,,,,,,,,,,,,,,0.04,0.001,30,0.5,0,38.673891488638056,-0.31770218226079344,0.31806292103502415,0.2982757068918625,0,359,-220.98563407675866,712,11
True,False,1.0,3.0,30,2.2,2.0,,20,20,80,True,trend_state_tp,8,2,0.0,59.96940787010788,22.414896183384613,6,0.001,,,,,,,,,,,,,,,,,,,,,,,,,,,,,,,,,,,,,,,,,,,,,,,,,,,,,,,,,4.0,0.08,690,True,False,True,,,,,,,,,,,,,,,,,,,,,,,,,,,,,,,,,,,,,,,,,,,,,,,,,,,,,,,,,0.12,0.001,75,1.0,0,35.895480924387094,-0.3106192147042823,0.3707871205812269,0.26669242454707826,0,360,-222.6274804973653,909,11
True,False,1.0,3.0,20,1.8,0.5,,8,30,200,True,range_bb_reversion,8,1,0.018,67.78528135048305,44.30598038710179,18,0.0,,,,,,,,,,,,,,,,,,,,,,,,,,,,,,,,,,,,,,,,,,,,,,,,,,,,,,,,,2.0,0.04,784,True,False,True,,,,,,,,,,,,,,,,,,,,,,,,,,,,,,,,,,,,,,,,,,,,,,,,,,,,,,,,,1.0,0.0,20,0.75,0,40.01305549414326,-0.3406102498508624,0.2564482280306686,0.3008073509719741,0,361,-223.99842599562112,567,11
True,True,1.0,4.0,30,1.8,2.0,,30,80,200,True,trend_state_tp,24,4,0.0025,58.12231491964637,41.79046320825243,36,0.0,,,,,,,,,,,,,,,,,,,,,,,,,,,,,,,,,,,,,,,,,,,,,,,,,,,,,,,,,3.0,0.025,635,False,False,False,,,,,,,,,,,,,,,,,,,,,,,,,,,,,,,,,,,,,,,,,,,,,,,,,,,,,,,,,0.04,0.0,75,0.75,0,82.09952101411695,-0.2507624309686045,0.574368912379862,0.27965855924885763,1,362,-224.82867658045467,1021,11
True,False,1.0,2.2,80,1.8,1.5,,12,30,300,False,trend_bb_reversion,120,1,0.0025,60.1419812549837,32.71572148165227,18,0.0005,,,,,,,,,,,,,,,,,,,,,,,,,,,,,,,,,,,,,,,,,,,,,,,,,,,,,,,,,2.0,0.025,265,True,False,False,,,,,,,,,,,,,,,,,,,,,,,,,,,,,,,,,,,,,,,,,,,,,,,,,,,,,,,,,0.12,0.0,150,0.0,0,11.910849168554865,-0.6121794204992081,0.24183060187512934,0.22372404778821894,0,363,-225.4492490110526,123,11
True,True,2.0,3.0,55,1.8,1.5,,55,20,80,True,trend_state_tp,96,1,0.008,58.29952740756025,34.539053378505386,6,0.0,,,,,,,,,,,,,,,,,,,,,,,,,,,,,,,,,,,,,,,,,,,,,,,,,,,,,,,,,2.0,0.08,703,True,False,True,,,,,,,,,,,,,,,,,,,,,,,,,,,,,,,,,,,,,,,,,,,,,,,,,,,,,,,,,0.2,0.002,30,0.0,0,79.38627107106207,-0.2250478461502989,0.4326880012256822,0.3047559983716671,1,364,-227.88689238437235,1655,11
True,False,1.5,1.3,30,2.5,1.5,,16,8,50,True,trend_state_tp,36,8,0.012,72.00251897578583,28.65873325132537,12,0.0,,,,,,,,,,,,,,,,,,,,,,,,,,,,,,,,,,,,,,,,,,,,,,,,,,,,,,,,,4.0,0.025,91,False,False,True,,,,,,,,,,,,,,,,,,,,,,,,,,,,,,,,,,,,,,,,,,,,,,,,,,,,,,,,,1.0,0.002,10,0.75,0,37.074750213106505,-0.3382566040779356,0.2886155915722562,0.3227048458268408,0,365,-238.61253948052288,863,11
True,True,2.0,8.0,20,1.5,2.0,,10,50,100,True,trend_state_tp,36,1,0.025,67.91235663810001,33.00360603228613,12,0.0,,,,,,,,,,,,,,,,,,,,,,,,,,,,,,,,,,,,,,,,,,,,,,,,,,,,,,,,,1.0,0.04,323,True,False,False,,,,,,,,,,,,,,,,,,,,,,,,,,,,,,,,,,,,,,,,,,,,,,,,,,,,,,,,,0.2,0.0005,30,1.25,0,64.44163236221569,-0.22911655821876076,0.33105182324583016,0.25344677829080314,0,366,-242.1449837110814,1553,11
True,True,1.0,1.7,80,2.0,0.75,,10,30,100,True,trend_state_tp,120,1,0.0025,62.97647280617432,44.76484052087095,12,0.005,,,,,,,,,,,,,,,,,,,,,,,,,,,,,,,,,,,,,,,,,,,,,,,,,,,,,,,,,1.0,0.006,151,True,True,True,,,,,,,,,,,,,,,,,,,,,,,,,,,,,,,,,,,,,,,,,,,,,,,,,,,,,,,,,0.12,0.001,10,1.5,0,29.206592430118643,-0.363876339386589,0.28526439909849366,0.26141374122805433,0,367,-244.7986822666297,785,11
True,False,1.0,1.3,20,1.8,0.75,,8,20,100,True,channel_reclaim,8,1,0.012,69.00839633726278,41.09829039141766,12,0.0025,,,,,,,,,,,,,,,,,,,,,,,,,,,,,,,,,,,,,,,,,,,,,,,,,,,,,,,,,3.0,0.015,20,True,True,True,,,,,,,,,,,,,,,,,,,,,,,,,,,,,,,,,,,,,,,,,,,,,,,,,,,,,,,,,0.05,0.003,150,0.5,0,29.21985013545116,-0.4192902870624869,0.09541065471244373,0.17104703907973476,0,368,-260.88963291733046,431,11
True,False,1.0,2.2,20,1.5,0.75,,40,50,80,True,channel_reclaim,8,1,0.012,65.63442414462132,36.20315166171123,48,0.0025,,,,,,,,,,,,,,,,,,,,,,,,,,,,,,,,,,,,,,,,,,,,,,,,,,,,,,,,,2.0,0.015,123,True,True,True,,,,,,,,,,,,,,,,,,,,,,,,,,,,,,,,,,,,,,,,,,,,,,,,,,,,,,,,,0.12,0.0,20,1.25,,,,,,,369,-999882,,
True,False,1.0,2.2,40,2.0,0.5,,12,8,150,True,trend_state_tp,36,8,0.012,69.92467497863966,26.06639139143694,12,0.005,,,,,,,,,,,,,,,,,,,,,,,,,,,,,,,,,,,,,,,,,,,,,,,,,,,,,,,,,2.0,0.015,317,True,False,False,,,,,,,,,,,,,,,,,,,,,,,,,,,,,,,,,,,,,,,,,,,,,,,,,,,,,,,,,0.03,0.003,150,0.5,,,,,,,370,-999882,,
True,False,4.0,12.0,40,2.2,2.0,,10,20,80,True,range_bb_reversion,18,6,0.012,70.24080938479483,30.52812990409596,12,0.0025,,,,,,,,,,,,,,,,,,,,,,,,,,,,,,,,,,,,,,,,,,,,,,,,,,,,,,,,,2.5,0.015,667,True,False,True,,,,,,,,,,,,,,,,,,,,,,,,,,,,,,,,,,,,,,,,,,,,,,,,,,,,,,,,,0.04,0.0005,150,1.25,,,,,,,371,-999882,,
True,False,1.0,2.2,20,2.5,1.25,,12,20,80,True,range_bb_reversion,24,1,0.018,68.49029089628718,31.663687534492915,3,0.0,,,,,,,,,,,,,,,,,,,,,,,,,,,,,,,,,,,,,,,,,,,,,,,,,,,,,,,,,2.5,0.01,706,True,False,True,,,,,,,,,,,,,,,,,,,,,,,,,,,,,,,,,,,,,,,,,,,,,,,,,,,,,,,,,0.04,0.0,30,0.5,,,,,,,372,-999882,,
True,True,1.0,6.0,55,2.2,1.25,,10,20,100,True,channel_reclaim,18,1,0.008,61.17603126970303,23.71568105672029,24,0.0025,,,,,,,,,,,,,,,,,,,,,,,,,,,,,,,,,,,,,,,,,,,,,,,,,,,,,,,,,1.0,0.015,39,True,False,True,,,,,,,,,,,,,,,,,,,,,,,,,,,,,,,,,,,,,,,,,,,,,,,,,,,,,,,,,0.03,0.001,100,1.25,,,,,,,373,-999887,,
True,False,5.0,1.3,14,1.8,0.75,,16,50,400,True,trend_reclaim,12,4,0.0025,72.30871477086106,28.983811194512768,3,0.0,,,,,,,,,,,,,,,,,,,,,,,,,,,,,,,,,,,,,,,,,,,,,,,,,,,,,,,,,2.0,0.01,796,True,False,True,,,,,,,,,,,,,,,,,,,,,,,,,,,,,,,,,,,,,,,,,,,,,,,,,,,,,,,,,0.12,0.001,100,0.75,,,,,,,374,-999888,,
True,False,3.0,8.0,20,2.2,1.5,,20,50,300,False,trend_bb_reversion,14,8,0.018,70.34416849226565,28.197641793833803,48,0.005,,,,,,,,,,,,,,,,,,,,,,,,,,,,,,,,,,,,,,,,,,,,,,,,,,,,,,,,,4.0,0.015,776,True,False,False,,,,,,,,,,,,,,,,,,,,,,,,,,,,,,,,,,,,,,,,,,,,,,,,,,,,,,,,,0.12,0.0005,75,1.25,,,,,,,375,-999889,,
True,False,5.0,1.7,30,1.8,1.0,,30,10,80,True,trend_reclaim,8,3,0.005,73.03990155618386,30.996408942526774,36,0.0,,,,,,,,,,,,,,,,,,,,,,,,,,,,,,,,,,,,,,,,,,,,,,,,,,,,,,,,,4.0,0.08,281,False,False,True,,,,,,,,,,,,,,,,,,,,,,,,,,,,,,,,,,,,,,,,,,,,,,,,,,,,,,,,,0.08,0.003,100,0.0,,,,,,,376,-999892,,
True,False,3.0,2.2,20,1.5,1.5,,16,50,100,True,trend_state_tp,8,6,0.005,71.50392247597514,34.098069808736945,24,0.01,,,,,,,,,,,,,,,,,,,,,,,,,,,,,,,,,,,,,,,,,,,,,,,,,,,,,,,,,1.0,0.006,334,False,True,False,,,,,,,,,,,,,,,,,,,,,,,,,,,,,,,,,,,,,,,,,,,,,,,,,,,,,,,,,0.03,0.0,100,1.0,,,,,,,377,-999893,,
True,True,2.5,4.0,14,2.5,2.0,,55,8,80,True,range_bb_reversion,48,3,0.0025,60.86516979336698,29.63398956191548,12,0.005,,,,,,,,,,,,,,,,,,,,,,,,,,,,,,,,,,,,,,,,,,,,,,,,,,,,,,,,,2.0,0.006,277,True,True,True,,,,,,,,,,,,,,,,,,,,,,,,,,,,,,,,,,,,,,,,,,,,,,,,,,,,,,,,,0.04,0.0005,75,0.75,,,,,,,378,-999894,,
True,False,2.0,6.0,30,2.2,0.75,,20,80,130,False,channel_reclaim,14,8,0.0,72.01819308425226,28.440706063668692,24,0.005,,,,,,,,,,,,,,,,,,,,,,,,,,,,,,,,,,,,,,,,,,,,,,,,,,,,,,,,,3.0,0.006,684,True,True,False,,,,,,,,,,,,,,,,,,,,,,,,,,,,,,,,,,,,,,,,,,,,,,,,,,,,,,,,,0.05,0.003,75,1.0,,,,,,,379,-999895,,
True,False,4.0,1.7,55,2.2,1.0,,55,20,80,True,range_bb_reversion,12,1,0.005,75.07539454890932,27.557143784462866,3,0.0005,,,,,,,,,,,,,,,,,,,,,,,,,,,,,,,,,,,,,,,,,,,,,,,,,,,,,,,,,3.0,0.01,55,True,False,True,,,,,,,,,,,,,,,,,,,,,,,,,,,,,,,,,,,,,,,,,,,,,,,,,,,,,,,,,0.05,0.0,20,0.25,,,,,,,380,-999896,,
True,False,1.5,2.2,14,2.2,0.75,,8,30,400,True,range_bb_reversion,12,6,0.012,74.68741451223094,41.07923350459045,36,0.01,,,,,,,,,,,,,,,,,,,,,,,,,,,,,,,,,,,,,,,,,,,,,,,,,,,,,,,,,2.5,0.025,563,True,False,True,,,,,,,,,,,,,,,,,,,,,,,,,,,,,,,,,,,,,,,,,,,,,,,,,,,,,,,,,0.04,0.0005,30,1.5,,,,,,,381,-999896,,
True,False,1.5,12.0,40,2.5,1.5,,40,10,300,True,trend_reclaim,96,4,0.005,72.73904583672763,40.14202568453985,48,0.001,,,,,,,,,,,,,,,,,,,,,,,,,,,,,,,,,,,,,,,,,,,,,,,,,,,,,,,,,1.0,0.04,235,True,False,True,,,,,,,,,,,,,,,,,,,,,,,,,,,,,,,,,,,,,,,,,,,,,,,,,,,,,,,,,0.2,0.0005,10,0.75,,,,,,,382,-999897,,
True,False,1.5,1.7,14,2.0,1.25,,55,80,400,True,trend_state_tp,24,4,0.018,75.65798389894972,38.896475599273835,24,0.01,,,,,,,,,,,,,,,,,,,,,,,,,,,,,,,,,,,,,,,,,,,,,,,,,,,,,,,,,4.0,0.08,496,True,True,True,,,,,,,,,,,,,,,,,,,,,,,,,,,,,,,,,,,,,,,,,,,,,,,,,,,,,,,,,0.04,0.0005,20,1.5,,,,,,,383,-999897,,
True,False,5.0,2.2,20,1.8,0.5,,16,10,150,True,range_bb_reversion,72,8,0.012,73.21263778550626,26.886298081074884,24,0.0,,,,,,,,,,,,,,,,,,,,,,,,,,,,,,,,,,,,,,,,,,,,,,,,,,,,,,,,,1.5,0.01,728,True,False,True,,,,,,,,,,,,,,,,,,,,,,,,,,,,,,,,,,,,,,,,,,,,,,,,,,,,,,,,,0.08,0.003,100,0.0,,,,,,,384,-999897,,
True,False,2.5,1.7,40,2.2,0.5,,8,14,80,True,trend_bb_reversion,120,3,0.025,66.35736434383273,38.991446126603876,48,0.01,,,,,,,,,,,,,,,,,,,,,,,,,,,,,,,,,,,,,,,,,,,,,,,,,,,,,,,,,4.0,0.04,181,True,False,True,,,,,,,,,,,,,,,,,,,,,,,,,,,,,,,,,,,,,,,,,,,,,,,,,,,,,,,,,1.0,0.003,20,1.0,,,,,,,385,-999898,,
True,False,3.0,2.2,55,2.2,1.0,,12,80,150,False,channel_reclaim,24,3,0.0,60.14977103639987,36.858004574259795,18,0.01,,,,,,,,,,,,,,,,,,,,,,,,,,,,,,,,,,,,,,,,,,,,,,,,,,,,,,,,,1.0,0.08,257,False,False,False,,,,,,,,,,,,,,,,,,,,,,,,,,,,,,,,,,,,,,,,,,,,,,,,,,,,,,,,,0.05,0.002,100,0.5,,,,,,,386,-999898,,
True,False,2.5,4.0,80,1.8,0.5,,55,14,300,False,channel_reclaim,48,4,0.0,77.09747508362233,40.24748635480194,36,0.005,,,,,,,,,,,,,,,,,,,,,,,,,,,,,,,,,,,,,,,,,,,,,,,,,,,,,,,,,1.0,0.01,153,True,True,False,,,,,,,,,,,,,,,,,,,,,,,,,,,,,,,,,,,,,,,,,,,,,,,,,,,,,,,,,1.0,0.002,20,0.25,,,,,,,387,-999900,,
True,False,1.0,6.0,80,2.2,2.0,,8,50,400,True,range_bb_reversion,48,2,0.008,66.09392199008914,31.01204657063673,48,0.005,,,,,,,,,,,,,,,,,,,,,,,,,,,,,,,,,,,,,,,,,,,,,,,,,,,,,,,,,1.0,0.025,273,True,False,True,,,,,,,,,,,,,,,,,,,,,,,,,,,,,,,,,,,,,,,,,,,,,,,,,,,,,,,,,1.0,0.0005,150,0.25,,,,,,,388,-999900,,
True,False,1.5,8.0,14,1.5,2.0,,30,30,50,True,trend_bb_reversion,48,8,0.012,62.13769225412086,29.485400227789217,24,0.01,,,,,,,,,,,,,,,,,,,,,,,,,,,,,,,,,,,,,,,,,,,,,,,,,,,,,,,,,1.5,0.025,415,False,False,True,,,,,,,,,,,,,,,,,,,,,,,,,,,,,,,,,,,,,,,,,,,,,,,,,,,,,,,,,0.04,0.0,30,0.25,,,,,,,389,-999900,,
False,True,3.0,3.0,40,2.5,2.0,,12,8,400,False,trend_bb_reversion,12,4,0.025,65.14855721549223,25.04796753505928,48,0.0005,,,,,,,,,,,,,,,,,,,,,,,,,,,,,,,,,,,,,,,,,,,,,,,,,,,,,,,,,3.0,0.025,438,True,False,False,,,,,,,,,,,,,,,,,,,,,,,,,,,,,,,,,,,,,,,,,,,,,,,,,,,,,,,,,0.05,0.003,20,0.0,,,,,,,390,-999900,,
True,False,2.0,1.3,30,1.8,0.75,,55,10,150,True,trend_bb_reversion,120,2,0.0025,64.62606263585849,23.608692111225242,6,0.0,,,,,,,,,,,,,,,,,,,,,,,,,,,,,,,,,,,,,,,,,,,,,,,,,,,,,,,,,2.0,0.015,590,True,False,True,,,,,,,,,,,,,,,,,,,,,,,,,,,,,,,,,,,,,,,,,,,,,,,,,,,,,,,,,0.08,0.002,50,0.5,,,,,,,391,-999900,,
True,False,3.0,4.0,55,1.8,1.25,,16,30,400,True,trend_bb_reversion,24,1,0.0,66.51547374407504,23.216019016856585,36,0.0025,,,,,,,,,,,,,,,,,,,,,,,,,,,,,,,,,,,,,,,,,,,,,,,,,,,,,,,,,1.5,0.08,103,True,False,True,,,,,,,,,,,,,,,,,,,,,,,,,,,,,,,,,,,,,,,,,,,,,,,,,,,,,,,,,0.2,0.001,50,0.75,,,,,,,392,-999901,,
True,False,4.0,2.2,40,2.2,1.0,,8,10,300,False,trend_reclaim,48,6,0.0,71.56424763383941,22.860111350718824,18,0.0,,,,,,,,,,,,,,,,,,,,,,,,,,,,,,,,,,,,,,,,,,,,,,,,,,,,,,,,,4.0,0.025,455,True,False,False,,,,,,,,,,,,,,,,,,,,,,,,,,,,,,,,,,,,,,,,,,,,,,,,,,,,,,,,,1.0,0.002,10,1.5,,,,,,,393,-999901,,
False,True,4.0,1.7,80,1.5,0.5,,40,80,130,True,range_bb_reversion,12,6,0.018,62.76339979085646,44.75214164209576,6,0.001,,,,,,,,,,,,,,,,,,,,,,,,,,,,,,,,,,,,,,,,,,,,,,,,,,,,,,,,,1.0,0.006,600,True,True,True,,,,,,,,,,,,,,,,,,,,,,,,,,,,,,,,,,,,,,,,,,,,,,,,,,,,,,,,,0.03,0.001,10,1.0,,,,,,,394,-999901,,
True,False,4.0,1.3,40,1.5,1.25,,12,50,100,True,channel_reclaim,24,8,0.025,68.02596445207242,27.345395153404304,3,0.0005,,,,,,,,,,,,,,,,,,,,,,,,,,,,,,,,,,,,,,,,,,,,,,,,,,,,,,,,,1.5,0.015,695,True,False,True,,,,,,,,,,,,,,,,,,,,,,,,,,,,,,,,,,,,,,,,,,,,,,,,,,,,,,,,,0.03,0.001,20,0.25,,,,,,,395,-999901,,
True,False,5.0,6.0,30,2.5,0.75,,30,50,150,False,channel_reclaim,72,6,0.025,62.6827275067202,23.639097855880436,6,0.001,,,,,,,,,,,,,,,,,,,,,,,,,,,,,,,,,,,,,,,,,,,,,,,,,,,,,,,,,2.5,0.006,325,True,False,False,,,,,,,,,,,,,,,,,,,,,,,,,,,,,,,,,,,,,,,,,,,,,,,,,,,,,,,,,0.12,0.0,100,0.0,,,,,,,396,-999902,,
True,False,3.0,8.0,80,2.5,1.5,,16,8,200,True,channel_reclaim,8,6,0.005,61.6260462620807,37.58409132773678,6,0.0,,,,,,,,,,,,,,,,,,,,,,,,,,,,,,,,,,,,,,,,,,,,,,,,,,,,,,,,,2.0,0.01,683,True,True,True,,,,,,,,,,,,,,,,,,,,,,,,,,,,,,,,,,,,,,,,,,,,,,,,,,,,,,,,,0.05,0.002,20,1.5,,,,,,,397,-999902,,
True,True,5.0,2.2,30,1.5,1.5,,8,14,50,False,channel_reclaim,96,2,0.025,72.95859218808062,41.955442795643854,6,0.0025,,,,,,,,,,,,,,,,,,,,,,,,,,,,,,,,,,,,,,,,,,,,,,,,,,,,,,,,,2.0,0.08,553,False,True,False,,,,,,,,,,,,,,,,,,,,,,,,,,,,,,,,,,,,,,,,,,,,,,,,,,,,,,,,,0.12,0.0005,50,1.5,,,,,,,398,-999903,,
True,False,1.5,2.2,30,1.8,1.0,,40,30,400,True,trend_state_tp,8,6,0.012,76.86700368489316,29.052586538197833,12,0.0025,,,,,,,,,,,,,,,,,,,,,,,,,,,,,,,,,,,,,,,,,,,,,,,,,,,,,,,,,1.5,0.04,566,False,False,True,,,,,,,,,,,,,,,,,,,,,,,,,,,,,,,,,,,,,,,,,,,,,,,,,,,,,,,,,0.03,0.0005,100,1.25,,,,,,,399,-999903,,
True,False,1.5,2.2,14,2.5,2.0,,55,30,80,True,trend_bb_reversion,96,6,0.012,70.98446352890734,22.63373977937238,48,0.0,,,,,,,,,,,,,,,,,,,,,,,,,,,,,,,,,,,,,,,,,,,,,,,,,,,,,,,,,4.0,0.01,42,True,False,True,,,,,,,,,,,,,,,,,,,,,,,,,,,,,,,,,,,,,,,,,,,,,,,,,,,,,,,,,0.08,0.001,30,1.5,,,,,,,400,-999904,,
True,False,3.0,6.0,55,1.8,0.75,,30,80,300,False,channel_reclaim,96,6,0.018,66.16372778237158,43.06727550401373,6,0.0,,,,,,,,,,,,,,,,,,,,,,,,,,,,,,,,,,,,,,,,,,,,,,,,,,,,,,,,,2.0,0.01,242,True,False,False,,,,,,,,,,,,,,,,,,,,,,,,,,,,,,,,,,,,,,,,,,,,,,,,,,,,,,,,,0.05,0.002,150,1.0,,,,,,,401,-999905,,
True,False,4.0,6.0,20,1.5,1.0,,30,8,400,True,range_bb_reversion,120,3,0.0025,69.72111215291729,44.17442569205734,6,0.005,,,,,,,,,,,,,,,,,,,,,,,,,,,,,,,,,,,,,,,,,,,,,,,,,,,,,,,,,2.0,0.006,288,True,False,True,,,,,,,,,,,,,,,,,,,,,,,,,,,,,,,,,,,,,,,,,,,,,,,,,,,,,,,,,0.12,0.003,150,0.0,,,,,,,402,-999905,,
True,False,1.0,4.0,14,2.0,1.0,,10,80,200,False,trend_reclaim,120,3,0.0,74.36403530076461,29.548569735530513,48,0.0025,,,,,,,,,,,,,,,,,,,,,,,,,,,,,,,,,,,,,,,,,,,,,,,,,,,,,,,,,2.0,0.006,424,True,False,False,,,,,,,,,,,,,,,,,,,,,,,,,,,,,,,,,,,,,,,,,,,,,,,,,,,,,,,,,1.0,0.0,30,0.75,,,,,,,403,-999905,,
True,False,1.5,3.0,80,2.5,0.75,,8,50,200,True,trend_bb_reversion,18,1,0.018,74.58106293935973,40.620701188305894,48,0.005,,,,,,,,,,,,,,,,,,,,,,,,,,,,,,,,,,,,,,,,,,,,,,,,,,,,,,,,,3.0,0.08,22,True,False,True,,,,,,,,,,,,,,,,,,,,,,,,,,,,,,,,,,,,,,,,,,,,,,,,,,,,,,,,,0.2,0.001,50,1.0,,,,,,,404,-999906,,
True,False,1.0,4.0,40,1.8,1.5,,12,10,400,True,channel_reclaim,120,4,0.0025,63.59130733330434,33.85648135276367,18,0.0005,,,,,,,,,,,,,,,,,,,,,,,,,,,,,,,,,,,,,,,,,,,,,,,,,,,,,,,,,1.5,0.08,302,True,True,True,,,,,,,,,,,,,,,,,,,,,,,,,,,,,,,,,,,,,,,,,,,,,,,,,,,,,,,,,0.05,0.003,10,1.5,,,,,,,405,-999906,,
False,True,2.5,8.0,55,2.0,0.5,,30,80,100,False,channel_reclaim,120,8,0.0,74.1037368907656,43.46163876654223,18,0.005,,,,,,,,,,,,,,,,,,,,,,,,,,,,,,,,,,,,,,,,,,,,,,,,,,,,,,,,,1.5,0.08,549,True,False,False,,,,,,,,,,,,,,,,,,,,,,,,,,,,,,,,,,,,,,,,,,,,,,,,,,,,,,,,,0.2,0.003,30,0.25,,,,,,,406,-999906,,
True,False,4.0,3.0,20,2.5,1.0,,40,50,400,True,trend_state_tp,120,3,0.0025,76.75450796235492,28.59888051995513,6,0.0025,,,,,,,,,,,,,,,,,,,,,,,,,,,,,,,,,,,,,,,,,,,,,,,,,,,,,,,,,4.0,0.01,283,True,False,False,,,,,,,,,,,,,,,,,,,,,,,,,,,,,,,,,,,,,,,,,,,,,,,,,,,,,,,,,0.03,0.002,30,0.0,,,,,,,407,-999907,,
False,True,1.0,4.0,20,2.5,1.25,,40,10,400,False,channel_reclaim,12,4,0.0,63.32340669804103,36.734360093769176,48,0.001,,,,,,,,,,,,,,,,,,,,,,,,,,,,,,,,,,,,,,,,,,,,,,,,,,,,,,,,,2.0,0.006,431,False,False,False,,,,,,,,,,,,,,,,,,,,,,,,,,,,,,,,,,,,,,,,,,,,,,,,,,,,,,,,,0.2,0.001,100,1.25,,,,,,,408,-999907,,
True,True,2.0,8.0,20,2.5,1.0,,16,50,300,True,trend_reclaim,8,2,0.005,65.62090506027904,31.271666962715113,18,0.0025,,,,,,,,,,,,,,,,,,,,,,,,,,,,,,,,,,,,,,,,,,,,,,,,,,,,,,,,,1.0,0.01,461,True,True,True,,,,,,,,,,,,,,,,,,,,,,,,,,,,,,,,,,,,,,,,,,,,,,,,,,,,,,,,,1.0,0.003,50,0.5,,,,,,,409,-999907,,
True,False,3.0,2.2,14,2.0,2.0,,8,14,150,True,trend_reclaim,96,4,0.0,66.74983312589005,22.541430489571745,24,0.01,,,,,,,,,,,,,,,,,,,,,,,,,,,,,,,,,,,,,,,,,,,,,,,,,,,,,,,,,2.5,0.006,550,True,False,True,,,,,,,,,,,,,,,,,,,,,,,,,,,,,,,,,,,,,,,,,,,,,,,,,,,,,,,,,0.2,0.001,100,1.0,,,,,,,410,-999907,,
True,False,2.5,4.0,80,2.5,0.75,,40,30,300,True,trend_bb_reversion,12,2,0.008,65.91732433257569,31.184640786691904,18,0.0,,,,,,,,,,,,,,,,,,,,,,,,,,,,,,,,,,,,,,,,,,,,,,,,,,,,,,,,,2.0,0.08,87,True,True,True,,,,,,,,,,,,,,,,,,,,,,,,,,,,,,,,,,,,,,,,,,,,,,,,,,,,,,,,,0.2,0.001,30,0.75,,,,,,,411,-999908,,
False,True,2.0,12.0,20,1.5,0.75,,30,30,300,True,trend_bb_reversion,48,3,0.0025,72.31265107393014,43.3138238489581,24,0.001,,,,,,,,,,,,,,,,,,,,,,,,,,,,,,,,,,,,,,,,,,,,,,,,,,,,,,,,,3.0,0.006,497,True,False,True,,,,,,,,,,,,,,,,,,,,,,,,,,,,,,,,,,,,,,,,,,,,,,,,,,,,,,,,,0.03,0.002,20,0.5,,,,,,,412,-999909,,
True,False,5.0,12.0,20,1.8,1.25,,16,30,80,True,trend_bb_reversion,12,4,0.025,59.220514062187576,26.967855974745625,3,0.0,,,,,,,,,,,,,,,,,,,,,,,,,,,,,,,,,,,,,,,,,,,,,,,,,,,,,,,,,4.0,0.04,543,True,False,True,,,,,,,,,,,,,,,,,,,,,,,,,,,,,,,,,,,,,,,,,,,,,,,,,,,,,,,,,0.04,0.001,10,0.0,,,,,,,413,-999909,,
True,False,1.5,4.0,55,2.5,0.5,,10,10,50,False,channel_reclaim,12,8,0.008,62.50480107251662,37.77890207699923,24,0.0025,,,,,,,,,,,,,,,,,,,,,,,,,,,,,,,,,,,,,,,,,,,,,,,,,,,,,,,,,2.5,0.01,754,True,False,False,,,,,,,,,,,,,,,,,,,,,,,,,,,,,,,,,,,,,,,,,,,,,,,,,,,,,,,,,0.03,0.0005,20,1.0,,,,,,,414,-999910,,
True,False,1.0,8.0,30,1.5,0.75,,40,50,300,True,channel_reclaim,96,4,0.018,65.25358281521987,44.0898205650658,48,0.0005,,,,,,,,,,,,,,,,,,,,,,,,,,,,,,,,,,,,,,,,,,,,,,,,,,,,,,,,,1.5,0.025,5,True,True,True,,,,,,,,,,,,,,,,,,,,,,,,,,,,,,,,,,,,,,,,,,,,,,,,,,,,,,,,,0.12,0.0005,75,1.5,,,,,,,415,-999911,,
False,True,4.0,4.0,40,1.5,1.5,,30,10,400,True,trend_state_tp,24,1,0.008,61.99829189229465,42.676862394287205,12,0.005,,,,,,,,,,,,,,,,,,,,,,,,,,,,,,,,,,,,,,,,,,,,,,,,,,,,,,,,,4.0,0.01,88,False,False,False,,,,,,,,,,,,,,,,,,,,,,,,,,,,,,,,,,,,,,,,,,,,,,,,,,,,,,,,,0.04,0.001,30,0.75,,,,,,,416,-999911,,
True,False,2.0,12.0,14,1.5,0.5,,55,20,150,False,channel_reclaim,24,3,0.012,60.68457204079601,30.890554657167282,24,0.0025,,,,,,,,,,,,,,,,,,,,,,,,,,,,,,,,,,,,,,,,,,,,,,,,,,,,,,,,,1.5,0.006,701,True,False,False,,,,,,,,,,,,,,,,,,,,,,,,,,,,,,,,,,,,,,,,,,,,,,,,,,,,,,,,,0.08,0.0,100,0.25,,,,,,,417,-999911,,
True,False,5.0,12.0,30,1.5,0.5,,40,30,150,True,trend_bb_reversion,36,4,0.0025,58.86385840202192,28.56245612044493,6,0.001,,,,,,,,,,,,,,,,,,,,,,,,,,,,,,,,,,,,,,,,,,,,,,,,,,,,,,,,,4.0,0.025,379,False,False,True,,,,,,,,,,,,,,,,,,,,,,,,,,,,,,,,,,,,,,,,,,,,,,,,,,,,,,,,,0.12,0.003,100,0.75,,,,,,,418,-999912,,
True,False,5.0,12.0,80,2.0,2.0,,12,10,300,False,range_bb_reversion,24,8,0.012,66.30786060124133,31.05630053701771,3,0.001,,,,,,,,,,,,,,,,,,,,,,,,,,,,,,,,,,,,,,,,,,,,,,,,,,,,,,,,,1.0,0.025,660,True,False,False,,,,,,,,,,,,,,,,,,,,,,,,,,,,,,,,,,,,,,,,,,,,,,,,,,,,,,,,,0.08,0.0,150,0.75,,,,,,,419,-999912,,
True,True,1.0,1.3,14,2.5,0.75,,40,20,400,True,trend_bb_reversion,36,8,0.012,72.10325836085747,26.535426315632762,48,0.001,,,,,,,,,,,,,,,,,,,,,,,,,,,,,,,,,,,,,,,,,,,,,,,,,,,,,,,,,1.5,0.01,685,True,False,True,,,,,,,,,,,,,,,,,,,,,,,,,,,,,,,,,,,,,,,,,,,,,,,,,,,,,,,,,0.03,0.002,100,1.5,,,,,,,420,-999912,,
False,True,2.5,4.0,40,1.5,0.75,,55,10,150,True,trend_bb_reversion,24,3,0.0,60.798864919096445,29.02809949426066,24,0.0025,,,,,,,,,,,,,,,,,,,,,,,,,,,,,,,,,,,,,,,,,,,,,,,,,,,,,,,,,2.5,0.04,739,True,False,True,,,,,,,,,,,,,,,,,,,,,,,,,,,,,,,,,,,,,,,,,,,,,,,,,,,,,,,,,0.03,0.001,150,0.0,,,,,,,421,-999912,,
True,False,5.0,8.0,30,2.0,2.0,,10,80,300,True,trend_bb_reversion,24,6,0.018,68.15474572755551,36.64744128724659,6,0.0025,,,,,,,,,,,,,,,,,,,,,,,,,,,,,,,,,,,,,,,,,,,,,,,,,,,,,,,,,3.0,0.08,164,False,False,True,,,,,,,,,,,,,,,,,,,,,,,,,,,,,,,,,,,,,,,,,,,,,,,,,,,,,,,,,1.0,0.001,30,0.25,,,,,,,422,-999913,,
True,False,5.0,3.0,40,2.0,1.0,,40,14,300,True,channel_reclaim,18,4,0.012,70.09777920356399,39.34028699467822,12,0.001,,,,,,,,,,,,,,,,,,,,,,,,,,,,,,,,,,,,,,,,,,,,,,,,,,,,,,,,,4.0,0.006,605,True,False,True,,,,,,,,,,,,,,,,,,,,,,,,,,,,,,,,,,,,,,,,,,,,,,,,,,,,,,,,,0.12,0.003,10,1.0,,,,,,,423,-999913,,
True,False,5.0,12.0,40,2.5,1.5,,20,80,400,False,trend_bb_reversion,36,2,0.025,67.70610105434045,33.357000575767444,18,0.0005,,,,,,,,,,,,,,,,,,,,,,,,,,,,,,,,,,,,,,,,,,,,,,,,,,,,,,,,,2.5,0.006,761,True,False,False,,,,,,,,,,,,,,,,,,,,,,,,,,,,,,,,,,,,,,,,,,,,,,,,,,,,,,,,,1.0,0.002,30,1.5,,,,,,,424,-999913,,
True,False,1.5,8.0,30,1.5,2.0,,20,14,150,True,trend_reclaim,12,3,0.005,71.25284348834005,29.12387479636142,24,0.001,,,,,,,,,,,,,,,,,,,,,,,,,,,,,,,,,,,,,,,,,,,,,,,,,,,,,,,,,1.0,0.01,44,True,False,True,,,,,,,,,,,,,,,,,,,,,,,,,,,,,,,,,,,,,,,,,,,,,,,,,,,,,,,,,1.0,0.002,75,0.75,,,,,,,425,-999914,,
True,False,1.0,4.0,55,2.0,1.0,,10,8,300,True,channel_reclaim,96,3,0.0025,69.43427042860377,23.43340788970933,48,0.01,,,,,,,,,,,,,,,,,,,,,,,,,,,,,,,,,,,,,,,,,,,,,,,,,,,,,,,,,2.0,0.025,432,True,False,True,,,,,,,,,,,,,,,,,,,,,,,,,,,,,,,,,,,,,,,,,,,,,,,,,,,,,,,,,0.08,0.003,10,1.5,,,,,,,426,-999914,,
False,True,2.0,1.7,30,2.0,1.25,,55,10,50,True,trend_bb_reversion,36,3,0.0,63.93091028327695,43.650406189965736,12,0.0005,,,,,,,,,,,,,,,,,,,,,,,,,,,,,,,,,,,,,,,,,,,,,,,,,,,,,,,,,3.0,0.08,564,True,False,True,,,,,,,,,,,,,,,,,,,,,,,,,,,,,,,,,,,,,,,,,,,,,,,,,,,,,,,,,0.05,0.0005,150,0.5,,,,,,,427,-999914,,
True,False,4.0,3.0,40,1.8,2.0,,30,14,300,False,range_bb_reversion,8,6,0.0025,63.55531590917322,42.49140339192736,36,0.001,,,,,,,,,,,,,,,,,,,,,,,,,,,,,,,,,,,,,,,,,,,,,,,,,,,,,,,,,2.0,0.015,677,False,False,False,,,,,,,,,,,,,,,,,,,,,,,,,,,,,,,,,,,,,,,,,,,,,,,,,,,,,,,,,0.04,0.0005,75,1.25,,,,,,,428,-999914,,
True,False,3.0,8.0,80,2.2,0.5,,16,10,200,True,trend_bb_reversion,12,3,0.008,68.18896758103995,38.8300821456413,48,0.0005,,,,,,,,,,,,,,,,,,,,,,,,,,,,,,,,,,,,,,,,,,,,,,,,,,,,,,,,,1.0,0.04,679,True,False,True,,,,,,,,,,,,,,,,,,,,,,,,,,,,,,,,,,,,,,,,,,,,,,,,,,,,,,,,,0.05,0.002,30,0.25,,,,,,,429,-999914,,
True,True,1.0,2.2,40,1.5,2.0,,16,10,50,True,trend_bb_reversion,48,6,0.008,68.37177327352607,29.195668414802117,18,0.0,,,,,,,,,,,,,,,,,,,,,,,,,,,,,,,,,,,,,,,,,,,,,,,,,,,,,,,,,2.5,0.08,644,True,True,True,,,,,,,,,,,,,,,,,,,,,,,,,,,,,,,,,,,,,,,,,,,,,,,,,,,,,,,,,0.04,0.003,75,0.75,,,,,,,430,-999915,,
True,False,1.5,1.7,30,1.5,1.25,,55,20,200,True,range_bb_reversion,120,8,0.005,62.05605252209499,43.89736437598881,18,0.001,,,,,,,,,,,,,,,,,,,,,,,,,,,,,,,,,,,,,,,,,,,,,,,,,,,,,,,,,1.0,0.01,720,False,False,True,,,,,,,,,,,,,,,,,,,,,,,,,,,,,,,,,,,,,,,,,,,,,,,,,,,,,,,,,0.03,0.0005,50,1.5,,,,,,,431,-999915,,
True,False,2.5,8.0,20,1.8,1.5,,20,14,50,False,trend_bb_reversion,120,8,0.012,61.44416913401253,33.65453733902707,6,0.0025,,,,,,,,,,,,,,,,,,,,,,,,,,,,,,,,,,,,,,,,,,,,,,,,,,,,,,,,,3.0,0.025,797,True,False,False,,,,,,,,,,,,,,,,,,,,,,,,,,,,,,,,,,,,,,,,,,,,,,,,,,,,,,,,,0.12,0.001,30,0.5,,,,,,,432,-999915,,
True,False,4.0,4.0,30,2.2,2.0,,55,30,100,True,trend_bb_reversion,72,3,0.005,68.19428981081612,22.039853906440392,24,0.0025,,,,,,,,,,,,,,,,,,,,,,,,,,,,,,,,,,,,,,,,,,,,,,,,,,,,,,,,,1.0,0.025,26,True,False,True,,,,,,,,,,,,,,,,,,,,,,,,,,,,,,,,,,,,,,,,,,,,,,,,,,,,,,,,,0.04,0.0005,50,0.0,,,,,,,433,-999916,,
True,False,2.5,12.0,30,2.0,2.0,,16,50,400,True,trend_bb_reversion,24,4,0.025,58.501719902572084,30.35846908599545,48,0.0,,,,,,,,,,,,,,,,,,,,,,,,,,,,,,,,,,,,,,,,,,,,,,,,,,,,,,,,,1.0,0.08,612,False,False,True,,,,,,,,,,,,,,,,,,,,,,,,,,,,,,,,,,,,,,,,,,,,,,,,,,,,,,,,,0.08,0.002,10,1.5,,,,,,,434,-999916,,
True,False,1.5,1.7,20,1.8,1.5,,40,10,300,True,channel_reclaim,48,2,0.025,58.30564915616207,42.03500741096824,24,0.005,,,,,,,,,,,,,,,,,,,,,,,,,,,,,,,,,,,,,,,,,,,,,,,,,,,,,,,,,3.0,0.01,119,True,False,True,,,,,,,,,,,,,,,,,,,,,,,,,,,,,,,,,,,,,,,,,,,,,,,,,,,,,,,,,0.2,0.001,10,1.0,,,,,,,435,-999917,,
True,True,3.0,8.0,30,1.5,1.5,,20,14,200,True,trend_reclaim,72,4,0.008,76.86242232600259,30.647578144758945,24,0.001,,,,,,,,,,,,,,,,,,,,,,,,,,,,,,,,,,,,,,,,,,,,,,,,,,,,,,,,,2.5,0.04,175,True,False,True,,,,,,,,,,,,,,,,,,,,,,,,,,,,,,,,,,,,,,,,,,,,,,,,,,,,,,,,,0.08,0.0,75,0.5,,,,,,,436,-999917,,
True,False,2.5,1.7,40,1.8,1.25,,55,10,300,False,range_bb_reversion,96,1,0.018,58.44529631997342,25.325759894619488,24,0.01,,,,,,,,,,,,,,,,,,,,,,,,,,,,,,,,,,,,,,,,,,,,,,,,,,,,,,,,,1.5,0.04,603,True,False,False,,,,,,,,,,,,,,,,,,,,,,,,,,,,,,,,,,,,,,,,,,,,,,,,,,,,,,,,,0.03,0.002,20,0.5,,,,,,,437,-999917,,
True,False,2.5,1.7,30,1.5,1.0,,8,80,300,False,trend_bb_reversion,36,6,0.018,62.75092488719059,31.644617572278637,36,0.0025,,,,,,,,,,,,,,,,,,,,,,,,,,,,,,,,,,,,,,,,,,,,,,,,,,,,,,,,,4.0,0.08,662,True,False,False,,,,,,,,,,,,,,,,,,,,,,,,,,,,,,,,,,,,,,,,,,,,,,,,,,,,,,,,,0.12,0.003,150,1.25,,,,,,,438,-999917,,
True,False,5.0,1.7,14,2.5,2.0,,20,30,300,True,range_bb_reversion,8,3,0.0025,60.866805964977196,43.06477005802055,12,0.01,,,,,,,,,,,,,,,,,,,,,,,,,,,,,,,,,,,,,,,,,,,,,,,,,,,,,,,,,2.5,0.015,733,False,False,True,,,,,,,,,,,,,,,,,,,,,,,,,,,,,,,,,,,,,,,,,,,,,,,,,,,,,,,,,0.12,0.0,50,1.25,,,,,,,439,-999917,,
True,False,1.5,3.0,14,2.2,1.5,,8,30,200,True,trend_state_tp,8,6,0.025,74.25475762378991,32.35004609458077,12,0.005,,,,,,,,,,,,,,,,,,,,,,,,,,,,,,,,,,,,,,,,,,,,,,,,,,,,,,,,,4.0,0.015,116,True,False,True,,,,,,,,,,,,,,,,,,,,,,,,,,,,,,,,,,,,,,,,,,,,,,,,,,,,,,,,,0.03,0.001,100,1.0,,,,,,,440,-999918,,
True,False,3.0,4.0,80,1.5,1.25,,40,30,80,False,range_bb_reversion,24,6,0.008,72.28800341300125,29.309534378481242,12,0.0,,,,,,,,,,,,,,,,,,,,,,,,,,,,,,,,,,,,,,,,,,,,,,,,,,,,,,,,,1.5,0.015,133,True,False,False,,,,,,,,,,,,,,,,,,,,,,,,,,,,,,,,,,,,,,,,,,,,,,,,,,,,,,,,,0.03,0.0,75,1.25,,,,,,,441,-999918,,
False,True,3.0,8.0,80,2.5,2.0,,12,30,100,False,range_bb_reversion,18,4,0.0,61.014122031967695,38.08655946567918,48,0.0025,,,,,,,,,,,,,,,,,,,,,,,,,,,,,,,,,,,,,,,,,,,,,,,,,,,,,,,,,4.0,0.015,228,True,False,False,,,,,,,,,,,,,,,,,,,,,,,,,,,,,,,,,,,,,,,,,,,,,,,,,,,,,,,,,0.12,0.001,100,0.0,,,,,,,442,-999918,,
True,False,1.5,6.0,80,2.5,2.0,,8,80,400,True,trend_bb_reversion,48,2,0.0,63.54640007670429,32.13304298435873,12,0.001,,,,,,,,,,,,,,,,,,,,,,,,,,,,,,,,,,,,,,,,,,,,,,,,,,,,,,,,,2.5,0.08,727,True,False,True,,,,,,,,,,,,,,,,,,,,,,,,,,,,,,,,,,,,,,,,,,,,,,,,,,,,,,,,,0.2,0.002,20,0.25,,,,,,,443,-999919,,
True,False,2.5,3.0,30,1.8,2.0,,8,10,50,False,trend_bb_reversion,72,8,0.018,67.15006774647236,27.733281562533296,48,0.005,,,,,,,,,,,,,,,,,,,,,,,,,,,,,,,,,,,,,,,,,,,,,,,,,,,,,,,,,2.0,0.01,633,True,False,False,,,,,,,,,,,,,,,,,,,,,,,,,,,,,,,,,,,,,,,,,,,,,,,,,,,,,,,,,0.05,0.003,75,0.25,,,,,,,444,-999921,,
True,False,5.0,12.0,20,2.5,2.0,,40,30,300,False,trend_bb_reversion,48,4,0.0025,73.060275482182,32.93680423601215,36,0.01,,,,,,,,,,,,,,,,,,,,,,,,,,,,,,,,,,,,,,,,,,,,,,,,,,,,,,,,,4.0,0.04,17,False,False,False,,,,,,,,,,,,,,,,,,,,,,,,,,,,,,,,,,,,,,,,,,,,,,,,,,,,,,,,,0.2,0.002,150,1.5,,,,,,,445,-999922,,
True,False,4.0,1.7,20,2.5,2.0,,30,80,130,False,trend_bb_reversion,72,2,0.0025,62.41199705202018,40.8045134177079,3,0.0005,,,,,,,,,,,,,,,,,,,,,,,,,,,,,,,,,,,,,,,,,,,,,,,,,,,,,,,,,3.0,0.01,27,True,False,False,,,,,,,,,,,,,,,,,,,,,,,,,,,,,,,,,,,,,,,,,,,,,,,,,,,,,,,,,0.04,0.0005,50,1.0,,,,,,,446,-999922,,
True,False,3.0,2.2,14,2.2,1.0,,16,30,150,True,range_bb_reversion,24,8,0.0,63.962298326846344,34.42522296787216,12,0.01,,,,,,,,,,,,,,,,,,,,,,,,,,,,,,,,,,,,,,,,,,,,,,,,,,,,,,,,,2.5,0.01,712,True,False,True,,,,,,,,,,,,,,,,,,,,,,,,,,,,,,,,,,,,,,,,,,,,,,,,,,,,,,,,,0.04,0.0005,150,1.5,,,,,,,447,-999922,,
True,True,5.0,2.2,40,2.0,1.0,,20,80,400,True,range_bb_reversion,24,8,0.0,71.82996265392846,32.175127543428175,48,0.01,,,,,,,,,,,,,,,,,,,,,,,,,,,,,,,,,,,,,,,,,,,,,,,,,,,,,,,,,4.0,0.01,755,True,False,True,,,,,,,,,,,,,,,,,,,,,,,,,,,,,,,,,,,,,,,,,,,,,,,,,,,,,,,,,0.05,0.003,75,0.5,,,,,,,448,-999922,,
False,True,2.5,4.0,30,2.2,1.0,,55,50,400,False,range_bb_reversion,8,4,0.008,68.17775862353545,35.68319028853139,36,0.0,,,,,,,,,,,,,,,,,,,,,,,,,,,,,,,,,,,,,,,,,,,,,,,,,,,,,,,,,3.0,0.025,194,True,False,False,,,,,,,,,,,,,,,,,,,,,,,,,,,,,,,,,,,,,,,,,,,,,,,,,,,,,,,,,1.0,0.002,75,1.5,,,,,,,449,-999923,,
True,False,1.0,2.2,40,1.5,0.75,,8,10,300,True,range_bb_reversion,24,4,0.0,59.43040070484432,26.932040903837372,36,0.01,,,,,,,,,,,,,,,,,,,,,,,,,,,,,,,,,,,,,,,,,,,,,,,,,,,,,,,,,4.0,0.015,269,True,True,True,,,,,,,,,,,,,,,,,,,,,,,,,,,,,,,,,,,,,,,,,,,,,,,,,,,,,,,,,0.12,0.001,100,1.5,,,,,,,450,-999923,,
True,False,1.5,1.3,55,2.0,2.0,,30,30,150,True,trend_bb_reversion,12,3,0.025,71.58822056304943,38.92643976947174,48,0.01,,,,,,,,,,,,,,,,,,,,,,,,,,,,,,,,,,,,,,,,,,,,,,,,,,,,,,,,,4.0,0.01,643,True,False,True,,,,,,,,,,,,,,,,,,,,,,,,,,,,,,,,,,,,,,,,,,,,,,,,,,,,,,,,,0.04,0.0,10,0.75,,,,,,,451,-999923,,
True,False,1.5,1.7,80,2.5,2.0,,12,8,300,False,range_bb_reversion,96,6,0.025,61.99176456962432,28.15289984823016,6,0.001,,,,,,,,,,,,,,,,,,,,,,,,,,,,,,,,,,,,,,,,,,,,,,,,,,,,,,,,,3.0,0.08,649,False,False,False,,,,,,,,,,,,,,,,,,,,,,,,,,,,,,,,,,,,,,,,,,,,,,,,,,,,,,,,,0.04,0.0,50,1.25,,,,,,,452,-999923,,
True,False,4.0,1.7,40,2.2,2.0,,8,80,200,False,trend_bb_reversion,18,3,0.0025,77.34805720898939,25.970350692657657,48,0.0,,,,,,,,,,,,,,,,,,,,,,,,,,,,,,,,,,,,,,,,,,,,,,,,,,,,,,,,,2.5,0.025,95,False,False,False,,,,,,,,,,,,,,,,,,,,,,,,,,,,,,,,,,,,,,,,,,,,,,,,,,,,,,,,,0.12,0.0,100,1.25,,,,,,,453,-999924,,
True,True,3.0,8.0,14,2.0,1.5,,20,10,400,True,trend_reclaim,72,8,0.005,74.89330208186375,43.72684560218422,18,0.01,,,,,,,,,,,,,,,,,,,,,,,,,,,,,,,,,,,,,,,,,,,,,,,,,,,,,,,,,2.5,0.025,673,True,False,True,,,,,,,,,,,,,,,,,,,,,,,,,,,,,,,,,,,,,,,,,,,,,,,,,,,,,,,,,0.08,0.0,30,0.25,,,,,,,454,-999924,,
True,False,2.5,2.2,14,2.5,0.5,,55,10,300,True,channel_reclaim,96,6,0.008,74.64612730218867,26.162516419322507,12,0.0,,,,,,,,,,,,,,,,,,,,,,,,,,,,,,,,,,,,,,,,,,,,,,,,,,,,,,,,,1.5,0.08,73,True,False,True,,,,,,,,,,,,,,,,,,,,,,,,,,,,,,,,,,,,,,,,,,,,,,,,,,,,,,,,,0.04,0.0,100,0.5,,,,,,,455,-999925,,
True,True,3.0,4.0,14,2.2,0.75,,12,8,300,True,trend_reclaim,120,1,0.005,65.41866734618864,44.332038956320794,18,0.0,,,,,,,,,,,,,,,,,,,,,,,,,,,,,,,,,,,,,,,,,,,,,,,,,,,,,,,,,4.0,0.006,239,False,False,True,,,,,,,,,,,,,,,,,,,,,,,,,,,,,,,,,,,,,,,,,,,,,,,,,,,,,,,,,0.04,0.0,10,0.25,,,,,,,456,-999926,,
True,False,2.0,8.0,55,2.2,0.5,,40,14,150,True,range_bb_reversion,8,4,0.025,63.909488113849115,39.17788823251163,36,0.01,,,,,,,,,,,,,,,,,,,,,,,,,,,,,,,,,,,,,,,,,,,,,,,,,,,,,,,,,3.0,0.006,392,True,False,True,,,,,,,,,,,,,,,,,,,,,,,,,,,,,,,,,,,,,,,,,,,,,,,,,,,,,,,,,0.12,0.0005,20,1.0,,,,,,,457,-999926,,
True,False,1.5,12.0,30,2.0,1.0,,55,14,100,True,range_bb_reversion,120,1,0.008,77.30653933167893,22.536325211616187,18,0.0025,,,,,,,,,,,,,,,,,,,,,,,,,,,,,,,,,,,,,,,,,,,,,,,,,,,,,,,,,4.0,0.025,399,True,False,True,,,,,,,,,,,,,,,,,,,,,,,,,,,,,,,,,,,,,,,,,,,,,,,,,,,,,,,,,0.03,0.0,50,0.25,,,,,,,458,-999926,,
True,False,1.5,1.7,30,1.5,1.0,,10,20,200,False,trend_bb_reversion,96,8,0.0,74.41915268582135,23.331549884814017,12,0.0005,,,,,,,,,,,,,,,,,,,,,,,,,,,,,,,,,,,,,,,,,,,,,,,,,,,,,,,,,3.0,0.08,678,True,True,False,,,,,,,,,,,,,,,,,,,,,,,,,,,,,,,,,,,,,,,,,,,,,,,,,,,,,,,,,1.0,0.002,100,0.75,,,,,,,459,-999926,,
True,True,4.0,4.0,40,1.8,0.5,,16,80,100,False,trend_bb_reversion,24,6,0.0025,63.761633790954605,26.79089293446904,36,0.005,,,,,,,,,,,,,,,,,,,,,,,,,,,,,,,,,,,,,,,,,,,,,,,,,,,,,,,,,1.0,0.025,689,False,False,False,,,,,,,,,,,,,,,,,,,,,,,,,,,,,,,,,,,,,,,,,,,,,,,,,,,,,,,,,1.0,0.0005,150,1.5,,,,,,,460,-999926,,
True,False,2.5,6.0,55,2.5,0.75,,12,8,400,True,trend_bb_reversion,18,4,0.0025,75.11327242264342,25.573835958140673,48,0.01,,,,,,,,,,,,,,,,,,,,,,,,,,,,,,,,,,,,,,,,,,,,,,,,,,,,,,,,,2.5,0.015,78,True,False,True,,,,,,,,,,,,,,,,,,,,,,,,,,,,,,,,,,,,,,,,,,,,,,,,,,,,,,,,,0.2,0.002,100,0.5,,,,,,,461,-999927,,
True,False,2.0,6.0,55,2.0,1.25,,40,50,200,False,trend_bb_reversion,8,1,0.0,77.8985302220147,24.698272013191307,48,0.001,,,,,,,,,,,,,,,,,,,,,,,,,,,,,,,,,,,,,,,,,,,,,,,,,,,,,,,,,1.0,0.08,378,True,False,False,,,,,,,,,,,,,,,,,,,,,,,,,,,,,,,,,,,,,,,,,,,,,,,,,,,,,,,,,0.04,0.001,50,0.0,,,,,,,462,-999927,,
True,False,2.5,6.0,80,2.0,1.25,,8,8,400,True,trend_bb_reversion,120,1,0.008,62.78535184864293,32.4359726124178,12,0.001,,,,,,,,,,,,,,,,,,,,,,,,,,,,,,,,,,,,,,,,,,,,,,,,,,,,,,,,,1.5,0.025,149,True,False,True,,,,,,,,,,,,,,,,,,,,,,,,,,,,,,,,,,,,,,,,,,,,,,,,,,,,,,,,,1.0,0.001,20,1.0,,,,,,,463,-999928,,
False,True,1.5,2.2,14,1.8,1.0,,16,30,400,False,channel_reclaim,8,6,0.025,68.50238110814682,34.03156712744208,12,0.005,,,,,,,,,,,,,,,,,,,,,,,,,,,,,,,,,,,,,,,,,,,,,,,,,,,,,,,,,1.5,0.006,714,True,False,False,,,,,,,,,,,,,,,,,,,,,,,,,,,,,,,,,,,,,,,,,,,,,,,,,,,,,,,,,0.08,0.003,20,0.0,,,,,,,464,-999928,,
True,False,3.0,12.0,40,2.2,0.5,,30,14,200,True,trend_bb_reversion,72,8,0.0025,58.27492463682001,35.74137983557298,12,0.0,,,,,,,,,,,,,,,,,,,,,,,,,,,,,,,,,,,,,,,,,,,,,,,,,,,,,,,,,3.0,0.006,621,False,False,True,,,,,,,,,,,,,,,,,,,,,,,,,,,,,,,,,,,,,,,,,,,,,,,,,,,,,,,,,0.03,0.0,30,0.5,,,,,,,465,-999929,,
True,False,1.5,12.0,40,2.5,1.0,,16,30,300,True,range_bb_reversion,120,3,0.005,73.18103437617778,37.514718524143376,48,0.0005,,,,,,,,,,,,,,,,,,,,,,,,,,,,,,,,,,,,,,,,,,,,,,,,,,,,,,,,,4.0,0.025,771,True,False,True,,,,,,,,,,,,,,,,,,,,,,,,,,,,,,,,,,,,,,,,,,,,,,,,,,,,,,,,,0.03,0.0005,10,0.0,,,,,,,466,-999929,,
True,False,2.0,2.2,55,1.8,0.75,,12,50,100,True,trend_state_tp,14,8,0.012,66.5676927040189,33.40957784489411,3,0.005,,,,,,,,,,,,,,,,,,,,,,,,,,,,,,,,,,,,,,,,,,,,,,,,,,,,,,,,,2.0,0.025,251,True,True,True,,,,,,,,,,,,,,,,,,,,,,,,,,,,,,,,,,,,,,,,,,,,,,,,,,,,,,,,,1.0,0.002,75,0.0,,,,,,,467,-999930,,
True,False,2.0,4.0,55,1.8,1.5,,12,50,100,True,trend_bb_reversion,24,1,0.018,58.33377111384248,31.01934273191248,48,0.0005,,,,,,,,,,,,,,,,,,,,,,,,,,,,,,,,,,,,,,,,,,,,,,,,,,,,,,,,,1.0,0.01,369,True,False,True,,,,,,,,,,,,,,,,,,,,,,,,,,,,,,,,,,,,,,,,,,,,,,,,,,,,,,,,,0.2,0.001,100,1.5,,,,,,,468,-999930,,
True,False,1.5,12.0,14,2.2,0.5,,55,30,150,True,trend_bb_reversion,18,3,0.0025,75.2782525413433,38.60928675934379,6,0.0025,,,,,,,,,,,,,,,,,,,,,,,,,,,,,,,,,,,,,,,,,,,,,,,,,,,,,,,,,1.0,0.025,467,True,False,True,,,,,,,,,,,,,,,,,,,,,,,,,,,,,,,,,,,,,,,,,,,,,,,,,,,,,,,,,0.04,0.0005,50,1.0,,,,,,,469,-999930,,
True,True,2.0,12.0,40,1.8,2.0,,55,30,50,True,trend_reclaim,18,1,0.005,61.31232664705253,40.12584201456896,48,0.005,,,,,,,,,,,,,,,,,,,,,,,,,,,,,,,,,,,,,,,,,,,,,,,,,,,,,,,,,3.0,0.01,478,True,False,True,,,,,,,,,,,,,,,,,,,,,,,,,,,,,,,,,,,,,,,,,,,,,,,,,,,,,,,,,0.05,0.0,30,0.5,,,,,,,470,-999930,,
True,False,5.0,2.2,55,2.0,0.75,,20,14,80,True,trend_bb_reversion,18,6,0.008,63.62899539341925,33.95906597864383,18,0.0,,,,,,,,,,,,,,,,,,,,,,,,,,,,,,,,,,,,,,,,,,,,,,,,,,,,,,,,,2.5,0.08,526,True,False,True,,,,,,,,,,,,,,,,,,,,,,,,,,,,,,,,,,,,,,,,,,,,,,,,,,,,,,,,,0.2,0.001,30,0.5,,,,,,,471,-999930,,
False,True,2.5,12.0,80,1.8,1.5,,55,50,400,True,range_bb_reversion,24,2,0.008,60.471446853406995,28.50555434123246,48,0.0025,,,,,,,,,,,,,,,,,,,,,,,,,,,,,,,,,,,,,,,,,,,,,,,,,,,,,,,,,1.0,0.01,16,True,False,True,,,,,,,,,,,,,,,,,,,,,,,,,,,,,,,,,,,,,,,,,,,,,,,,,,,,,,,,,0.08,0.001,50,0.5,,,,,,,472,-999931,,
True,True,5.0,3.0,55,1.5,0.5,,30,30,80,True,trend_bb_reversion,48,4,0.018,72.96838510205576,42.68001138218807,6,0.0,,,,,,,,,,,,,,,,,,,,,,,,,,,,,,,,,,,,,,,,,,,,,,,,,,,,,,,,,2.5,0.08,130,True,False,True,,,,,,,,,,,,,,,,,,,,,,,,,,,,,,,,,,,,,,,,,,,,,,,,,,,,,,,,,0.08,0.002,10,1.5,,,,,,,473,-999932,,
True,False,2.5,12.0,80,2.5,1.0,,30,14,100,False,channel_reclaim,120,4,0.018,66.73043815872711,44.402984943908216,36,0.0025,,,,,,,,,,,,,,,,,,,,,,,,,,,,,,,,,,,,,,,,,,,,,,,,,,,,,,,,,2.5,0.015,606,True,False,False,,,,,,,,,,,,,,,,,,,,,,,,,,,,,,,,,,,,,,,,,,,,,,,,,,,,,,,,,0.03,0.001,75,0.5,,,,,,,474,-999932,,
True,False,1.0,3.0,40,2.2,1.0,,16,8,100,True,range_bb_reversion,12,6,0.018,76.66737559932638,26.221514699169596,12,0.0,,,,,,,,,,,,,,,,,,,,,,,,,,,,,,,,,,,,,,,,,,,,,,,,,,,,,,,,,2.0,0.01,622,True,False,True,,,,,,,,,,,,,,,,,,,,,,,,,,,,,,,,,,,,,,,,,,,,,,,,,,,,,,,,,0.05,0.003,20,0.75,,,,,,,475,-999932,,
True,False,4.0,8.0,80,2.5,0.75,,12,20,100,True,range_bb_reversion,12,2,0.0025,65.5439225904332,22.159340912166225,12,0.0,,,,,,,,,,,,,,,,,,,,,,,,,,,,,,,,,,,,,,,,,,,,,,,,,,,,,,,,,1.5,0.04,361,True,True,True,,,,,,,,,,,,,,,,,,,,,,,,,,,,,,,,,,,,,,,,,,,,,,,,,,,,,,,,,0.04,0.003,30,0.75,,,,,,,476,-999933,,
True,False,1.0,1.3,55,2.0,2.0,,16,8,150,False,range_bb_reversion,36,3,0.0025,65.69662249163456,22.850759794459602,3,0.0,,,,,,,,,,,,,,,,,,,,,,,,,,,,,,,,,,,,,,,,,,,,,,,,,,,,,,,,,3.0,0.015,789,True,False,False,,,,,,,,,,,,,,,,,,,,,,,,,,,,,,,,,,,,,,,,,,,,,,,,,,,,,,,,,0.08,0.0,150,0.5,,,,,,,477,-999933,,
True,False,1.5,3.0,40,2.2,2.0,,20,8,300,True,range_bb_reversion,36,1,0.018,59.096147090119544,41.97596575005377,24,0.001,,,,,,,,,,,,,,,,,,,,,,,,,,,,,,,,,,,,,,,,,,,,,,,,,,,,,,,,,1.5,0.01,291,True,False,True,,,,,,,,,,,,,,,,,,,,,,,,,,,,,,,,,,,,,,,,,,,,,,,,,,,,,,,,,0.05,0.003,75,0.75,,,,,,,478,-999934,,
True,False,3.0,3.0,40,2.0,1.25,,8,20,150,False,trend_bb_reversion,12,2,0.025,74.83651575363267,29.717809075264338,36,0.0025,,,,,,,,,,,,,,,,,,,,,,,,,,,,,,,,,,,,,,,,,,,,,,,,,,,,,,,,,4.0,0.015,342,True,False,False,,,,,,,,,,,,,,,,,,,,,,,,,,,,,,,,,,,,,,,,,,,,,,,,,,,,,,,,,0.03,0.0,50,0.5,,,,,,,479,-999934,,
True,False,1.5,4.0,30,2.5,1.0,,30,20,150,True,range_bb_reversion,96,8,0.008,73.68052377032089,33.02860925743436,6,0.01,,,,,,,,,,,,,,,,,,,,,,,,,,,,,,,,,,,,,,,,,,,,,,,,,,,,,,,,,1.0,0.01,348,True,True,True,,,,,,,,,,,,,,,,,,,,,,,,,,,,,,,,,,,,,,,,,,,,,,,,,,,,,,,,,0.04,0.001,75,1.25,,,,,,,480,-999934,,
True,False,5.0,12.0,80,1.5,1.5,,30,80,300,True,trend_bb_reversion,18,3,0.012,73.01777044793258,36.8104933627083,24,0.001,,,,,,,,,,,,,,,,,,,,,,,,,,,,,,,,,,,,,,,,,,,,,,,,,,,,,,,,,2.0,0.006,729,False,False,True,,,,,,,,,,,,,,,,,,,,,,,,,,,,,,,,,,,,,,,,,,,,,,,,,,,,,,,,,0.12,0.0,100,1.25,,,,,,,481,-999934,,
True,True,1.0,8.0,55,2.0,0.75,,55,50,400,False,channel_reclaim,12,6,0.005,76.8649881975562,22.08838461824359,48,0.005,,,,,,,,,,,,,,,,,,,,,,,,,,,,,,,,,,,,,,,,,,,,,,,,,,,,,,,,,2.0,0.015,63,False,False,False,,,,,,,,,,,,,,,,,,,,,,,,,,,,,,,,,,,,,,,,,,,,,,,,,,,,,,,,,0.03,0.001,150,0.75,,,,,,,482,-999935,,
False,True,3.0,1.3,14,1.5,1.25,,8,80,150,True,channel_reclaim,24,1,0.018,72.89897259442925,25.951277234428982,24,0.005,,,,,,,,,,,,,,,,,,,,,,,,,,,,,,,,,,,,,,,,,,,,,,,,,,,,,,,,,2.0,0.08,582,True,True,True,,,,,,,,,,,,,,,,,,,,,,,,,,,,,,,,,,,,,,,,,,,,,,,,,,,,,,,,,0.03,0.0005,20,1.0,,,,,,,483,-999935,,
True,False,2.5,1.3,80,2.0,0.5,,40,10,200,True,trend_reclaim,120,3,0.0,65.49446514213557,40.408720656512955,18,0.01,,,,,,,,,,,,,,,,,,,,,,,,,,,,,,,,,,,,,,,,,,,,,,,,,,,,,,,,,2.0,0.01,324,True,False,True,,,,,,,,,,,,,,,,,,,,,,,,,,,,,,,,,,,,,,,,,,,,,,,,,,,,,,,,,0.03,0.0005,20,0.5,,,,,,,484,-999936,,
True,False,2.0,1.7,30,2.2,1.25,,40,80,400,True,range_bb_reversion,72,4,0.025,59.78060523610704,33.75169358252766,48,0.005,,,,,,,,,,,,,,,,,,,,,,,,,,,,,,,,,,,,,,,,,,,,,,,,,,,,,,,,,1.5,0.015,237,True,False,True,,,,,,,,,,,,,,,,,,,,,,,,,,,,,,,,,,,,,,,,,,,,,,,,,,,,,,,,,0.12,0.0,75,1.5,,,,,,,485,-999937,,
True,False,2.5,3.0,55,1.5,2.0,,20,8,50,False,channel_reclaim,72,1,0.012,70.06178134803037,38.02426726327591,18,0.001,,,,,,,,,,,,,,,,,,,,,,,,,,,,,,,,,,,,,,,,,,,,,,,,,,,,,,,,,2.0,0.025,670,True,False,False,,,,,,,,,,,,,,,,,,,,,,,,,,,,,,,,,,,,,,,,,,,,,,,,,,,,,,,,,0.05,0.001,20,1.25,,,,,,,486,-999937,,
True,False,5.0,1.7,14,2.2,1.0,,30,50,150,True,channel_reclaim,48,1,0.0025,70.3758543018068,25.44504387998288,18,0.01,,,,,,,,,,,,,,,,,,,,,,,,,,,,,,,,,,,,,,,,,,,,,,,,,,,,,,,,,3.0,0.08,240,True,False,True,,,,,,,,,,,,,,,,,,,,,,,,,,,,,,,,,,,,,,,,,,,,,,,,,,,,,,,,,0.08,0.003,100,0.25,,,,,,,487,-999938,,
False,True,3.0,8.0,55,2.5,2.0,,8,14,80,False,trend_reclaim,24,4,0.005,65.18002429578176,23.344817910159627,3,0.0,,,,,,,,,,,,,,,,,,,,,,,,,,,,,,,,,,,,,,,,,,,,,,,,,,,,,,,,,3.0,0.04,527,True,False,False,,,,,,,,,,,,,,,,,,,,,,,,,,,,,,,,,,,,,,,,,,,,,,,,,,,,,,,,,0.2,0.0005,20,0.75,,,,,,,488,-999938,,
True,False,2.5,3.0,14,2.5,1.0,,30,10,100,True,channel_reclaim,72,4,0.0025,70.73150227698754,44.318235415061714,24,0.0025,,,,,,,,,,,,,,,,,,,,,,,,,,,,,,,,,,,,,,,,,,,,,,,,,,,,,,,,,1.5,0.08,112,True,False,True,,,,,,,,,,,,,,,,,,,,,,,,,,,,,,,,,,,,,,,,,,,,,,,,,,,,,,,,,0.05,0.001,20,1.25,,,,,,,489,-999939,,
False,True,1.0,6.0,30,1.8,1.25,,16,8,100,True,trend_bb_reversion,72,2,0.025,75.98429799344927,27.52592570601925,18,0.0025,,,,,,,,,,,,,,,,,,,,,,,,,,,,,,,,,,,,,,,,,,,,,,,,,,,,,,,,,2.5,0.006,459,True,False,True,,,,,,,,,,,,,,,,,,,,,,,,,,,,,,,,,,,,,,,,,,,,,,,,,,,,,,,,,0.05,0.0005,20,0.5,,,,,,,490,-999939,,
True,False,1.0,8.0,30,2.5,1.25,,30,80,300,True,range_bb_reversion,12,8,0.005,58.01364535037663,37.67817540044834,48,0.001,,,,,,,,,,,,,,,,,,,,,,,,,,,,,,,,,,,,,,,,,,,,,,,,,,,,,,,,,2.0,0.01,608,True,False,True,,,,,,,,,,,,,,,,,,,,,,,,,,,,,,,,,,,,,,,,,,,,,,,,,,,,,,,,,0.2,0.0,10,0.75,,,,,,,491,-999939,,
True,False,2.5,3.0,20,1.8,1.25,,8,14,200,True,trend_bb_reversion,72,1,0.025,65.84891595208158,34.832301188390126,36,0.0005,,,,,,,,,,,,,,,,,,,,,,,,,,,,,,,,,,,,,,,,,,,,,,,,,,,,,,,,,3.0,0.01,726,False,False,True,,,,,,,,,,,,,,,,,,,,,,,,,,,,,,,,,,,,,,,,,,,,,,,,,,,,,,,,,0.03,0.0005,20,1.5,,,,,,,492,-999939,,
True,False,4.0,2.2,80,1.5,0.75,,30,20,400,False,channel_reclaim,120,6,0.025,62.7401641821932,41.74508084768771,24,0.01,,,,,,,,,,,,,,,,,,,,,,,,,,,,,,,,,,,,,,,,,,,,,,,,,,,,,,,,,2.5,0.025,332,True,False,False,,,,,,,,,,,,,,,,,,,,,,,,,,,,,,,,,,,,,,,,,,,,,,,,,,,,,,,,,1.0,0.002,75,0.75,,,,,,,493,-999941,,
True,False,4.0,1.3,14,1.5,0.75,,55,8,80,True,trend_bb_reversion,120,2,0.0,61.725137321790584,40.25070181105191,18,0.005,,,,,,,,,,,,,,,,,,,,,,,,,,,,,,,,,,,,,,,,,,,,,,,,,,,,,,,,,2.5,0.04,525,True,False,True,,,,,,,,,,,,,,,,,,,,,,,,,,,,,,,,,,,,,,,,,,,,,,,,,,,,,,,,,0.08,0.001,100,1.5,,,,,,,494,-999941,,
True,True,5.0,3.0,55,2.0,0.5,,55,14,80,True,trend_bb_reversion,12,4,0.005,77.65942012458416,29.936697531212538,18,0.001,,,,,,,,,,,,,,,,,,,,,,,,,,,,,,,,,,,,,,,,,,,,,,,,,,,,,,,,,2.0,0.08,19,True,False,True,,,,,,,,,,,,,,,,,,,,,,,,,,,,,,,,,,,,,,,,,,,,,,,,,,,,,,,,,0.05,0.002,150,0.75,,,,,,,495,-999942,,
True,False,3.0,6.0,14,2.0,0.5,,16,50,400,False,trend_reclaim,36,4,0.0,67.46149166087025,26.56044106049373,3,0.001,,,,,,,,,,,,,,,,,,,,,,,,,,,,,,,,,,,,,,,,,,,,,,,,,,,,,,,,,3.0,0.04,113,False,False,False,,,,,,,,,,,,,,,,,,,,,,,,,,,,,,,,,,,,,,,,,,,,,,,,,,,,,,,,,0.12,0.0005,30,0.0,,,,,,,496,-999942,,
True,False,2.0,12.0,40,2.5,0.5,,12,14,50,False,trend_bb_reversion,18,4,0.018,63.09936789502415,33.59985163981146,36,0.001,,,,,,,,,,,,,,,,,,,,,,,,,,,,,,,,,,,,,,,,,,,,,,,,,,,,,,,,,3.0,0.006,630,False,False,False,,,,,,,,,,,,,,,,,,,,,,,,,,,,,,,,,,,,,,,,,,,,,,,,,,,,,,,,,0.12,0.002,30,0.75,,,,,,,497,-999942,,
True,False,2.0,2.2,30,2.0,0.75,,55,20,400,False,range_bb_reversion,24,3,0.018,63.9722791777793,30.765277288921325,24,0.0,,,,,,,,,,,,,,,,,,,,,,,,,,,,,,,,,,,,,,,,,,,,,,,,,,,,,,,,,1.0,0.015,656,True,False,False,,,,,,,,,,,,,,,,,,,,,,,,,,,,,,,,,,,,,,,,,,,,,,,,,,,,,,,,,0.05,0.003,150,0.0,,,,,,,498,-999942,,
True,False,4.0,12.0,55,2.0,0.5,,55,10,200,True,range_bb_reversion,8,3,0.005,63.18872439835323,42.60589668786952,36,0.0,,,,,,,,,,,,,,,,,,,,,,,,,,,,,,,,,,,,,,,,,,,,,,,,,,,,,,,,,2.0,0.01,746,True,False,True,,,,,,,,,,,,,,,,,,,,,,,,,,,,,,,,,,,,,,,,,,,,,,,,,,,,,,,,,0.03,0.001,100,1.25,,,,,,,499,-999942,,
True,False,4.0,1.7,55,1.5,0.75,,40,30,100,False,channel_reclaim,18,4,0.018,77.90384875088556,43.98651679314035,24,0.01,,,,,,,,,,,,,,,,,,,,,,,,,,,,,,,,,,,,,,,,,,,,,,,,,,,,,,,,,1.0,0.04,777,True,False,False,,,,,,,,,,,,,,,,,,,,,,,,,,,,,,,,,,,,,,,,,,,,,,,,,,,,,,,,,0.2,0.001,75,0.5,,,,,,,500,-999942,,
True,False,2.0,3.0,20,2.2,0.5,,40,30,50,False,trend_reclaim,72,1,0.0,68.60551459830229,23.790140400959167,12,0.0005,,,,,,,,,,,,,,,,,,,,,,,,,,,,,,,,,,,,,,,,,,,,,,,,,,,,,,,,,1.0,0.01,631,False,False,False,,,,,,,,,,,,,,,,,,,,,,,,,,,,,,,,,,,,,,,,,,,,,,,,,,,,,,,,,0.05,0.001,100,1.0,,,,,,,501,-999943,,
False,True,4.0,12.0,55,2.2,1.5,,16,14,200,True,range_bb_reversion,36,6,0.025,74.6610082595866,40.963384602677344,6,0.001,,,,,,,,,,,,,,,,,,,,,,,,,,,,,,,,,,,,,,,,,,,,,,,,,,,,,,,,,1.5,0.01,156,True,True,True,,,,,,,,,,,,,,,,,,,,,,,,,,,,,,,,,,,,,,,,,,,,,,,,,,,,,,,,,0.12,0.002,10,0.5,,,,,,,502,-999944,,
True,False,2.0,12.0,55,1.5,0.75,,12,10,150,True,trend_bb_reversion,36,1,0.005,68.0934852040471,32.38344592504707,18,0.0025,,,,,,,,,,,,,,,,,,,,,,,,,,,,,,,,,,,,,,,,,,,,,,,,,,,,,,,,,1.0,0.04,388,True,False,True,,,,,,,,,,,,,,,,,,,,,,,,,,,,,,,,,,,,,,,,,,,,,,,,,,,,,,,,,0.03,0.001,150,0.25,,,,,,,503,-999944,,
True,False,2.5,1.7,30,2.0,1.25,,40,50,100,True,trend_bb_reversion,12,8,0.005,61.01215569574466,27.075556280457967,12,0.001,,,,,,,,,,,,,,,,,,,,,,,,,,,,,,,,,,,,,,,,,,,,,,,,,,,,,,,,,3.0,0.08,220,True,False,True,,,,,,,,,,,,,,,,,,,,,,,,,,,,,,,,,,,,,,,,,,,,,,,,,,,,,,,,,0.03,0.002,20,0.25,,,,,,,504,-999945,,
True,False,1.5,6.0,14,2.0,0.75,,8,10,400,True,channel_reclaim,72,4,0.0025,60.809761331259,38.790645105829675,48,0.005,,,,,,,,,,,,,,,,,,,,,,,,,,,,,,,,,,,,,,,,,,,,,,,,,,,,,,,,,4.0,0.006,561,True,True,True,,,,,,,,,,,,,,,,,,,,,,,,,,,,,,,,,,,,,,,,,,,,,,,,,,,,,,,,,0.03,0.002,100,1.25,,,,,,,505,-999945,,
True,True,1.0,8.0,40,1.5,0.75,,12,30,150,True,trend_bb_reversion,18,6,0.025,65.79833588554683,22.39926144145957,3,0.001,,,,,,,,,,,,,,,,,,,,,,,,,,,,,,,,,,,,,,,,,,,,,,,,,,,,,,,,,2.5,0.01,585,True,False,True,,,,,,,,,,,,,,,,,,,,,,,,,,,,,,,,,,,,,,,,,,,,,,,,,,,,,,,,,0.08,0.0,30,0.5,,,,,,,506,-999946,,
True,False,1.5,1.3,55,2.2,0.5,,30,80,200,True,channel_reclaim,8,1,0.008,75.48215589380985,35.11331478905812,36,0.0025,,,,,,,,,,,,,,,,,,,,,,,,,,,,,,,,,,,,,,,,,,,,,,,,,,,,,,,,,1.0,0.01,647,True,False,True,,,,,,,,,,,,,,,,,,,,,,,,,,,,,,,,,,,,,,,,,,,,,,,,,,,,,,,,,0.03,0.002,150,1.0,,,,,,,507,-999946,,
True,False,4.0,3.0,80,2.0,1.25,,20,80,130,True,channel_reclaim,12,1,0.012,58.470890542961534,41.58621658718754,3,0.001,,,,,,,,,,,,,,,,,,,,,,,,,,,,,,,,,,,,,,,,,,,,,,,,,,,,,,,,,4.0,0.025,171,True,False,True,,,,,,,,,,,,,,,,,,,,,,,,,,,,,,,,,,,,,,,,,,,,,,,,,,,,,,,,,0.12,0.002,75,1.0,,,,,,,508,-999947,,
True,False,4.0,1.3,55,1.5,0.75,,12,10,200,True,trend_bb_reversion,48,3,0.008,70.12991870165035,25.541495593037332,6,0.001,,,,,,,,,,,,,,,,,,,,,,,,,,,,,,,,,,,,,,,,,,,,,,,,,,,,,,,,,2.0,0.08,416,False,False,True,,,,,,,,,,,,,,,,,,,,,,,,,,,,,,,,,,,,,,,,,,,,,,,,,,,,,,,,,1.0,0.0,20,0.25,,,,,,,509,-999947,,
True,False,3.0,3.0,80,1.8,1.5,,40,20,200,True,trend_reclaim,72,1,0.008,63.16110528792559,24.269942735530474,3,0.0,,,,,,,,,,,,,,,,,,,,,,,,,,,,,,,,,,,,,,,,,,,,,,,,,,,,,,,,,3.0,0.025,516,False,False,True,,,,,,,,,,,,,,,,,,,,,,,,,,,,,,,,,,,,,,,,,,,,,,,,,,,,,,,,,0.2,0.0005,50,0.25,,,,,,,510,-999947,,
True,False,1.0,2.2,20,2.0,1.5,,12,30,150,True,trend_bb_reversion,48,4,0.012,60.24605626725787,25.531768585778014,3,0.0,,,,,,,,,,,,,,,,,,,,,,,,,,,,,,,,,,,,,,,,,,,,,,,,,,,,,,,,,1.5,0.08,740,True,False,True,,,,,,,,,,,,,,,,,,,,,,,,,,,,,,,,,,,,,,,,,,,,,,,,,,,,,,,,,0.04,0.003,75,1.0,,,,,,,511,-999947,,
True,True,3.0,2.2,80,2.2,2.0,,30,80,130,True,trend_bb_reversion,24,1,0.025,59.55296236871153,23.324124628521393,36,0.01,,,,,,,,,,,,,,,,,,,,,,,,,,,,,,,,,,,,,,,,,,,,,,,,,,,,,,,,,2.0,0.025,246,True,False,True,,,,,,,,,,,,,,,,,,,,,,,,,,,,,,,,,,,,,,,,,,,,,,,,,,,,,,,,,0.2,0.001,100,1.0,,,,,,,512,-999948,,
True,False,1.0,1.3,40,2.0,0.5,,16,30,200,False,range_bb_reversion,18,2,0.0,61.807172171278914,27.383090955650633,48,0.001,,,,,,,,,,,,,,,,,,,,,,,,,,,,,,,,,,,,,,,,,,,,,,,,,,,,,,,,,3.0,0.006,586,True,False,False,,,,,,,,,,,,,,,,,,,,,,,,,,,,,,,,,,,,,,,,,,,,,,,,,,,,,,,,,0.05,0.002,20,0.5,,,,,,,513,-999948,,
True,False,2.0,8.0,80,2.2,0.75,,55,14,400,True,trend_bb_reversion,96,3,0.025,68.35610836339501,34.66922630919932,18,0.005,,,,,,,,,,,,,,,,,,,,,,,,,,,,,,,,,,,,,,,,,,,,,,,,,,,,,,,,,2.0,0.08,598,True,False,True,,,,,,,,,,,,,,,,,,,,,,,,,,,,,,,,,,,,,,,,,,,,,,,,,,,,,,,,,0.08,0.0005,10,0.0,,,,,,,514,-999948,,
True,False,5.0,3.0,20,2.2,0.75,,12,50,100,False,trend_bb_reversion,48,6,0.025,58.6460640124169,22.366243184211065,6,0.0005,,,,,,,,,,,,,,,,,,,,,,,,,,,,,,,,,,,,,,,,,,,,,,,,,,,,,,,,,2.0,0.04,196,False,True,False,,,,,,,,,,,,,,,,,,,,,,,,,,,,,,,,,,,,,,,,,,,,,,,,,,,,,,,,,1.0,0.001,10,1.0,,,,,,,515,-999949,,
True,True,2.0,12.0,80,2.0,0.5,,55,10,200,False,trend_bb_reversion,72,8,0.025,74.76960025646802,29.61079835254193,12,0.0,,,,,,,,,,,,,,,,,,,,,,,,,,,,,,,,,,,,,,,,,,,,,,,,,,,,,,,,,2.5,0.08,579,True,False,False,,,,,,,,,,,,,,,,,,,,,,,,,,,,,,,,,,,,,,,,,,,,,,,,,,,,,,,,,0.2,0.003,100,1.5,,,,,,,516,-999949,,
False,True,1.0,2.2,80,2.0,1.0,,30,50,200,True,range_bb_reversion,12,1,0.008,68.98711802788888,34.947343986300055,48,0.0,,,,,,,,,,,,,,,,,,,,,,,,,,,,,,,,,,,,,,,,,,,,,,,,,,,,,,,,,2.0,0.006,595,True,False,True,,,,,,,,,,,,,,,,,,,,,,,,,,,,,,,,,,,,,,,,,,,,,,,,,,,,,,,,,0.04,0.002,20,1.25,,,,,,,517,-999949,,
True,False,3.0,1.7,80,1.5,1.25,,40,10,400,True,trend_reclaim,18,8,0.008,65.4589660790622,24.393069269443203,3,0.0,,,,,,,,,,,,,,,,,,,,,,,,,,,,,,,,,,,,,,,,,,,,,,,,,,,,,,,,,2.0,0.01,794,True,False,True,,,,,,,,,,,,,,,,,,,,,,,,,,,,,,,,,,,,,,,,,,,,,,,,,,,,,,,,,0.08,0.002,20,0.25,,,,,,,518,-999949,,
True,False,3.0,3.0,80,1.5,1.25,,40,80,300,True,trend_bb_reversion,24,4,0.008,61.209321126777596,22.075440420138516,12,0.0005,,,,,,,,,,,,,,,,,,,,,,,,,,,,,,,,,,,,,,,,,,,,,,,,,,,,,,,,,3.0,0.08,139,True,False,True,,,,,,,,,,,,,,,,,,,,,,,,,,,,,,,,,,,,,,,,,,,,,,,,,,,,,,,,,0.05,0.0,75,0.5,,,,,,,519,-999950,,
True,False,4.0,1.3,14,2.2,1.0,,55,30,150,False,channel_reclaim,14,8,0.018,76.84898174589144,34.434221805427214,24,0.005,,,,,,,,,,,,,,,,,,,,,,,,,,,,,,,,,,,,,,,,,,,,,,,,,,,,,,,,,2.5,0.015,161,False,False,False,,,,,,,,,,,,,,,,,,,,,,,,,,,,,,,,,,,,,,,,,,,,,,,,,,,,,,,,,0.08,0.0,100,0.75,,,,,,,520,-999950,,
True,True,5.0,4.0,80,2.0,1.5,,12,14,400,False,trend_bb_reversion,96,6,0.0,65.80342604397127,36.47183534968024,3,0.0005,,,,,,,,,,,,,,,,,,,,,,,,,,,,,,,,,,,,,,,,,,,,,,,,,,,,,,,,,2.0,0.006,498,True,False,False,,,,,,,,,,,,,,,,,,,,,,,,,,,,,,,,,,,,,,,,,,,,,,,,,,,,,,,,,0.08,0.001,50,0.75,,,,,,,521,-999950,,
True,False,4.0,12.0,30,2.0,1.5,,10,14,400,True,channel_reclaim,72,8,0.005,76.514446124658,34.25771136754627,24,0.01,,,,,,,,,,,,,,,,,,,,,,,,,,,,,,,,,,,,,,,,,,,,,,,,,,,,,,,,,2.5,0.006,722,True,False,True,,,,,,,,,,,,,,,,,,,,,,,,,,,,,,,,,,,,,,,,,,,,,,,,,,,,,,,,,0.03,0.0005,10,0.0,,,,,,,522,-999950,,
True,False,4.0,1.3,40,2.2,1.5,,55,8,200,True,channel_reclaim,120,6,0.025,60.08636398032286,22.287783318353526,24,0.001,,,,,,,,,,,,,,,,,,,,,,,,,,,,,,,,,,,,,,,,,,,,,,,,,,,,,,,,,4.0,0.006,34,True,True,True,,,,,,,,,,,,,,,,,,,,,,,,,,,,,,,,,,,,,,,,,,,,,,,,,,,,,,,,,0.04,0.0005,20,0.75,,,,,,,523,-999951,,
True,False,1.5,6.0,14,1.8,0.75,,55,20,200,True,range_bb_reversion,120,3,0.025,59.879006290366085,28.635819271228,3,0.0,,,,,,,,,,,,,,,,,,,,,,,,,,,,,,,,,,,,,,,,,,,,,,,,,,,,,,,,,1.5,0.006,51,True,False,True,,,,,,,,,,,,,,,,,,,,,,,,,,,,,,,,,,,,,,,,,,,,,,,,,,,,,,,,,0.04,0.001,50,0.0,,,,,,,524,-999951,,
True,False,5.0,12.0,40,1.5,1.5,,40,80,100,False,trend_bb_reversion,8,3,0.025,70.26556756906952,38.77496382416158,18,0.01,,,,,,,,,,,,,,,,,,,,,,,,,,,,,,,,,,,,,,,,,,,,,,,,,,,,,,,,,1.5,0.006,76,True,False,False,,,,,,,,,,,,,,,,,,,,,,,,,,,,,,,,,,,,,,,,,,,,,,,,,,,,,,,,,0.08,0.0005,75,0.75,,,,,,,525,-999951,,
True,False,5.0,6.0,80,1.5,0.75,,30,50,400,False,channel_reclaim,120,3,0.005,73.86879351213138,26.150159744193257,36,0.0005,,,,,,,,,,,,,,,,,,,,,,,,,,,,,,,,,,,,,,,,,,,,,,,,,,,,,,,,,2.0,0.025,576,True,False,False,,,,,,,,,,,,,,,,,,,,,,,,,,,,,,,,,,,,,,,,,,,,,,,,,,,,,,,,,0.03,0.003,75,1.0,,,,,,,526,-999951,,
True,True,4.0,12.0,80,1.5,2.0,,10,50,400,True,trend_state_tp,72,6,0.012,65.1607182263406,30.872444888489397,18,0.01,,,,,,,,,,,,,,,,,,,,,,,,,,,,,,,,,,,,,,,,,,,,,,,,,,,,,,,,,1.0,0.04,599,True,False,True,,,,,,,,,,,,,,,,,,,,,,,,,,,,,,,,,,,,,,,,,,,,,,,,,,,,,,,,,0.03,0.001,75,0.25,,,,,,,527,-999951,,
False,True,1.5,3.0,14,2.0,2.0,,16,20,200,True,trend_reclaim,72,2,0.0025,74.24105638289689,31.693277457327582,6,0.0025,,,,,,,,,,,,,,,,,,,,,,,,,,,,,,,,,,,,,,,,,,,,,,,,,,,,,,,,,2.0,0.01,757,True,False,True,,,,,,,,,,,,,,,,,,,,,,,,,,,,,,,,,,,,,,,,,,,,,,,,,,,,,,,,,0.08,0.002,75,0.5,,,,,,,528,-999951,,
True,False,4.0,1.7,55,1.5,2.0,,20,20,400,False,trend_reclaim,36,4,0.005,69.95004279086643,42.328992887988335,24,0.01,,,,,,,,,,,,,,,,,,,,,,,,,,,,,,,,,,,,,,,,,,,,,,,,,,,,,,,,,1.5,0.006,434,True,False,False,,,,,,,,,,,,,,,,,,,,,,,,,,,,,,,,,,,,,,,,,,,,,,,,,,,,,,,,,0.08,0.001,10,0.25,,,,,,,529,-999952,,
True,False,2.0,1.7,40,2.5,1.5,,40,20,200,True,range_bb_reversion,120,4,0.005,63.42341387649856,38.77224088782974,18,0.0,,,,,,,,,,,,,,,,,,,,,,,,,,,,,,,,,,,,,,,,,,,,,,,,,,,,,,,,,2.5,0.006,632,True,False,True,,,,,,,,,,,,,,,,,,,,,,,,,,,,,,,,,,,,,,,,,,,,,,,,,,,,,,,,,0.05,0.0005,10,0.5,,,,,,,530,-999952,,
True,False,1.5,6.0,30,1.8,1.0,,30,20,100,True,trend_bb_reversion,12,8,0.012,76.91012564238214,27.33745059098375,12,0.005,,,,,,,,,,,,,,,,,,,,,,,,,,,,,,,,,,,,,,,,,,,,,,,,,,,,,,,,,4.0,0.01,90,True,False,True,,,,,,,,,,,,,,,,,,,,,,,,,,,,,,,,,,,,,,,,,,,,,,,,,,,,,,,,,1.0,0.003,100,0.75,,,,,,,531,-999953,,
True,False,4.0,2.2,20,2.0,2.0,,8,50,300,False,range_bb_reversion,24,8,0.0,68.81845943436922,35.72588889187733,3,0.001,,,,,,,,,,,,,,,,,,,,,,,,,,,,,,,,,,,,,,,,,,,,,,,,,,,,,,,,,1.5,0.006,541,True,False,False,,,,,,,,,,,,,,,,,,,,,,,,,,,,,,,,,,,,,,,,,,,,,,,,,,,,,,,,,0.05,0.0005,30,1.25,,,,,,,532,-999953,,
True,False,2.5,1.7,80,2.5,1.25,,55,10,200,True,trend_bb_reversion,120,1,0.0,58.053099284314456,30.331075845953123,24,0.0025,,,,,,,,,,,,,,,,,,,,,,,,,,,,,,,,,,,,,,,,,,,,,,,,,,,,,,,,,2.0,0.006,699,True,False,True,,,,,,,,,,,,,,,,,,,,,,,,,,,,,,,,,,,,,,,,,,,,,,,,,,,,,,,,,1.0,0.001,30,1.0,,,,,,,533,-999953,,
True,False,4.0,12.0,40,1.8,1.25,,40,14,100,True,channel_reclaim,18,8,0.0,58.36222973882536,23.263911670713032,6,0.001,,,,,,,,,,,,,,,,,,,,,,,,,,,,,,,,,,,,,,,,,,,,,,,,,,,,,,,,,2.5,0.006,121,True,False,True,,,,,,,,,,,,,,,,,,,,,,,,,,,,,,,,,,,,,,,,,,,,,,,,,,,,,,,,,0.12,0.002,75,0.25,,,,,,,534,-999954,,
True,False,5.0,1.7,14,2.5,1.25,,8,80,130,True,range_bb_reversion,18,2,0.005,59.69468715014476,25.845717502138974,3,0.0,,,,,,,,,,,,,,,,,,,,,,,,,,,,,,,,,,,,,,,,,,,,,,,,,,,,,,,,,1.5,0.006,435,True,False,True,,,,,,,,,,,,,,,,,,,,,,,,,,,,,,,,,,,,,,,,,,,,,,,,,,,,,,,,,0.05,0.0005,75,1.0,,,,,,,535,-999954,,
True,False,5.0,12.0,80,1.8,2.0,,55,10,400,False,range_bb_reversion,12,2,0.0,63.13070101122613,29.046493831061202,18,0.0025,,,,,,,,,,,,,,,,,,,,,,,,,,,,,,,,,,,,,,,,,,,,,,,,,,,,,,,,,1.0,0.025,535,True,False,False,,,,,,,,,,,,,,,,,,,,,,,,,,,,,,,,,,,,,,,,,,,,,,,,,,,,,,,,,0.03,0.003,100,0.75,,,,,,,536,-999954,,
True,False,1.5,4.0,20,1.8,0.5,,55,50,300,False,channel_reclaim,24,3,0.012,63.46481971242728,35.71474668075131,36,0.0025,,,,,,,,,,,,,,,,,,,,,,,,,,,,,,,,,,,,,,,,,,,,,,,,,,,,,,,,,2.5,0.006,702,True,False,False,,,,,,,,,,,,,,,,,,,,,,,,,,,,,,,,,,,,,,,,,,,,,,,,,,,,,,,,,0.05,0.003,50,1.5,,,,,,,537,-999954,,
True,False,5.0,6.0,30,1.8,0.5,,12,80,400,False,range_bb_reversion,8,4,0.012,75.58552089573196,32.29455052251582,48,0.001,,,,,,,,,,,,,,,,,,,,,,,,,,,,,,,,,,,,,,,,,,,,,,,,,,,,,,,,,2.0,0.01,204,False,False,False,,,,,,,,,,,,,,,,,,,,,,,,,,,,,,,,,,,,,,,,,,,,,,,,,,,,,,,,,0.04,0.003,10,0.75,,,,,,,538,-999955,,
True,False,2.5,2.2,20,1.8,0.75,,30,14,80,False,trend_bb_reversion,96,2,0.005,74.5789934505711,30.43789696356828,12,0.001,,,,,,,,,,,,,,,,,,,,,,,,,,,,,,,,,,,,,,,,,,,,,,,,,,,,,,,,,2.5,0.04,406,True,False,False,,,,,,,,,,,,,,,,,,,,,,,,,,,,,,,,,,,,,,,,,,,,,,,,,,,,,,,,,0.12,0.003,75,1.5,,,,,,,539,-999955,,
True,True,3.0,6.0,80,2.5,1.5,,20,30,100,False,trend_reclaim,18,3,0.008,58.459877626054976,43.412900188926216,36,0.01,,,,,,,,,,,,,,,,,,,,,,,,,,,,,,,,,,,,,,,,,,,,,,,,,,,,,,,,,1.0,0.01,556,False,False,False,,,,,,,,,,,,,,,,,,,,,,,,,,,,,,,,,,,,,,,,,,,,,,,,,,,,,,,,,0.08,0.002,50,0.5,,,,,,,540,-999955,,
False,True,2.5,1.7,40,2.2,0.5,,16,8,200,True,trend_reclaim,120,6,0.008,63.84818347795531,26.543143798231664,6,0.0025,,,,,,,,,,,,,,,,,,,,,,,,,,,,,,,,,,,,,,,,,,,,,,,,,,,,,,,,,2.5,0.025,788,True,False,True,,,,,,,,,,,,,,,,,,,,,,,,,,,,,,,,,,,,,,,,,,,,,,,,,,,,,,,,,1.0,0.003,50,0.0,,,,,,,541,-999955,,
True,False,2.5,2.2,55,2.0,2.0,,30,50,100,True,trend_state_tp,72,4,0.0,73.1245282773601,43.80293498076567,3,0.005,,,,,,,,,,,,,,,,,,,,,,,,,,,,,,,,,,,,,,,,,,,,,,,,,,,,,,,,,2.0,0.006,731,True,False,True,,,,,,,,,,,,,,,,,,,,,,,,,,,,,,,,,,,,,,,,,,,,,,,,,,,,,,,,,0.05,0.0,100,0.75,,,,,,,542,-999956,,
True,False,5.0,12.0,20,1.5,1.25,,55,30,80,True,trend_reclaim,24,2,0.005,61.24720304634871,36.51713415121897,6,0.0005,,,,,,,,,,,,,,,,,,,,,,,,,,,,,,,,,,,,,,,,,,,,,,,,,,,,,,,,,3.0,0.015,70,True,False,True,,,,,,,,,,,,,,,,,,,,,,,,,,,,,,,,,,,,,,,,,,,,,,,,,,,,,,,,,1.0,0.0005,75,0.75,,,,,,,543,-999957,,
True,True,2.0,4.0,55,2.0,2.0,,30,30,80,False,trend_reclaim,96,4,0.008,72.43744698211367,25.09784699441361,48,0.01,,,,,,,,,,,,,,,,,,,,,,,,,,,,,,,,,,,,,,,,,,,,,,,,,,,,,,,,,3.0,0.006,472,True,False,False,,,,,,,,,,,,,,,,,,,,,,,,,,,,,,,,,,,,,,,,,,,,,,,,,,,,,,,,,0.08,0.0005,30,0.75,,,,,,,544,-999957,,
True,True,5.0,8.0,30,2.5,1.25,,8,50,400,True,range_bb_reversion,12,4,0.005,73.28712894635167,27.191150495001345,18,0.0025,,,,,,,,,,,,,,,,,,,,,,,,,,,,,,,,,,,,,,,,,,,,,,,,,,,,,,,,,1.5,0.01,752,True,False,True,,,,,,,,,,,,,,,,,,,,,,,,,,,,,,,,,,,,,,,,,,,,,,,,,,,,,,,,,0.05,0.0005,10,1.0,,,,,,,545,-999957,,
True,False,3.0,12.0,20,2.5,0.5,,20,8,200,False,range_bb_reversion,48,4,0.005,76.04684588771259,23.2031358766257,18,0.0,,,,,,,,,,,,,,,,,,,,,,,,,,,,,,,,,,,,,,,,,,,,,,,,,,,,,,,,,2.5,0.015,368,False,False,False,,,,,,,,,,,,,,,,,,,,,,,,,,,,,,,,,,,,,,,,,,,,,,,,,,,,,,,,,0.12,0.001,30,1.0,,,,,,,546,-999958,,
True,True,3.0,12.0,30,2.5,0.75,,16,30,400,True,range_bb_reversion,48,8,0.005,68.78420945174001,30.402314035105007,6,0.005,,,,,,,,,,,,,,,,,,,,,,,,,,,,,,,,,,,,,,,,,,,,,,,,,,,,,,,,,1.5,0.01,371,True,False,True,,,,,,,,,,,,,,,,,,,,,,,,,,,,,,,,,,,,,,,,,,,,,,,,,,,,,,,,,0.03,0.003,20,1.0,,,,,,,547,-999958,,
True,False,3.0,6.0,20,2.5,0.75,,10,20,400,True,trend_reclaim,96,4,0.0,70.20007306386302,35.27983817623549,48,0.01,,,,,,,,,,,,,,,,,,,,,,,,,,,,,,,,,,,,,,,,,,,,,,,,,,,,,,,,,2.5,0.01,398,True,False,True,,,,,,,,,,,,,,,,,,,,,,,,,,,,,,,,,,,,,,,,,,,,,,,,,,,,,,,,,1.0,0.003,30,1.5,,,,,,,548,-999958,,
True,False,2.5,4.0,20,2.2,1.5,,30,80,130,True,trend_bb_reversion,120,8,0.012,74.1102409219511,22.04782988857308,36,0.0025,,,,,,,,,,,,,,,,,,,,,,,,,,,,,,,,,,,,,,,,,,,,,,,,,,,,,,,,,3.0,0.08,131,True,False,True,,,,,,,,,,,,,,,,,,,,,,,,,,,,,,,,,,,,,,,,,,,,,,,,,,,,,,,,,0.03,0.0,20,1.0,,,,,,,549,-999959,,
True,False,2.5,6.0,55,2.2,1.5,,12,50,400,True,range_bb_reversion,14,8,0.012,59.756978705653374,27.129273576799743,24,0.005,,,,,,,,,,,,,,,,,,,,,,,,,,,,,,,,,,,,,,,,,,,,,,,,,,,,,,,,,2.5,0.015,377,False,False,True,,,,,,,,,,,,,,,,,,,,,,,,,,,,,,,,,,,,,,,,,,,,,,,,,,,,,,,,,1.0,0.0,30,1.5,,,,,,,550,-999959,,
True,False,3.0,12.0,55,2.2,2.0,,55,80,400,False,trend_reclaim,24,1,0.005,60.040459386034904,25.108551384432133,12,0.0,,,,,,,,,,,,,,,,,,,,,,,,,,,,,,,,,,,,,,,,,,,,,,,,,,,,,,,,,1.0,0.015,468,True,False,False,,,,,,,,,,,,,,,,,,,,,,,,,,,,,,,,,,,,,,,,,,,,,,,,,,,,,,,,,0.05,0.0005,30,0.0,,,,,,,551,-999959,,
True,False,4.0,2.2,30,2.0,1.25,,55,14,150,False,trend_reclaim,8,4,0.008,77.1208330661964,30.431055114200586,24,0.0025,,,,,,,,,,,,,,,,,,,,,,,,,,,,,,,,,,,,,,,,,,,,,,,,,,,,,,,,,2.5,0.08,725,False,False,False,,,,,,,,,,,,,,,,,,,,,,,,,,,,,,,,,,,,,,,,,,,,,,,,,,,,,,,,,0.12,0.003,100,0.5,,,,,,,552,-999959,,
True,False,1.5,2.2,14,1.8,1.25,,40,20,300,True,trend_reclaim,18,8,0.008,70.10708569188427,34.628231720647626,36,0.01,,,,,,,,,,,,,,,,,,,,,,,,,,,,,,,,,,,,,,,,,,,,,,,,,,,,,,,,,1.5,0.015,83,False,True,True,,,,,,,,,,,,,,,,,,,,,,,,,,,,,,,,,,,,,,,,,,,,,,,,,,,,,,,,,0.12,0.0005,75,0.25,,,,,,,553,-999960,,
True,False,1.5,4.0,40,2.2,0.75,,20,8,400,True,trend_reclaim,36,8,0.0025,72.20526219452255,42.835926487415165,48,0.0,,,,,,,,,,,,,,,,,,,,,,,,,,,,,,,,,,,,,,,,,,,,,,,,,,,,,,,,,4.0,0.025,216,False,False,True,,,,,,,,,,,,,,,,,,,,,,,,,,,,,,,,,,,,,,,,,,,,,,,,,,,,,,,,,0.12,0.0,75,1.5,,,,,,,554,-999960,,
True,False,3.0,1.7,80,1.8,0.75,,16,50,400,True,trend_bb_reversion,72,3,0.008,70.94320916976068,24.245459495486944,12,0.0025,,,,,,,,,,,,,,,,,,,,,,,,,,,,,,,,,,,,,,,,,,,,,,,,,,,,,,,,,4.0,0.04,773,True,False,True,,,,,,,,,,,,,,,,,,,,,,,,,,,,,,,,,,,,,,,,,,,,,,,,,,,,,,,,,0.2,0.0005,30,0.75,,,,,,,555,-999960,,
True,False,4.0,1.3,30,2.0,0.75,,55,10,80,True,trend_reclaim,120,8,0.005,76.5115223692133,33.74868384193171,12,0.01,,,,,,,,,,,,,,,,,,,,,,,,,,,,,,,,,,,,,,,,,,,,,,,,,,,,,,,,,3.0,0.08,284,True,True,True,,,,,,,,,,,,,,,,,,,,,,,,,,,,,,,,,,,,,,,,,,,,,,,,,,,,,,,,,1.0,0.003,50,0.75,,,,,,,556,-999961,,
True,False,5.0,3.0,20,2.0,1.0,,30,80,130,True,trend_state_tp,48,4,0.008,75.01263599442865,28.05387939927742,6,0.01,,,,,,,,,,,,,,,,,,,,,,,,,,,,,,,,,,,,,,,,,,,,,,,,,,,,,,,,,3.0,0.08,479,False,False,True,,,,,,,,,,,,,,,,,,,,,,,,,,,,,,,,,,,,,,,,,,,,,,,,,,,,,,,,,0.08,0.003,30,0.25,,,,,,,557,-999961,,
True,False,5.0,2.2,80,1.8,0.5,,40,20,150,True,trend_bb_reversion,72,6,0.0,70.06843507249172,44.14542610583455,12,0.0005,,,,,,,,,,,,,,,,,,,,,,,,,,,,,,,,,,,,,,,,,,,,,,,,,,,,,,,,,1.0,0.01,321,True,False,True,,,,,,,,,,,,,,,,,,,,,,,,,,,,,,,,,,,,,,,,,,,,,,,,,,,,,,,,,0.03,0.003,30,0.25,,,,,,,558,-999962,,
True,False,3.0,4.0,80,1.8,1.5,,20,20,200,False,channel_reclaim,12,3,0.008,71.00681275128237,43.396875011861624,12,0.01,,,,,,,,,,,,,,,,,,,,,,,,,,,,,,,,,,,,,,,,,,,,,,,,,,,,,,,,,1.5,0.04,414,False,False,False,,,,,,,,,,,,,,,,,,,,,,,,,,,,,,,,,,,,,,,,,,,,,,,,,,,,,,,,,0.12,0.0,20,0.0,,,,,,,559,-999962,,
True,True,5.0,6.0,14,2.0,0.5,,20,50,400,True,range_bb_reversion,96,1,0.025,69.79179298953761,25.452475290373854,3,0.0025,,,,,,,,,,,,,,,,,,,,,,,,,,,,,,,,,,,,,,,,,,,,,,,,,,,,,,,,,2.5,0.006,648,False,False,True,,,,,,,,,,,,,,,,,,,,,,,,,,,,,,,,,,,,,,,,,,,,,,,,,,,,,,,,,0.05,0.002,20,1.25,,,,,,,560,-999962,,
True,False,4.0,6.0,40,2.0,0.5,,30,10,400,True,range_bb_reversion,120,3,0.005,58.583015514043616,26.11425602526896,36,0.001,,,,,,,,,,,,,,,,,,,,,,,,,,,,,,,,,,,,,,,,,,,,,,,,,,,,,,,,,4.0,0.01,391,True,False,True,,,,,,,,,,,,,,,,,,,,,,,,,,,,,,,,,,,,,,,,,,,,,,,,,,,,,,,,,0.2,0.0005,10,0.75,,,,,,,561,-999963,,
True,False,2.5,2.2,14,1.8,1.25,,10,20,100,False,trend_reclaim,24,2,0.0025,66.12153293370204,37.1809588672547,18,0.001,,,,,,,,,,,,,,,,,,,,,,,,,,,,,,,,,,,,,,,,,,,,,,,,,,,,,,,,,2.5,0.015,610,True,True,False,,,,,,,,,,,,,,,,,,,,,,,,,,,,,,,,,,,,,,,,,,,,,,,,,,,,,,,,,0.04,0.0005,20,1.25,,,,,,,562,-999963,,
True,False,2.0,4.0,55,1.8,2.0,,10,10,100,True,trend_bb_reversion,24,1,0.012,71.52803937171758,31.104486986721003,48,0.0025,,,,,,,,,,,,,,,,,,,,,,,,,,,,,,,,,,,,,,,,,,,,,,,,,,,,,,,,,1.0,0.025,641,True,False,True,,,,,,,,,,,,,,,,,,,,,,,,,,,,,,,,,,,,,,,,,,,,,,,,,,,,,,,,,0.2,0.002,150,1.5,,,,,,,563,-999963,,
True,False,2.0,2.2,80,1.5,1.5,,12,80,130,True,trend_bb_reversion,96,6,0.005,73.9861609596286,33.967866636294204,6,0.0005,,,,,,,,,,,,,,,,,,,,,,,,,,,,,,,,,,,,,,,,,,,,,,,,,,,,,,,,,3.0,0.01,374,True,False,True,,,,,,,,,,,,,,,,,,,,,,,,,,,,,,,,,,,,,,,,,,,,,,,,,,,,,,,,,0.2,0.0,100,0.75,,,,,,,564,-999964,,
True,False,4.0,1.7,40,2.0,1.5,,20,20,80,False,trend_reclaim,12,3,0.0,70.83387481693123,41.600279758591455,3,0.001,,,,,,,,,,,,,,,,,,,,,,,,,,,,,,,,,,,,,,,,,,,,,,,,,,,,,,,,,2.5,0.04,407,True,True,False,,,,,,,,,,,,,,,,,,,,,,,,,,,,,,,,,,,,,,,,,,,,,,,,,,,,,,,,,0.05,0.002,75,1.0,,,,,,,565,-999964,,
True,False,1.0,12.0,14,2.2,2.0,,55,10,150,False,channel_reclaim,96,6,0.008,74.90009997898404,27.32257560395427,48,0.0,,,,,,,,,,,,,,,,,,,,,,,,,,,,,,,,,,,,,,,,,,,,,,,,,,,,,,,,,1.5,0.006,203,True,False,False,,,,,,,,,,,,,,,,,,,,,,,,,,,,,,,,,,,,,,,,,,,,,,,,,,,,,,,,,0.04,0.001,75,1.0,,,,,,,566,-999965,,
True,False,4.0,4.0,20,2.5,0.75,,40,10,300,True,channel_reclaim,12,3,0.018,60.64288484857309,31.753017105003202,18,0.01,,,,,,,,,,,,,,,,,,,,,,,,,,,,,,,,,,,,,,,,,,,,,,,,,,,,,,,,,2.0,0.015,313,False,False,True,,,,,,,,,,,,,,,,,,,,,,,,,,,,,,,,,,,,,,,,,,,,,,,,,,,,,,,,,0.2,0.0,10,0.5,,,,,,,567,-999965,,
False,True,1.5,1.3,20,1.5,1.25,,40,14,80,False,channel_reclaim,12,1,0.025,64.48347857825122,43.737390388214415,36,0.005,,,,,,,,,,,,,,,,,,,,,,,,,,,,,,,,,,,,,,,,,,,,,,,,,,,,,,,,,4.0,0.025,318,True,False,False,,,,,,,,,,,,,,,,,,,,,,,,,,,,,,,,,,,,,,,,,,,,,,,,,,,,,,,,,0.03,0.003,10,0.0,,,,,,,568,-999966,,
True,True,5.0,12.0,30,2.0,0.5,,8,50,150,True,trend_reclaim,48,4,0.005,64.33209551430103,44.544048322890326,24,0.0025,,,,,,,,,,,,,,,,,,,,,,,,,,,,,,,,,,,,,,,,,,,,,,,,,,,,,,,,,4.0,0.04,668,True,False,True,,,,,,,,,,,,,,,,,,,,,,,,,,,,,,,,,,,,,,,,,,,,,,,,,,,,,,,,,0.08,0.0005,10,1.25,,,,,,,569,-999966,,
True,False,1.0,3.0,30,2.5,1.25,,40,8,100,True,range_bb_reversion,72,8,0.005,70.95198830347343,24.567321038938715,3,0.0025,,,,,,,,,,,,,,,,,,,,,,,,,,,,,,,,,,,,,,,,,,,,,,,,,,,,,,,,,4.0,0.006,150,True,False,True,,,,,,,,,,,,,,,,,,,,,,,,,,,,,,,,,,,,,,,,,,,,,,,,,,,,,,,,,0.2,0.001,150,1.5,,,,,,,570,-999967,,
True,False,1.0,1.7,20,2.5,1.25,,10,8,50,True,trend_bb_reversion,8,4,0.012,64.49064049173558,35.6171663308699,6,0.0025,,,,,,,,,,,,,,,,,,,,,,,,,,,,,,,,,,,,,,,,,,,,,,,,,,,,,,,,,1.5,0.025,741,True,False,True,,,,,,,,,,,,,,,,,,,,,,,,,,,,,,,,,,,,,,,,,,,,,,,,,,,,,,,,,0.04,0.0005,20,1.25,,,,,,,571,-999967,,
True,False,4.0,8.0,14,2.5,2.0,,10,80,400,True,range_bb_reversion,8,2,0.008,64.10467442505197,28.200360149311052,6,0.005,,,,,,,,,,,,,,,,,,,,,,,,,,,,,,,,,,,,,,,,,,,,,,,,,,,,,,,,,1.5,0.015,84,True,False,True,,,,,,,,,,,,,,,,,,,,,,,,,,,,,,,,,,,,,,,,,,,,,,,,,,,,,,,,,0.2,0.003,30,1.0,,,,,,,572,-999968,,
True,False,4.0,2.2,40,1.5,1.25,,16,20,400,True,trend_bb_reversion,72,3,0.025,58.02939401617212,32.03685675609748,48,0.01,,,,,,,,,,,,,,,,,,,,,,,,,,,,,,,,,,,,,,,,,,,,,,,,,,,,,,,,,4.0,0.04,248,False,False,True,,,,,,,,,,,,,,,,,,,,,,,,,,,,,,,,,,,,,,,,,,,,,,,,,,,,,,,,,0.05,0.001,150,1.5,,,,,,,573,-999968,,
True,False,1.5,1.7,55,2.5,1.5,,55,8,100,True,trend_bb_reversion,48,1,0.005,60.30644315486714,32.571443586388106,24,0.005,,,,,,,,,,,,,,,,,,,,,,,,,,,,,,,,,,,,,,,,,,,,,,,,,,,,,,,,,1.5,0.08,264,True,False,True,,,,,,,,,,,,,,,,,,,,,,,,,,,,,,,,,,,,,,,,,,,,,,,,,,,,,,,,,0.2,0.002,30,1.25,,,,,,,574,-999968,,
True,False,3.0,4.0,80,1.5,1.5,,40,80,400,True,trend_bb_reversion,12,4,0.025,68.64387430692203,39.21747660313462,24,0.01,,,,,,,,,,,,,,,,,,,,,,,,,,,,,,,,,,,,,,,,,,,,,,,,,,,,,,,,,2.0,0.015,469,True,True,True,,,,,,,,,,,,,,,,,,,,,,,,,,,,,,,,,,,,,,,,,,,,,,,,,,,,,,,,,0.05,0.002,150,0.0,,,,,,,575,-999968,,
True,False,3.0,6.0,80,2.0,1.5,,55,14,80,True,trend_reclaim,12,4,0.008,67.98017910352877,29.032284138187972,12,0.0,,,,,,,,,,,,,,,,,,,,,,,,,,,,,,,,,,,,,,,,,,,,,,,,,,,,,,,,,2.5,0.01,494,True,True,True,,,,,,,,,,,,,,,,,,,,,,,,,,,,,,,,,,,,,,,,,,,,,,,,,,,,,,,,,0.2,0.0,100,1.0,,,,,,,576,-999968,,
True,False,3.0,1.3,40,1.8,1.25,,16,8,150,True,channel_reclaim,36,3,0.012,72.27816991947125,42.372712347147946,18,0.01,,,,,,,,,,,,,,,,,,,,,,,,,,,,,,,,,,,,,,,,,,,,,,,,,,,,,,,,,2.0,0.01,568,True,False,True,,,,,,,,,,,,,,,,,,,,,,,,,,,,,,,,,,,,,,,,,,,,,,,,,,,,,,,,,0.03,0.0005,10,0.0,,,,,,,577,-999968,,
True,False,4.0,6.0,14,2.2,2.0,,16,30,400,True,trend_reclaim,48,2,0.008,62.13765373759527,24.173358931576374,6,0.0005,,,,,,,,,,,,,,,,,,,,,,,,,,,,,,,,,,,,,,,,,,,,,,,,,,,,,,,,,2.0,0.08,636,True,False,True,,,,,,,,,,,,,,,,,,,,,,,,,,,,,,,,,,,,,,,,,,,,,,,,,,,,,,,,,0.12,0.0,75,0.75,,,,,,,578,-999968,,
True,False,5.0,3.0,55,2.2,1.25,,16,14,80,True,trend_bb_reversion,18,3,0.025,77.62198983571133,28.298291352033495,24,0.0005,,,,,,,,,,,,,,,,,,,,,,,,,,,,,,,,,,,,,,,,,,,,,,,,,,,,,,,,,1.5,0.015,664,True,False,True,,,,,,,,,,,,,,,,,,,,,,,,,,,,,,,,,,,,,,,,,,,,,,,,,,,,,,,,,0.05,0.0,10,1.25,,,,,,,579,-999968,,
True,False,2.5,8.0,55,1.8,0.75,,20,50,300,False,trend_reclaim,96,4,0.008,74.34626955432105,38.56220405085372,12,0.0,,,,,,,,,,,,,,,,,,,,,,,,,,,,,,,,,,,,,,,,,,,,,,,,,,,,,,,,,2.5,0.006,278,True,False,False,,,,,,,,,,,,,,,,,,,,,,,,,,,,,,,,,,,,,,,,,,,,,,,,,,,,,,,,,1.0,0.0005,10,0.25,,,,,,,580,-999969,,
True,False,2.5,8.0,20,1.8,1.25,,20,30,200,True,trend_bb_reversion,48,1,0.005,75.38524765524039,22.36141028929048,6,0.0,,,,,,,,,,,,,,,,,,,,,,,,,,,,,,,,,,,,,,,,,,,,,,,,,,,,,,,,,2.0,0.025,402,True,False,True,,,,,,,,,,,,,,,,,,,,,,,,,,,,,,,,,,,,,,,,,,,,,,,,,,,,,,,,,1.0,0.0005,30,1.5,,,,,,,581,-999970,,
True,False,5.0,6.0,20,1.8,1.0,,8,80,100,True,trend_bb_reversion,12,4,0.025,59.837961798715625,32.68950613809565,6,0.0025,,,,,,,,,,,,,,,,,,,,,,,,,,,,,,,,,,,,,,,,,,,,,,,,,,,,,,,,,4.0,0.04,548,True,False,True,,,,,,,,,,,,,,,,,,,,,,,,,,,,,,,,,,,,,,,,,,,,,,,,,,,,,,,,,0.04,0.001,150,1.0,,,,,,,582,-999970,,
True,False,3.0,8.0,20,2.5,1.0,,16,10,150,True,trend_state_tp,24,4,0.005,75.42842335390498,33.2667970133472,6,0.01,,,,,,,,,,,,,,,,,,,,,,,,,,,,,,,,,,,,,,,,,,,,,,,,,,,,,,,,,4.0,0.01,134,True,True,True,,,,,,,,,,,,,,,,,,,,,,,,,,,,,,,,,,,,,,,,,,,,,,,,,,,,,,,,,0.08,0.0,50,1.25,,,,,,,583,-999971,,
True,True,4.0,8.0,14,2.0,0.75,,10,30,200,False,channel_reclaim,36,4,0.005,61.98098299160303,29.118920830002722,12,0.01,,,,,,,,,,,,,,,,,,,,,,,,,,,,,,,,,,,,,,,,,,,,,,,,,,,,,,,,,1.5,0.08,675,True,False,False,,,,,,,,,,,,,,,,,,,,,,,,,,,,,,,,,,,,,,,,,,,,,,,,,,,,,,,,,0.04,0.0,10,0.25,,,,,,,584,-999971,,
True,False,5.0,6.0,20,2.0,1.25,,16,80,130,True,trend_reclaim,18,8,0.0,77.4344452987121,42.14714648182061,6,0.001,,,,,,,,,,,,,,,,,,,,,,,,,,,,,,,,,,,,,,,,,,,,,,,,,,,,,,,,,1.0,0.025,211,True,False,True,,,,,,,,,,,,,,,,,,,,,,,,,,,,,,,,,,,,,,,,,,,,,,,,,,,,,,,,,0.08,0.002,30,0.5,,,,,,,585,-999972,,
True,False,4.0,4.0,14,1.8,1.0,,12,30,50,False,trend_reclaim,18,8,0.005,70.59908769657443,32.624137966981046,36,0.0005,,,,,,,,,,,,,,,,,,,,,,,,,,,,,,,,,,,,,,,,,,,,,,,,,,,,,,,,,4.0,0.08,370,True,False,False,,,,,,,,,,,,,,,,,,,,,,,,,,,,,,,,,,,,,,,,,,,,,,,,,,,,,,,,,0.08,0.0,20,1.25,,,,,,,586,-999972,,
True,False,2.5,3.0,40,2.0,1.25,,10,50,300,True,trend_reclaim,8,6,0.0,76.16343452228057,32.069976887132306,18,0.0025,,,,,,,,,,,,,,,,,,,,,,,,,,,,,,,,,,,,,,,,,,,,,,,,,,,,,,,,,3.0,0.08,373,True,True,True,,,,,,,,,,,,,,,,,,,,,,,,,,,,,,,,,,,,,,,,,,,,,,,,,,,,,,,,,0.05,0.002,10,1.5,,,,,,,587,-999972,,
True,False,2.0,1.3,20,1.5,1.5,,20,20,100,False,trend_reclaim,12,8,0.008,77.9113682955647,37.097829491839654,6,0.0005,,,,,,,,,,,,,,,,,,,,,,,,,,,,,,,,,,,,,,,,,,,,,,,,,,,,,,,,,1.5,0.015,405,True,False,False,,,,,,,,,,,,,,,,,,,,,,,,,,,,,,,,,,,,,,,,,,,,,,,,,,,,,,,,,0.08,0.0005,150,0.5,,,,,,,588,-999972,,
True,False,4.0,6.0,40,2.5,1.25,,16,80,300,False,range_bb_reversion,72,4,0.018,68.27972868340798,35.152274013640714,3,0.0,,,,,,,,,,,,,,,,,,,,,,,,,,,,,,,,,,,,,,,,,,,,,,,,,,,,,,,,,1.0,0.006,512,True,False,False,,,,,,,,,,,,,,,,,,,,,,,,,,,,,,,,,,,,,,,,,,,,,,,,,,,,,,,,,0.12,0.0,10,1.5,,,,,,,589,-999972,,
True,True,2.0,1.3,80,2.5,1.25,,16,30,100,True,trend_bb_reversion,96,3,0.005,71.59377789654408,35.13196248365884,48,0.0025,,,,,,,,,,,,,,,,,,,,,,,,,,,,,,,,,,,,,,,,,,,,,,,,,,,,,,,,,2.0,0.04,544,True,False,True,,,,,,,,,,,,,,,,,,,,,,,,,,,,,,,,,,,,,,,,,,,,,,,,,,,,,,,,,0.03,0.001,75,1.5,,,,,,,590,-999972,,
True,False,4.0,4.0,40,2.2,0.75,,12,50,100,False,trend_bb_reversion,120,6,0.018,67.19700322317547,25.805401826876643,48,0.01,,,,,,,,,,,,,,,,,,,,,,,,,,,,,,,,,,,,,,,,,,,,,,,,,,,,,,,,,2.5,0.015,584,True,False,False,,,,,,,,,,,,,,,,,,,,,,,,,,,,,,,,,,,,,,,,,,,,,,,,,,,,,,,,,0.04,0.003,75,1.25,,,,,,,591,-999972,,
True,False,4.0,1.3,80,1.5,1.5,,20,14,100,True,trend_bb_reversion,12,1,0.018,63.108195971089906,22.422193693552583,24,0.0025,,,,,,,,,,,,,,,,,,,,,,,,,,,,,,,,,,,,,,,,,,,,,,,,,,,,,,,,,3.0,0.025,24,True,False,True,,,,,,,,,,,,,,,,,,,,,,,,,,,,,,,,,,,,,,,,,,,,,,,,,,,,,,,,,0.12,0.0,30,1.25,,,,,,,592,-999973,,
True,True,2.5,1.3,55,2.0,1.5,,8,10,300,True,trend_bb_reversion,12,4,0.005,67.22781310419327,27.200184305275858,24,0.01,,,,,,,,,,,,,,,,,,,,,,,,,,,,,,,,,,,,,,,,,,,,,,,,,,,,,,,,,3.0,0.08,85,True,False,True,,,,,,,,,,,,,,,,,,,,,,,,,,,,,,,,,,,,,,,,,,,,,,,,,,,,,,,,,0.12,0.0005,100,1.25,,,,,,,593,-999973,,
True,False,2.5,1.3,40,2.2,0.5,,55,8,400,False,trend_bb_reversion,48,3,0.008,66.01687471953426,24.120175853062115,12,0.0025,,,,,,,,,,,,,,,,,,,,,,,,,,,,,,,,,,,,,,,,,,,,,,,,,,,,,,,,,2.5,0.08,304,True,False,False,,,,,,,,,,,,,,,,,,,,,,,,,,,,,,,,,,,,,,,,,,,,,,,,,,,,,,,,,0.12,0.001,30,1.5,,,,,,,594,-999973,,
True,False,4.0,12.0,20,1.5,1.0,,30,80,300,True,trend_bb_reversion,36,1,0.0,74.3329761422112,29.24837829452611,6,0.001,,,,,,,,,,,,,,,,,,,,,,,,,,,,,,,,,,,,,,,,,,,,,,,,,,,,,,,,,1.0,0.025,490,True,False,True,,,,,,,,,,,,,,,,,,,,,,,,,,,,,,,,,,,,,,,,,,,,,,,,,,,,,,,,,0.03,0.0005,30,1.0,,,,,,,595,-999973,,
True,False,3.0,1.7,14,2.5,0.5,,40,20,200,True,range_bb_reversion,48,2,0.008,72.42040164537129,37.87673221426637,18,0.0005,,,,,,,,,,,,,,,,,,,,,,,,,,,,,,,,,,,,,,,,,,,,,,,,,,,,,,,,,1.5,0.006,718,True,False,True,,,,,,,,,,,,,,,,,,,,,,,,,,,,,,,,,,,,,,,,,,,,,,,,,,,,,,,,,0.03,0.0,10,1.5,,,,,,,596,-999973,,
True,False,5.0,2.2,30,2.5,1.25,,12,30,50,True,channel_reclaim,72,1,0.018,77.40107067076273,26.715689951348605,6,0.0025,,,,,,,,,,,,,,,,,,,,,,,,,,,,,,,,,,,,,,,,,,,,,,,,,,,,,,,,,3.0,0.025,58,True,False,True,,,,,,,,,,,,,,,,,,,,,,,,,,,,,,,,,,,,,,,,,,,,,,,,,,,,,,,,,0.08,0.001,10,1.5,,,,,,,597,-999974,,
False,True,3.0,3.0,30,2.0,0.5,,55,20,400,True,range_bb_reversion,120,4,0.018,76.15014880946244,34.3454960140087,18,0.0,,,,,,,,,,,,,,,,,,,,,,,,,,,,,,,,,,,,,,,,,,,,,,,,,,,,,,,,,2.5,0.006,358,False,False,True,,,,,,,,,,,,,,,,,,,,,,,,,,,,,,,,,,,,,,,,,,,,,,,,,,,,,,,,,0.2,0.002,20,0.75,,,,,,,598,-999974,,
False,True,5.0,6.0,20,1.8,2.0,,16,80,400,False,trend_reclaim,8,6,0.0025,66.56502190755177,25.11918585980854,18,0.005,,,,,,,,,,,,,,,,,,,,,,,,,,,,,,,,,,,,,,,,,,,,,,,,,,,,,,,,,2.5,0.04,366,True,False,False,,,,,,,,,,,,,,,,,,,,,,,,,,,,,,,,,,,,,,,,,,,,,,,,,,,,,,,,,0.12,0.0,10,0.25,,,,,,,599,-999974,,
True,True,1.5,1.7,80,1.8,1.0,,55,8,200,False,trend_bb_reversion,48,3,0.012,74.33079256420099,27.57020436215489,36,0.01,,,,,,,,,,,,,,,,,,,,,,,,,,,,,,,,,,,,,,,,,,,,,,,,,,,,,,,,,3.0,0.025,439,True,False,False,,,,,,,,,,,,,,,,,,,,,,,,,,,,,,,,,,,,,,,,,,,,,,,,,,,,,,,,,0.04,0.003,30,1.25,,,,,,,600,-999974,,
True,False,1.5,6.0,80,2.0,2.0,,16,20,100,True,trend_bb_reversion,48,4,0.012,68.18746791127718,41.89600804680226,36,0.01,,,,,,,,,,,,,,,,,,,,,,,,,,,,,,,,,,,,,,,,,,,,,,,,,,,,,,,,,3.0,0.01,217,True,True,True,,,,,,,,,,,,,,,,,,,,,,,,,,,,,,,,,,,,,,,,,,,,,,,,,,,,,,,,,1.0,0.001,20,1.5,,,,,,,601,-999975,,
True,False,2.0,4.0,80,2.5,1.25,,12,80,130,True,trend_bb_reversion,72,8,0.012,69.12994827444884,32.69628778561679,12,0.0,,,,,,,,,,,,,,,,,,,,,,,,,,,,,,,,,,,,,,,,,,,,,,,,,,,,,,,,,1.5,0.015,167,True,False,True,,,,,,,,,,,,,,,,,,,,,,,,,,,,,,,,,,,,,,,,,,,,,,,,,,,,,,,,,0.04,0.002,20,1.5,,,,,,,602,-999976,,
True,True,4.0,4.0,40,1.5,2.0,,40,14,150,False,trend_reclaim,12,4,0.0025,68.99917809695869,40.15066061010293,3,0.0,,,,,,,,,,,,,,,,,,,,,,,,,,,,,,,,,,,,,,,,,,,,,,,,,,,,,,,,,4.0,0.006,680,True,False,False,,,,,,,,,,,,,,,,,,,,,,,,,,,,,,,,,,,,,,,,,,,,,,,,,,,,,,,,,0.03,0.0,100,1.25,,,,,,,603,-999976,,
True,False,2.0,8.0,55,2.5,2.0,,16,30,300,True,range_bb_reversion,24,4,0.005,68.02691180682307,41.87754577409944,24,0.005,,,,,,,,,,,,,,,,,,,,,,,,,,,,,,,,,,,,,,,,,,,,,,,,,,,,,,,,,1.0,0.006,234,True,False,True,,,,,,,,,,,,,,,,,,,,,,,,,,,,,,,,,,,,,,,,,,,,,,,,,,,,,,,,,0.04,0.0,75,1.25,,,,,,,604,-999977,,
True,False,5.0,1.7,55,2.0,1.25,,10,8,200,True,trend_reclaim,48,2,0.008,65.4411913602138,26.103116757054785,18,0.0025,,,,,,,,,,,,,,,,,,,,,,,,,,,,,,,,,,,,,,,,,,,,,,,,,,,,,,,,,2.5,0.08,443,False,False,True,,,,,,,,,,,,,,,,,,,,,,,,,,,,,,,,,,,,,,,,,,,,,,,,,,,,,,,,,1.0,0.0,100,1.25,,,,,,,605,-999977,,
True,False,2.0,3.0,20,1.8,2.0,,16,50,80,True,trend_bb_reversion,18,4,0.0025,66.37757861850778,34.63415858919976,3,0.0025,,,,,,,,,,,,,,,,,,,,,,,,,,,,,,,,,,,,,,,,,,,,,,,,,,,,,,,,,1.0,0.04,475,True,True,True,,,,,,,,,,,,,,,,,,,,,,,,,,,,,,,,,,,,,,,,,,,,,,,,,,,,,,,,,0.12,0.003,10,1.25,,,,,,,606,-999977,,
True,False,3.0,8.0,55,2.0,0.75,,30,80,130,False,trend_bb_reversion,12,2,0.018,60.254763672656374,31.50438593049326,18,0.0025,,,,,,,,,,,,,,,,,,,,,,,,,,,,,,,,,,,,,,,,,,,,,,,,,,,,,,,,,3.0,0.025,551,True,False,False,,,,,,,,,,,,,,,,,,,,,,,,,,,,,,,,,,,,,,,,,,,,,,,,,,,,,,,,,0.03,0.003,150,0.0,,,,,,,607,-999977,,
True,False,4.0,4.0,30,2.5,2.0,,16,8,300,True,trend_reclaim,96,2,0.012,73.46986518165649,25.90861950939857,36,0.0,,,,,,,,,,,,,,,,,,,,,,,,,,,,,,,,,,,,,,,,,,,,,,,,,,,,,,,,,2.5,0.08,15,True,False,True,,,,,,,,,,,,,,,,,,,,,,,,,,,,,,,,,,,,,,,,,,,,,,,,,,,,,,,,,1.0,0.001,20,0.25,,,,,,,608,-999978,,
True,False,1.5,2.2,20,2.2,1.25,,16,50,80,True,trend_reclaim,36,4,0.0025,74.00749826930853,39.48489785039326,6,0.0005,,,,,,,,,,,,,,,,,,,,,,,,,,,,,,,,,,,,,,,,,,,,,,,,,,,,,,,,,1.5,0.04,106,True,False,True,,,,,,,,,,,,,,,,,,,,,,,,,,,,,,,,,,,,,,,,,,,,,,,,,,,,,,,,,0.04,0.003,50,0.75,,,,,,,609,-999978,,
True,False,5.0,8.0,30,1.5,0.75,,8,8,50,False,trend_bb_reversion,18,4,0.008,58.44344819494599,43.82480581944019,6,0.0025,,,,,,,,,,,,,,,,,,,,,,,,,,,,,,,,,,,,,,,,,,,,,,,,,,,,,,,,,1.0,0.025,188,True,True,False,,,,,,,,,,,,,,,,,,,,,,,,,,,,,,,,,,,,,,,,,,,,,,,,,,,,,,,,,0.05,0.001,100,1.25,,,,,,,610,-999978,,
True,False,4.0,3.0,80,2.5,1.25,,30,50,100,False,trend_bb_reversion,120,1,0.012,68.75059046231179,39.439051841978504,48,0.01,,,,,,,,,,,,,,,,,,,,,,,,,,,,,,,,,,,,,,,,,,,,,,,,,,,,,,,,,1.0,0.015,232,True,False,False,,,,,,,,,,,,,,,,,,,,,,,,,,,,,,,,,,,,,,,,,,,,,,,,,,,,,,,,,0.05,0.002,50,1.5,,,,,,,611,-999978,,
True,False,1.5,1.7,40,1.5,1.25,,20,14,400,True,range_bb_reversion,96,6,0.012,59.703561945427204,24.00792529569632,36,0.0025,,,,,,,,,,,,,,,,,,,,,,,,,,,,,,,,,,,,,,,,,,,,,,,,,,,,,,,,,2.5,0.01,737,True,False,True,,,,,,,,,,,,,,,,,,,,,,,,,,,,,,,,,,,,,,,,,,,,,,,,,,,,,,,,,0.05,0.0005,150,1.5,,,,,,,612,-999978,,
True,False,5.0,2.2,40,2.2,1.0,,40,80,400,True,range_bb_reversion,8,6,0.0,58.80238542438708,44.46123572507404,36,0.0005,,,,,,,,,,,,,,,,,,,,,,,,,,,,,,,,,,,,,,,,,,,,,,,,,,,,,,,,,1.5,0.006,162,True,False,True,,,,,,,,,,,,,,,,,,,,,,,,,,,,,,,,,,,,,,,,,,,,,,,,,,,,,,,,,0.03,0.002,75,1.0,,,,,,,613,-999979,,
True,False,5.0,1.3,55,2.0,0.75,,55,20,80,True,channel_reclaim,72,1,0.005,59.7271680017089,31.38503972845907,24,0.0005,,,,,,,,,,,,,,,,,,,,,,,,,,,,,,,,,,,,,,,,,,,,,,,,,,,,,,,,,2.0,0.025,218,True,False,True,,,,,,,,,,,,,,,,,,,,,,,,,,,,,,,,,,,,,,,,,,,,,,,,,,,,,,,,,0.05,0.001,50,1.5,,,,,,,614,-999979,,
True,False,1.5,12.0,30,1.5,2.0,,20,10,150,False,trend_bb_reversion,72,4,0.0,72.00761871220293,23.110939867229735,3,0.0005,,,,,,,,,,,,,,,,,,,,,,,,,,,,,,,,,,,,,,,,,,,,,,,,,,,,,,,,,2.5,0.025,412,True,True,False,,,,,,,,,,,,,,,,,,,,,,,,,,,,,,,,,,,,,,,,,,,,,,,,,,,,,,,,,0.08,0.0005,100,1.0,,,,,,,615,-999979,,
True,False,3.0,3.0,30,2.0,1.5,,8,20,150,True,trend_reclaim,120,2,0.008,74.3214998874214,28.627378642126253,3,0.0,,,,,,,,,,,,,,,,,,,,,,,,,,,,,,,,,,,,,,,,,,,,,,,,,,,,,,,,,1.5,0.04,492,True,False,True,,,,,,,,,,,,,,,,,,,,,,,,,,,,,,,,,,,,,,,,,,,,,,,,,,,,,,,,,0.05,0.0005,50,0.5,,,,,,,616,-999979,,
True,False,1.0,2.2,30,1.8,1.0,,8,10,400,True,trend_bb_reversion,96,2,0.018,73.85304747717491,29.130691320170442,12,0.005,,,,,,,,,,,,,,,,,,,,,,,,,,,,,,,,,,,,,,,,,,,,,,,,,,,,,,,,,3.0,0.025,522,True,False,True,,,,,,,,,,,,,,,,,,,,,,,,,,,,,,,,,,,,,,,,,,,,,,,,,,,,,,,,,0.04,0.003,30,1.0,,,,,,,617,-999979,,
False,True,2.5,2.2,40,2.2,1.0,,10,20,50,True,trend_bb_reversion,120,2,0.0,73.37000503627335,42.028989447403376,24,0.01,,,,,,,,,,,,,,,,,,,,,,,,,,,,,,,,,,,,,,,,,,,,,,,,,,,,,,,,,2.5,0.08,93,True,False,True,,,,,,,,,,,,,,,,,,,,,,,,,,,,,,,,,,,,,,,,,,,,,,,,,,,,,,,,,1.0,0.0005,30,0.0,,,,,,,618,-999980,,
True,False,5.0,2.2,55,2.2,1.25,,10,10,50,True,trend_bb_reversion,24,8,0.005,68.39120450107072,42.86387819463686,24,0.0025,,,,,,,,,,,,,,,,,,,,,,,,,,,,,,,,,,,,,,,,,,,,,,,,,,,,,,,,,2.0,0.006,262,True,False,True,,,,,,,,,,,,,,,,,,,,,,,,,,,,,,,,,,,,,,,,,,,,,,,,,,,,,,,,,0.2,0.002,30,0.75,,,,,,,619,-999980,,
True,False,1.0,6.0,40,1.5,1.0,,55,8,80,True,trend_bb_reversion,8,6,0.008,74.60557383283876,30.097430895949536,3,0.001,,,,,,,,,,,,,,,,,,,,,,,,,,,,,,,,,,,,,,,,,,,,,,,,,,,,,,,,,2.5,0.006,346,True,False,True,,,,,,,,,,,,,,,,,,,,,,,,,,,,,,,,,,,,,,,,,,,,,,,,,,,,,,,,,0.05,0.001,10,0.25,,,,,,,620,-999980,,
True,False,3.0,1.7,80,2.5,0.75,,30,8,400,False,range_bb_reversion,12,3,0.0,65.8529381275918,38.527661308038184,48,0.0,,,,,,,,,,,,,,,,,,,,,,,,,,,,,,,,,,,,,,,,,,,,,,,,,,,,,,,,,4.0,0.01,456,True,False,False,,,,,,,,,,,,,,,,,,,,,,,,,,,,,,,,,,,,,,,,,,,,,,,,,,,,,,,,,0.04,0.001,50,0.25,,,,,,,621,-999980,,
True,True,1.5,1.3,55,2.5,1.0,,30,8,80,True,trend_bb_reversion,48,3,0.012,72.09781068412295,40.17321510457681,18,0.0025,,,,,,,,,,,,,,,,,,,,,,,,,,,,,,,,,,,,,,,,,,,,,,,,,,,,,,,,,4.0,0.01,54,True,False,True,,,,,,,,,,,,,,,,,,,,,,,,,,,,,,,,,,,,,,,,,,,,,,,,,,,,,,,,,0.03,0.003,10,1.0,,,,,,,622,-999982,,
True,False,4.0,6.0,55,2.5,0.75,,8,50,300,True,range_bb_reversion,12,6,0.008,75.62204699372825,22.66806044202127,6,0.0,,,,,,,,,,,,,,,,,,,,,,,,,,,,,,,,,,,,,,,,,,,,,,,,,,,,,,,,,3.0,0.006,138,True,False,True,,,,,,,,,,,,,,,,,,,,,,,,,,,,,,,,,,,,,,,,,,,,,,,,,,,,,,,,,0.05,0.001,30,0.0,,,,,,,623,-999982,,
True,True,2.5,6.0,55,2.2,1.5,,40,10,50,True,trend_bb_reversion,120,4,0.018,66.11718093817862,39.586944835804964,12,0.0,,,,,,,,,,,,,,,,,,,,,,,,,,,,,,,,,,,,,,,,,,,,,,,,,,,,,,,,,3.0,0.006,182,True,False,True,,,,,,,,,,,,,,,,,,,,,,,,,,,,,,,,,,,,,,,,,,,,,,,,,,,,,,,,,0.03,0.002,75,0.5,,,,,,,624,-999982,,
True,False,5.0,6.0,80,2.2,1.5,,55,8,400,False,channel_reclaim,8,4,0.005,58.669499926747434,28.834182461609252,12,0.005,,,,,,,,,,,,,,,,,,,,,,,,,,,,,,,,,,,,,,,,,,,,,,,,,,,,,,,,,2.0,0.01,401,True,False,False,,,,,,,,,,,,,,,,,,,,,,,,,,,,,,,,,,,,,,,,,,,,,,,,,,,,,,,,,1.0,0.0005,150,0.75,,,,,,,625,-999982,,
True,True,1.5,6.0,55,2.2,0.75,,20,80,100,True,trend_bb_reversion,120,1,0.008,72.52879136249382,25.05439941007342,18,0.005,,,,,,,,,,,,,,,,,,,,,,,,,,,,,,,,,,,,,,,,,,,,,,,,,,,,,,,,,2.0,0.025,518,True,False,True,,,,,,,,,,,,,,,,,,,,,,,,,,,,,,,,,,,,,,,,,,,,,,,,,,,,,,,,,0.04,0.002,30,0.0,,,,,,,626,-999982,,
True,False,5.0,12.0,80,2.0,1.25,,16,20,200,False,channel_reclaim,72,2,0.0,72.97774585557882,42.10205730207381,3,0.0025,,,,,,,,,,,,,,,,,,,,,,,,,,,,,,,,,,,,,,,,,,,,,,,,,,,,,,,,,1.5,0.006,588,True,True,False,,,,,,,,,,,,,,,,,,,,,,,,,,,,,,,,,,,,,,,,,,,,,,,,,,,,,,,,,0.08,0.003,20,0.5,,,,,,,627,-999982,,
True,False,3.0,12.0,55,1.8,0.5,,10,50,80,False,trend_reclaim,24,2,0.0,64.16997641789169,23.962686819709642,12,0.001,,,,,,,,,,,,,,,,,,,,,,,,,,,,,,,,,,,,,,,,,,,,,,,,,,,,,,,,,2.0,0.025,627,True,False,False,,,,,,,,,,,,,,,,,,,,,,,,,,,,,,,,,,,,,,,,,,,,,,,,,,,,,,,,,0.04,0.003,100,1.25,,,,,,,628,-999982,,
True,False,1.5,1.7,14,2.0,2.0,,30,10,100,True,channel_reclaim,18,8,0.005,76.71332416907538,37.63447362472369,6,0.0025,,,,,,,,,,,,,,,,,,,,,,,,,,,,,,,,,,,,,,,,,,,,,,,,,,,,,,,,,3.0,0.04,57,True,False,True,,,,,,,,,,,,,,,,,,,,,,,,,,,,,,,,,,,,,,,,,,,,,,,,,,,,,,,,,0.04,0.002,50,0.25,,,,,,,629,-999983,,
True,False,2.5,12.0,55,2.0,2.0,,40,10,50,False,channel_reclaim,96,3,0.012,74.80985204092185,43.541440433276826,24,0.0,,,,,,,,,,,,,,,,,,,,,,,,,,,,,,,,,,,,,,,,,,,,,,,,,,,,,,,,,2.0,0.08,263,True,False,False,,,,,,,,,,,,,,,,,,,,,,,,,,,,,,,,,,,,,,,,,,,,,,,,,,,,,,,,,0.05,0.003,100,0.75,,,,,,,630,-999983,,
True,False,2.0,1.7,30,1.8,1.25,,12,80,300,True,trend_reclaim,72,6,0.008,66.68768765277308,41.64805588729396,36,0.005,,,,,,,,,,,,,,,,,,,,,,,,,,,,,,,,,,,,,,,,,,,,,,,,,,,,,,,,,3.0,0.01,491,True,False,True,,,,,,,,,,,,,,,,,,,,,,,,,,,,,,,,,,,,,,,,,,,,,,,,,,,,,,,,,0.08,0.0,100,0.0,,,,,,,631,-999983,,
True,False,3.0,3.0,40,2.5,0.5,,8,50,100,True,channel_reclaim,8,1,0.018,77.24161445625543,27.88607265029533,12,0.01,,,,,,,,,,,,,,,,,,,,,,,,,,,,,,,,,,,,,,,,,,,,,,,,,,,,,,,,,2.0,0.08,503,True,False,True,,,,,,,,,,,,,,,,,,,,,,,,,,,,,,,,,,,,,,,,,,,,,,,,,,,,,,,,,0.05,0.0,10,1.5,,,,,,,632,-999984,,
False,True,3.0,6.0,40,1.5,1.0,,16,30,80,True,trend_state_tp,36,2,0.005,73.36397506036215,44.84476064557454,3,0.01,,,,,,,,,,,,,,,,,,,,,,,,,,,,,,,,,,,,,,,,,,,,,,,,,,,,,,,,,2.5,0.08,748,True,False,True,,,,,,,,,,,,,,,,,,,,,,,,,,,,,,,,,,,,,,,,,,,,,,,,,,,,,,,,,0.12,0.0005,75,1.0,,,,,,,633,-999984,,
True,False,4.0,4.0,40,2.2,1.5,,12,8,100,True,trend_reclaim,48,8,0.008,63.563025987023344,27.21868420035175,18,0.0005,,,,,,,,,,,,,,,,,,,,,,,,,,,,,,,,,,,,,,,,,,,,,,,,,,,,,,,,,2.5,0.006,493,True,False,True,,,,,,,,,,,,,,,,,,,,,,,,,,,,,,,,,,,,,,,,,,,,,,,,,,,,,,,,,0.2,0.002,75,1.5,,,,,,,634,-999985,,
True,False,2.5,1.3,30,2.0,0.5,,12,30,50,False,trend_reclaim,48,3,0.008,62.09003558093255,30.762200812272823,6,0.0005,,,,,,,,,,,,,,,,,,,,,,,,,,,,,,,,,,,,,,,,,,,,,,,,,,,,,,,,,2.5,0.01,626,True,False,False,,,,,,,,,,,,,,,,,,,,,,,,,,,,,,,,,,,,,,,,,,,,,,,,,,,,,,,,,1.0,0.0,150,0.75,,,,,,,635,-999985,,
True,False,5.0,12.0,80,2.5,1.5,,30,14,80,True,trend_reclaim,48,3,0.005,73.32821419359169,39.926294982992815,12,0.0025,,,,,,,,,,,,,,,,,,,,,,,,,,,,,,,,,,,,,,,,,,,,,,,,,,,,,,,,,1.5,0.08,158,True,False,True,,,,,,,,,,,,,,,,,,,,,,,,,,,,,,,,,,,,,,,,,,,,,,,,,,,,,,,,,0.05,0.002,20,1.25,,,,,,,636,-999986,,
True,False,2.5,12.0,40,1.8,0.5,,30,8,150,True,trend_state_tp,18,2,0.0025,73.37436286099415,25.410616091437724,3,0.005,,,,,,,,,,,,,,,,,,,,,,,,,,,,,,,,,,,,,,,,,,,,,,,,,,,,,,,,,1.0,0.04,330,True,False,False,,,,,,,,,,,,,,,,,,,,,,,,,,,,,,,,,,,,,,,,,,,,,,,,,,,,,,,,,0.05,0.003,75,1.0,,,,,,,637,-999986,,
True,False,5.0,2.2,40,2.5,2.0,,20,8,50,False,range_bb_reversion,12,3,0.018,72.03337751199935,22.854115773349196,24,0.0,,,,,,,,,,,,,,,,,,,,,,,,,,,,,,,,,,,,,,,,,,,,,,,,,,,,,,,,,3.0,0.006,354,True,False,False,,,,,,,,,,,,,,,,,,,,,,,,,,,,,,,,,,,,,,,,,,,,,,,,,,,,,,,,,0.05,0.0005,30,1.5,,,,,,,638,-999986,,
True,False,2.0,1.7,30,2.5,2.0,,10,20,400,True,trend_reclaim,48,3,0.008,72.85763912058991,40.034839365879215,18,0.005,,,,,,,,,,,,,,,,,,,,,,,,,,,,,,,,,,,,,,,,,,,,,,,,,,,,,,,,,1.5,0.025,47,False,False,True,,,,,,,,,,,,,,,,,,,,,,,,,,,,,,,,,,,,,,,,,,,,,,,,,,,,,,,,,0.08,0.0,20,1.5,,,,,,,639,-999987,,
True,True,1.0,4.0,14,1.8,1.5,,20,8,400,True,channel_reclaim,72,2,0.0,68.27075125528864,26.73333585139582,36,0.01,,,,,,,,,,,,,,,,,,,,,,,,,,,,,,,,,,,,,,,,,,,,,,,,,,,,,,,,,1.0,0.04,380,True,False,True,,,,,,,,,,,,,,,,,,,,,,,,,,,,,,,,,,,,,,,,,,,,,,,,,,,,,,,,,0.03,0.001,150,1.5,,,,,,,640,-999987,,
True,False,5.0,1.7,14,2.0,2.0,,20,8,300,True,trend_state_tp,72,2,0.025,77.49091497157042,27.29846867339259,6,0.01,,,,,,,,,,,,,,,,,,,,,,,,,,,,,,,,,,,,,,,,,,,,,,,,,,,,,,,,,3.0,0.08,474,True,False,False,,,,,,,,,,,,,,,,,,,,,,,,,,,,,,,,,,,,,,,,,,,,,,,,,,,,,,,,,0.12,0.0005,150,0.75,,,,,,,641,-999987,,
True,False,2.5,8.0,40,2.2,2.0,,10,8,150,True,channel_reclaim,12,3,0.025,68.06906540716328,44.50623093271177,12,0.01,,,,,,,,,,,,,,,,,,,,,,,,,,,,,,,,,,,,,,,,,,,,,,,,,,,,,,,,,3.0,0.08,555,True,False,True,,,,,,,,,,,,,,,,,,,,,,,,,,,,,,,,,,,,,,,,,,,,,,,,,,,,,,,,,0.04,0.003,10,1.25,,,,,,,642,-999987,,
False,True,2.0,8.0,20,2.0,0.75,,8,50,300,True,trend_reclaim,24,6,0.008,62.68892866095018,31.133786944021452,6,0.0005,,,,,,,,,,,,,,,,,,,,,,,,,,,,,,,,,,,,,,,,,,,,,,,,,,,,,,,,,3.0,0.025,705,True,False,True,,,,,,,,,,,,,,,,,,,,,,,,,,,,,,,,,,,,,,,,,,,,,,,,,,,,,,,,,0.05,0.0005,30,1.25,,,,,,,643,-999987,,
True,False,1.0,3.0,55,2.2,2.0,,30,8,50,True,channel_reclaim,12,8,0.018,60.83231790389072,37.80216101841742,6,0.0005,,,,,,,,,,,,,,,,,,,,,,,,,,,,,,,,,,,,,,,,,,,,,,,,,,,,,,,,,2.5,0.01,327,True,False,True,,,,,,,,,,,,,,,,,,,,,,,,,,,,,,,,,,,,,,,,,,,,,,,,,,,,,,,,,0.12,0.001,50,1.5,,,,,,,644,-999988,,
True,False,5.0,6.0,80,2.0,1.25,,40,8,100,True,trend_bb_reversion,96,4,0.012,74.69956446368512,29.18041672619814,18,0.005,,,,,,,,,,,,,,,,,,,,,,,,,,,,,,,,,,,,,,,,,,,,,,,,,,,,,,,,,2.5,0.08,500,True,False,True,,,,,,,,,,,,,,,,,,,,,,,,,,,,,,,,,,,,,,,,,,,,,,,,,,,,,,,,,0.05,0.002,20,0.0,,,,,,,645,-999988,,
True,False,2.0,1.3,30,2.2,0.5,,8,30,300,True,trend_bb_reversion,96,4,0.018,73.8334929193679,44.291071328393215,6,0.005,,,,,,,,,,,,,,,,,,,,,,,,,,,,,,,,,,,,,,,,,,,,,,,,,,,,,,,,,4.0,0.08,569,True,False,True,,,,,,,,,,,,,,,,,,,,,,,,,,,,,,,,,,,,,,,,,,,,,,,,,,,,,,,,,0.08,0.001,10,0.75,,,,,,,646,-999988,,
True,True,4.0,8.0,80,2.5,1.0,,8,10,400,True,trend_reclaim,24,2,0.018,62.42563456756485,25.298357798344934,18,0.01,,,,,,,,,,,,,,,,,,,,,,,,,,,,,,,,,,,,,,,,,,,,,,,,,,,,,,,,,2.0,0.08,349,True,False,True,,,,,,,,,,,,,,,,,,,,,,,,,,,,,,,,,,,,,,,,,,,,,,,,,,,,,,,,,1.0,0.0005,20,0.25,,,,,,,647,-999989,,
True,False,5.0,1.7,55,2.0,1.25,,16,14,80,False,trend_reclaim,12,8,0.012,68.63341193747391,28.4766848894341,3,0.0,,,,,,,,,,,,,,,,,,,,,,,,,,,,,,,,,,,,,,,,,,,,,,,,,,,,,,,,,1.0,0.015,462,True,False,False,,,,,,,,,,,,,,,,,,,,,,,,,,,,,,,,,,,,,,,,,,,,,,,,,,,,,,,,,0.12,0.003,100,0.0,,,,,,,648,-999989,,
True,False,5.0,8.0,20,1.5,0.75,,8,8,400,True,trend_reclaim,96,1,0.012,62.02563210718459,28.887031631211713,18,0.005,,,,,,,,,,,,,,,,,,,,,,,,,,,,,,,,,,,,,,,,,,,,,,,,,,,,,,,,,1.5,0.015,637,True,False,True,,,,,,,,,,,,,,,,,,,,,,,,,,,,,,,,,,,,,,,,,,,,,,,,,,,,,,,,,0.08,0.002,75,0.75,,,,,,,649,-999989,,
True,False,1.5,12.0,55,2.0,2.0,,30,14,100,True,trend_bb_reversion,24,3,0.005,72.89186927694848,24.462872652191212,12,0.005,,,,,,,,,,,,,,,,,,,,,,,,,,,,,,,,,,,,,,,,,,,,,,,,,,,,,,,,,1.0,0.015,682,True,False,True,,,,,,,,,,,,,,,,,,,,,,,,,,,,,,,,,,,,,,,,,,,,,,,,,,,,,,,,,1.0,0.003,100,0.25,,,,,,,650,-999989,,
True,False,1.5,4.0,55,1.5,1.25,,8,20,100,True,trend_bb_reversion,18,2,0.012,73.57044201984677,29.131748226582264,6,0.0025,,,,,,,,,,,,,,,,,,,,,,,,,,,,,,,,,,,,,,,,,,,,,,,,,,,,,,,,,3.0,0.04,215,True,False,True,,,,,,,,,,,,,,,,,,,,,,,,,,,,,,,,,,,,,,,,,,,,,,,,,,,,,,,,,0.2,0.002,75,1.5,,,,,,,651,-999990,,
True,False,3.0,1.7,30,2.2,1.5,,40,50,200,True,channel_reclaim,12,2,0.025,73.03904113712512,26.621272343585453,12,0.01,,,,,,,,,,,,,,,,,,,,,,,,,,,,,,,,,,,,,,,,,,,,,,,,,,,,,,,,,2.0,0.015,449,True,False,True,,,,,,,,,,,,,,,,,,,,,,,,,,,,,,,,,,,,,,,,,,,,,,,,,,,,,,,,,0.12,0.0,100,0.25,,,,,,,652,-999990,,
True,False,2.5,3.0,55,2.2,1.5,,12,8,300,True,trend_reclaim,24,4,0.005,61.89831915804356,44.03839060182052,36,0.001,,,,,,,,,,,,,,,,,,,,,,,,,,,,,,,,,,,,,,,,,,,,,,,,,,,,,,,,,3.0,0.015,486,True,False,True,,,,,,,,,,,,,,,,,,,,,,,,,,,,,,,,,,,,,,,,,,,,,,,,,,,,,,,,,0.03,0.0005,100,0.25,,,,,,,653,-999990,,
True,False,4.0,4.0,30,2.0,1.25,,10,10,300,False,trend_reclaim,96,6,0.008,63.505239765993366,39.854025181838495,48,0.005,,,,,,,,,,,,,,,,,,,,,,,,,,,,,,,,,,,,,,,,,,,,,,,,,,,,,,,,,4.0,0.015,23,True,False,False,,,,,,,,,,,,,,,,,,,,,,,,,,,,,,,,,,,,,,,,,,,,,,,,,,,,,,,,,0.05,0.0005,10,1.5,,,,,,,654,-999991,,
True,False,1.0,1.3,40,2.2,2.0,,10,50,300,True,trend_reclaim,96,4,0.0025,71.2362813558964,24.72058239138711,18,0.005,,,,,,,,,,,,,,,,,,,,,,,,,,,,,,,,,,,,,,,,,,,,,,,,,,,,,,,,,2.5,0.01,101,True,False,True,,,,,,,,,,,,,,,,,,,,,,,,,,,,,,,,,,,,,,,,,,,,,,,,,,,,,,,,,0.03,0.003,50,0.75,,,,,,,655,-999991,,
True,True,2.5,1.3,20,1.5,1.5,,55,20,80,True,trend_reclaim,12,4,0.012,72.27049595737034,30.085584848868294,6,0.001,,,,,,,,,,,,,,,,,,,,,,,,,,,,,,,,,,,,,,,,,,,,,,,,,,,,,,,,,4.0,0.006,225,True,True,True,,,,,,,,,,,,,,,,,,,,,,,,,,,,,,,,,,,,,,,,,,,,,,,,,,,,,,,,,0.12,0.001,100,1.5,,,,,,,656,-999991,,
True,False,4.0,1.7,80,1.8,2.0,,55,50,200,False,trend_reclaim,12,3,0.005,77.88631763004004,23.920531410909508,18,0.0,,,,,,,,,,,,,,,,,,,,,,,,,,,,,,,,,,,,,,,,,,,,,,,,,,,,,,,,,4.0,0.08,367,True,False,False,,,,,,,,,,,,,,,,,,,,,,,,,,,,,,,,,,,,,,,,,,,,,,,,,,,,,,,,,0.03,0.0005,150,0.75,,,,,,,657,-999991,,
True,True,3.0,8.0,30,2.5,1.0,,40,20,50,True,trend_bb_reversion,96,3,0.012,72.95767399054377,39.517493661298595,3,0.001,,,,,,,,,,,,,,,,,,,,,,,,,,,,,,,,,,,,,,,,,,,,,,,,,,,,,,,,,1.0,0.006,442,True,False,True,,,,,,,,,,,,,,,,,,,,,,,,,,,,,,,,,,,,,,,,,,,,,,,,,,,,,,,,,0.04,0.0,150,0.5,,,,,,,658,-999991,,
True,True,5.0,2.2,40,2.0,2.0,,16,20,150,True,trend_reclaim,120,4,0.012,69.47472559631925,34.046528877632944,3,0.001,,,,,,,,,,,,,,,,,,,,,,,,,,,,,,,,,,,,,,,,,,,,,,,,,,,,,,,,,2.5,0.08,511,True,False,True,,,,,,,,,,,,,,,,,,,,,,,,,,,,,,,,,,,,,,,,,,,,,,,,,,,,,,,,,0.12,0.0,75,1.25,,,,,,,659,-999991,,
True,False,1.5,1.7,80,2.0,1.25,,8,30,150,True,trend_bb_reversion,24,3,0.025,66.41397269197837,23.004848190413124,3,0.0005,,,,,,,,,,,,,,,,,,,,,,,,,,,,,,,,,,,,,,,,,,,,,,,,,,,,,,,,,3.0,0.025,128,True,False,True,,,,,,,,,,,,,,,,,,,,,,,,,,,,,,,,,,,,,,,,,,,,,,,,,,,,,,,,,1.0,0.0,100,1.25,,,,,,,660,-999992,,
True,False,2.5,1.3,30,2.5,1.5,,40,30,400,False,trend_reclaim,8,4,0.012,73.74074039089861,35.13557835678335,6,0.0025,,,,,,,,,,,,,,,,,,,,,,,,,,,,,,,,,,,,,,,,,,,,,,,,,,,,,,,,,3.0,0.04,315,True,False,False,,,,,,,,,,,,,,,,,,,,,,,,,,,,,,,,,,,,,,,,,,,,,,,,,,,,,,,,,0.12,0.002,20,0.75,,,,,,,661,-999992,,
True,False,2.0,6.0,55,2.0,2.0,,55,20,200,True,channel_reclaim,18,1,0.012,72.50000066930318,37.60900396810123,3,0.0005,,,,,,,,,,,,,,,,,,,,,,,,,,,,,,,,,,,,,,,,,,,,,,,,,,,,,,,,,1.5,0.01,364,True,False,True,,,,,,,,,,,,,,,,,,,,,,,,,,,,,,,,,,,,,,,,,,,,,,,,,,,,,,,,,0.08,0.001,100,1.5,,,,,,,662,-999992,,
True,True,2.0,6.0,40,2.5,1.25,,12,10,100,True,channel_reclaim,18,1,0.008,72.70670221963327,22.70136960045921,18,0.01,,,,,,,,,,,,,,,,,,,,,,,,,,,,,,,,,,,,,,,,,,,,,,,,,,,,,,,,,3.0,0.04,623,True,False,True,,,,,,,,,,,,,,,,,,,,,,,,,,,,,,,,,,,,,,,,,,,,,,,,,,,,,,,,,0.03,0.001,100,1.5,,,,,,,663,-999992,,
True,False,1.0,12.0,55,1.5,0.75,,55,20,150,True,trend_reclaim,18,8,0.0025,66.33674428343393,29.468465859744004,18,0.0025,,,,,,,,,,,,,,,,,,,,,,,,,,,,,,,,,,,,,,,,,,,,,,,,,,,,,,,,,2.5,0.025,663,True,False,True,,,,,,,,,,,,,,,,,,,,,,,,,,,,,,,,,,,,,,,,,,,,,,,,,,,,,,,,,0.03,0.003,10,1.5,,,,,,,664,-999992,,
True,False,1.0,3.0,30,1.5,1.25,,30,50,100,True,trend_reclaim,18,6,0.018,69.9908042149348,24.99157637923218,36,0.0005,,,,,,,,,,,,,,,,,,,,,,,,,,,,,,,,,,,,,,,,,,,,,,,,,,,,,,,,,3.0,0.006,135,True,False,True,,,,,,,,,,,,,,,,,,,,,,,,,,,,,,,,,,,,,,,,,,,,,,,,,,,,,,,,,0.2,0.001,20,0.0,,,,,,,665,-999993,,
True,True,4.0,1.3,40,1.5,0.5,,8,10,400,True,trend_reclaim,12,3,0.018,75.83566890095784,22.458113040902894,48,0.001,,,,,,,,,,,,,,,,,,,,,,,,,,,,,,,,,,,,,,,,,,,,,,,,,,,,,,,,,2.0,0.01,452,True,False,True,,,,,,,,,,,,,,,,,,,,,,,,,,,,,,,,,,,,,,,,,,,,,,,,,,,,,,,,,0.12,0.0,30,1.0,,,,,,,666,-999993,,
True,False,2.0,2.2,80,1.5,1.25,,10,80,130,True,trend_state_tp,48,2,0.0025,66.12880238787012,29.42463406871148,6,0.01,,,,,,,,,,,,,,,,,,,,,,,,,,,,,,,,,,,,,,,,,,,,,,,,,,,,,,,,,1.5,0.01,724,True,False,False,,,,,,,,,,,,,,,,,,,,,,,,,,,,,,,,,,,,,,,,,,,,,,,,,,,,,,,,,0.04,0.003,50,0.25,,,,,,,667,-999993,,
True,False,5.0,3.0,80,2.2,1.0,,40,8,50,True,trend_reclaim,72,2,0.0025,68.16113942485323,35.041301476692695,48,0.001,,,,,,,,,,,,,,,,,,,,,,,,,,,,,,,,,,,,,,,,,,,,,,,,,,,,,,,,,1.0,0.015,274,True,True,True,,,,,,,,,,,,,,,,,,,,,,,,,,,,,,,,,,,,,,,,,,,,,,,,,,,,,,,,,0.04,0.0,75,1.5,,,,,,,668,-999994,,
True,False,1.0,4.0,30,1.8,2.0,,12,80,200,False,trend_reclaim,120,6,0.0025,73.13848207362824,26.474435778840846,48,0.005,,,,,,,,,,,,,,,,,,,,,,,,,,,,,,,,,,,,,,,,,,,,,,,,,,,,,,,,,1.5,0.015,336,True,False,False,,,,,,,,,,,,,,,,,,,,,,,,,,,,,,,,,,,,,,,,,,,,,,,,,,,,,,,,,0.03,0.001,100,1.25,,,,,,,669,-999994,,
True,False,2.0,12.0,30,2.2,1.5,,10,30,80,True,trend_reclaim,72,6,0.008,74.8220797395251,38.660482921711214,6,0.0,,,,,,,,,,,,,,,,,,,,,,,,,,,,,,,,,,,,,,,,,,,,,,,,,,,,,,,,,4.0,0.025,460,True,False,True,,,,,,,,,,,,,,,,,,,,,,,,,,,,,,,,,,,,,,,,,,,,,,,,,,,,,,,,,0.05,0.0005,20,0.75,,,,,,,670,-999994,,
False,True,2.0,1.7,55,2.0,2.0,,12,10,80,False,trend_bb_reversion,24,3,0.012,62.10028187492134,24.880740215915505,24,0.01,,,,,,,,,,,,,,,,,,,,,,,,,,,,,,,,,,,,,,,,,,,,,,,,,,,,,,,,,2.5,0.08,573,True,False,False,,,,,,,,,,,,,,,,,,,,,,,,,,,,,,,,,,,,,,,,,,,,,,,,,,,,,,,,,1.0,0.003,30,1.0,,,,,,,671,-999994,,
True,False,4.0,2.2,20,2.0,0.75,,8,20,400,True,trend_reclaim,8,4,0.012,61.892604524849,39.45562021337214,6,0.0005,,,,,,,,,,,,,,,,,,,,,,,,,,,,,,,,,,,,,,,,,,,,,,,,,,,,,,,,,2.5,0.015,629,False,False,True,,,,,,,,,,,,,,,,,,,,,,,,,,,,,,,,,,,,,,,,,,,,,,,,,,,,,,,,,0.2,0.002,30,1.5,,,,,,,672,-999994,,
True,True,2.0,6.0,14,2.5,1.0,,8,14,150,True,trend_reclaim,120,2,0.018,65.4704878624808,29.128146880320053,12,0.01,,,,,,,,,,,,,,,,,,,,,,,,,,,,,,,,,,,,,,,,,,,,,,,,,,,,,,,,,1.0,0.025,719,True,False,True,,,,,,,,,,,,,,,,,,,,,,,,,,,,,,,,,,,,,,,,,,,,,,,,,,,,,,,,,0.2,0.001,50,0.0,,,,,,,673,-999994,,
True,False,5.0,2.2,80,1.5,1.25,,8,50,400,True,trend_reclaim,24,8,0.012,75.1385155614908,43.52768261048218,36,0.005,,,,,,,,,,,,,,,,,,,,,,,,,,,,,,,,,,,,,,,,,,,,,,,,,,,,,,,,,2.5,0.025,766,False,False,True,,,,,,,,,,,,,,,,,,,,,,,,,,,,,,,,,,,,,,,,,,,,,,,,,,,,,,,,,0.12,0.003,100,0.5,,,,,,,674,-999994,,
True,True,2.5,1.3,55,2.5,1.5,,55,20,300,False,trend_reclaim,18,3,0.012,75.68676653027929,28.561138755703432,18,0.0025,,,,,,,,,,,,,,,,,,,,,,,,,,,,,,,,,,,,,,,,,,,,,,,,,,,,,,,,,2.5,0.015,35,True,False,False,,,,,,,,,,,,,,,,,,,,,,,,,,,,,,,,,,,,,,,,,,,,,,,,,,,,,,,,,0.05,0.002,20,0.5,,,,,,,675,-999995,,
True,False,2.0,1.7,80,1.8,1.25,,40,20,200,True,trend_bb_reversion,96,4,0.018,74.19754794862932,31.999102280024356,24,0.01,,,,,,,,,,,,,,,,,,,,,,,,,,,,,,,,,,,,,,,,,,,,,,,,,,,,,,,,,2.5,0.08,94,False,False,True,,,,,,,,,,,,,,,,,,,,,,,,,,,,,,,,,,,,,,,,,,,,,,,,,,,,,,,,,0.05,0.002,100,1.5,,,,,,,676,-999995,,
True,False,1.0,6.0,80,2.0,1.5,,20,80,150,True,trend_reclaim,36,4,0.012,65.22584540733358,31.443203027900598,24,0.005,,,,,,,,,,,,,,,,,,,,,,,,,,,,,,,,,,,,,,,,,,,,,,,,,,,,,,,,,1.0,0.006,140,False,False,True,,,,,,,,,,,,,,,,,,,,,,,,,,,,,,,,,,,,,,,,,,,,,,,,,,,,,,,,,0.12,0.001,30,0.0,,,,,,,677,-999995,,
False,True,1.0,6.0,55,2.2,1.5,,30,80,300,False,trend_bb_reversion,96,2,0.008,74.71440332004853,42.941173216367595,12,0.005,,,,,,,,,,,,,,,,,,,,,,,,,,,,,,,,,,,,,,,,,,,,,,,,,,,,,,,,,3.0,0.025,309,True,False,False,,,,,,,,,,,,,,,,,,,,,,,,,,,,,,,,,,,,,,,,,,,,,,,,,,,,,,,,,0.08,0.0005,75,1.5,,,,,,,678,-999995,,
True,False,4.0,6.0,14,2.0,0.75,,30,80,400,True,trend_reclaim,12,3,0.012,68.78372056366875,28.419340636667126,24,0.005,,,,,,,,,,,,,,,,,,,,,,,,,,,,,,,,,,,,,,,,,,,,,,,,,,,,,,,,,2.0,0.08,408,True,False,True,,,,,,,,,,,,,,,,,,,,,,,,,,,,,,,,,,,,,,,,,,,,,,,,,,,,,,,,,1.0,0.003,100,1.0,,,,,,,679,-999995,,
True,False,2.5,1.7,55,2.5,1.5,,12,20,200,True,channel_reclaim,8,2,0.012,62.180101652928315,29.22378793479856,3,0.0025,,,,,,,,,,,,,,,,,,,,,,,,,,,,,,,,,,,,,,,,,,,,,,,,,,,,,,,,,2.5,0.015,570,True,False,True,,,,,,,,,,,,,,,,,,,,,,,,,,,,,,,,,,,,,,,,,,,,,,,,,,,,,,,,,0.05,0.0005,100,1.0,,,,,,,680,-999995,,
True,True,4.0,2.2,14,1.5,2.0,,20,30,400,False,trend_reclaim,72,3,0.012,60.535012947406535,32.9715112390673,12,0.005,,,,,,,,,,,,,,,,,,,,,,,,,,,,,,,,,,,,,,,,,,,,,,,,,,,,,,,,,1.5,0.08,654,True,True,False,,,,,,,,,,,,,,,,,,,,,,,,,,,,,,,,,,,,,,,,,,,,,,,,,,,,,,,,,0.08,0.0005,30,1.5,,,,,,,681,-999995,,
True,False,2.0,4.0,20,2.0,2.0,,55,50,400,True,trend_bb_reversion,120,4,0.008,72.92165786563862,25.827723200815957,6,0.005,,,,,,,,,,,,,,,,,,,,,,,,,,,,,,,,,,,,,,,,,,,,,,,,,,,,,,,,,2.5,0.01,108,True,True,True,,,,,,,,,,,,,,,,,,,,,,,,,,,,,,,,,,,,,,,,,,,,,,,,,,,,,,,,,0.2,0.0005,100,0.75,,,,,,,682,-999996,,
True,False,3.0,4.0,40,1.8,0.5,,12,14,100,True,channel_reclaim,36,6,0.018,66.1687385219348,40.330205736108226,6,0.01,,,,,,,,,,,,,,,,,,,,,,,,,,,,,,,,,,,,,,,,,,,,,,,,,,,,,,,,,2.0,0.006,147,True,False,True,,,,,,,,,,,,,,,,,,,,,,,,,,,,,,,,,,,,,,,,,,,,,,,,,,,,,,,,,0.2,0.002,20,1.0,,,,,,,683,-999996,,
False,True,4.0,1.3,40,2.5,1.25,,40,50,150,True,channel_reclaim,120,4,0.025,74.19489723312864,43.95206954546457,12,0.005,,,,,,,,,,,,,,,,,,,,,,,,,,,,,,,,,,,,,,,,,,,,,,,,,,,,,,,,,1.5,0.015,193,True,True,True,,,,,,,,,,,,,,,,,,,,,,,,,,,,,,,,,,,,,,,,,,,,,,,,,,,,,,,,,0.05,0.002,50,1.5,,,,,,,684,-999996,,
True,False,1.5,1.3,80,1.8,1.5,,30,8,100,False,trend_reclaim,36,1,0.0025,70.99146584618651,41.36363298191221,18,0.001,,,,,,,,,,,,,,,,,,,,,,,,,,,,,,,,,,,,,,,,,,,,,,,,,,,,,,,,,1.0,0.04,347,True,False,False,,,,,,,,,,,,,,,,,,,,,,,,,,,,,,,,,,,,,,,,,,,,,,,,,,,,,,,,,0.03,0.001,50,1.25,,,,,,,685,-999996,,
True,False,3.0,2.2,20,1.5,2.0,,20,80,130,True,trend_reclaim,18,8,0.0025,58.278992402987264,32.63039243723502,18,0.001,,,,,,,,,,,,,,,,,,,,,,,,,,,,,,,,,,,,,,,,,,,,,,,,,,,,,,,,,2.0,0.025,558,True,False,True,,,,,,,,,,,,,,,,,,,,,,,,,,,,,,,,,,,,,,,,,,,,,,,,,,,,,,,,,0.04,0.002,100,1.25,,,,,,,686,-999996,,
True,False,2.5,3.0,30,2.5,0.5,,10,80,130,True,trend_reclaim,36,3,0.0025,61.145855739417215,35.28640254398448,18,0.01,,,,,,,,,,,,,,,,,,,,,,,,,,,,,,,,,,,,,,,,,,,,,,,,,,,,,,,,,3.0,0.04,710,True,False,True,,,,,,,,,,,,,,,,,,,,,,,,,,,,,,,,,,,,,,,,,,,,,,,,,,,,,,,,,1.0,0.003,75,0.75,,,,,,,687,-999996,,
True,True,2.0,8.0,14,2.0,1.25,,16,50,100,True,trend_reclaim,120,6,0.012,69.93768050340212,23.598099544230507,12,0.01,,,,,,,,,,,,,,,,,,,,,,,,,,,,,,,,,,,,,,,,,,,,,,,,,,,,,,,,,1.0,0.04,786,True,False,True,,,,,,,,,,,,,,,,,,,,,,,,,,,,,,,,,,,,,,,,,,,,,,,,,,,,,,,,,0.12,0.0005,100,0.25,,,,,,,688,-999996,,
True,False,3.0,4.0,80,2.2,0.5,,16,80,200,True,trend_bb_reversion,24,8,0.008,58.001625083506404,34.692446617096685,6,0.0025,,,,,,,,,,,,,,,,,,,,,,,,,,,,,,,,,,,,,,,,,,,,,,,,,,,,,,,,,1.5,0.08,787,True,False,True,,,,,,,,,,,,,,,,,,,,,,,,,,,,,,,,,,,,,,,,,,,,,,,,,,,,,,,,,0.12,0.002,75,1.5,,,,,,,689,-999996,,
True,True,3.0,1.3,80,2.5,1.0,,16,20,100,False,trend_reclaim,12,3,0.025,63.3330329140995,28.119453217432383,18,0.001,,,,,,,,,,,,,,,,,,,,,,,,,,,,,,,,,,,,,,,,,,,,,,,,,,,,,,,,,3.0,0.025,6,True,False,False,,,,,,,,,,,,,,,,,,,,,,,,,,,,,,,,,,,,,,,,,,,,,,,,,,,,,,,,,0.2,0.001,150,1.5,,,,,,,690,-999997,,
False,True,4.0,4.0,30,1.8,0.5,,20,8,100,True,trend_reclaim,96,3,0.018,63.76080028664186,22.969754508633724,6,0.0005,,,,,,,,,,,,,,,,,,,,,,,,,,,,,,,,,,,,,,,,,,,,,,,,,,,,,,,,,3.0,0.01,82,True,False,True,,,,,,,,,,,,,,,,,,,,,,,,,,,,,,,,,,,,,,,,,,,,,,,,,,,,,,,,,1.0,0.0005,20,0.75,,,,,,,691,-999997,,
True,False,2.5,4.0,80,2.0,1.0,,20,30,200,False,channel_reclaim,12,8,0.018,65.90063169394749,27.927625438290075,3,0.0025,,,,,,,,,,,,,,,,,,,,,,,,,,,,,,,,,,,,,,,,,,,,,,,,,,,,,,,,,2.5,0.01,144,True,False,False,,,,,,,,,,,,,,,,,,,,,,,,,,,,,,,,,,,,,,,,,,,,,,,,,,,,,,,,,0.05,0.001,100,1.0,,,,,,,692,-999997,,
True,False,5.0,6.0,55,2.2,1.5,,20,30,400,False,trend_reclaim,120,2,0.018,66.5439697403701,42.437795701923505,48,0.001,,,,,,,,,,,,,,,,,,,,,,,,,,,,,,,,,,,,,,,,,,,,,,,,,,,,,,,,,2.5,0.025,154,True,False,False,,,,,,,,,,,,,,,,,,,,,,,,,,,,,,,,,,,,,,,,,,,,,,,,,,,,,,,,,0.08,0.003,75,0.0,,,,,,,693,-999997,,
True,True,1.0,2.2,55,2.5,1.5,,30,50,400,True,trend_bb_reversion,72,1,0.0025,74.29033657889697,31.100802852967433,12,0.01,,,,,,,,,,,,,,,,,,,,,,,,,,,,,,,,,,,,,,,,,,,,,,,,,,,,,,,,,1.5,0.025,268,True,False,True,,,,,,,,,,,,,,,,,,,,,,,,,,,,,,,,,,,,,,,,,,,,,,,,,,,,,,,,,1.0,0.0,75,1.5,,,,,,,694,-999997,,
True,False,5.0,2.2,40,2.0,2.0,,55,80,200,True,trend_reclaim,36,1,0.008,62.845129377818004,41.151382227504065,24,0.01,,,,,,,,,,,,,,,,,,,,,,,,,,,,,,,,,,,,,,,,,,,,,,,,,,,,,,,,,1.0,0.025,306,True,False,True,,,,,,,,,,,,,,,,,,,,,,,,,,,,,,,,,,,,,,,,,,,,,,,,,,,,,,,,,0.05,0.002,75,0.75,,,,,,,695,-999997,,
True,False,2.0,3.0,40,1.5,0.5,,8,8,50,False,trend_bb_reversion,48,4,0.0,68.66138303490419,36.64623050342885,6,0.005,,,,,,,,,,,,,,,,,,,,,,,,,,,,,,,,,,,,,,,,,,,,,,,,,,,,,,,,,2.5,0.08,382,True,False,False,,,,,,,,,,,,,,,,,,,,,,,,,,,,,,,,,,,,,,,,,,,,,,,,,,,,,,,,,0.12,0.0,150,1.0,,,,,,,696,-999997,,
True,False,1.5,6.0,55,2.0,0.75,,16,8,200,True,trend_reclaim,12,1,0.018,76.94097492141204,42.989209665218844,36,0.0005,,,,,,,,,,,,,,,,,,,,,,,,,,,,,,,,,,,,,,,,,,,,,,,,,,,,,,,,,1.0,0.08,711,True,True,True,,,,,,,,,,,,,,,,,,,,,,,,,,,,,,,,,,,,,,,,,,,,,,,,,,,,,,,,,1.0,0.002,100,0.75,,,,,,,697,-999997,,
True,False,4.0,1.3,30,2.0,0.5,,8,14,300,True,trend_reclaim,36,2,0.018,67.61791859773695,32.46770706213951,24,0.0,,,,,,,,,,,,,,,,,,,,,,,,,,,,,,,,,,,,,,,,,,,,,,,,,,,,,,,,,3.0,0.01,768,True,False,True,,,,,,,,,,,,,,,,,,,,,,,,,,,,,,,,,,,,,,,,,,,,,,,,,,,,,,,,,1.0,0.0005,100,1.5,,,,,,,698,-999997,,
True,False,1.5,1.7,55,2.2,1.0,,10,14,50,True,trend_bb_reversion,96,8,0.018,67.29931773419008,32.32710696750611,3,0.0005,,,,,,,,,,,,,,,,,,,,,,,,,,,,,,,,,,,,,,,,,,,,,,,,,,,,,,,,,1.5,0.006,11,True,False,True,,,,,,,,,,,,,,,,,,,,,,,,,,,,,,,,,,,,,,,,,,,,,,,,,,,,,,,,,0.12,0.001,75,1.25,,,,,,,699,-999998,,
True,False,4.0,2.2,20,2.5,2.0,,55,10,50,True,channel_reclaim,72,6,0.0,62.9433655340823,25.587296900127484,24,0.005,,,,,,,,,,,,,,,,,,,,,,,,,,,,,,,,,,,,,,,,,,,,,,,,,,,,,,,,,2.5,0.08,50,False,False,True,,,,,,,,,,,,,,,,,,,,,,,,,,,,,,,,,,,,,,,,,,,,,,,,,,,,,,,,,0.12,0.002,150,0.0,,,,,,,700,-999998,,
True,False,1.0,1.7,80,1.8,0.75,,20,10,50,False,trend_reclaim,120,4,0.018,63.75326723252277,28.647278248686767,36,0.0005,,,,,,,,,,,,,,,,,,,,,,,,,,,,,,,,,,,,,,,,,,,,,,,,,,,,,,,,,4.0,0.006,80,False,False,False,,,,,,,,,,,,,,,,,,,,,,,,,,,,,,,,,,,,,,,,,,,,,,,,,,,,,,,,,0.08,0.002,150,1.25,,,,,,,701,-999998,,
True,True,2.0,3.0,20,2.0,1.25,,40,30,80,True,trend_reclaim,72,4,0.018,77.6074532075798,42.46450996400671,6,0.0,,,,,,,,,,,,,,,,,,,,,,,,,,,,,,,,,,,,,,,,,,,,,,,,,,,,,,,,,1.5,0.08,126,True,False,True,,,,,,,,,,,,,,,,,,,,,,,,,,,,,,,,,,,,,,,,,,,,,,,,,,,,,,,,,0.2,0.002,150,0.75,,,,,,,702,-999998,,
True,False,5.0,1.3,55,1.8,1.5,,12,50,80,True,trend_reclaim,96,8,0.008,66.23584841009927,37.47980648086835,24,0.01,,,,,,,,,,,,,,,,,,,,,,,,,,,,,,,,,,,,,,,,,,,,,,,,,,,,,,,,,2.0,0.006,146,False,False,True,,,,,,,,,,,,,,,,,,,,,,,,,,,,,,,,,,,,,,,,,,,,,,,,,,,,,,,,,0.2,0.0,20,1.5,,,,,,,703,-999998,,
True,False,1.5,2.2,55,1.8,0.75,,8,14,300,True,trend_reclaim,24,1,0.005,71.6097745438293,22.42233985203128,24,0.0005,,,,,,,,,,,,,,,,,,,,,,,,,,,,,,,,,,,,,,,,,,,,,,,,,,,,,,,,,1.0,0.01,198,True,True,True,,,,,,,,,,,,,,,,,,,,,,,,,,,,,,,,,,,,,,,,,,,,,,,,,,,,,,,,,0.03,0.0,10,1.25,,,,,,,704,-999998,,
True,True,1.0,6.0,80,2.2,2.0,,30,10,80,False,trend_reclaim,72,6,0.018,61.561867141468895,42.59491804545026,48,0.0025,,,,,,,,,,,,,,,,,,,,,,,,,,,,,,,,,,,,,,,,,,,,,,,,,,,,,,,,,3.0,0.025,207,True,False,False,,,,,,,,,,,,,,,,,,,,,,,,,,,,,,,,,,,,,,,,,,,,,,,,,,,,,,,,,0.08,0.0005,150,1.5,,,,,,,705,-999998,,
True,False,1.0,6.0,20,2.5,1.0,,40,14,80,True,trend_reclaim,36,4,0.018,72.1725065380749,25.0609991184946,36,0.001,,,,,,,,,,,,,,,,,,,,,,,,,,,,,,,,,,,,,,,,,,,,,,,,,,,,,,,,,2.0,0.08,255,True,False,True,,,,,,,,,,,,,,,,,,,,,,,,,,,,,,,,,,,,,,,,,,,,,,,,,,,,,,,,,0.05,0.0,10,0.0,,,,,,,706,-999998,,
True,False,1.5,1.7,80,2.5,2.0,,16,20,200,False,channel_reclaim,24,8,0.005,69.77670001301115,25.22891860254291,6,0.01,,,,,,,,,,,,,,,,,,,,,,,,,,,,,,,,,,,,,,,,,,,,,,,,,,,,,,,,,2.0,0.025,256,True,False,False,,,,,,,,,,,,,,,,,,,,,,,,,,,,,,,,,,,,,,,,,,,,,,,,,,,,,,,,,0.12,0.003,30,0.75,,,,,,,707,-999998,,
True,False,5.0,4.0,80,2.0,0.75,,16,20,150,False,channel_reclaim,72,2,0.008,71.16251504916778,40.581447521217775,6,0.01,,,,,,,,,,,,,,,,,,,,,,,,,,,,,,,,,,,,,,,,,,,,,,,,,,,,,,,,,2.5,0.025,258,True,False,False,,,,,,,,,,,,,,,,,,,,,,,,,,,,,,,,,,,,,,,,,,,,,,,,,,,,,,,,,0.12,0.002,150,1.0,,,,,,,708,-999998,,
True,False,3.0,6.0,30,2.5,1.5,,12,10,400,True,trend_bb_reversion,96,1,0.005,76.67848568752127,22.907078019459547,6,0.005,,,,,,,,,,,,,,,,,,,,,,,,,,,,,,,,,,,,,,,,,,,,,,,,,,,,,,,,,2.0,0.08,287,True,False,True,,,,,,,,,,,,,,,,,,,,,,,,,,,,,,,,,,,,,,,,,,,,,,,,,,,,,,,,,1.0,0.0,30,0.0,,,,,,,709,-999998,,
True,False,4.0,3.0,55,2.0,2.0,,55,8,80,True,trend_bb_reversion,12,1,0.018,60.12757877114496,30.082739058864192,3,0.001,,,,,,,,,,,,,,,,,,,,,,,,,,,,,,,,,,,,,,,,,,,,,,,,,,,,,,,,,2.5,0.08,300,True,False,True,,,,,,,,,,,,,,,,,,,,,,,,,,,,,,,,,,,,,,,,,,,,,,,,,,,,,,,,,0.12,0.001,75,0.75,,,,,,,710,-999998,,
True,False,3.0,6.0,30,1.8,0.75,,40,30,100,False,trend_reclaim,48,8,0.018,72.70114526075321,38.35400569810938,24,0.0,,,,,,,,,,,,,,,,,,,,,,,,,,,,,,,,,,,,,,,,,,,,,,,,,,,,,,,,,3.0,0.08,322,False,False,False,,,,,,,,,,,,,,,,,,,,,,,,,,,,,,,,,,,,,,,,,,,,,,,,,,,,,,,,,0.12,0.003,30,1.0,,,,,,,711,-999998,,
True,False,3.0,2.2,14,1.8,0.75,,20,30,100,True,channel_reclaim,12,3,0.0025,72.58834882267104,28.83901700117324,6,0.005,,,,,,,,,,,,,,,,,,,,,,,,,,,,,,,,,,,,,,,,,,,,,,,,,,,,,,,,,2.0,0.015,440,True,False,True,,,,,,,,,,,,,,,,,,,,,,,,,,,,,,,,,,,,,,,,,,,,,,,,,,,,,,,,,0.03,0.002,75,1.5,,,,,,,712,-999998,,
False,True,2.0,6.0,80,2.5,1.25,,55,20,300,False,channel_reclaim,18,6,0.012,64.6139922897821,29.194319108812625,12,0.01,,,,,,,,,,,,,,,,,,,,,,,,,,,,,,,,,,,,,,,,,,,,,,,,,,,,,,,,,4.0,0.006,591,True,False,False,,,,,,,,,,,,,,,,,,,,,,,,,,,,,,,,,,,,,,,,,,,,,,,,,,,,,,,,,1.0,0.0005,30,0.25,,,,,,,713,-999998,,
True,False,4.0,3.0,40,1.8,1.5,,10,30,50,False,trend_reclaim,18,4,0.005,64.6966503735173,35.82315713673364,24,0.0025,,,,,,,,,,,,,,,,,,,,,,,,,,,,,,,,,,,,,,,,,,,,,,,,,,,,,,,,,1.5,0.015,615,True,False,False,,,,,,,,,,,,,,,,,,,,,,,,,,,,,,,,,,,,,,,,,,,,,,,,,,,,,,,,,0.03,0.003,100,1.0,,,,,,,714,-999998,,
False,True,1.0,3.0,14,2.5,2.0,,8,10,150,True,trend_bb_reversion,48,4,0.0025,58.87322883821312,34.43610293276039,12,0.01,,,,,,,,,,,,,,,,,,,,,,,,,,,,,,,,,,,,,,,,,,,,,,,,,,,,,,,,,1.0,0.015,764,True,False,True,,,,,,,,,,,,,,,,,,,,,,,,,,,,,,,,,,,,,,,,,,,,,,,,,,,,,,,,,0.04,0.0,10,0.25,,,,,,,715,-999998,,
True,False,3.0,6.0,40,2.0,1.25,,10,20,50,False,trend_bb_reversion,120,3,0.0,70.22145387181747,28.03738926860759,12,0.01,,,,,,,,,,,,,,,,,,,,,,,,,,,,,,,,,,,,,,,,,,,,,,,,,,,,,,,,,1.0,0.04,791,True,False,False,,,,,,,,,,,,,,,,,,,,,,,,,,,,,,,,,,,,,,,,,,,,,,,,,,,,,,,,,0.08,0.0,75,0.5,,,,,,,716,-999998,,
True,False,4.0,6.0,80,1.5,0.75,,10,50,150,False,trend_reclaim,24,3,0.012,72.79386435885229,28.32083866593097,48,0.0005,,,,,,,,,,,,,,,,,,,,,,,,,,,,,,,,,,,,,,,,,,,,,,,,,,,,,,,,,3.0,0.01,67,True,False,False,,,,,,,,,,,,,,,,,,,,,,,,,,,,,,,,,,,,,,,,,,,,,,,,,,,,,,,,,0.05,0.0,20,1.25,,,,,,,717,-999999,,
True,True,2.0,12.0,55,1.8,0.5,,20,10,80,False,trend_bb_reversion,96,3,0.018,74.05119278646917,24.411871916808884,6,0.01,,,,,,,,,,,,,,,,,,,,,,,,,,,,,,,,,,,,,,,,,,,,,,,,,,,,,,,,,3.0,0.08,132,True,False,False,,,,,,,,,,,,,,,,,,,,,,,,,,,,,,,,,,,,,,,,,,,,,,,,,,,,,,,,,1.0,0.0,100,1.25,,,,,,,718,-999999,,
True,False,3.0,12.0,55,2.0,1.25,,55,14,200,True,trend_reclaim,8,4,0.018,58.35783733884217,44.9729778558154,6,0.0005,,,,,,,,,,,,,,,,,,,,,,,,,,,,,,,,,,,,,,,,,,,,,,,,,,,,,,,,,2.5,0.04,297,True,False,True,,,,,,,,,,,,,,,,,,,,,,,,,,,,,,,,,,,,,,,,,,,,,,,,,,,,,,,,,0.05,0.0,75,1.5,,,,,,,719,-999999,,
True,False,3.0,8.0,55,2.2,1.0,,16,30,50,True,trend_reclaim,48,2,0.025,60.68170055251089,25.067077041020045,36,0.0025,,,,,,,,,,,,,,,,,,,,,,,,,,,,,,,,,,,,,,,,,,,,,,,,,,,,,,,,,4.0,0.006,331,True,False,True,,,,,,,,,,,,,,,,,,,,,,,,,,,,,,,,,,,,,,,,,,,,,,,,,,,,,,,,,0.05,0.0005,150,1.0,,,,,,,720,-999999,,
True,False,2.5,1.7,80,1.8,1.25,,30,14,50,False,trend_bb_reversion,72,8,0.0025,59.784843329184994,35.038122675328246,24,0.01,,,,,,,,,,,,,,,,,,,,,,,,,,,,,,,,,,,,,,,,,,,,,,,,,,,,,,,,,4.0,0.006,335,True,False,False,,,,,,,,,,,,,,,,,,,,,,,,,,,,,,,,,,,,,,,,,,,,,,,,,,,,,,,,,0.08,0.002,10,0.0,,,,,,,721,-999999,,
True,False,3.0,4.0,80,2.5,0.5,,30,80,100,True,trend_bb_reversion,36,6,0.025,70.21307479145867,26.736697508174657,18,0.01,,,,,,,,,,,,,,,,,,,,,,,,,,,,,,,,,,,,,,,,,,,,,,,,,,,,,,,,,4.0,0.015,353,False,False,True,,,,,,,,,,,,,,,,,,,,,,,,,,,,,,,,,,,,,,,,,,,,,,,,,,,,,,,,,0.08,0.001,150,1.25,,,,,,,722,-999999,,
True,False,4.0,3.0,80,2.0,0.5,,20,8,80,False,trend_bb_reversion,8,6,0.0,63.757903615427175,37.14381478568418,6,0.0025,,,,,,,,,,,,,,,,,,,,,,,,,,,,,,,,,,,,,,,,,,,,,,,,,,,,,,,,,4.0,0.025,502,False,False,False,,,,,,,,,,,,,,,,,,,,,,,,,,,,,,,,,,,,,,,,,,,,,,,,,,,,,,,,,0.08,0.003,30,1.25,,,,,,,723,-999999,,
True,False,2.5,4.0,30,2.5,2.0,,30,50,150,True,trend_reclaim,18,8,0.005,77.87726551290511,24.797501399740703,18,0.005,,,,,,,,,,,,,,,,,,,,,,,,,,,,,,,,,,,,,,,,,,,,,,,,,,,,,,,,,3.0,0.006,529,True,False,True,,,,,,,,,,,,,,,,,,,,,,,,,,,,,,,,,,,,,,,,,,,,,,,,,,,,,,,,,0.03,0.001,50,0.75,,,,,,,724,-999999,,
True,True,4.0,1.7,80,2.2,0.75,,30,80,130,True,trend_reclaim,120,2,0.0025,64.4581649648266,42.17914526495269,12,0.01,,,,,,,,,,,,,,,,,,,,,,,,,,,,,,,,,,,,,,,,,,,,,,,,,,,,,,,,,1.0,0.015,619,True,True,True,,,,,,,,,,,,,,,,,,,,,,,,,,,,,,,,,,,,,,,,,,,,,,,,,,,,,,,,,0.08,0.002,20,0.75,,,,,,,725,-999999,,
False,True,5.0,4.0,40,1.8,0.75,,10,8,400,True,trend_reclaim,72,1,0.025,63.28395247115552,37.02052277463429,6,0.0,,,,,,,,,,,,,,,,,,,,,,,,,,,,,,,,,,,,,,,,,,,,,,,,,,,,,,,,,4.0,0.04,642,True,False,True,,,,,,,,,,,,,,,,,,,,,,,,,,,,,,,,,,,,,,,,,,,,,,,,,,,,,,,,,0.2,0.002,30,1.25,,,,,,,726,-999999,,
True,False,4.0,12.0,20,1.8,0.5,,40,10,150,True,trend_state_tp,36,8,0.008,68.05215467449084,43.21199077632261,3,0.01,,,,,,,,,,,,,,,,,,,,,,,,,,,,,,,,,,,,,,,,,,,,,,,,,,,,,,,,,1.0,0.025,661,True,False,False,,,,,,,,,,,,,,,,,,,,,,,,,,,,,,,,,,,,,,,,,,,,,,,,,,,,,,,,,0.08,0.001,20,0.25,,,,,,,727,-999999,,
True,False,5.0,12.0,80,1.8,1.0,,12,80,130,False,trend_reclaim,36,8,0.005,72.68770201665974,40.258985995993314,6,0.0025,,,,,,,,,,,,,,,,,,,,,,,,,,,,,,,,,,,,,,,,,,,,,,,,,,,,,,,,,2.5,0.08,697,True,False,False,,,,,,,,,,,,,,,,,,,,,,,,,,,,,,,,,,,,,,,,,,,,,,,,,,,,,,,,,0.12,0.0005,10,0.75,,,,,,,728,-999999,,
True,False,2.5,3.0,30,1.5,0.5,,55,8,100,True,trend_reclaim,96,1,0.025,64.10965927537482,43.79349848897061,3,0.0005,,,,,,,,,,,,,,,,,,,,,,,,,,,,,,,,,,,,,,,,,,,,,,,,,,,,,,,,,1.0,0.08,780,True,True,True,,,,,,,,,,,,,,,,,,,,,,,,,,,,,,,,,,,,,,,,,,,,,,,,,,,,,,,,,0.12,0.002,150,0.0,,,,,,,729,-999999,,
True,False,1.0,2.2,14,2.2,2.0,,30,10,200,True,trend_reclaim,12,3,0.025,62.986945827126355,32.08846944985351,48,0.001,,,,,,,,,,,,,,,,,,,,,,,,,,,,,,,,,,,,,,,,,,,,,,,,,,,,,,,,,2.0,0.006,0,True,False,True,,,,,,,,,,,,,,,,,,,,,,,,,,,,,,,,,,,,,,,,,,,,,,,,,,,,,,,,,0.03,0.002,75,0.5,,,,,,,730,-1000000,,
True,False,4.0,3.0,30,2.2,0.75,,20,10,200,True,trend_reclaim,96,6,0.025,65.18521131894644,39.11775352105918,6,0.0005,,,,,,,,,,,,,,,,,,,,,,,,,,,,,,,,,,,,,,,,,,,,,,,,,,,,,,,,,2.0,0.025,7,True,False,True,,,,,,,,,,,,,,,,,,,,,,,,,,,,,,,,,,,,,,,,,,,,,,,,,,,,,,,,,0.04,0.003,30,1.25,,,,,,,731,-1000000,,
True,False,5.0,3.0,55,2.0,1.25,,20,8,300,True,trend_reclaim,96,1,0.0,64.8425509345866,36.591635352237255,6,0.01,,,,,,,,,,,,,,,,,,,,,,,,,,,,,,,,,,,,,,,,,,,,,,,,,,,,,,,,,4.0,0.04,8,True,False,True,,,,,,,,,,,,,,,,,,,,,,,,,,,,,,,,,,,,,,,,,,,,,,,,,,,,,,,,,0.03,0.0,50,0.5,,,,,,,732,-1000000,,
True,False,1.0,4.0,80,2.0,0.5,,20,14,100,True,trend_bb_reversion,14,8,0.008,77.91262425496974,36.19004031156089,12,0.01,,,,,,,,,,,,,,,,,,,,,,,,,,,,,,,,,,,,,,,,,,,,,,,,,,,,,,,,,2.0,0.015,9,True,False,True,,,,,,,,,,,,,,,,,,,,,,,,,,,,,,,,,,,,,,,,,,,,,,,,,,,,,,,,,0.04,0.001,100,1.5,,,,,,,733,-1000000,,
True,True,1.5,12.0,80,2.2,0.5,,12,80,300,True,trend_reclaim,48,8,0.0,71.41201070409994,38.677395903252794,6,0.01,,,,,,,,,,,,,,,,,,,,,,,,,,,,,,,,,,,,,,,,,,,,,,,,,,,,,,,,,1.5,0.08,13,True,False,True,,,,,,,,,,,,,,,,,,,,,,,,,,,,,,,,,,,,,,,,,,,,,,,,,,,,,,,,,0.03,0.002,10,0.75,,,,,,,734,-1000000,,
True,False,1.5,4.0,55,1.5,1.5,,55,80,130,True,trend_reclaim,72,2,0.025,59.400078343786646,22.67218340744951,3,0.0025,,,,,,,,,,,,,,,,,,,,,,,,,,,,,,,,,,,,,,,,,,,,,,,,,,,,,,,,,4.0,0.015,14,True,False,True,,,,,,,,,,,,,,,,,,,,,,,,,,,,,,,,,,,,,,,,,,,,,,,,,,,,,,,,,0.2,0.002,150,1.0,,,,,,,735,-1000000,,
True,False,1.5,8.0,30,2.2,1.0,,20,14,100,True,trend_reclaim,12,6,0.018,75.50734322299415,22.806648045930178,3,0.01,,,,,,,,,,,,,,,,,,,,,,,,,,,,,,,,,,,,,,,,,,,,,,,,,,,,,,,,,2.0,0.015,38,True,True,True,,,,,,,,,,,,,,,,,,,,,,,,,,,,,,,,,,,,,,,,,,,,,,,,,,,,,,,,,0.05,0.002,100,1.0,,,,,,,736,-1000000,,
True,False,2.5,1.3,40,2.5,2.0,,12,30,50,True,trend_reclaim,18,4,0.025,59.62237012726035,43.2732737812411,48,0.0,,,,,,,,,,,,,,,,,,,,,,,,,,,,,,,,,,,,,,,,,,,,,,,,,,,,,,,,,3.0,0.08,43,True,False,True,,,,,,,,,,,,,,,,,,,,,,,,,,,,,,,,,,,,,,,,,,,,,,,,,,,,,,,,,0.04,0.002,30,0.25,,,,,,,737,-1000000,,
True,False,2.5,8.0,40,2.2,1.5,,8,50,100,True,trend_reclaim,36,1,0.012,75.27493005552,33.476060555454076,36,0.005,,,,,,,,,,,,,,,,,,,,,,,,,,,,,,,,,,,,,,,,,,,,,,,,,,,,,,,,,1.0,0.01,61,False,False,True,,,,,,,,,,,,,,,,,,,,,,,,,,,,,,,,,,,,,,,,,,,,,,,,,,,,,,,,,0.04,0.002,100,0.0,,,,,,,738,-1000000,,
True,False,3.0,12.0,80,2.0,2.0,,12,10,50,True,trend_reclaim,8,6,0.025,70.00663384236358,28.913920206950056,18,0.0005,,,,,,,,,,,,,,,,,,,,,,,,,,,,,,,,,,,,,,,,,,,,,,,,,,,,,,,,,2.5,0.025,79,True,False,True,,,,,,,,,,,,,,,,,,,,,,,,,,,,,,,,,,,,,,,,,,,,,,,,,,,,,,,,,0.05,0.0,75,1.25,,,,,,,739,-1000000,,
True,False,3.0,2.2,40,2.0,1.0,,8,10,50,True,trend_reclaim,48,1,0.018,64.26774275214734,27.677253500472364,3,0.001,,,,,,,,,,,,,,,,,,,,,,,,,,,,,,,,,,,,,,,,,,,,,,,,,,,,,,,,,3.0,0.015,98,True,False,True,,,,,,,,,,,,,,,,,,,,,,,,,,,,,,,,,,,,,,,,,,,,,,,,,,,,,,,,,0.08,0.0005,50,1.0,,,,,,,740,-1000000,,
True,False,3.0,4.0,20,1.5,0.5,,55,80,300,True,trend_reclaim,36,6,0.0025,70.10863828138966,31.780727709559006,3,0.01,,,,,,,,,,,,,,,,,,,,,,,,,,,,,,,,,,,,,,,,,,,,,,,,,,,,,,,,,3.0,0.08,111,True,False,True,,,,,,,,,,,,,,,,,,,,,,,,,,,,,,,,,,,,,,,,,,,,,,,,,,,,,,,,,0.03,0.0,100,0.0,,,,,,,741,-1000000,,
True,False,4.0,8.0,80,2.2,1.25,,55,8,50,True,channel_reclaim,18,6,0.018,65.76495540035961,33.519185887679726,12,0.01,,,,,,,,,,,,,,,,,,,,,,,,,,,,,,,,,,,,,,,,,,,,,,,,,,,,,,,,,4.0,0.006,115,True,False,True,,,,,,,,,,,,,,,,,,,,,,,,,,,,,,,,,,,,,,,,,,,,,,,,,,,,,,,,,0.05,0.0005,100,0.25,,,,,,,742,-1000000,,
True,False,4.0,12.0,40,2.5,2.0,,8,80,100,True,trend_reclaim,72,6,0.012,59.06295594584029,29.20363766391678,24,0.001,,,,,,,,,,,,,,,,,,,,,,,,,,,,,,,,,,,,,,,,,,,,,,,,,,,,,,,,,3.0,0.015,160,True,False,True,,,,,,,,,,,,,,,,,,,,,,,,,,,,,,,,,,,,,,,,,,,,,,,,,,,,,,,,,0.03,0.003,150,0.75,,,,,,,743,-1000000,,
True,False,3.0,3.0,20,2.0,1.5,,10,20,80,False,trend_reclaim,96,3,0.025,70.14654251259134,30.481524897485624,36,0.01,,,,,,,,,,,,,,,,,,,,,,,,,,,,,,,,,,,,,,,,,,,,,,,,,,,,,,,,,2.0,0.006,169,True,False,False,,,,,,,,,,,,,,,,,,,,,,,,,,,,,,,,,,,,,,,,,,,,,,,,,,,,,,,,,0.04,0.0,50,0.75,,,,,,,744,-1000000,,
True,False,2.5,3.0,55,1.5,2.0,,55,14,400,True,trend_state_tp,36,3,0.0,66.26574645711888,27.501244003975557,6,0.01,,,,,,,,,,,,,,,,,,,,,,,,,,,,,,,,,,,,,,,,,,,,,,,,,,,,,,,,,1.5,0.006,176,False,False,True,,,,,,,,,,,,,,,,,,,,,,,,,,,,,,,,,,,,,,,,,,,,,,,,,,,,,,,,,0.04,0.0005,10,1.5,,,,,,,745,-1000000,,
True,False,4.0,3.0,80,2.5,0.5,,30,10,80,True,trend_reclaim,48,2,0.008,68.1166073727177,40.57107979847184,6,0.01,,,,,,,,,,,,,,,,,,,,,,,,,,,,,,,,,,,,,,,,,,,,,,,,,,,,,,,,,1.5,0.04,185,False,True,True,,,,,,,,,,,,,,,,,,,,,,,,,,,,,,,,,,,,,,,,,,,,,,,,,,,,,,,,,0.05,0.0,10,1.25,,,,,,,746,-1000000,,
False,True,5.0,2.2,30,1.8,1.5,,10,80,150,True,trend_reclaim,8,4,0.025,68.19733050685035,40.4428060533374,36,0.01,,,,,,,,,,,,,,,,,,,,,,,,,,,,,,,,,,,,,,,,,,,,,,,,,,,,,,,,,4.0,0.04,186,True,True,True,,,,,,,,,,,,,,,,,,,,,,,,,,,,,,,,,,,,,,,,,,,,,,,,,,,,,,,,,0.03,0.002,150,0.5,,,,,,,747,-1000000,,
True,False,2.0,4.0,14,1.8,2.0,,55,50,150,False,trend_reclaim,36,3,0.018,74.24932800914294,25.910111735850286,3,0.005,,,,,,,,,,,,,,,,,,,,,,,,,,,,,,,,,,,,,,,,,,,,,,,,,,,,,,,,,1.5,0.08,206,True,False,False,,,,,,,,,,,,,,,,,,,,,,,,,,,,,,,,,,,,,,,,,,,,,,,,,,,,,,,,,0.12,0.0005,100,0.5,,,,,,,748,-1000000,,
True,False,3.0,1.3,20,1.8,1.0,,8,50,80,False,trend_reclaim,96,8,0.012,72.43480959053687,27.26622194634031,6,0.0025,,,,,,,,,,,,,,,,,,,,,,,,,,,,,,,,,,,,,,,,,,,,,,,,,,,,,,,,,3.0,0.006,209,True,False,False,,,,,,,,,,,,,,,,,,,,,,,,,,,,,,,,,,,,,,,,,,,,,,,,,,,,,,,,,0.05,0.002,10,0.75,,,,,,,749,-1000000,,
False,True,2.5,6.0,80,2.2,1.5,,20,80,100,True,trend_reclaim,96,4,0.008,63.33122939968961,41.905366308733186,6,0.01,,,,,,,,,,,,,,,,,,,,,,,,,,,,,,,,,,,,,,,,,,,,,,,,,,,,,,,,,1.5,0.025,231,True,False,True,,,,,,,,,,,,,,,,,,,,,,,,,,,,,,,,,,,,,,,,,,,,,,,,,,,,,,,,,0.2,0.0005,50,0.75,,,,,,,750,-1000000,,
True,False,4.0,1.3,30,2.5,1.25,,55,50,100,True,trend_reclaim,18,2,0.012,59.82613822508432,27.423926056253357,3,0.001,,,,,,,,,,,,,,,,,,,,,,,,,,,,,,,,,,,,,,,,,,,,,,,,,,,,,,,,,2.5,0.04,252,True,False,True,,,,,,,,,,,,,,,,,,,,,,,,,,,,,,,,,,,,,,,,,,,,,,,,,,,,,,,,,0.04,0.0,100,1.0,,,,,,,751,-1000000,,
True,False,2.0,4.0,40,1.5,0.5,,55,80,130,True,channel_reclaim,120,8,0.012,63.74267494103326,32.68185202355578,12,0.01,,,,,,,,,,,,,,,,,,,,,,,,,,,,,,,,,,,,,,,,,,,,,,,,,,,,,,,,,4.0,0.04,296,True,False,True,,,,,,,,,,,,,,,,,,,,,,,,,,,,,,,,,,,,,,,,,,,,,,,,,,,,,,,,,0.12,0.001,10,1.0,,,,,,,752,-1000000,,
False,True,2.5,3.0,14,1.8,1.0,,30,10,150,False,trend_reclaim,48,6,0.018,63.61393377309598,30.844019853199566,6,0.0,,,,,,,,,,,,,,,,,,,,,,,,,,,,,,,,,,,,,,,,,,,,,,,,,,,,,,,,,1.5,0.015,299,True,False,False,,,,,,,,,,,,,,,,,,,,,,,,,,,,,,,,,,,,,,,,,,,,,,,,,,,,,,,,,0.08,0.0,100,0.5,,,,,,,753,-1000000,,
True,True,3.0,12.0,80,2.0,2.0,,16,80,130,False,trend_bb_reversion,96,1,0.008,62.39081187271296,25.92626642460746,3,0.005,,,,,,,,,,,,,,,,,,,,,,,,,,,,,,,,,,,,,,,,,,,,,,,,,,,,,,,,,4.0,0.08,301,True,False,False,,,,,,,,,,,,,,,,,,,,,,,,,,,,,,,,,,,,,,,,,,,,,,,,,,,,,,,,,0.12,0.0005,10,1.0,,,,,,,754,-1000000,,
True,False,2.0,12.0,30,1.5,1.0,,55,20,200,True,trend_reclaim,18,6,0.0025,70.71413116308962,27.930257099458526,3,0.01,,,,,,,,,,,,,,,,,,,,,,,,,,,,,,,,,,,,,,,,,,,,,,,,,,,,,,,,,3.0,0.04,314,True,False,True,,,,,,,,,,,,,,,,,,,,,,,,,,,,,,,,,,,,,,,,,,,,,,,,,,,,,,,,,0.2,0.0,75,0.25,,,,,,,755,-1000000,,
True,False,4.0,3.0,40,2.5,0.5,,12,30,200,True,trend_bb_reversion,120,8,0.0025,71.50315879950779,44.573576575149794,3,0.01,,,,,,,,,,,,,,,,,,,,,,,,,,,,,,,,,,,,,,,,,,,,,,,,,,,,,,,,,2.0,0.08,319,True,False,True,,,,,,,,,,,,,,,,,,,,,,,,,,,,,,,,,,,,,,,,,,,,,,,,,,,,,,,,,0.08,0.0005,10,1.25,,,,,,,756,-1000000,,
True,False,3.0,2.2,14,1.8,1.0,,10,10,400,True,trend_reclaim,36,6,0.025,74.89817779009965,38.27801238312919,12,0.0,,,,,,,,,,,,,,,,,,,,,,,,,,,,,,,,,,,,,,,,,,,,,,,,,,,,,,,,,2.0,0.01,352,True,False,True,,,,,,,,,,,,,,,,,,,,,,,,,,,,,,,,,,,,,,,,,,,,,,,,,,,,,,,,,0.05,0.002,75,0.0,,,,,,,757,-1000000,,
False,True,5.0,6.0,55,1.5,1.25,,8,50,200,True,trend_state_tp,96,1,0.012,74.30853200953722,44.69444063470561,3,0.01,,,,,,,,,,,,,,,,,,,,,,,,,,,,,,,,,,,,,,,,,,,,,,,,,,,,,,,,,2.5,0.04,355,True,False,True,,,,,,,,,,,,,,,,,,,,,,,,,,,,,,,,,,,,,,,,,,,,,,,,,,,,,,,,,0.04,0.001,100,1.25,,,,,,,758,-1000000,,
True,True,2.5,1.3,80,2.5,0.75,,40,20,400,True,trend_reclaim,48,8,0.025,62.1539857625097,38.68579505059265,48,0.001,,,,,,,,,,,,,,,,,,,,,,,,,,,,,,,,,,,,,,,,,,,,,,,,,,,,,,,,,2.0,0.015,384,False,False,True,,,,,,,,,,,,,,,,,,,,,,,,,,,,,,,,,,,,,,,,,,,,,,,,,,,,,,,,,0.04,0.001,30,1.5,,,,,,,759,-1000000,,
True,False,2.0,2.2,80,1.5,1.0,,55,10,200,False,trend_reclaim,48,8,0.018,72.32001556741486,40.41364500335053,3,0.01,,,,,,,,,,,,,,,,,,,,,,,,,,,,,,,,,,,,,,,,,,,,,,,,,,,,,,,,,2.0,0.015,386,True,False,False,,,,,,,,,,,,,,,,,,,,,,,,,,,,,,,,,,,,,,,,,,,,,,,,,,,,,,,,,0.04,0.003,30,1.0,,,,,,,760,-1000000,,
True,False,2.0,2.2,55,1.5,1.25,,55,30,400,True,channel_reclaim,18,4,0.025,71.81894424096636,39.87089376654301,12,0.01,,,,,,,,,,,,,,,,,,,,,,,,,,,,,,,,,,,,,,,,,,,,,,,,,,,,,,,,,1.0,0.025,387,False,True,True,,,,,,,,,,,,,,,,,,,,,,,,,,,,,,,,,,,,,,,,,,,,,,,,,,,,,,,,,0.04,0.003,20,1.5,,,,,,,761,-1000000,,
True,False,1.5,6.0,20,2.5,0.5,,8,30,80,True,trend_bb_reversion,96,8,0.012,71.16705517432818,26.29911996207835,6,0.01,,,,,,,,,,,,,,,,,,,,,,,,,,,,,,,,,,,,,,,,,,,,,,,,,,,,,,,,,3.0,0.08,389,True,True,True,,,,,,,,,,,,,,,,,,,,,,,,,,,,,,,,,,,,,,,,,,,,,,,,,,,,,,,,,0.08,0.0005,50,0.25,,,,,,,762,-1000000,,
True,False,5.0,2.2,30,2.2,2.0,,16,50,80,False,channel_reclaim,96,8,0.025,66.55827578875639,43.42628816759964,6,0.01,,,,,,,,,,,,,,,,,,,,,,,,,,,,,,,,,,,,,,,,,,,,,,,,,,,,,,,,,1.5,0.01,396,True,False,False,,,,,,,,,,,,,,,,,,,,,,,,,,,,,,,,,,,,,,,,,,,,,,,,,,,,,,,,,0.04,0.0,100,0.25,,,,,,,763,-1000000,,
True,True,1.0,8.0,55,2.5,1.0,,8,10,200,True,trend_state_tp,24,6,0.0025,64.75022282140463,39.19010377460654,3,0.01,,,,,,,,,,,,,,,,,,,,,,,,,,,,,,,,,,,,,,,,,,,,,,,,,,,,,,,,,1.5,0.01,404,True,True,True,,,,,,,,,,,,,,,,,,,,,,,,,,,,,,,,,,,,,,,,,,,,,,,,,,,,,,,,,0.05,0.0005,30,0.0,,,,,,,764,-1000000,,
True,False,3.0,1.7,80,2.5,2.0,,20,50,400,True,trend_bb_reversion,48,8,0.025,67.87824480069933,31.20878774058026,6,0.01,,,,,,,,,,,,,,,,,,,,,,,,,,,,,,,,,,,,,,,,,,,,,,,,,,,,,,,,,1.5,0.08,418,True,False,True,,,,,,,,,,,,,,,,,,,,,,,,,,,,,,,,,,,,,,,,,,,,,,,,,,,,,,,,,0.05,0.002,100,1.0,,,,,,,765,-1000000,,
True,False,2.5,3.0,14,2.5,0.75,,55,50,100,False,trend_reclaim,12,3,0.012,75.4116005875308,32.61999904299932,18,0.0005,,,,,,,,,,,,,,,,,,,,,,,,,,,,,,,,,,,,,,,,,,,,,,,,,,,,,,,,,1.5,0.015,421,False,False,False,,,,,,,,,,,,,,,,,,,,,,,,,,,,,,,,,,,,,,,,,,,,,,,,,,,,,,,,,0.03,0.002,50,1.5,,,,,,,766,-1000000,,
True,False,2.0,2.2,80,2.0,1.0,,55,50,200,True,trend_reclaim,96,3,0.008,67.77825593273025,43.463887002900826,36,0.001,,,,,,,,,,,,,,,,,,,,,,,,,,,,,,,,,,,,,,,,,,,,,,,,,,,,,,,,,4.0,0.006,423,True,False,True,,,,,,,,,,,,,,,,,,,,,,,,,,,,,,,,,,,,,,,,,,,,,,,,,,,,,,,,,0.03,0.003,20,0.25,,,,,,,767,-1000000,,
True,False,1.5,4.0,20,2.2,1.5,,30,10,200,True,trend_state_tp,24,2,0.0,59.096345853275956,32.84699115260134,3,0.01,,,,,,,,,,,,,,,,,,,,,,,,,,,,,,,,,,,,,,,,,,,,,,,,,,,,,,,,,1.5,0.025,441,True,False,False,,,,,,,,,,,,,,,,,,,,,,,,,,,,,,,,,,,,,,,,,,,,,,,,,,,,,,,,,0.04,0.003,20,0.75,,,,,,,768,-1000000,,
True,False,4.0,6.0,30,2.0,1.0,,40,30,100,True,trend_state_tp,8,3,0.0025,74.77371867165712,28.146497002446154,3,0.01,,,,,,,,,,,,,,,,,,,,,,,,,,,,,,,,,,,,,,,,,,,,,,,,,,,,,,,,,4.0,0.015,451,True,False,True,,,,,,,,,,,,,,,,,,,,,,,,,,,,,,,,,,,,,,,,,,,,,,,,,,,,,,,,,0.03,0.002,100,1.25,,,,,,,769,-1000000,,
True,False,1.0,12.0,55,2.0,0.75,,40,14,80,True,trend_bb_reversion,72,3,0.025,63.19367337504144,44.562989904319686,6,0.01,,,,,,,,,,,,,,,,,,,,,,,,,,,,,,,,,,,,,,,,,,,,,,,,,,,,,,,,,2.5,0.01,463,True,False,True,,,,,,,,,,,,,,,,,,,,,,,,,,,,,,,,,,,,,,,,,,,,,,,,,,,,,,,,,1.0,0.0,50,1.0,,,,,,,770,-1000000,,
True,True,2.0,3.0,55,2.2,2.0,,55,10,80,False,channel_reclaim,48,6,0.0,65.68708118404683,25.0889435704634,3,0.001,,,,,,,,,,,,,,,,,,,,,,,,,,,,,,,,,,,,,,,,,,,,,,,,,,,,,,,,,2.5,0.006,465,True,False,False,,,,,,,,,,,,,,,,,,,,,,,,,,,,,,,,,,,,,,,,,,,,,,,,,,,,,,,,,0.05,0.0005,150,1.5,,,,,,,771,-1000000,,
True,False,1.0,6.0,20,2.0,2.0,,20,30,100,True,trend_reclaim,8,4,0.012,73.77500378425309,30.163142561542504,3,0.01,,,,,,,,,,,,,,,,,,,,,,,,,,,,,,,,,,,,,,,,,,,,,,,,,,,,,,,,,4.0,0.08,471,True,False,True,,,,,,,,,,,,,,,,,,,,,,,,,,,,,,,,,,,,,,,,,,,,,,,,,,,,,,,,,0.12,0.001,50,1.5,,,,,,,772,-1000000,,
False,True,4.0,1.7,40,2.5,2.0,,12,8,80,True,trend_reclaim,36,8,0.012,66.03083840275376,44.02260102090649,12,0.0005,,,,,,,,,,,,,,,,,,,,,,,,,,,,,,,,,,,,,,,,,,,,,,,,,,,,,,,,,3.0,0.025,473,True,False,True,,,,,,,,,,,,,,,,,,,,,,,,,,,,,,,,,,,,,,,,,,,,,,,,,,,,,,,,,0.03,0.0005,100,0.25,,,,,,,773,-1000000,,
True,False,5.0,6.0,14,2.2,2.0,,55,20,80,True,trend_state_tp,12,8,0.025,72.70911613000595,43.65039711149154,3,0.01,,,,,,,,,,,,,,,,,,,,,,,,,,,,,,,,,,,,,,,,,,,,,,,,,,,,,,,,,2.0,0.01,477,True,False,True,,,,,,,,,,,,,,,,,,,,,,,,,,,,,,,,,,,,,,,,,,,,,,,,,,,,,,,,,0.03,0.0005,75,0.25,,,,,,,774,-1000000,,
True,False,5.0,6.0,40,1.8,1.5,,55,80,130,True,trend_reclaim,18,2,0.005,64.85223349193896,43.1019792349303,6,0.0025,,,,,,,,,,,,,,,,,,,,,,,,,,,,,,,,,,,,,,,,,,,,,,,,,,,,,,,,,4.0,0.015,481,True,True,True,,,,,,,,,,,,,,,,,,,,,,,,,,,,,,,,,,,,,,,,,,,,,,,,,,,,,,,,,0.04,0.003,100,1.25,,,,,,,775,-1000000,,
True,False,1.5,6.0,55,2.0,1.0,,20,50,150,True,trend_reclaim,48,2,0.018,68.46304807779899,31.998502349256665,24,0.0005,,,,,,,,,,,,,,,,,,,,,,,,,,,,,,,,,,,,,,,,,,,,,,,,,,,,,,,,,4.0,0.01,482,True,False,True,,,,,,,,,,,,,,,,,,,,,,,,,,,,,,,,,,,,,,,,,,,,,,,,,,,,,,,,,0.04,0.003,10,1.0,,,,,,,776,-1000000,,
True,False,2.0,2.2,20,1.8,1.5,,16,14,400,False,trend_bb_reversion,120,2,0.012,75.09705253272597,42.161268288261205,3,0.0025,,,,,,,,,,,,,,,,,,,,,,,,,,,,,,,,,,,,,,,,,,,,,,,,,,,,,,,,,4.0,0.025,483,True,False,False,,,,,,,,,,,,,,,,,,,,,,,,,,,,,,,,,,,,,,,,,,,,,,,,,,,,,,,,,0.03,0.0005,150,0.0,,,,,,,777,-1000000,,
True,True,1.5,1.7,40,2.5,0.75,,40,20,150,True,trend_reclaim,24,3,0.018,73.93084559011837,42.98808524452543,6,0.005,,,,,,,,,,,,,,,,,,,,,,,,,,,,,,,,,,,,,,,,,,,,,,,,,,,,,,,,,3.0,0.006,495,True,False,True,,,,,,,,,,,,,,,,,,,,,,,,,,,,,,,,,,,,,,,,,,,,,,,,,,,,,,,,,0.04,0.002,100,0.75,,,,,,,778,-1000000,,
True,False,2.5,1.7,30,2.0,1.5,,12,80,200,True,trend_reclaim,24,8,0.025,61.8229529952302,44.47160328178623,12,0.0,,,,,,,,,,,,,,,,,,,,,,,,,,,,,,,,,,,,,,,,,,,,,,,,,,,,,,,,,4.0,0.015,501,True,True,True,,,,,,,,,,,,,,,,,,,,,,,,,,,,,,,,,,,,,,,,,,,,,,,,,,,,,,,,,0.03,0.002,10,1.25,,,,,,,779,-1000000,,
True,False,4.0,2.2,14,1.8,0.5,,8,30,150,True,trend_reclaim,18,8,0.018,62.759195386509425,32.78485329176242,18,0.005,,,,,,,,,,,,,,,,,,,,,,,,,,,,,,,,,,,,,,,,,,,,,,,,,,,,,,,,,4.0,0.04,510,True,False,True,,,,,,,,,,,,,,,,,,,,,,,,,,,,,,,,,,,,,,,,,,,,,,,,,,,,,,,,,0.2,0.001,75,1.5,,,,,,,780,-1000000,,
True,False,2.5,3.0,20,2.5,0.75,,12,80,150,False,trend_reclaim,18,3,0.025,61.099348343336736,41.05442792620087,12,0.01,,,,,,,,,,,,,,,,,,,,,,,,,,,,,,,,,,,,,,,,,,,,,,,,,,,,,,,,,1.5,0.04,519,True,False,False,,,,,,,,,,,,,,,,,,,,,,,,,,,,,,,,,,,,,,,,,,,,,,,,,,,,,,,,,0.2,0.0,75,1.25,,,,,,,781,-1000000,,
True,True,4.0,1.3,80,1.5,1.5,,55,8,200,True,trend_reclaim,72,4,0.0025,70.4834257335987,34.88450981390857,3,0.01,,,,,,,,,,,,,,,,,,,,,,,,,,,,,,,,,,,,,,,,,,,,,,,,,,,,,,,,,1.5,0.025,545,True,False,True,,,,,,,,,,,,,,,,,,,,,,,,,,,,,,,,,,,,,,,,,,,,,,,,,,,,,,,,,0.03,0.0005,10,0.75,,,,,,,782,-1000000,,
True,False,4.0,12.0,55,2.0,1.5,,40,20,50,True,trend_reclaim,120,8,0.0,70.00666441162713,29.158320096508014,6,0.01,,,,,,,,,,,,,,,,,,,,,,,,,,,,,,,,,,,,,,,,,,,,,,,,,,,,,,,,,2.0,0.04,572,True,True,True,,,,,,,,,,,,,,,,,,,,,,,,,,,,,,,,,,,,,,,,,,,,,,,,,,,,,,,,,0.03,0.003,30,0.25,,,,,,,783,-1000000,,
True,False,3.0,6.0,30,1.5,1.0,,16,30,80,True,trend_reclaim,12,3,0.025,69.15022543755006,38.735736640898224,6,0.0025,,,,,,,,,,,,,,,,,,,,,,,,,,,,,,,,,,,,,,,,,,,,,,,,,,,,,,,,,2.0,0.01,574,True,False,True,,,,,,,,,,,,,,,,,,,,,,,,,,,,,,,,,,,,,,,,,,,,,,,,,,,,,,,,,0.03,0.001,50,1.25,,,,,,,784,-1000000,,
True,True,2.0,1.7,14,1.5,1.25,,30,8,300,True,trend_state_tp,48,3,0.008,69.73267357261416,38.74192040239765,3,0.01,,,,,,,,,,,,,,,,,,,,,,,,,,,,,,,,,,,,,,,,,,,,,,,,,,,,,,,,,1.0,0.025,578,True,False,True,,,,,,,,,,,,,,,,,,,,,,,,,,,,,,,,,,,,,,,,,,,,,,,,,,,,,,,,,0.05,0.0005,75,1.0,,,,,,,785,-1000000,,
True,True,4.0,12.0,30,2.2,1.0,,30,20,300,True,trend_reclaim,96,6,0.025,72.41859710468077,36.99008202724444,48,0.0,,,,,,,,,,,,,,,,,,,,,,,,,,,,,,,,,,,,,,,,,,,,,,,,,,,,,,,,,2.0,0.025,580,False,False,True,,,,,,,,,,,,,,,,,,,,,,,,,,,,,,,,,,,,,,,,,,,,,,,,,,,,,,,,,0.04,0.003,10,1.5,,,,,,,786,-1000000,,
True,False,3.0,6.0,55,1.8,0.75,,55,50,400,False,trend_reclaim,120,4,0.008,72.42706493434272,39.436217473854434,24,0.005,,,,,,,,,,,,,,,,,,,,,,,,,,,,,,,,,,,,,,,,,,,,,,,,,,,,,,,,,3.0,0.01,611,True,False,False,,,,,,,,,,,,,,,,,,,,,,,,,,,,,,,,,,,,,,,,,,,,,,,,,,,,,,,,,0.03,0.0005,150,0.25,,,,,,,787,-1000000,,
True,False,4.0,1.7,30,2.2,1.5,,30,20,300,True,trend_reclaim,120,2,0.0025,60.48637046613677,37.69387218344931,3,0.01,,,,,,,,,,,,,,,,,,,,,,,,,,,,,,,,,,,,,,,,,,,,,,,,,,,,,,,,,1.0,0.08,613,True,False,True,,,,,,,,,,,,,,,,,,,,,,,,,,,,,,,,,,,,,,,,,,,,,,,,,,,,,,,,,0.05,0.002,75,0.5,,,,,,,788,-1000000,,
True,True,1.0,1.7,14,2.0,2.0,,10,50,100,True,channel_reclaim,96,4,0.008,77.12528905728188,27.76141474113823,3,0.005,,,,,,,,,,,,,,,,,,,,,,,,,,,,,,,,,,,,,,,,,,,,,,,,,,,,,,,,,1.5,0.015,614,True,False,True,,,,,,,,,,,,,,,,,,,,,,,,,,,,,,,,,,,,,,,,,,,,,,,,,,,,,,,,,0.03,0.0,50,0.25,,,,,,,789,-1000000,,
True,False,3.0,8.0,40,1.8,2.0,,12,30,300,True,trend_reclaim,18,1,0.008,68.70183862049498,36.022162258719135,3,0.01,,,,,,,,,,,,,,,,,,,,,,,,,,,,,,,,,,,,,,,,,,,,,,,,,,,,,,,,,4.0,0.015,640,True,False,True,,,,,,,,,,,,,,,,,,,,,,,,,,,,,,,,,,,,,,,,,,,,,,,,,,,,,,,,,0.12,0.002,30,1.0,,,,,,,790,-1000000,,
True,False,2.0,8.0,80,2.0,1.0,,10,20,300,True,channel_reclaim,72,3,0.005,63.35716784924936,25.46160675129961,3,0.01,,,,,,,,,,,,,,,,,,,,,,,,,,,,,,,,,,,,,,,,,,,,,,,,,,,,,,,,,4.0,0.01,652,True,False,True,,,,,,,,,,,,,,,,,,,,,,,,,,,,,,,,,,,,,,,,,,,,,,,,,,,,,,,,,0.2,0.001,75,1.5,,,,,,,791,-1000000,,
True,True,3.0,3.0,14,2.5,0.75,,55,50,100,True,trend_reclaim,24,1,0.018,73.79645360784654,29.166907660922217,12,0.01,,,,,,,,,,,,,,,,,,,,,,,,,,,,,,,,,,,,,,,,,,,,,,,,,,,,,,,,,3.0,0.025,658,True,False,True,,,,,,,,,,,,,,,,,,,,,,,,,,,,,,,,,,,,,,,,,,,,,,,,,,,,,,,,,0.05,0.0,100,0.0,,,,,,,792,-1000000,,
True,False,5.0,1.7,30,2.2,2.0,,8,30,200,True,trend_bb_reversion,120,6,0.0025,76.2701067275342,22.74853583739816,6,0.01,,,,,,,,,,,,,,,,,,,,,,,,,,,,,,,,,,,,,,,,,,,,,,,,,,,,,,,,,2.0,0.015,707,True,False,True,,,,,,,,,,,,,,,,,,,,,,,,,,,,,,,,,,,,,,,,,,,,,,,,,,,,,,,,,0.05,0.003,10,1.5,,,,,,,793,-1000000,,
True,False,5.0,1.3,80,1.8,1.25,,55,30,80,True,trend_reclaim,72,6,0.025,77.09536107659328,22.254812517345805,3,0.001,,,,,,,,,,,,,,,,,,,,,,,,,,,,,,,,,,,,,,,,,,,,,,,,,,,,,,,,,1.0,0.04,713,True,False,True,,,,,,,,,,,,,,,,,,,,,,,,,,,,,,,,,,,,,,,,,,,,,,,,,,,,,,,,,0.12,0.0,75,1.25,,,,,,,794,-1000000,,
True,False,1.5,3.0,55,2.5,1.25,,8,80,100,True,trend_reclaim,18,6,0.012,66.6803208034287,23.50898019780949,18,0.005,,,,,,,,,,,,,,,,,,,,,,,,,,,,,,,,,,,,,,,,,,,,,,,,,,,,,,,,,3.0,0.08,715,True,False,True,,,,,,,,,,,,,,,,,,,,,,,,,,,,,,,,,,,,,,,,,,,,,,,,,,,,,,,,,0.05,0.003,30,1.5,,,,,,,795,-1000000,,
True,True,4.0,1.7,80,1.5,2.0,,10,50,200,True,trend_reclaim,8,4,0.012,59.92714469298601,29.942334973491135,6,0.01,,,,,,,,,,,,,,,,,,,,,,,,,,,,,,,,,,,,,,,,,,,,,,,,,,,,,,,,,4.0,0.006,717,True,False,True,,,,,,,,,,,,,,,,,,,,,,,,,,,,,,,,,,,,,,,,,,,,,,,,,,,,,,,,,0.2,0.0005,30,1.25,,,,,,,796,-1000000,,
True,False,4.0,12.0,20,2.5,1.5,,8,50,100,True,trend_reclaim,48,8,0.025,65.5569916736934,24.231538783678275,6,0.01,,,,,,,,,,,,,,,,,,,,,,,,,,,,,,,,,,,,,,,,,,,,,,,,,,,,,,,,,4.0,0.015,735,True,False,True,,,,,,,,,,,,,,,,,,,,,,,,,,,,,,,,,,,,,,,,,,,,,,,,,,,,,,,,,0.08,0.0,50,1.25,,,,,,,797,-1000000,,
True,False,1.5,1.3,40,1.5,1.25,,40,30,80,True,channel_reclaim,18,8,0.018,61.87090413692413,33.47525043310686,3,0.005,,,,,,,,,,,,,,,,,,,,,,,,,,,,,,,,,,,,,,,,,,,,,,,,,,,,,,,,,1.0,0.015,769,True,False,True,,,,,,,,,,,,,,,,,,,,,,,,,,,,,,,,,,,,,,,,,,,,,,,,,,,,,,,,,0.2,0.003,100,0.75,,,,,,,798,-1000000,,
True,False,1.0,1.7,20,2.2,1.25,,20,80,300,True,trend_reclaim,12,3,0.018,65.14010333750407,27.76615481475495,24,0.001,,,,,,,,,,,,,,,,,,,,,,,,,,,,,,,,,,,,,,,,,,,,,,,,,,,,,,,,,4.0,0.04,793,True,False,True,,,,,,,,,,,,,,,,,,,,,,,,,,,,,,,,,,,,,,,,,,,,,,,,,,,,,,,,,0.08,0.0,10,1.5,,,,,,,799,-1000000,,
True,False,2.5,12.0,30,2.0,0.5,,20,50,100,True,trend_state_tp,12,1,0.005,70.27547102734874,42.59650505465225,3,0.01,,,,,,,,,,,,,,,,,,,,,,,,,,,,,,,,,,,,,,,,,,,,,,,,,,,,,,,,,3.0,0.04,799,True,False,True,,,,,,,,,,,,,,,,,,,,,,,,,,,,,,,,,,,,,,,,,,,,,,,,,,,,,,,,,0.05,0.0005,30,1.0,,,,,,,800,-1000000,,
