allow_long,allow_short,atr_stop_mult,atr_tp_mult,bb_lookback,bb_std,deploy_score,donchian_lookback,ema_fast,ema_slow,exit_on_flat_signal,family,max_holding_bars,min_holding_bars,pullback_depth,rsi_high,rsi_low,slope_bars,slope_min,stress_avg_drawdown_r,stress_avg_holding_bars,stress_avg_loss,stress_avg_loss_r,stress_avg_r_multiple,stress_avg_win,stress_avg_win_r,stress_calmar_ratio,stress_expectancy,stress_expectancy_r,stress_exposure_pct,stress_max_consecutive_losses,stress_max_drawdown_pct,stress_max_drawdown_r,stress_pass,stress_payoff_ratio,stress_profit_factor,stress_sharpe_ratio,stress_sortino_ratio,stress_total_fees,stress_total_return_pct,stress_total_slippage,stress_total_trades,stress_trades_per_day,stress_trades_per_week,stress_win_rate,trend_strength_max,trial,use_mid_target,validation_avg_drawdown_r,validation_avg_holding_bars,validation_avg_loss,validation_avg_loss_r,validation_avg_r_multiple,validation_avg_win,validation_avg_win_r,validation_calmar_ratio,validation_expectancy,validation_expectancy_r,validation_exposure_pct,validation_max_consecutive_losses,validation_max_drawdown_pct,validation_max_drawdown_r,validation_pass,validation_payoff_ratio,validation_profit_factor,validation_sharpe_ratio,validation_sortino_ratio,validation_total_fees,validation_total_return_pct,validation_total_slippage,validation_total_trades,validation_trades_per_day,validation_trades_per_week,validation_win_rate,volatility_max,volatility_min,volume_lookback,volume_min,wf_gate_windows,wf_max_dd_r,wf_mean_exp_r,wf_mean_pf,wf_mean_win_rate,wf_min_exp_r,wf_min_pf,wf_min_win_rate,wf_positive_exp,wf_profitable,wf_rank,wf_score,wf_total_trades,wf_windows
True,True,2.5,12.0,80,2.0,-215.01118687628502,30,8,300,False,range_bb_reversion,72,8,0.012,65.35917012020508,29.128819976515107,3,0.0005,26.143414403069745,30,-755.7772917599294,-0.9573727138754883,-0.6141234979383773,775.2273308841903,1.0493150100645452,-0.7535142704416073,-493.89492209711955,-0.6141234979383773,0.18752518333467644,12,37.53601407938106,46.67338584331666,False,1.0257351462346387,0.2116596333500048,-3.725209095705259,-1.7551964361545227,3722.681267542071,-37.53601407938106,18618.414845034185,76,0.1470019342359768,1.0290135396518376,0.17105263157894737,0.025,582,False,23.079280109960763,30,-781.5676968918319,-0.9645650041839907,-0.523510192448545,1093.8988794187937,1.4297325452369998,-0.7416089578777707,-436.08701178197987,-0.523510192448545,0.18752518333467644,12,33.381537529602824,40.19135586957847,False,1.3996214067815909,0.31604354346681074,-2.853615801768092,-1.567964820345473,4761.172809181176,-33.14261289543046,9517.393986890373,76,0.1470019342359768,1.0290135396518376,0.18421052631578946,0.05,0.002,75,1.25,0,6.303457935813267,0.13769691060323092,1.8448234814460613,0.4156593406593407,-0.6048876602856188,0.16795032495796078,0.2,6,6,1,35.3392081815281,129,11
True,False,5.0,6.0,80,2.2,-71.43001666323876,30,80,400,False,channel_reclaim,18,3,0.025,72.94802760061535,27.071891155828308,12,0.0005,7.946652414365054,11,-304.63137030763403,-0.3270953650059608,-0.1862530603749956,180.52102581510985,0.19603319505190997,-0.7214466859982629,-174.01341750535684,-0.1862530603749956,0.075348537351922,12,13.573046565417812,14.52773870924966,False,0.592588431167839,0.21832205358815124,-2.953023931580445,-0.32232414696861295,2651.3228187775467,-13.573046565417812,13202.06248362282,78,0.15087040618955513,1.056092843326886,0.2692307692307692,0.025,432,True,4.404568678669896,11,-301.24313109589497,-0.31240644695996694,-0.08965147380740475,220.2539575069887,0.23055880009940344,-0.6070930465642226,-87.29560756650679,-0.08965147380740475,0.075348537351922,9,8.005363661422464,8.299736504811825,False,0.7311501401068464,0.5086261844221541,-1.4220180834221428,-0.13946983759206935,3103.8004207171484,-6.809057390187517,6200.200307268718,78,0.15087040618955513,1.056092843326886,0.41025641025641024,0.05,0.002,50,0.25,0,3.58504433929484,-0.07358974442179794,0.8402292256401811,0.5047227782313258,-0.22512852624219007,0.12144362054283216,0.125,4,4,2,24.78532055055922,148,11
True,False,3.0,1.3,55,2.5,-109.08391381699688,40,8,80,False,range_bb_reversion,48,6,0.018,75.7606312685501,28.612570942816895,48,0.01,14.209521374912216,19,-773.3100907155776,-0.8814786267858974,-0.41234757921384096,373.04968083091836,0.4281788810194264,-0.7078926953932705,-362.67375463922093,-0.41234757921384096,0.10564912563462003,7,25.22113551351796,28.856419298774384,False,0.48240632743550416,0.2692500432198163,-2.980396778008749,-0.6636766304882041,3079.283237069404,-24.29914156082779,15290.168651486263,67,0.12959381044487428,0.90715667311412,0.3582089552238806,0.08,919,True,11.075411078471701,19,-800.9181765073441,-0.8841272224712462,-0.31091029687514243,585.554254336772,0.6520941381263118,-0.6625052931509412,-283.57771723715155,-0.31091029687514243,0.10564912563462003,7,20.877838225517387,23.185668188149936,False,0.7311037151014174,0.43518078279846284,-2.1002635007622965,-0.48819404075055206,3797.594195453177,-18.999707054889107,7564.753615750548,67,0.12959381044487428,0.90715667311412,0.373134328358209,0.05,0.001,75,0.0,0,6.372712802392475,-0.07528532993498661,0.9698898988171184,0.5016877136529543,-0.5898901530642378,0.13887593641196969,0.2222222222222222,4,4,3,10.627973114386718,130,11
True,False,5.0,1.7,55,1.8,-67.65467177352848,10,30,80,False,range_bb_reversion,96,2,0.005,61.195093119928444,42.741979306813526,3,0.0025,15.653420847974907,16,-540.3522094529586,-0.6318769692027544,-0.22865800836356848,81.28418142328579,0.09701884462192784,-0.7320847799336639,-196.46824854269573,-0.22865800836356848,0.18478523652187928,5,27.97512434675585,32.62001201425545,False,0.15042814668154353,0.186244372081911,-3.6047605714436184,-0.4415318004196649,4373.219472885119,-27.702023044520075,21749.41386182445,141,0.2727272727272727,1.909090909090909,0.5531914893617021,0.08,710,False,9.424288062583026,16,-837.3516259996343,-0.9166821781195534,-0.14142482664335695,170.89942861730327,0.18747223155866574,-0.6929092337959573,-129.4306727579547,-0.14142482664335695,0.18478523652187928,4,19.14938891308982,21.04924467585129,False,0.20409517735549,0.48108148948079765,-2.1594585983942554,-0.4952891692243019,5236.388981334973,-18.249724858871517,10446.741024535466,141,0.2727272727272727,1.909090909090909,0.7021276595744681,0.05,0.0,75,0.25,0,9.629366455765728,-0.1448493759472882,0.5878009726203178,0.6748352538088609,-0.3795823553348183,0.056525735553872025,0.25,3,3,4,9.812741950882153,242,11
True,True,5.0,12.0,14,2.2,-130.8806020583357,30,30,200,False,trend_bb_reversion,36,6,0.0025,64.57754393807396,24.86233539765173,18,0.001,23.621277675211005,30,-456.6466628920331,-0.5545884401094666,-0.2616420851156086,337.0711543144217,0.4288743230841995,-0.718416039926371,-220.2200790433019,-0.2616420851156086,0.3496655653154968,9,32.15485598656589,38.545482058417775,False,0.738144350337926,0.31315214862821084,-3.396241812690856,-0.6506686286455965,4439.485786841428,-31.05103114510559,22260.24927638473,141,0.2727272727272727,1.909090909090909,0.2978723404255319,0.08,1047,False,17.78039605860437,30,-481.6352687614058,-0.5554071009880001,-0.1704472026503507,426.05557029656785,0.5088937944160893,-0.6318656225297714,-153.32156101703237,-0.1704472026503507,0.3496655653154968,7,25.01986891420216,28.55347225327234,False,0.8846021002411864,0.5012745234700053,-2.082367390546346,-0.4053078463690556,5372.118397834299,-21.61834010340151,10770.509499584115,141,0.2727272727272727,1.909090909090909,0.3617021276595745,0.05,0.0,20,1.0,0,10.680386592805984,-0.07689292951422753,0.8395742077200016,0.429984598030585,-0.38240966250521463,0.2199547877685864,0.2222222222222222,3,3,5,4.9166519487965274,271,11
True,False,5.0,6.0,40,2.5,-2.5704237541848847,12,50,300,False,channel_reclaim,48,2,0.018,65.79646311467162,23.58227974701476,18,0.005,4.175654107870366,38,-499.79600703088477,-0.5116418846803872,-0.12077089128616315,462.18279234013653,0.47403279431374307,-0.5811672286546644,-118.32165555616942,-0.12077089128616315,0.1805947296317189,6,8.429006219101092,8.726274653196613,False,0.9247428667663927,0.607688169589344,-1.0698494939935594,-0.1122089261086042,1950.0730397037084,-6.862656022257826,9725.922617096523,58,0.11218568665377177,0.7852998065764023,0.39655172413793105,0.04,347,False,2.743985604519756,38,-547.9627667281231,-0.5444444788034924,-0.024980769121835177,531.3666789686598,0.5315874912513691,-0.21059992212847484,-26.90717225381411,-0.024980769121835177,0.1805947296317189,4,5.247323270477023,5.300747027027026,False,0.9697131105119453,0.905065569811149,-0.20319394816288847,-0.022195441166866055,2250.71422909435,-1.5606159907212278,4502.829426376103,58,0.11218568665377177,0.7852998065764023,0.4827586206896552,0.2,0.0005,50,0.0,0,4.300625103912681,-0.10470225584599781,0.8868981645287918,0.46609996064541515,-0.6026773452098546,0.019357133691122002,0.14285714285714285,4,4,6,0.453815724916101,145,11
True,False,4.0,1.3,30,2.5,-150.183310280245,10,8,100,False,channel_reclaim,96,3,0.018,75.98172177151645,40.960389199194864,6,0.0005,11.80095010830425,12,-383.526011191551,-0.42910953472962904,-0.28401610942711303,46.1680573554139,0.05260063727472386,-0.7304681674059536,-254.10008693041704,-0.28401610942711303,0.08638891127407526,20,21.09455082342399,23.57871517514697,False,0.12037790399659593,0.05188702758473961,-3.4724358173384777,-0.3259873065281701,3378.55580198997,-21.090307215224616,16804.197564037273,83,0.16054158607350097,1.1237911025145069,0.30120481927710846,0.01,1142,False,8.216451437408352,12,-792.2711996840122,-0.8469224653204186,-0.1771041106732584,119.7985061429259,0.1284270686394813,-0.6991091702086842,-165.91007640527158,-0.1771041106732584,0.08638891127407526,3,14.215096601447327,15.216847572192764,False,0.1512089625253399,0.331496571690168,-2.1364489766552786,-0.25165036503096516,4115.936699321488,-13.770536341637591,8212.55843119351,83,0.16054158607350097,1.1237911025145069,0.6867469879518072,0.05,0.003,10,1.25,0,4.632162213627015,-0.12268748601524408,0.6657991899392071,0.7149641493541016,-0.27935470888938296,0.23921731092023563,0.5,2,2,7,-0.43105835075112076,124,11
True,False,4.0,2.2,55,1.8,-90.99998260936127,30,20,200,False,channel_reclaim,24,3,0.012,74.083991968737,41.35757064074123,6,0.0,9.835458739437662,14,-467.06290259694487,-0.5140154141268597,-0.26219371131462327,161.40169178664453,0.17849426860679052,-0.7272120531109788,-238.5303228210942,-0.26219371131462327,0.09114352486098799,11,18.366834857224255,20.188915771225993,False,0.3455673548235691,0.19746705989918237,-3.093518130932715,-0.33829223999123686,3042.6409563286993,-18.366834857224255,15136.579121769386,77,0.14893617021276595,1.0425531914893615,0.36363636363636365,0.025,490,False,6.534179287669132,14,-537.5449293869233,-0.5663323312698387,-0.1558707785564085,272.8238299306159,0.2878714405932458,-0.6392983675586408,-148.1469541304434,-0.1558707785564085,0.09114352486098799,7,12.828222718845868,13.63561550546372,False,0.5075367936997841,0.46947153417230025,-1.7909043138893161,-0.1984664808504867,3666.954161374033,-11.407315468044152,7318.425912393175,77,0.14893617021276595,1.0425531914893615,0.4805194805194805,0.05,0.001,10,0.25,0,6.218314184679058,-0.10061864919414601,0.9000004292764378,0.5927754064117701,-0.5045042047889569,0.06376166300185232,0.25,2,2,8,-1.1572570943275675,149,11
True,False,5.0,1.3,14,2.0,-32.817815560254864,16,10,400,False,channel_reclaim,48,4,0.0,65.0773441375687,30.756655492626784,18,0.005,4.911696273753245,16,-285.23224916318526,-0.2982706728337924,-0.13784900145447093,50.600826127558676,0.053622025675686934,-0.7161762550926017,-132.13187660416966,-0.13784900145447093,0.09049883149327101,10,8.984967609083528,9.373732098904023,False,0.17740219163860835,0.14863426867018537,-2.298142089571503,-0.16270525685703952,2183.752594293628,-8.984967609083528,10884.858987493402,68,0.13152804642166344,0.920696324951644,0.45588235294117646,0.025,935,False,2.959072363843046,16,-530.0335419172006,-0.53603056305547,-0.04305699814131657,119.2960959891431,0.12126752349673456,-0.40463920039000445,-43.03631348744284,-0.04305699814131657,0.09049883149327101,2,5.131694473223612,5.2319985395903945,False,0.22507272946846632,0.6752181884053989,-0.7049681719986751,-0.04477215518624093,2522.6944313640774,-2.9264693171461116,5044.599876256552,68,0.13152804642166344,0.920696324951644,0.75,1.0,0.003,10,0.0,0,4.012055740137383,-0.1001046201029772,0.5707918003377622,0.6484957803139622,-0.29175284132506746,0.0,0.0,2,2,9,-3.702561941358997,158,11
True,True,3.0,12.0,40,2.5,-59.68294905828404,40,8,100,False,channel_reclaim,48,2,0.0025,67.50795873775718,37.1320244112656,48,0.01,8.560985690462294,16,-542.1701319036022,-0.5896623656839426,-0.2473707165680291,302.0547636716056,0.33737751733832316,-0.676304703188879,-230.45632430660237,-0.2473707165680291,0.08848416471915545,7,16.016362377994273,17.30891670776067,False,0.5571217333774316,0.3261200390502039,-2.059331351733137,-0.23669382630224137,3071.21556386495,-14.979661079929196,15322.997656254502,65,0.12572533849129594,0.8800773694390716,0.36923076923076925,0.04,902,True,4.966752098724088,16,-756.0994164314385,-0.7892374448360663,-0.11960262629364002,365.5590136711961,0.3871480471979258,-0.523420384514478,-117.61692544993886,-0.11960262629364002,0.08848416471915545,5,10.438642071008497,10.940158297893978,False,0.4834800896904861,0.6388844042338567,-0.9063519132929547,-0.13493001728388326,3845.4747023437926,-7.645100154246045,7676.366845574543,65,0.12572533849129594,0.8800773694390716,0.5692307692307692,0.12,0.0,150,0.5,0,4.870885086968161,-0.11680767162495063,0.7784605684965932,0.5474377672238635,-0.38541389256445463,0.24838847360514804,0.25,4,4,10,-4.701509109448237,132,11
True,False,4.0,4.0,20,1.5,-83.99431187374616,8,20,400,False,channel_reclaim,96,1,0.025,70.53323254988697,36.78816913390793,6,0.0,14.403648867665119,39,-790.302445453683,-0.8995082545788573,-0.24579280621035623,377.22416436374533,0.43169411300790855,-0.7007327270070086,-216.96348527548162,-0.24579280621035623,0.35796599242485294,10,25.479681895986694,29.161046693925044,False,0.4773162053765316,0.460568268345776,-2.44646675981926,-0.6830279587028156,4058.9343219370157,-24.29991035085388,20193.465541778136,112,0.21663442940038685,1.516441005802708,0.49107142857142855,0.015,960,False,12.06137478416555,39,-860.956217855807,-0.9226704310387179,-0.14071441219564543,569.4487110541172,0.6138045533546879,-0.53444039562407,-132.98228082129208,-0.14071441219564543,0.35796599242485294,10,20.149097902141126,22.23992435557369,False,0.6614142499281984,0.6854656771983146,-1.2858257381777949,-0.4560813080600042,4941.705184452402,-14.894015451984668,9863.505393150264,112,0.21663442940038685,1.516441005802708,0.5089285714285714,0.2,0.0005,75,0.0,0,7.844249316894496,-0.13557264066980582,0.7840856952239913,0.47801770928239107,-0.5543932200539278,0.1281742436901979,0.23076923076923078,4,4,11,-5.627694576431875,233,11
True,True,5.0,1.3,20,2.0,-209.38189653515818,10,20,200,False,channel_reclaim,96,2,0.025,68.636631596412,42.046419577146025,48,0.0025,21.82603680197993,16,-280.63388177260026,-0.3421699051346501,-0.24476198146695768,24.611334595740313,0.03196507440716856,-0.7482018610831664,-201.1617544340974,-0.24476198146695768,0.229027318881457,22,33.99633649936246,41.364774867915855,False,0.08769908480146764,0.0308700778501166,-4.821394096203509,-0.625399676638724,5402.7891082766955,-33.99633649936246,27009.878254373023,169,0.32688588007736946,2.288201160541586,0.2603550295857988,0.025,335,False,14.202486419820666,16,-681.4403615530563,-0.7701106401780397,-0.14713029289367455,87.20938200687227,0.10000240685549507,-0.7025931805904818,-131.1053380574861,-0.14713029289367455,0.229027318881457,4,23.083364449891185,26.0648176474182,False,0.1279780108828823,0.3226112357672658,-2.8854776140320824,-0.4220700799283933,6669.353762120802,-22.1568021317151,13339.997916502884,169,0.32688588007736946,2.288201160541586,0.7159763313609467,0.04,0.003,30,1.0,0,10.246788204010862,-0.14155979727526902,0.46812938352776573,0.6868712286581556,-0.25616970510027154,0.033134355543267616,0.25,1,1,12,-7.463220738350666,273,11
True,True,5.0,8.0,40,2.5,-100.63119305373746,20,20,200,False,range_bb_reversion,96,6,0.012,62.42193494538616,40.01558589999638,36,0.0,21.985642594969537,44,-686.8565798843117,-0.8391310155660174,-0.2322104473550841,449.9061423823331,0.5738559323000618,-0.685348562739592,-198.5826589107193,-0.2322104473550841,0.5289709082117817,7,32.030380257625964,38.18025737055984,False,0.6550219588172417,0.4931930042859231,-2.4640714053186628,-0.673128321186865,4752.974247753036,-29.58881617769708,23742.993616119176,149,0.28820116054158607,2.0174081237911023,0.42953020134228187,0.08,388,False,15.051721844873382,44,-772.0757060257783,-0.8859349541319894,-0.13229526876961364,608.999079123973,0.7182409475679246,-0.5784108767213788,-123.24862575408304,-0.13229526876961364,0.5289709082117817,4,23.088244818722192,25.772251429153624,False,0.7887815590763317,0.6989203688018131,-1.2807221673035676,-0.44578862026215266,5793.424078415891,-18.364045237358354,11574.810361429072,149,0.28820116054158607,2.0174081237911023,0.4697986577181208,0.04,0.0005,30,1.25,0,9.696780365069742,-0.10959554084647731,0.7946069908130763,0.4613340573567846,-0.3764884215933874,0.35597873011201797,0.3076923076923077,3,3,13,-10.837969627235621,230,11
True,False,5.0,1.7,20,2.0,-104.35894803562401,12,30,50,False,trend_bb_reversion,18,3,0.012,67.24294668804988,36.95745548470968,6,0.0,11.199890151491406,12,-311.7129855284476,-0.3437640581464399,-0.23928225728041672,59.987218695330846,0.06918782146688982,-0.7145197378172657,-217.66835554411807,-0.23928225728041672,0.08211781771295028,9,18.37805375922493,20.241699368924582,False,0.1924437590998476,0.06518256356607739,-3.837525273170276,-0.41035970184697124,2796.6336021872094,-18.066473510161753,13906.784735016707,83,0.16054158607350097,1.1237911025145069,0.25301204819277107,0.01,346,False,7.12269663219715,12,-363.45248163225233,-0.386420638149869,-0.14356188373918155,133.3572789541922,0.14403400964189556,-0.675530655741086,-135.99741052038618,-0.14356188373918155,0.08211781771295028,6,12.010672084206352,12.734709089492743,False,0.366918058600919,0.30984191615188716,-2.3764505496722896,-0.23028647082168324,3287.279596359615,-11.287785073192033,6558.552413953315,83,0.16054158607350097,1.1237911025145069,0.4578313253012048,0.2,0.0005,75,1.0,0,5.990663585802881,-0.13120947371235497,0.6922655067733577,0.5195838252656434,-0.42678244376982194,0.0,0.0,3,3,14,-13.119755799470319,149,11
True,False,5.0,6.0,20,1.8,-50.41767209807517,55,8,200,False,range_bb_reversion,48,3,0.0025,60.28070642330804,35.67537986381214,3,0.001,12.607973167844913,30,-690.8825934371895,-0.7679999234353835,-0.2408876191113787,419.5392598911922,0.48616383512862776,-0.6319607560158992,-224.18355363250734,-0.2408876191113787,0.17003787573535337,5,17.7140321087255,19.332497570264582,False,0.6072511652145626,0.4402570947805578,-1.9195541625454082,-0.30933593662189585,2425.8327165154046,-15.468665200643022,12063.924947467838,69,0.13346228239845262,0.9342359767891684,0.42028985507246375,0.015,300,False,9.681126488300805,30,-720.4601563722388,-0.7830170961882786,-0.14444126165133853,570.8616627579443,0.6383291161681365,-0.5220020494261745,-140.3010782123015,-0.14444126165133853,0.17003787573535337,5,13.296377031333439,14.080198959142228,False,0.7923570203138316,0.6463965165718097,-1.0609726855569024,-0.18645061271237817,2842.978693423015,-9.680774396648733,5672.27713336531,69,0.13346228239845262,0.9342359767891684,0.4492753623188406,0.08,0.0005,150,0.75,0,5.6960660481488725,-0.12355220833734439,0.8608560176000001,0.452577725304998,-0.5307013014072319,0.17579233482480267,0.2222222222222222,4,4,15,-15.06755919552088,143,11
True,True,4.0,6.0,40,2.2,-173.4705277441553,20,30,300,False,channel_reclaim,36,1,0.008,67.48651938859491,35.88521768890365,24,0.0,29.889370164959495,25,-507.64095939774575,-0.6619107360289214,-0.24929891802881304,329.7298797751743,0.4473184370363049,-0.7323714911649272,-196.15518830443733,-0.24929891802881304,0.42847932951889756,11,42.042687816301495,54.08200532139806,False,0.6495336392208357,0.38472377092311044,-3.6509593384601753,-0.8848968574905208,6916.14361339705,-40.60412397901849,34636.11606351726,207,0.40038684719535783,2.8027079303675047,0.3719806763285024,0.01,555,False,19.83914701710823,25,-580.7435937468838,-0.6845959825577035,-0.14167220074433406,479.56289665087144,0.5781593301992344,-0.6317790544253249,-124.86302541161703,-0.14167220074433406,0.42847932951889756,7,30.143153111045855,35.44508706798178,False,0.8257738902581647,0.6228294596014972,-1.9072571730269654,-0.49564233594935925,8929.876742905932,-25.846646260204754,17881.759455334795,207,0.40038684719535783,2.8027079303675047,0.42995169082125606,0.2,0.001,20,1.0,0,15.053656794144489,-0.09628007856612034,0.7800733231178424,0.4290444608626427,-0.3421285635032839,0.2922952206637416,0.3181818181818182,3,3,16,-16.330174841971335,378,11
True,False,4.0,1.3,40,2.5,-176.33935327949015,12,8,100,False,channel_reclaim,36,3,0.012,61.7539534565927,32.675932290820256,24,0.005,16.488059338017553,14,-401.9336863079621,-0.4728816229237508,-0.311423971601232,50.12042237737133,0.060417892050629515,-0.7390621610382253,-265.07326808212724,-0.311423971601232,0.1278104601498912,17,28.966243020026084,34.04834266641273,False,0.12469823775598893,0.054145287446679416,-4.301122627280025,-0.505741774086183,4005.2552494407405,-28.892986220951922,19901.712941895217,109,0.21083172147001933,1.4758220502901354,0.30275229357798167,0.015,937,False,12.562540283470792,14,-639.3255457108446,-0.7125655667307097,-0.214438581068328,121.95323693713229,0.1358069557255342,-0.6985461500239807,-192.33616874322513,-0.214438581068328,0.1278104601498912,5,21.922314553237218,24.594824756628558,False,0.190752954821376,0.2712930913015126,-2.954416389259098,-0.3860652725902727,4875.875027314432,-20.96464239301154,9719.547043016186,109,0.21083172147001933,1.4758220502901354,0.5871559633027523,0.08,0.003,50,0.75,0,6.396467400215405,-0.13500328083907553,0.5531010154633393,0.6347370611844295,-0.3525784753956412,0.1553949736424527,0.5,1,1,17,-16.408715477243657,220,11
True,False,3.0,8.0,14,2.2,-116.49655453650742,16,20,200,False,channel_reclaim,36,2,0.008,61.86683049010871,43.51466120708402,18,0.0005,20.044074271206167,24,-688.2480064440985,-0.8084586300034742,-0.28519278878865284,601.4124682016378,0.7314379884287143,-0.6508703506463377,-250.013864574188,-0.28519278878865284,0.20033846401805142,8,29.14618175962972,34.17792486628998,False,0.8738310355723294,0.44976597419164005,-2.2942105043456555,-0.5730818473213921,4418.6651349946615,-25.751428051141307,21986.678208274654,103,0.19922630560928434,1.3945841392649903,0.33980582524271846,0.015,113,False,16.86800320073395,24,-746.2045741485845,-0.8294304808391221,-0.15946747020170193,824.9872140610669,0.9399590087930388,-0.4571090840505335,-151.28729511774554,-0.15946747020170193,0.20033846401805142,8,24.674954784390245,28.02198924309659,False,1.1055778035163788,0.6737114740177937,-1.129159149211045,-0.322484554493029,5546.955957548657,-15.582591397127807,11073.84479705557,103,0.19922630560928434,1.3945841392649903,0.3786407766990291,0.2,0.0,75,1.0,0,7.55083787130528,-0.14457986867522737,0.8329025868574113,0.3859142903879746,-0.8730338661746722,0.0022689963522648147,0.125,5,5,18,-19.471781768073917,208,11
True,True,4.0,4.0,55,1.8,-103.64835855015754,20,80,300,True,trend_state_tp,120,8,0.005,67.50023472901118,36.65527119821941,18,0.01,12.758659491518332,9,-379.8254917261384,-0.426630213009459,-0.1994598539246432,314.8542860272341,0.36480200573764116,-0.7171651712680553,-180.42666663026296,-0.1994598539246432,0.08268192440970264,12,19.79674674996378,21.929685007870333,False,0.8289445887277365,0.333730938318959,-2.9297469473405076,-0.46150384506052455,3022.6948960512573,-19.486079996068455,15082.275163960165,108,0.20889748549323017,1.4622823984526112,0.28703703703703703,0.015,922,False,8.477984722492572,9,-381.41970721734367,-0.40996894060256506,-0.11753246186670692,385.5996112286363,0.4211663147519792,-0.636002292430403,-111.54253961598033,-0.11753246186670692,0.08268192440970264,8,13.631305705438068,14.55302656714767,False,1.0109588045195337,0.548806208167747,-1.6600602166391134,-0.2560569294614775,3508.341505405354,-12.046594278525866,7010.814018132246,108,0.20889748549323017,1.4622823984526112,0.35185185185185186,0.2,0.0005,150,1.0,0,7.088539423247241,-0.10574019192240686,0.6028325797457186,0.3091232696790087,-0.4773468035060481,0.0,0.0,2,2,19,-19.55583173950638,289,11
True,True,3.0,12.0,55,2.5,-93.24674924140312,40,50,80,False,trend_bb_reversion,12,4,0.005,73.58788984000263,26.52249566232586,24,0.0,8.164387636805337,10,-449.7228550476322,-0.48284098910390844,-0.24512818985198978,476.4641941504304,0.5189486648863205,-0.6826186132505739,-229.94965693283766,-0.24512818985198978,0.04762672254009187,11,14.338596420865802,15.381614613484336,False,1.0594618192130036,0.32961034375515663,-2.0843324369049987,-0.2527763710101936,2813.742184576227,-13.56702975903741,14078.94956117244,59,0.11411992263056092,0.7988394584139265,0.23728813559322035,0.006,732,False,5.637248693064586,10,-505.8627111296085,-0.5236858902062167,-0.11719263625521636,453.9547553518187,0.4756100257566591,-0.45854398449840267,-115.42848747614656,-0.11719263625521636,0.04762672254009187,7,10.600690758258688,11.149988482367299,False,0.8973872660788189,0.615351268168333,-0.9147595922882827,-0.11319325701705106,3497.1373500091763,-6.8102807610925815,7002.834079712471,59,0.11411992263056092,0.7988394584139265,0.4067796610169492,0.2,0.002,75,0.25,0,5.610773488368458,-0.1087631596487852,1.1908755568917362,0.4048257891840779,-0.48847417313644714,0.10342933331899185,0.18181818181818182,3,3,20,-21.28026065493063,126,11
True,False,5.0,6.0,40,1.5,-133.25726687151973,40,80,100,True,trend_state_tp,24,8,0.025,59.75378943880038,22.408642718490526,12,0.005,16.314219739671536,9,-322.6676635074072,-0.3781191702524256,-0.2084531978526696,234.67463767154487,0.2793364727966289,-0.73932628214183,-178.8373922354196,-0.2084531978526696,0.12039648642114595,10,27.719795796490143,32.310245667163784,False,0.7272951839072577,0.2529722378807854,-4.106485502305877,-0.7576523545533482,4535.243959160931,-27.719795796490143,22560.28142985757,155,0.29980657640232106,2.0986460348162472,0.25806451612903225,0.01,700,True,9.425703190844208,9,-333.19121603607255,-0.36477272057580407,-0.1199309985618508,283.82044327193785,0.3129141885699594,-0.7176411436379148,-110.27087460866234,-0.1199309985618508,0.12039648642114595,8,17.282770204536515,18.82161768839822,False,0.8518245068057567,0.48184012506184215,-2.3373429301719653,-0.418561572258224,5402.39763643933,-17.09198556434264,10781.41246432101,155,0.29980657640232106,2.0986460348162472,0.36129032258064514,1.0,0.002,75,1.0,0,5.03019564516602,-0.10369524590582492,0.5483645807275468,0.3591365223402634,-0.27230264491530687,0.06897817626772113,0.07692307692307693,1,1,21,-23.067237962196998,372,11
True,True,4.0,1.3,14,1.5,-142.22973175233184,12,30,80,True,trend_state_tp,72,4,0.012,77.27416374692245,39.17145000079048,12,0.01,17.550033790215867,4,-272.99892278132756,-0.31922418725582946,-0.17833498945245593,67.2151941917119,0.08265647533084255,-0.7375086061705194,-153.72845648618153,-0.17833498945245593,0.06696752357160125,15,26.766939512522946,31.055239046934297,False,0.24621047404480548,0.13291007890914278,-4.934085808974917,-0.7637349306174944,4761.160170937422,-26.748751428595597,23765.95400253011,174,0.3365570599613153,2.355899419729207,0.3505747126436782,0.01,1039,False,10.049561297059212,4,-294.849299559285,-0.32196865787185375,-0.09166422190688923,144.71029084840984,0.16083823198240915,-0.713823654251467,-85.17432252572941,-0.09166422190688923,0.06696752357160125,8,15.009196647306036,16.171781212219493,False,0.4907940804496065,0.44764734810238815,-2.6143684203808606,-0.3781998918640868,5706.507449415745,-14.820332119476909,11398.734248293153,174,0.3365570599613153,2.355899419729207,0.47701149425287354,0.12,0.002,75,1.5,0,7.494836152061995,-0.097420334458069,0.48509016125032306,0.46240435013909625,-0.22756479775663535,0.11214020171207938,0.25,0,0,22,-25.09018396507846,408,11
True,True,3.0,8.0,20,2.5,-161.1063036318416,20,50,100,False,range_bb_reversion,36,6,0.025,61.6268698564226,24.446691922390173,3,0.0005,21.570859728184363,21,-714.5581319100808,-0.8554626852995406,-0.4280449562146878,518.4259569612294,0.6497910562601583,-0.6884169745934565,-364.4515387737829,-0.4280449562146878,0.1414296075429124,8,31.809997714172024,37.99476184147847,False,0.7255196376751438,0.28770606321600534,-3.065306874125983,-0.7013911737431846,4024.1969848927365,-29.52057464067645,20144.189270111587,81,0.15667311411992263,1.0967117988394584,0.2839506172839506,0.015,103,False,17.879796887147386,21,-782.3232481229105,-0.898101134192907,-0.3049921698396801,742.6398264784597,0.881225758866774,-0.5956924973163696,-274.0022232557872,-0.3049921698396801,0.1414296075429124,8,27.273530951472537,31.569285337352643,False,0.9492749042807224,0.4746374521403611,-1.9509091368376417,-0.5721853507486262,5149.385311099793,-22.19418008371879,10303.112118507526,81,0.15667311411992263,1.0967117988394584,0.3333333333333333,0.03,0.003,150,1.5,0,10.499084787372746,-0.09255983372125942,1.074535397458266,0.3403221403221403,-1.0,0.0,0.0,3,3,23,-27.477057497845276,143,11
True,False,3.0,4.0,14,1.5,-97.14591353259885,20,14,300,False,channel_reclaim,48,2,0.025,59.74365945180333,43.69630002396549,36,0.005,14.030041494162537,26,-714.0229404442215,-0.8147218954097252,-0.28201636166038374,456.31047469815127,0.5318393149011102,-0.699627753615,-251.03389709119497,-0.28201636166038374,0.19227979692158917,8,23.92913587994913,27.09867386374489,False,0.6390697677223967,0.41830021160011416,-2.4410666841450457,-0.5104605267572232,4090.8783167767238,-22.844084635298774,20360.665738776293,91,0.1760154738878143,1.2321083172147,0.3956043956043956,0.025,509,False,10.150526648883305,26,-788.3200284421653,-0.851806272743959,-0.15881125093688722,661.5641785763327,0.7247574018671292,-0.5726147509740206,-151.00828909337497,-0.15881125093688722,0.19227979692158917,8,17.318219117668598,18.768319758223797,False,0.8392076247050064,0.6582020585921617,-1.2420067772756869,-0.3165118184816265,5152.786194713863,-13.741754307497118,10288.401250934703,91,0.1760154738878143,1.2321083172147,0.43956043956043955,0.08,0.0,30,0.25,0,8.046969786302594,-0.11866150849578591,0.7761215518360234,0.45954317615268553,-0.366778649128037,0.3291639352303244,0.2727272727272727,3,3,24,-27.986087645278115,187,11
True,True,4.0,1.7,20,2.5,25.653897474435357,20,10,200,False,trend_bb_reversion,120,6,0.005,66.75487157071645,35.51194667401761,6,0.001,4.716342107856411,25,-481.88102514094487,-0.49766740786544716,-0.0880080773988316,172.13849069714854,0.18083085821988487,-0.470529582177573,-87.0013174651149,-0.0880080773988316,0.1108872592473205,4,6.971129150606371,7.182086216858485,False,0.3572219733009822,0.5443382450300681,-0.9725870462353465,-0.0642430242413451,1862.2250781635335,-4.6110698256510805,9312.247223241497,53,0.10251450676982592,0.7176015473887815,0.6037735849056604,0.08,1018,True,2.055937386907693,25,-722.3924280446798,-0.730733132272015,0.019909466719721308,259.63732082367983,0.2638683113920356,0.18691503644865207,18.76209940313882,0.019909466719721308,0.1108872592473205,2,3.753022694192932,3.7986736190359105,False,0.35941312608501114,1.1058865418000339,0.2035644154584377,0.015356859041151258,2168.526667387838,0.9943912683663656,4342.211911309269,53,0.10251450676982592,0.7176015473887815,0.7547169811320755,1.0,0.003,150,1.5,0,5.589625045842144,-0.12169202826268372,0.7168967969647113,0.6158167589985771,-0.3605080583793819,0.21070003038881438,0.25,1,1,25,-28.236613569289187,135,11
True,True,3.0,3.0,40,1.8,-167.30939596070928,40,10,400,False,trend_bb_reversion,18,2,0.0025,64.16272354936326,43.4662451906069,12,0.0005,26.34548294854273,11,-520.3982787015981,-0.6576272884928831,-0.2891792247813165,217.53589968728443,0.2906734656500015,-0.7420879994392959,-233.6849992001851,-0.2891792247813165,0.14634539447175438,11,37.189499905640524,46.20181329302926,False,0.4180180999638199,0.2656156676853439,-4.046313840545125,-0.7661059526399712,6813.12842800721,-36.68854487442908,34086.46318105486,157,0.3036750483558994,2.125725338491296,0.3885350318471338,0.006,1049,False,16.2083026476391,11,-591.2799959117709,-0.6841226220356719,-0.157198390969665,390.4260014899116,0.4648649373721485,-0.6882507420142764,-141.07087608424774,-0.157198390969665,0.14634539447175438,5,23.554814568343705,26.51332634431074,False,0.6603064608804554,0.5593184139222682,-2.0461377036993986,-0.4054807024279235,9084.593932411457,-22.14812754522683,18180.647995474355,157,0.3036750483558994,2.125725338491296,0.4585987261146497,0.2,0.001,10,1.0,0,8.16749329042116,-0.15089813508270708,0.6256186710893608,0.4714387289096562,-0.31810391534877996,0.35343723340988176,0.3333333333333333,2,2,26,-29.11367329947928,298,11
True,False,2.0,12.0,14,2.5,-231.43258550971416,40,50,300,True,trend_state_tp,14,8,0.025,73.40422416015035,24.974085972919955,3,0.001,27.908254805595117,9,-504.9016304059957,-0.6485530941760859,-0.395530730109466,429.30208978172203,0.569702732811343,-0.7483859911934605,-310.8747039054697,-0.395530730109466,0.09517285840921912,14,40.933678486814806,52.29930532764901,False,0.850268773021225,0.22288598904439874,-4.271115292140156,-0.8956965056193689,6544.110388970187,-40.41371150771102,32551.170978503367,130,0.2514506769825919,1.760154738878143,0.2076923076923077,0.015,228,False,18.47952398622609,9,-575.6951181816881,-0.6765130217956355,-0.25243659384806516,559.9428624297886,0.6681195546234902,-0.7184481016983254,-217.53237045037622,-0.25243659384806516,0.09517285840921912,12,29.131111563576845,34.01884096905517,False,0.9726378507400716,0.44806912225104434,-2.494877388663324,-0.5605746957860677,8897.424539678037,-28.27920815854888,17756.079009299883,130,0.2514506769825919,1.760154738878143,0.3153846153846154,0.2,0.0,20,1.25,0,7.945551665810396,-0.10293187954528832,1.5198663227572817,0.4507904374798399,-0.5082183021632958,0.194612571640692,0.21428571428571427,2,2,27,-29.207843251769518,305,11
True,True,3.0,8.0,55,2.5,-239.20695717491236,12,20,80,False,range_bb_reversion,120,6,0.012,61.65727345613314,31.504100912717767,48,0.01,36.63120018900958,40,-690.9448428261377,-0.9587201672662333,-0.4041417848063773,624.1444495665588,0.8974197250483865,-0.7527658987451666,-298.02182253807587,-0.4041417848063773,0.5389636554113949,10,50.146007150238184,68.84080226347577,False,0.903320223092847,0.3848929646221694,-3.6388214552087748,-2.2645828980834897,5885.918644872375,-48.87557889624452,29412.30694645984,164,0.31721470019342357,2.220502901353965,0.29878048780487804,0.08,739,False,29.288643425786233,40,-756.9660735578236,-0.9802902159869767,-0.30774408112688684,856.7380090701045,1.140816824725614,-0.7190737205229447,-245.30380345628538,-0.30774408112688684,0.5389636554113949,10,42.39207238208631,54.217960150614495,False,1.1318050293104178,0.5254809064655512,-2.495516348342483,-2.5429512295404755,7528.935485798265,-40.22982376683076,15047.049839218938,164,0.31721470019342357,2.220502901353965,0.3170731707317073,1.0,0.003,50,0.5,0,19.186885591169503,-0.12065538344712849,0.839447427145329,0.38453033556481836,-0.641212082963844,0.25633463587019245,0.14814814814814814,4,4,28,-29.966008961059494,311,11
True,False,4.0,8.0,80,2.2,-152.3310067662614,8,30,50,False,range_bb_reversion,36,4,0.0025,66.78044973633371,28.982555126534614,12,0.0,13.913472092862778,24,-640.0983720232823,-0.7263498863080287,-0.39848725541355995,436.69484036212765,0.5079564888240885,-0.7174433288054802,-354.0751749834078,-0.39848725541355995,0.1256346200338464,13,23.140247540022145,26.126676408672818,False,0.6822308248992762,0.2467643409210148,-2.867818128409072,-0.42132435701777377,2206.548976957642,-22.660811198938084,10930.235473009474,64,0.12379110251450677,0.8665377176015474,0.265625,0.08,901,False,12.138746002223035,24,-724.9739111967168,-0.8048646794291057,-0.32349562152814765,471.6394284015314,0.5345970469039952,-0.683929823595152,-294.94099227859635,-0.32349562152814765,0.1256346200338464,9,20.088163931701512,22.21261633418568,False,0.6505605527556083,0.36494860276534136,-2.20409129383873,-0.39712644663693775,2564.309806402452,-18.87622350583019,5095.950921554956,64,0.12379110251450677,0.8665377176015474,0.359375,0.05,0.001,75,1.0,0,4.903706634437075,-0.11344542921833574,0.8359693018323147,0.444083189537735,-0.3787960262579929,0.3405566133549067,0.2857142857142857,3,3,29,-30.37427962537973,126,11
True,False,5.0,2.2,20,2.2,-64.86180543163817,20,20,50,False,channel_reclaim,48,6,0.025,76.62829630615728,42.93873260428518,24,0.001,12.520408722295846,22,-485.7830518375745,-0.5405443509524559,-0.2019593377951481,103.13491999647606,0.11781539685342039,-0.6990614577889178,-182.91095203720567,-0.2019593377951481,0.1880892900314288,7,20.007559281940964,22.204576114793806,False,0.212306542203041,0.22479516233263172,-3.0257709322131374,-0.32935789509103514,3723.0285845898093,-19.20564996390666,18537.80619567269,105,0.20309477756286268,1.4216634429400388,0.5142857142857142,0.01,581,False,7.109684634091286,22,-657.0364998688153,-0.6979328453156366,-0.0954050308554034,215.57723835123193,0.23244098583619405,-0.5707269135749111,-91.91522178345136,-0.0954050308554034,0.1880892900314288,5,12.123373421908516,12.796134358711477,False,0.3281054224449849,0.6030045601691618,-1.3668107599367907,-0.18333674388069415,4469.736700700355,-9.651098287262313,8929.12566928392,105,0.20309477756286268,1.4216634429400388,0.6476190476190476,0.04,0.0,100,0.25,0,5.7907754002946366,-0.17447409475034475,0.6141747424177694,0.5992613181608397,-0.474425629688738,0.20960092441738815,0.4,3,3,30,-30.805986810450264,158,11
True,True,4.0,2.2,55,1.5,-82.43425983517592,16,50,150,False,trend_bb_reversion,72,2,0.005,75.20450816397967,36.868274443637944,18,0.001,14.934686900595443,24,-647.8250763630775,-0.7420999039320436,-0.2584737774699278,154.19610576550846,0.1811863374956321,-0.734243790262863,-227.7187428671515,-0.2584737774699278,0.21017003787573535,7,23.910468001050962,27.139746634342412,False,0.23802120571061117,0.26182332628167226,-3.1166603025009167,-0.44508924904619074,3790.0518231029473,-23.910468001050962,18951.794945534948,105,0.20309477756286268,1.4216634429400388,0.5238095238095238,0.04,236,False,9.672623048545058,24,-750.001775418421,-0.819412349565495,-0.15938707009717518,285.51591012692404,0.3166967380439081,-0.7238311433810394,-148.41531048255382,-0.15938707009717518,0.21017003787573535,4,15.583607600668126,16.735642360203393,False,0.38068697899766524,0.5277705845194905,-1.82891270421193,-0.3172753956580502,4606.015302767097,-15.583607600668126,9218.652638361345,105,0.20309477756286268,1.4216634429400388,0.580952380952381,1.0,0.003,75,0.25,0,5.516482898802974,-0.1715459049775378,0.6823267323153938,0.5842786298668652,-0.6895603623503717,0.0808187910717924,0.25,2,2,31,-30.928845798907105,171,11
True,True,2.5,8.0,40,2.2,-158.6794749479882,30,30,400,False,trend_bb_reversion,18,8,0.018,64.75875835512048,32.30909352212938,18,0.0,29.4714917046142,14,-541.2452409989316,-0.6951435376910424,-0.28371771465958684,377.8434841694489,0.5166925228743355,-0.7389246857233058,-229.2089454170741,-0.28371771465958684,0.1952615037472802,8,37.83390368185099,47.103091964257054,False,0.69810033520497,0.35883662089975105,-3.386463299439512,-0.8311016530735044,7741.947272557996,-37.13184915756601,38762.9680919727,162,0.31334622823984526,2.1934235976789167,0.3395061728395062,0.01,377,False,17.78109144951204,14,-626.3587692200831,-0.7270823200041915,-0.1283648558679171,582.8551896530481,0.69927399161458,-0.5836225989020433,-118.78747784123794,-0.1283648558679171,0.1952615037472802,8,24.0138694141963,27.13339415098845,False,0.9305452694129215,0.6731604076604117,-1.3494111186498883,-0.3750933654603204,10771.165205748455,-19.24357141028052,21560.75703037276,162,0.31334622823984526,2.1934235976789167,0.41975308641975306,0.05,0.002,75,0.0,0,10.846297189358149,-0.15005217656626454,0.7041744002128225,0.40755579483083726,-0.3621067458202911,0.3074677509408077,0.28,3,3,32,-31.389294431504222,268,11
True,False,3.0,3.0,55,2.5,-170.79483799506357,8,14,400,False,channel_reclaim,96,2,0.012,69.68998577521165,22.03909841439962,24,0.001,24.08950370270102,26,-764.2268387327107,-0.9661086289651916,-0.33810532956172135,284.4237996303619,0.3627099465841801,-0.7505956723277747,-268.63167402687503,-0.33810532956172135,0.3123539366588766,11,39.509277858929174,49.85655016213115,False,0.37217195891996074,0.33350474240879624,-3.7395258905632094,-1.8229259886743399,5908.956258338916,-39.2202244079238,29378.12662240817,146,0.28239845261121854,1.97678916827853,0.4726027397260274,0.025,4,False,17.61454926108271,26,-851.8777746766517,-0.9879015306374483,-0.2236449793927578,502.41119750043765,0.5836682789643094,-0.6747943414827872,-193.28519231656034,-0.2236449793927578,0.3123539366588766,11,30.94690960533269,36.61860629031017,False,0.5897691105876527,0.5583147580229777,-2.2763161736713875,-1.95323750433078,7614.826297193912,-28.219638078217773,15188.421305263886,146,0.28239845261121854,1.97678916827853,0.4863013698630137,1.0,0.0005,100,0.0,0,14.97565106990792,-0.12846566891700142,0.7642346556915954,0.5106256760862024,-0.4296360278501496,0.2938394393351543,0.34375,1,1,33,-32.359409464016544,302,11
True,True,3.0,8.0,30,2.0,-163.03534646616018,55,10,300,False,trend_bb_reversion,12,8,0.012,66.04152234159011,30.347532740505837,48,0.001,21.54335280904813,10,-486.0839620928067,-0.5855218977483493,-0.3090200150422474,299.2034891961855,0.3668734760171125,-0.7227284547503143,-258.0972826863251,-0.3090200150422474,0.10492384559593843,10,33.004141291523666,39.80547169773309,False,0.6155386981047101,0.25181128558829047,-3.7677856448180527,-0.6367117588316988,5811.847574212836,-32.00406305310434,29106.34441041904,124,0.23984526112185686,1.678916827852998,0.2903225806451613,0.01,1139,False,13.528213825279565,10,-555.1493991991894,-0.6176913170932558,-0.17304778164805393,430.6025200793593,0.4850246508108448,-0.6604295150305918,-157.6687865868714,-0.17304778164805393,0.10492384559593843,7,21.571366737366308,24.013648265079762,False,0.7756516006331077,0.5240889193466944,-1.9473045711576935,-0.3375484236781595,7665.636437218276,-19.550929536772017,15347.26956997323,124,0.23984526112185686,1.678916827852998,0.4032258064516129,0.04,0.0,30,1.0,0,14.157553377737273,-0.11890106832128824,0.8623620070331101,0.3673572255588066,-0.4203939108986251,0.127819509391586,0.16666666666666666,4,4,34,-32.851625970936794,211,11
True,False,3.0,4.0,20,1.8,-181.32100630390693,12,50,150,False,channel_reclaim,8,3,0.0025,65.00322722184768,30.090244630586213,36,0.01,12.387702874774872,6,-448.36987312952624,-0.5050148594055938,-0.34845307512951795,254.41959334664676,0.27779406197478557,-0.7331714328642828,-307.81197983429166,-0.34845307512951795,0.0402127488113466,18,23.085898487571903,26.133980634713843,False,0.567432400332458,0.14185810008311456,-3.8332169964953993,-0.5200488250704756,3402.465893104882,-23.085898487571903,16913.843062813623,75,0.1450676982591876,1.0154738878143132,0.2,0.025,1035,False,9.685306981759696,6,-433.57859893067086,-0.46551047748659374,-0.23030041196377501,394.24061734248914,0.4165272682239767,-0.6667333850496242,-212.82680792449491,-0.23030041196377501,0.0402127488113466,14,17.33983805825805,18.936073087639187,False,0.909271394655547,0.33064414351110805,-2.4923414086443807,-0.3089446636092645,4224.740810018584,-15.962010594337158,8425.993835364738,75,0.1450676982591876,1.0154738878143132,0.26666666666666666,0.2,0.003,30,1.0,0,9.408806724094939,-0.10525220269323374,0.8020607650030892,0.40754338527519524,-0.39230861411217743,0.1331244434095462,0.1875,3,3,35,-33.43069857442383,179,11
True,False,3.0,8.0,20,2.5,-101.67247852667315,40,30,400,False,trend_bb_reversion,120,6,0.0,69.87944500662555,34.360997885444014,24,0.0025,13.236808904808594,57,-811.312946850004,-0.878552267214321,-0.32098798251842475,884.7001047456557,0.9683794258408356,-0.5902202357875079,-299.3090067456539,-0.32098798251842475,0.24425819969377066,9,19.4634634628615,21.45910475961411,False,1.0904548093070423,0.47154802564628867,-1.646068495432399,-0.36949343344836005,2436.0907499679133,-15.863377357519667,12113.28446674816,53,0.10251450676982592,0.7176015473887815,0.3018867924528302,0.025,929,False,12.137452484398086,57,-845.3922990628772,-0.8894575368518307,-0.2058826634738487,1164.6402171402785,1.2416876566207014,-0.42245725548717217,-200.66488820526126,-0.2058826634738487,0.24425819969377066,9,18.07658657460308,19.828010229647457,False,1.3776328675235032,0.650548854108321,-0.9325220690048673,-0.23931322783781164,2971.226524737024,-10.635239074878948,5927.118076795848,53,0.10251450676982592,0.7176015473887815,0.32075471698113206,0.12,0.0,20,0.75,0,7.030886311145798,-0.18049215193402948,0.8753953511461976,0.3012535444353626,-1.0,0.0,0.0,5,5,36,-33.50370776081252,123,11
True,False,5.0,4.0,55,1.5,-87.01486361299877,55,50,100,True,trend_state_tp,12,6,0.005,68.63283977622525,34.32936792822537,6,0.005,7.716887983833048,7,-291.3047449212932,-0.3105623846492574,-0.15084511336304976,259.8514215772287,0.2826731944137994,-0.6446276223223698,-142.91654624861428,-0.15084511336304976,0.04520912241115319,13,12.427235655796768,13.227145874106641,False,0.8920260521243387,0.32864117709844054,-2.519166888278721,-0.3516476660195729,2131.742216124562,-11.14749060739194,10613.672286763753,78,0.15087040618955513,1.056092843326886,0.2692307692307692,0.04,595,True,4.694147142359575,7,-272.6868373948862,-0.28234129843019107,-0.07155036892437454,291.270071727376,0.30486200519315504,-0.48635632553677977,-70.2407674535613,-0.07155036892437454,0.04520912241115319,7,8.02401088707749,8.324402499508,False,1.068148629798287,0.5981632326870411,-1.1898480859640037,-0.16385287467081622,2405.7406376556796,-5.478779861377756,4805.342126075538,78,0.15087040618955513,1.056092843326886,0.358974358974359,1.0,0.0005,100,1.5,0,3.5324898723004834,-0.08400275600242381,0.5918865251323541,0.3286396528308293,-0.2885061508055212,0.0,0.0,1,1,37,-34.44565445721589,211,11
True,True,5.0,12.0,30,1.8,-126.22411612998997,55,8,100,False,range_bb_reversion,14,8,0.012,70.3932542743749,34.73584004453627,18,0.005,13.77424791055285,12,-392.8881378572156,-0.4452240423511702,-0.2594283967043777,292.3869803094287,0.33834889798530293,-0.7092593555393583,-230.4002232403824,-0.2594283967043777,0.0979933918929809,9,23.07234207821556,26.105764526704533,False,0.7441990534610864,0.23130511121087813,-3.45816397781668,-0.5057743810663005,3516.489728819295,-22.348821654316996,17562.439536329275,97,0.18762088974854932,1.3133462282398451,0.23711340206185566,0.006,1153,False,8.964339804590688,12,-409.8957196444801,-0.44418300961207013,-0.15987027085421596,333.5540721210847,0.36694450978533744,-0.6624350390488352,-149.30507098438522,-0.15987027085421596,0.0979933918929809,9,15.796198436363367,17.065785074084776,False,0.8137534893274568,0.4391685497957702,-2.066679104524359,-0.2931701288214222,4236.506220836207,-14.48259188548538,8469.038579430227,97,0.18762088974854932,1.3133462282398451,0.35051546391752575,0.04,0.003,20,0.25,0,6.74506107846994,-0.13730811178149077,0.7738396772009288,0.35112898595657216,-0.594971950781825,0.0,0.0,4,3,38,-35.04216174886757,180,11
True,True,5.0,2.2,20,2.2,-63.01332210136749,8,20,300,False,channel_reclaim,36,8,0.005,64.53651100391409,32.93407233276912,12,0.001,11.70180316382199,21,-577.9053833220456,-0.6432292784101089,-0.20932448694965636,133.3370891319129,0.1497691335693388,-0.7218465764033465,-188.73497386610603,-0.20932448694965636,0.18752518333467644,7,20.211052580073478,22.451627829596152,False,0.23072477429684887,0.2787924356086924,-3.0102466025324657,-0.4189878468048036,3176.571213998752,-20.00590722980727,15878.740176894366,106,0.20502901353965183,1.435203094777563,0.5471698113207547,0.08,427,False,8.674123874446451,21,-595.9588709809234,-0.635320618482989,-0.12396080744423607,249.59803417923604,0.26808171435214123,-0.6047776548826944,-117.34175485253127,-0.12396080744423607,0.18752518333467644,7,14.810456308431954,15.907714737028822,False,0.41881754988965614,0.5462837607256382,-1.7215604137167462,-0.23911969770622984,3704.138563719356,-12.43822601436828,7408.814492033087,106,0.20502901353965183,1.435203094777563,0.5660377358490566,0.05,0.003,150,1.5,0,4.840846290024779,-0.14703256953484692,0.5909068251303974,0.5405408317173023,-0.4156416849355116,0.17450910556759897,0.3,2,2,39,-35.56910352462679,146,11
True,True,5.0,1.7,20,2.5,-86.50492925749691,20,14,100,True,trend_state_tp,120,3,0.018,77.10480811424044,37.2658273991724,6,0.005,12.234480080990458,5,-293.7136073565757,-0.3316345500227377,-0.1598809657986213,93.84590007640789,0.1060600678387202,-0.7322584704726017,-141.63329431325303,-0.1598809657986213,0.06583931017809655,6,22.378060501493966,25.261192596182177,False,0.31951498917949894,0.20635343051175972,-4.702245079373698,-0.9319348707378609,4096.325374513042,-22.378060501493966,20459.668707004792,158,0.3056092843326886,2.13926499032882,0.3924050632911392,0.015,590,False,5.645903583219196,5,-264.55814067709156,-0.2798155836880749,-0.08027652038603439,194.37846967163176,0.20521783172303903,-0.7195780505568454,-75.75510477413576,-0.08027652038603439,0.06583931017809655,6,11.96930655431337,12.683690220993432,False,0.7347287411914566,0.5135200879295126,-2.464404544170006,-0.45501178898947053,4792.936396180069,-11.96930655431337,9578.440100860491,158,0.3056092843326886,2.13926499032882,0.41139240506329117,0.05,0.002,150,0.0,0,7.113292488892277,-0.09546683281776645,0.4946379721721066,0.3873119206407026,-0.21510341384813086,0.194583960932208,0.2857142857142857,0,0,40,-35.81412770640769,341,11
True,False,5.0,1.3,80,1.8,-136.9032371093774,20,20,150,False,channel_reclaim,12,6,0.008,69.40672216444844,27.2335247552532,36,0.01,9.269452531491888,8,-270.31530799629826,-0.29512516065833155,-0.20529415536023485,51.814289500197724,0.05638746876900328,-0.7226929508217864,-187.99329974719373,-0.20529415536023485,0.06454992344266258,17,16.983754645231937,18.553998167849432,False,0.1916809295199341,0.06580091610385798,-3.755700777278777,-0.3880412695367052,3000.9381771447956,-16.919396977247494,14935.124008353529,90,0.17408123791102514,1.218568665377176,0.25555555555555554,0.04,21,False,4.839920287168187,8,-358.4288258500193,-0.3750744608972771,-0.11070486905512857,105.36419549900491,0.1105023404454447,-0.70049905373028,-105.91929200443946,-0.11070486905512857,0.06454992344266258,6,9.754478829470404,10.209013075994378,False,0.29396127738647176,0.35131957541310044,-2.107578700497605,-0.1876534713786548,3529.0541847996346,-9.532736280399549,7046.105175100404,90,0.17408123791102514,1.218568665377176,0.5444444444444444,0.08,0.0,20,0.0,0,4.940851469017992,-0.11881061048106183,0.5664748127872957,0.4734459951656687,-0.2560458820603258,0.0865566434271083,0.2,1,1,41,-37.271217134380976,188,11
True,False,4.0,8.0,14,1.8,-138.80075385141765,8,14,200,False,channel_reclaim,24,3,0.0025,63.71665253503598,22.43145752780344,48,0.0,19.874178334342282,19,-474.3514158458824,-0.5665685732162009,-0.2282705614969068,418.85278102657946,0.4984436859000956,-0.720206040881177,-190.62772978051217,-0.2282705614969068,0.27020710774437906,8,33.56244363069276,40.57012590885104,False,0.8830010136676085,0.41105219601767984,-3.198824373038846,-0.6915799702846989,6408.486578055475,-32.40671406268708,31912.58961190709,170,0.3288201160541586,2.3017408123791103,0.3176470588235294,0.08,673,False,14.119049820969332,19,-552.0706317000675,-0.5986045631977609,-0.11168545115227527,521.2130219480944,0.5672580994463595,-0.5293837371359756,-103.81687047054098,-0.11168545115227527,0.27020710774437906,8,24.21478931752622,27.431852389339006,False,0.9441056850697728,0.6770858953530693,-1.4274686413591975,-0.333004419374408,8219.086181972983,-17.648867979991888,16419.34075858579,170,0.3288201160541586,2.3017408123791103,0.4176470588235294,0.08,0.003,20,0.75,0,9.144499774555426,-0.12932946961102104,0.701155166186636,0.40623653169107715,-0.4697116708194422,0.11738804951095884,0.16666666666666666,1,1,42,-37.362202366674346,330,11
True,False,5.0,12.0,30,2.2,-115.12049952998879,10,30,100,False,channel_reclaim,8,3,0.0025,66.29087742507764,32.50427065477392,36,0.01,7.436254847281974,7,-254.8654206991144,-0.27396835137241443,-0.1694365250028536,168.21533433603693,0.17741908067796158,-0.7134746978787776,-156.88882479623723,-0.1694365250028536,0.05359013619147393,14,15.103846772486957,16.333128173375904,False,0.660016309292214,0.19890902471820154,-3.8380973289687788,-0.6211602613676336,2802.6538082603647,-14.904438355642501,13952.80639411093,95,0.18375241779497098,1.2862669245647969,0.23157894736842105,0.08,942,False,3.3017194376724888,7,-217.8678645237193,-0.22419794443971072,-0.082958922877355,233.2727679033803,0.2384816089542132,-0.6728381756368114,-80.15125041439416,-0.082958922877355,0.05359013619147393,10,8.087494818479563,8.397120209267356,False,1.070707552090519,0.47046240925189464,-1.977251961553698,-0.29676493831612333,3230.617691449322,-7.614368789367451,6452.476155603054,95,0.18375241779497098,1.2862669245647969,0.30526315789473685,0.12,0.001,150,1.0,0,4.933683492643723,-0.0897291779356242,0.5265198282259971,0.35416168518935315,-0.16349673220259364,0.038734245217378976,0.08333333333333333,3,3,43,-37.76286156271975,196,11
True,False,5.0,3.0,20,1.8,-139.69007563157558,12,50,300,False,channel_reclaim,24,6,0.0,75.35801192445945,38.13161977581296,48,0.0005,19.90864494933797,18,-433.56345746576767,-0.5165513627592926,-0.23332157279874843,169.3341648134101,0.21175381142496372,-0.7206468083673548,-199.10327102386526,-0.23332157279874843,0.209605931178983,12,29.46588420372808,34.727277303203074,False,0.39056373847369275,0.2485405608468953,-3.8374604340555054,-0.6012117385621795,4309.397151002034,-28.670871027436544,21425.104976405288,144,0.27852998065764023,1.9497098646034816,0.3888888888888889,0.04,666,False,14.738471631365751,18,-481.08213779898324,-0.5421482639994357,-0.1439602404925719,259.96420292295625,0.30107343283862886,-0.6152220536431668,-131.14358801362295,-0.1439602404925719,0.209605931178983,12,22.341924529636966,25.119897270206323,False,0.5403738415903948,0.4834923845808796,-2.2967915362614395,-0.36353820886946486,5153.10736945263,-18.88467667396167,10278.737788970171,144,0.27852998065764023,1.9497098646034816,0.4722222222222222,0.12,0.0005,150,0.5,0,7.116147646186176,-0.13350626145531289,0.5357071007295932,0.4642322220908596,-0.22473934378028756,0.2661675634223833,0.30434782608695654,0,0,44,-38.2365100770526,307,11
True,False,5.0,1.7,80,2.0,-87.09449714193829,16,80,130,False,range_bb_reversion,14,8,0.018,61.04293464115708,33.775695140783746,12,0.01,12.528629657265338,10,-503.13294068994,-0.5668394509985122,-0.2642483439297248,97.01551507628523,0.11038826482210737,-0.731886685388995,-234.98150300715855,-0.2642483439297248,0.08066725763558708,5,22.08826128267287,24.839344329394116,False,0.19282282520251812,0.1557415126635723,-3.5534956088368777,-0.43595645887027773,2663.5007280236464,-22.08826128267287,13220.224723949084,94,0.18181818181818182,1.2727272727272727,0.44680851063829785,0.08,508,False,9.322518908609483,10,-560.5497237320415,-0.6110758958843522,-0.19313788005867424,173.90878650495011,0.1906827467200095,-0.6927555651220136,-177.69369179999268,-0.19313788005867424,0.08066725763558708,5,17.48499491990416,19.10009855596554,False,0.3102468508004892,0.33782434864942146,-2.5843300134683154,-0.328327501987555,3056.376066942494,-16.7032070291993,6085.428226349531,94,0.18181818181818182,1.2727272727272727,0.5212765957446809,0.08,0.003,20,0.75,0,6.483654251182826,-0.12867593943199027,0.4744312257640871,0.5282043664396606,-0.23854840365260013,0.12717881515299045,0.3333333333333333,1,1,45,-40.671552964255405,217,11
True,False,3.0,4.0,40,1.8,-157.4431601791458,40,8,400,False,channel_reclaim,12,2,0.0,77.5326718106378,24.55672041037828,48,0.0005,12.572428819814483,9,-447.38922283809416,-0.5009870302170281,-0.3361536848057783,272.4344000303347,0.31140588645270256,-0.7302380708037756,-301.33805298073173,-0.3361536848057783,0.05246192279796921,14,20.792325655670428,23.194604251598705,False,0.6089426971488003,0.15500359563787644,-3.387026609291649,-0.39733991923048195,3272.62018941624,-20.792325655670428,16275.471313895967,69,0.13346228239845262,0.9342359767891684,0.2028985507246377,0.08,1060,False,8.33185943582921,9,-499.56820573044666,-0.5382035778349356,-0.21337291331530733,327.39731774282416,0.358329056239238,-0.7217088610553831,-199.94301606621806,-0.21337291331530733,0.05246192279796921,8,13.79606810856906,14.72273101875621,False,0.6553605973865334,0.37236397578780317,-2.0795001312580093,-0.2381743501610896,4084.5169772603617,-13.79606810856906,8149.604604472006,69,0.13346228239845262,0.9342359767891684,0.36231884057971014,0.05,0.001,20,0.75,0,4.024078021292841,-0.14735719264184205,0.7134249449730515,0.42452547452547457,-0.5275212896251845,0.0,0.0,3,3,46,-41.48984223914174,128,11
True,False,5.0,1.7,30,2.0,-194.2682223549092,30,80,100,False,range_bb_reversion,24,8,0.025,76.43815464203429,40.08219560687867,24,0.0005,26.449485325721138,13,-412.92940358301144,-0.5178620357982876,-0.27130740372589457,74.07348350946428,0.102260220626216,-0.7418436384216848,-219.30174967877406,-0.27130740372589457,0.18704166330888872,16,36.89216275779861,45.8091332324064,False,0.17938534496871508,0.11839432767935205,-4.709432168095045,-0.6799658713627061,4917.453552743499,-36.40409044667652,24429.658154779092,166,0.32108317214700194,2.2475822050290137,0.39759036144578314,0.08,472,False,19.064945840271427,13,-580.7874535588468,-0.6854924201172277,-0.1836651868879944,140.47707732049233,0.17330470066682102,-0.6888528812558609,-159.32564937031725,-0.1836651868879944,0.18704166330888872,6,28.319879882380107,33.069578728746876,False,0.24187347102576287,0.34002502448549277,-3.154172747325573,-0.5006194974842054,5971.531868898901,-26.448057795472664,11902.07638814648,166,0.32108317214700194,2.2475822050290137,0.5843373493975904,0.05,0.001,20,1.0,0,9.783190192803389,-0.17345856493046702,0.4310573389920753,0.5554958149601336,-0.3401449788348476,0.12400804346650922,0.35294117647058826,1,1,47,-41.927296695464456,295,11
True,False,5.0,4.0,14,1.5,-143.68208948059052,8,30,80,False,trend_bb_reversion,18,3,0.0025,76.99489676058288,37.24103178944788,36,0.005,17.29243706003872,14,-375.3774984576344,-0.4427931442055392,-0.22984760864030576,206.6166792302964,0.23950173505449446,-0.7401627340595396,-193.7360035104458,-0.22984760864030576,0.1873640099927472,9,30.53558697140753,36.25808396951925,False,0.5504237203328677,0.24972928052139376,-4.234905187701594,-0.7219676708803726,5083.167788752263,-30.41655255113993,25289.170914602913,157,0.3036750483558994,2.125725338491296,0.31210191082802546,0.006,764,False,10.689049667612599,14,-404.8224434178581,-0.44120955225917563,-0.13363087806692323,301.19874385788256,0.32529603263262796,-0.6851619494648309,-121.51457846007679,-0.13363087806692323,0.1873640099927472,6,20.273118470977103,22.492970385651734,False,0.744026791881657,0.4986562541334511,-2.392886646116083,-0.4027291745526725,6224.824300134117,-19.07778881823206,12423.940955137783,157,0.3036750483558994,2.125725338491296,0.4012738853503185,1.0,0.0,100,0.25,0,6.3299447878113195,-0.13570039506452194,0.547442379933683,0.37608153259681276,-0.35218273399488975,0.13742868841157313,0.15384615384615385,1,1,48,-43.221525278936724,320,11
True,False,5.0,2.2,55,2.2,-194.87403259269928,40,30,50,True,trend_state_tp,72,6,0.025,66.22627294785673,39.87137994700785,6,0.0025,23.44393385727601,6,-320.5751192641702,-0.3978266406294023,-0.2447982404248051,83.40435299332164,0.10943416745620711,-0.7505315745084485,-198.70421701889333,-0.2447982404248051,0.09912160528648561,14,35.568054846381955,43.8188850360401,False,0.26017101135223225,0.1123938769041644,-5.869127666081399,-1.1792570003322553,5540.2154844662955,-35.568054846381955,27550.87630144512,179,0.34622823984526113,2.423597678916828,0.3016759776536313,0.01,954,False,14.714584354466885,6,-320.4353495027076,-0.3664177501351806,-0.14709176657813036,181.2462918591921,0.21092564775764264,-0.7185193238348754,-129.852379599863,-0.14709176657813036,0.09912160528648561,10,23.724170605112242,26.96356696643263,False,0.5656251476014528,0.34650909943152053,-3.7034828440178185,-0.6926484587442854,6792.6618937449075,-23.243575948375526,13552.410365365791,179,0.34622823984526113,2.423597678916828,0.37988826815642457,0.04,0.0005,10,1.5,0,6.328970172500459,-0.10464024205032615,0.5364937857900194,0.40246463688114537,-0.21361497049614972,0.18568109162814914,0.2,1,1,49,-43.26749237697125,221,11
True,False,5.0,1.3,40,1.5,-211.07912884286065,20,30,50,True,trend_state_tp,18,4,0.005,58.62473047118047,32.01173905581039,3,0.0025,17.919759906328547,4,-231.79469570786898,-0.2749745333458331,-0.2078739050057546,31.8616974686919,0.04002563858398002,-0.7409085547592451,-175.6312036702584,-0.2078739050057546,0.06511403013941494,21,29.726618727321725,35.194637590101884,False,0.1374565426158294,0.03720628221180344,-6.046387361005093,-0.9999861232749292,4841.796102152047,-29.681673420273597,24084.762246292576,169,0.32688588007736946,2.288201160541586,0.21301775147928995,0.025,61,True,10.050804261463604,4,-268.62799863170807,-0.2963585092454023,-0.11946754910279489,102.0540018841796,0.11315617930392169,-0.7185550451522363,-108.5109214857921,-0.11946754910279489,0.06511403013941494,7,18.558386838674544,20.460016221811564,False,0.3799082835892202,0.28888859064596956,-3.8183054589097454,-0.6015572540099462,5781.9688525320435,-18.33834573109889,11538.820881082986,169,0.32688588007736946,2.288201160541586,0.4319526627218935,0.05,0.001,150,1.25,0,6.8533134061691685,-0.11473754107152007,0.3356705978268514,0.4105076485672361,-0.24148133720776527,0.13772241371522448,0.29411764705882354,0,0,50,-44.6448062061144,315,11
True,False,5.0,6.0,80,2.2,-52.34438601753001,16,20,150,False,channel_reclaim,72,2,0.0,66.11832035900287,34.52437850888215,24,0.0,10.099117996494668,46,-639.021745174479,-0.6671540529296397,-0.16909512508874694,508.51051127041563,0.5318766992799171,-0.4640104601176576,-162.35450018967651,-0.16909512508874694,0.24425819969377066,7,16.328456236267733,17.698602214468437,False,0.7957640175946932,0.5654112756593871,-1.3534263952230532,-0.17669633611019758,2192.9398330184194,-10.553042512328975,10922.962723196528,65,0.12572533849129594,0.8800773694390716,0.4153846153846154,0.01,757,False,8.436222603369087,46,-706.6336815453653,-0.7124537507996598,-0.07336419484828971,618.9018656193215,0.6275727374854712,-0.25286715887735933,-74.45518982066847,-0.07336419484828971,0.24425819969377066,6,13.619307803237735,14.499550751345168,False,0.8758454087071258,0.7985649314682618,-0.5376469471146809,-0.07856013195343106,2536.35171312414,-4.839587338343481,5068.108014487379,65,0.12572533849129594,0.8800773694390716,0.47692307692307695,1.0,0.0005,50,1.25,0,6.830338328383149,-0.16392162099885724,0.7827505118790612,0.416541539268812,-0.7589264809314611,0.04057142507447366,0.1111111111111111,4,4,51,-44.719233305888956,134,11
True,False,5.0,4.0,55,1.8,-97.7377083291272,40,20,150,False,channel_reclaim,18,8,0.025,75.20491746042997,37.3002506277208,24,0.0,9.651692966718945,13,-390.53222686624923,-0.4245247564204174,-0.257710516552844,130.5532429303837,0.1461555378633866,-0.7237118565858461,-238.2149356949257,-0.257710516552844,0.07123861713272625,8,15.483970820170201,16.75118357593486,False,0.3342956968698412,0.13807865740276043,-3.0988156393284645,-0.30369818780281915,2148.639666386695,-15.483970820170201,10676.455204265716,65,0.12572533849129594,0.8800773694390716,0.2923076923076923,0.006,856,True,6.845080513094621,13,-391.8590408673092,-0.4160617656243728,-0.1717823998383052,201.8214611373178,0.219064585419403,-0.6634674130773579,-163.52038625014495,-0.1717823998383052,0.07123861713272625,8,11.503054503010949,12.150573754690013,False,0.515035867720756,0.32189741732547245,-2.069596909043147,-0.18436086255186507,2483.71305348906,-10.628825106259407,4951.123106916794,65,0.12572533849129594,0.8800773694390716,0.38461538461538464,0.08,0.001,150,0.5,0,4.168980734788534,-0.1279783916814801,0.5043351907004349,0.45005799623024506,-0.19574878893970452,0.1856226030986486,0.18181818181818182,2,2,52,-45.070122230723236,148,11
True,True,2.0,1.7,80,1.8,-94.80692916741583,8,80,200,False,trend_bb_reversion,48,2,0.018,67.14081190236804,24.431922358339722,48,0.0025,15.356884959550289,10,-663.9472318076122,-0.7619124828267871,-0.30781531945638513,141.08422425125784,0.16692262406721683,-0.7269530049218499,-270.3762977343868,-0.30781531945638513,0.07478443065516964,5,24.5964741776835,28.058021133974716,False,0.2124931282071207,0.2032542965459416,-3.2311965440501775,-0.4270349143811874,5193.266078544475,-24.33386679609482,26026.174671123852,90,0.17408123791102514,1.218568665377176,0.4888888888888889,0.04,80,False,8.132312640665948,10,-931.0134315588132,-1.0,-0.14124348080381846,348.7091887293253,0.3801444058510061,-0.6006747400786218,-134.74157893508254,-0.14124348080381846,0.07478443065516964,3,14.530903095862785,15.49922779024186,False,0.3745479677403526,0.6169025351017571,-1.3550105870771647,-12866450149916.838,7056.024952497269,-12.126742104157412,14125.578269549222,90,0.17408123791102514,1.218568665377176,0.6222222222222222,0.08,0.0,10,0.25,0,7.196401221755407,-0.19157805000521747,0.8416851524432464,0.5473877644543279,-0.5070496608701304,0.18956514018719017,0.3076923076923077,2,2,53,-45.17917631028752,160,11
False,True,5.0,3.0,55,1.5,-71.8408925382289,40,20,200,False,range_bb_reversion,48,4,0.018,62.23444006623842,27.265467111822463,48,0.0025,10.941611727149578,22,-720.7743684290776,-0.7948017711294233,-0.2935621188199713,183.74654987383275,0.20767753348948081,-0.7264201313146826,-268.5139092776225,-0.2935621188199713,0.12104117978886292,6,17.721918012323076,19.3750998421181,False,0.2549293619781555,0.2549293619781556,-2.6475408866862877,-0.36347207065297316,2309.5627333873845,-17.721918012323076,11624.780753968358,66,0.1276595744680851,0.8936170212765957,0.5,0.015,771,False,7.7766861300747,22,-741.8384336880501,-0.7948245715947596,-0.20034839204665097,330.1917704038897,0.35915860046921594,-0.7202074960592051,-189.58044976189933,-0.20034839204665097,0.12104117978886292,6,12.512309684285386,13.222993875078965,False,0.4450993038502213,0.4729180103408599,-1.7236756442554753,-0.23637411069325848,2732.667264176805,-12.512309684285386,5484.876634130692,66,0.1276595744680851,0.8936170212765957,0.5151515151515151,0.2,0.0,50,1.0,0,5.286235462862367,-0.1615617364145005,0.6262874078805706,0.5351256067165159,-0.5873594958735965,0.14408356151975193,0.2222222222222222,2,2,54,-46.764296528199424,131,11
True,False,2.5,3.0,40,1.8,-161.3237023887424,20,50,200,False,range_bb_reversion,96,6,0.018,63.53552647781126,27.22650450574716,48,0.001,23.61753313614723,22,-786.0536375829486,-0.9801898847990115,-0.3900363443176386,385.6230530597957,0.4889157372503635,-0.7519587195446454,-315.380095188,-0.3900363443176386,0.21419937142396647,6,36.92805996991995,45.67957962551551,False,0.4905810934805358,0.32939016276550265,-3.5311076334771023,-2.4526479604033002,5175.9257606530255,-36.89947113699605,25720.861009273944,117,0.2263056092843327,1.5841392649903288,0.4017094017094017,0.08,758,False,17.5469353407564,22,-830.8801533552087,-0.9765181821629286,-0.28053034294367296,634.7815755711872,0.7560472899360696,-0.7208186358465039,-242.11005711981883,-0.28053034294367296,0.21419937142396647,6,29.086822209193752,33.91861704741852,False,0.763986927606649,0.5129626513930354,-2.335161012152765,-1.4842706584154624,6641.02300917565,-28.326876683018764,13238.640522151021,117,0.2263056092843327,1.5841392649903288,0.4017094017094017,0.2,0.0,20,0.25,0,10.675692876946238,-0.16556882269117607,0.7217965275132306,0.4681704473567443,-0.3783425270048952,0.3370520480885821,0.375,2,2,55,-47.43512025951003,250,11
True,False,2.5,1.7,55,2.2,-147.41753537029274,20,20,400,False,channel_reclaim,18,1,0.018,72.59240564492717,39.081333326118056,36,0.005,18.438124485041524,8,-478.9939439552723,-0.5691314458752034,-0.27665230002548163,118.01938013788447,0.14275175817411934,-0.7426830461449947,-233.7093999480063,-0.27665230002548163,0.08912885808687243,11,30.14851259329288,35.688146703287124,False,0.24639013003660215,0.17182469594657782,-4.040810480793947,-0.5622752336125862,6289.685508255944,-30.14851259329288,31329.320168181282,129,0.2495164410058027,1.746615087040619,0.4108527131782946,0.01,391,False,8.664426024113709,8,-666.1488930711532,-0.7222195453573853,-0.1286879992115279,273.273094063571,0.2986547140134893,-0.6768667229454388,-119.97331915561583,-0.1286879992115279,0.08912885808687243,5,16.547469381574846,17.881949636729576,False,0.41022824912865535,0.5697614571231325,-1.7788418020352155,-0.2932551203398627,8425.330792857647,-15.476558171074444,16836.59827244242,129,0.2495164410058027,1.746615087040619,0.5813953488372093,0.12,0.002,10,0.0,0,8.536668631044796,-0.19829227666001803,0.5104111982929749,0.5278485200098303,-0.36954769785741504,0.24069002295724484,0.3333333333333333,2,2,56,-47.66015160007114,259,11
True,False,4.0,8.0,20,2.0,-201.27333970896595,20,80,200,False,channel_reclaim,12,8,0.025,70.52941377850459,25.40717105853997,24,0.0025,17.43769293919225,10,-369.21089440571785,-0.43361594439138645,-0.2812082617703884,241.91473974308747,0.281527797137912,-0.7412977586423627,-238.97100516089048,-0.2812082617703884,0.10581029897654928,19,29.154462629628647,34.30740793598738,False,0.6552210224795062,0.17745569358819968,-4.257366340873754,-0.6624293304082292,4586.608746038803,-29.154462629628647,22810.160518441746,122,0.23597678916827852,1.6518375241779497,0.21311475409836064,0.01,1120,False,11.252214485577673,10,-388.1472556572412,-0.42806932595858777,-0.173913965084949,297.2746658606302,0.3281978454215083,-0.7071737695187339,-157.80054432746476,-0.173913965084949,0.10581029897654928,9,19.826988490296984,21.956597931209977,False,0.7658811482700336,0.38766823554409113,-2.5774382415290473,-0.37863334025145945,5660.2509559763985,-19.25166640795066,11293.309888626596,122,0.23597678916827852,1.6518375241779497,0.3360655737704918,0.05,0.0,30,0.25,0,9.668823915309266,-0.1355869669988172,0.636506679610224,0.3629206699699496,-0.3955513776513957,0.0936146769626722,0.0625,3,3,57,-47.95432101717701,209,11
True,True,5.0,1.3,40,1.5,-75.57224105614597,12,10,150,True,trend_state_tp,72,1,0.005,66.01252908897081,33.192487779852904,6,0.005,8.373847781026267,3,-218.38862290296473,-0.23684765304936334,-0.11376837049786219,67.7262740746466,0.07408948181758694,-0.7187622023537634,-105.1348095159936,-0.11376837049786219,0.03497461519864614,9,15.234998384014753,16.49541101191669,False,0.31011814248555886,0.20318085197329705,-4.437397911909013,-0.8086060862737193,3358.055767770969,-15.139412570303145,16777.83975500336,144,0.27852998065764023,1.9497098646034816,0.3958333333333333,0.006,374,False,3.5649671107441283,3,-194.23643942167007,-0.1995147381309812,-0.04154647997843906,146.31150553612474,0.15044571069926593,-0.6331522507054727,-40.51688093377659,-0.04154647997843906,0.03497461519864614,4,6.567330365730076,6.767471855179773,False,0.7532649690848968,0.6197749745635224,-1.7399001506443097,-0.3183767025636682,3843.771906238542,-5.834430854463892,7683.554985009186,144,0.27852998065764023,1.9497098646034816,0.4513888888888889,1.0,0.0005,75,0.0,0,8.225648330700654,-0.08451547833134668,0.4094601083234467,0.35576557356058075,-0.16074270713208924,0.176086973330884,0.22580645161290322,0,0,58,-49.55028815636724,508,11
True,True,2.0,6.0,55,2.2,-158.93186900707198,30,14,400,False,trend_bb_reversion,18,1,0.005,77.09842243349613,37.39118926195582,48,0.005,18.0830957565794,11,-638.1430053362187,-0.7514392221077146,-0.3408877299993434,586.6959844577266,0.7001535535611695,-0.7370189787529707,-291.7238971116685,-0.3408877299993434,0.09565637843500685,11,29.033491215935257,33.96323389634845,False,0.9193801068909527,0.3625724365203757,-2.891849872500313,-0.6301687458133969,5872.022905209128,-28.880665814055202,29346.388746684144,99,0.19148936170212766,1.3404255319148937,0.2828282828282828,0.025,594,False,11.801778542875278,11,-717.9915006951893,-0.7794911912678005,-0.17291205175159596,852.591608590771,0.9362612319351781,-0.6408094409220465,-162.7348458971225,-0.17291205175159596,0.09565637843500685,9,18.213935502590466,19.70572671827893,False,1.187467550472751,0.6493963166647855,-1.2602109693801917,-0.32395700097503133,8152.995356681378,-16.110749743815177,16303.549160899003,99,0.19148936170212766,1.3404255319148937,0.35353535353535354,0.05,0.001,10,0.5,0,9.474520409216025,-0.1442068348784085,0.8651764198785173,0.394282832750325,-0.5807917173023315,0.0,0.0,3,3,59,-50.44608920450692,165,11
True,True,3.0,3.0,55,1.8,-28.87199107624335,8,50,400,False,channel_reclaim,36,4,0.025,58.91110132067758,26.41657929928702,6,0.0025,6.247561273448538,17,-739.2403323279493,-0.7699658477944341,-0.17972885321730991,413.48238257533586,0.4301827078457183,-0.6096583356090837,-172.32752171977629,-0.17972885321730991,0.08783947135143848,5,12.378409413343155,13.082168328297046,False,0.559334176577236,0.5412911386231318,-1.433975127125226,-0.2003168903579635,2363.7044288016873,-10.511978824906386,11804.238899548998,61,0.11798839458413926,0.8259187620889749,0.4918032786885246,0.015,461,False,4.330951648605375,17,-802.6572015370672,-0.797487221063214,-0.06384388492215938,602.8327294830585,0.6010203884556714,-0.3320414251925057,-65.35100821503397,-0.06384388492215938,0.08783947135143848,5,8.532325114069538,8.767207646614473,False,0.7510463100918423,0.8287407559634123,-0.4619873536122291,-0.07372937691788213,2822.6729159276124,-3.9864115011170655,5644.1639858425615,61,0.11798839458413926,0.8259187620889749,0.5245901639344263,0.12,0.002,75,1.0,0,10.224700464365723,-0.09617564936848769,0.7787672935076699,0.4512193362193362,-0.408988018574629,0.0,0.0,2,2,60,-50.953791077893385,142,11
True,True,5.0,2.2,55,2.2,-150.17270178586108,16,10,400,False,trend_bb_reversion,8,6,0.0,68.5823169024966,40.93223895280976,12,0.0,16.492661934139235,6,-313.86361144417293,-0.36267063348492884,-0.2369211923754961,83.94989868722617,0.09964348824092704,-0.7341752622075236,-205.65833668843237,-0.2369211923754961,0.0685792569908937,11,25.792696348418104,29.730835423326482,False,0.26747254420781547,0.099934796736986,-4.628869743195751,-0.6417776574658914,4035.0702120197334,-25.707292086054,20167.564934225837,125,0.24177949709864605,1.6924564796905224,0.272,0.04,613,False,10.62880771746341,6,-332.6057952467479,-0.3634788356288714,-0.14305097400493977,160.00754218221346,0.17678553109645115,-0.7030466072188852,-131.6195535757317,-0.14305097400493977,0.0685792569908937,7,16.963296668585503,18.495727224192514,False,0.48107262251251454,0.33155005065051674,-2.8868069449153766,-0.36463437824424016,4862.632649096185,-16.452444196966507,9722.066690338144,125,0.24177949709864605,1.6924564796905224,0.408,1.0,0.0005,30,1.0,0,4.1436347221197956,-0.10236723013269118,0.4598316523173441,0.39079773425748654,-0.23020192900665526,0.059326689986321596,0.16666666666666666,0,0,61,-51.35474477491927,215,11
True,False,5.0,3.0,55,1.5,-90.69216352129615,30,10,200,False,range_bb_reversion,120,6,0.0,67.71622465808257,35.2418005418707,18,0.001,13.143645959004429,32,-739.2072261883809,-0.8333431294979295,-0.3300088038247264,228.33544832724314,0.26214922637904187,-0.7121514290719383,-294.6605919514726,-0.3300088038247264,0.19647030381174954,4,22.39804710737548,25.184628405384863,False,0.30889233795051363,0.2625584872579366,-2.88708490309805,-0.44886569000490273,2482.8355036594185,-21.80488380440899,12317.392160389718,74,0.14313346228239845,1.001934235976789,0.4594594594594595,0.025,776,False,10.40062272969302,32,-788.0644628046134,-0.8625684956556594,-0.25148545907122377,355.75164673523034,0.39354663510123616,-0.679171312138241,-231.61338248793265,-0.25148545907122377,0.19647030381174954,4,18.31381034846299,20.041634669063054,False,0.4514245515768583,0.4276653646517603,-2.1077105229683273,-0.35981029661454617,2898.794789763551,-17.139390304107057,5769.074502414368,74,0.14313346228239845,1.001934235976789,0.4864864864864865,0.05,0.003,10,0.0,0,8.259199214285546,-0.19075061432511806,0.6320029977176032,0.5679619019539968,-0.5267691312296846,0.20960078119234157,0.3333333333333333,2,2,62,-53.09027517022864,136,11
True,False,4.0,12.0,20,2.0,-322.61519661290464,55,20,400,True,trend_state_tp,12,4,0.025,63.89149933656357,30.885412863357637,24,0.001,33.4378092338554,7,-316.54852421122285,-0.4286426000527565,-0.2695195249544217,288.5224015331594,0.39464635371688855,-0.7644157321627266,-199.60204276482966,-0.2695195249544217,0.14086550084616004,29,47.84568992323477,64.79729228203844,False,0.9114634233474975,0.21837144517700455,-5.801515141050584,-1.6919246966095607,8268.45397614077,-47.50528617802948,41146.13345222525,238,0.46034816247582205,3.2224371373307545,0.19327731092436976,0.04,1117,False,19.23931024031217,7,-304.88948163871527,-0.36289608973488374,-0.15280793525133152,416.7923283306456,0.49918978555969273,-0.7019874146514354,-129.01744391508953,-0.15280793525133152,0.14086550084616004,21,32.5205514205449,39.061983417708475,False,1.3670275736981041,0.44048666263605585,-3.2094590244711547,-0.8793150931464584,10998.212165195451,-30.706151651791323,21957.017447729573,238,0.46034816247582205,3.2224371373307545,0.24369747899159663,0.04,0.003,20,0.0,0,12.163604913603947,-0.10009071290874894,0.7790110156948497,0.28711995184836686,-0.24507634153439167,0.17084690923527776,0.13043478260869565,1,1,63,-53.230720807269286,399,11
True,False,2.5,2.2,55,1.8,-182.07323469611674,12,50,100,False,range_bb_reversion,48,2,0.025,69.70868277601488,30.00242481978506,18,0.0005,26.022986411618216,15,-707.057222384902,-0.891745582526053,-0.3902627190164142,321.69801088307946,0.4232539262325551,-0.7280279202977593,-314.7353113928752,-0.3902627190164142,0.1445724877105327,8,38.40787571170752,48.1037040825963,False,0.4549815781500583,0.28046809611989904,-3.7357452083594525,-1.0341223143895104,5313.745588624005,-37.1387667443593,26409.467448498403,118,0.22823984526112184,1.597678916827853,0.3813559322033898,0.025,791,True,19.762251330414912,15,-810.2774729493865,-0.9597945421587126,-0.2678704754678729,526.7664353062272,0.6411278082240148,-0.6584660390838001,-232.40256344907894,-0.2678704754678729,0.1445724877105327,6,30.77434412845232,36.362098400439756,False,0.6501062326079641,0.4948569830299429,-2.345956712576929,-1.2972630147622781,6894.713925883318,-27.423502486991403,13748.343152862786,118,0.22823984526112184,1.597678916827853,0.4322033898305085,0.12,0.003,75,0.5,0,13.116798434013004,-0.17818606308236015,0.7257774006201106,0.4317520655153274,-0.4305162224575774,0.3273589327818877,0.2727272727272727,3,3,64,-53.60289190899576,240,11
True,False,5.0,8.0,80,2.2,-138.55602859875026,20,8,150,False,range_bb_reversion,36,2,0.005,63.03285508843869,32.06530181350701,6,0.0005,13.213102671176824,27,-565.7393190713392,-0.6290434223721714,-0.29958324086677446,397.50283012814833,0.4491898989182184,-0.6800610310409868,-271.41532903816244,-0.29958324086677446,0.15706342171004917,14,20.938665364201757,23.333254912020944,False,0.702625426107291,0.309155187487208,-2.5636652626116576,-0.3402079759604211,2063.7324385486636,-19.541903690747755,10231.090159454892,72,0.13926499032882012,0.9748549323017408,0.3055555555555556,0.08,1127,False,11.174593285859496,27,-624.8084614172817,-0.6786430993308705,-0.23008856212911505,430.8385939820922,0.4747828534736436,-0.6283979950981295,-214.27905098419188,-0.23008856212911505,0.15706342171004917,6,17.766545441293104,19.387536795690497,False,0.6895530720003396,0.4388065003638525,-1.876957005619573,-0.26648568574126275,2344.4678058273157,-15.428091670861846,4662.734680367835,72,0.13926499032882012,0.9748549323017408,0.3888888888888889,1.0,0.003,75,1.5,0,4.9512405801185855,-0.1457332542285307,0.676486085591766,0.445405352223534,-0.4652576257783545,0.1144961033079057,0.14285714285714285,2,2,65,-53.60531403283084,137,11
True,False,4.0,1.7,55,1.8,-135.14550014266808,20,50,100,False,range_bb_reversion,18,3,0.008,61.04162221724432,23.024556596472085,3,0.005,13.494541245498905,9,-566.9861586024829,-0.641048974046312,-0.39534226564465225,91.9602216446109,0.10777147060636545,-0.7280412009791651,-350.7693775839052,-0.39534226564465225,0.05028608268192441,7,22.582101396856306,25.473520653301517,False,0.16219129911614777,0.079209704219514,-3.593068673993138,-0.4128229772252975,2381.1229372698654,-22.449240165369936,11805.067523966098,64,0.12379110251450677,0.8665377176015474,0.328125,0.015,366,False,10.882037164403478,9,-657.9703260157265,-0.7268191734185742,-0.31434533587309105,191.52352146935132,0.2159781695425302,-0.7129235897254141,-286.316767741005,-0.31434533587309105,0.05028608268192441,5,18.69018200123101,20.568670759074244,False,0.29108230857324957,0.22639735111252737,-2.8392536080850173,-0.37057439049270335,2808.6077380792276,-18.32427313542434,5586.144427279892,64,0.12379110251450677,0.8665377176015474,0.4375,1.0,0.0,20,0.25,0,5.088592330949554,-0.19030731830103284,0.5569806101506658,0.554450852178125,-0.5378444712807009,0.07974175978039742,0.3,2,2,66,-53.795785615588656,138,11
True,True,3.0,12.0,80,2.0,-231.52673548384004,8,30,100,False,channel_reclaim,48,3,0.005,73.7067858631133,33.06851997535117,3,0.0,25.910858173994907,30,-627.9778381077572,-0.7825041559593398,-0.3537439847699065,749.0815359032164,0.9093603033286943,-0.7265603462079956,-278.9970378447022,-0.3537439847699065,0.3539366588766218,15,42.52566015314096,54.82467685223996,False,1.192847088617606,0.40491139705368256,-3.124212425214733,-0.9394835885157614,6369.346997987789,-40.733567525326585,31873.013829002633,146,0.28239845261121854,1.97678916827853,0.2534246575342466,0.08,859,False,20.59091282246673,30,-731.7043328120845,-0.831655447318184,-0.23428082622863244,912.0061952468661,1.0240189075557422,-0.6329420849794345,-202.56464227255935,-0.23428082622863244,0.3539366588766218,8,34.664649627918884,41.871988448243364,False,1.246413550322773,0.5917316855067708,-1.8197198803049537,-0.6893649572633523,8425.898985369018,-29.574437771793686,16870.00206997222,146,0.28239845261121854,1.97678916827853,0.3219178082191781,0.12,0.002,10,1.25,0,13.493026087318245,-0.14534836600355847,0.7561034351908273,0.37201544667453756,-0.5332078699889073,0.048970436939576166,0.20833333333333334,3,3,67,-53.98193937728832,257,11
True,False,5.0,3.0,40,2.2,-238.3930755785463,40,50,80,True,trend_state_tp,36,4,0.0,73.00455491484132,26.876756229694404,24,0.005,28.093139190429,7,-277.63992871271483,-0.36374159532859907,-0.227360530164692,157.36107450357449,0.20678586060707874,-0.7631844342897323,-173.6556251550361,-0.227360530164692,0.15601579498750906,14,43.587561913914215,57.06749307133766,False,0.5667811371123146,0.17804643050648633,-6.665177208097917,-1.8081258134213203,7624.981076607411,-43.587561913914215,37945.14204288027,251,0.48549323017408125,3.398452611218569,0.23904382470119523,0.08,85,True,14.585335881642594,7,-262.44429904266906,-0.303158654362777,-0.12625037927840915,273.6069599536642,0.3135632490563387,-0.738725425010255,-108.67660721901967,-0.12625037927840915,0.15601579498750906,12,27.27782841197398,31.68884519888069,False,1.042533447865752,0.41934306282868244,-3.8773217795610226,-0.957483561958099,9811.336427524062,-27.27782841197398,19587.748356104705,251,0.48549323017408125,3.398452611218569,0.2868525896414343,0.08,0.002,100,0.25,0,9.298468430819861,-0.11721030240036562,0.4987999598363114,0.3120001562508439,-0.2695797008470764,0.09373109397814051,0.16666666666666666,1,1,68,-55.42971937458347,492,11
True,False,5.0,1.3,40,2.0,-149.58959438863053,20,80,100,False,range_bb_reversion,12,1,0.008,69.74993774213746,26.885497041752696,12,0.001,14.382555270726447,6,-397.2775229062601,-0.45411644442039645,-0.30719762505871995,45.60080818785373,0.054448699523868355,-0.7301693843698011,-269.3348939235161,-0.30719762505871995,0.046820855830445644,10,24.389725327579768,27.84549536859479,False,0.11478325744246422,0.046630698336001086,-4.089274039022022,-0.4575765049116305,2761.3671574052632,-24.240140453116442,13699.24743240103,90,0.17408123791102514,1.218568665377176,0.28888888888888886,0.04,224,False,10.81252844747668,6,-505.7738309923884,-0.559830854035153,-0.22984832748763467,102.04733762963465,0.11513340481204351,-0.7048737769663218,-208.61681522162155,-0.22984832748763467,0.046820855830445644,6,19.383970965362984,21.439375884587562,False,0.2017647639645682,0.19299238292263038,-3.1048382087427155,-0.33911521201213307,3201.6162760088405,-18.77551336994597,6372.047950433235,90,0.17408123791102514,1.218568665377176,0.4888888888888889,0.05,0.003,100,1.5,0,4.557097075687956,-0.12480998009383057,0.3849748034880425,0.5522024758866864,-0.2111025165531348,0.08959095384102174,0.3181818181818182,0,0,69,-55.633553792530115,159,11
True,False,4.0,1.7,20,1.5,-147.9577844247537,30,20,80,False,range_bb_reversion,120,1,0.0,74.3827760253651,29.02265503643049,48,0.0,27.427671664381528,15,-548.959898109058,-0.6986828611310183,-0.2729867359947674,84.61722680656078,0.11238028254962834,-0.7528499545370703,-216.4194181809708,-0.2729867359947674,0.22548150535901362,5,39.3385118262921,49.69154174069162,False,0.15414099845550186,0.1702720331775893,-4.465709373421398,-0.7082771399976822,5965.347299400706,-39.17191469075577,29660.615011236958,181,0.35009671179883944,2.450676982591876,0.5248618784530387,0.04,746,False,18.37798379203648,15,-835.550419633806,-0.9838141321806605,-0.1722617221455086,182.57126210468877,0.22021034500263864,-0.6837386726100536,-149.30265625205806,-0.1722617221455086,0.22548150535901362,4,29.183455639674865,34.19351406342506,False,0.21850418336777774,0.4518222096757436,-2.712452373622849,-1.571844105210791,7470.000433633989,-27.02378078162251,14900.874694949383,181,0.35009671179883944,2.450676982591876,0.6740331491712708,1.0,0.001,30,0.0,0,12.326853156856679,-0.19336357114942268,0.47449618470439603,0.6161045478090933,-0.3819608991382625,0.07384108213927076,0.375,0,0,70,-56.042313211788056,322,11
True,True,4.0,12.0,55,2.5,-251.49090004050464,55,8,150,True,trend_state_tp,120,6,0.012,72.98961809649687,27.34456957462744,48,0.0005,31.75491209427205,7,-357.3533204995185,-0.4823772113167326,-0.2902430001566451,285.71036779379386,0.3965346056921783,-0.7683209693196132,-216.77660724470138,-0.2902430001566451,0.12265291320815537,13,46.60697055761082,62.402245033678724,False,0.7995178760181098,0.223674643886019,-5.249063282566764,-1.3241672413719934,8000.221958115619,-46.60697055761082,39975.49587192354,215,0.4158607350096712,2.9110251450676983,0.2186046511627907,0.025,1182,False,18.026993590704937,7,-393.2355930219479,-0.4677053153004039,-0.1660745168777849,381.75177643658594,0.45873213699764,-0.7428907080235925,-140.91412389591363,-0.1660745168777849,0.12265291320815537,12,30.296536637621468,35.706021128723755,False,0.9707965993182082,0.46866042725706586,-2.837947205522612,-0.7196173990302221,10720.961944035233,-30.296536637621468,21435.69997058557,215,0.4158607350096712,2.9110251450676983,0.32558139534883723,0.03,0.002,20,1.5,0,22.600122782556216,-0.11823667937826322,1.1493476293502702,0.31530944496835994,-0.3530872794210062,0.19688031642417805,0.140625,2,2,71,-56.49604600461028,325,11
True,True,4.0,4.0,30,1.5,-164.84959290272155,30,8,150,False,range_bb_reversion,120,6,0.025,61.243867416834405,42.55486047526596,24,0.001,30.390711581320048,30,-636.9904259010397,-0.8370814242945477,-0.25626233996750264,268.62696900395787,0.37346782514497767,-0.7250859984769225,-202.47702935571257,-0.25626233996750264,0.4804577322910791,8,41.88267930624636,53.8176727298428,False,0.42171272609627997,0.38895833960336507,-3.5784938296186737,-0.9853941263168953,6744.5720098190395,-40.09045181243104,33733.5823518769,198,0.3829787234042553,2.6808510638297873,0.4797979797979798,0.025,147,False,19.406891452399126,30,-719.2803566401435,-0.8596383724741075,-0.1444820456787212,451.72376809374015,0.5563711545807574,-0.6163085216708389,-127.86413202707092,-0.1444820456787212,0.4804577322910791,8,30.237782765757277,35.52943451672214,False,0.628021833105249,0.6408386052094376,-1.8509391820690286,-0.5674883620904113,8679.541481065306,-25.317098141360095,17364.19903844592,198,0.3829787234042553,2.6808510638297873,0.5050505050505051,0.08,0.002,75,1.25,0,13.732751247622112,-0.18999287431218298,0.6430022040836079,0.5030280455402797,-0.7857384750361253,0.07634520808864266,0.07692307692307693,1,1,72,-57.424641407717864,399,11
True,True,5.0,6.0,40,2.5,-172.14690657161498,12,8,400,False,range_bb_reversion,48,8,0.005,61.70056492236496,35.02136272538714,3,0.0,25.69750828054295,32,-596.1406418306129,-0.7479852795574892,-0.33567514769598433,331.5056067410028,0.4351655336103071,-0.7448907008934531,-272.86997944959535,-0.33567514769598433,0.3491820452897091,8,36.3243187073075,44.78886531681646,False,0.5560862378431777,0.2974414760556532,-3.7153624058813874,-0.805451229106942,3897.5301545322204,-36.01883728734657,19448.64455722004,132,0.2553191489361702,1.7872340425531914,0.3484848484848485,0.08,1108,False,20.601135591192186,32,-631.4141404188589,-0.7567945900537962,-0.2543418970451015,459.6072880261435,0.5696805194891579,-0.711227168470281,-218.148447826055,-0.2543418970451015,0.3491820452897091,8,29.992979394816864,35.30992764165776,False,0.727901481143985,0.44384236655121045,-2.665314446285556,-0.6005676614444753,4644.510948571619,-28.795595113039234,9269.584419426705,132,0.2553191489361702,1.7872340425531914,0.3787878787878788,0.12,0.0005,150,1.5,0,8.556508752650624,-0.1604725787567755,0.6324945126207395,0.42708633654634265,-0.4435427610088826,0.12154199589708685,0.18181818181818182,1,1,73,-57.77797057692369,254,11
True,False,4.0,12.0,55,2.5,-150.7278416922319,55,20,100,False,trend_reclaim,120,6,0.0,72.39560148133017,43.56145974492559,24,0.0025,15.305354296329073,60,-840.9165250758397,-0.9124622301664321,-0.387112178835359,848.2505123280578,0.8737279443592166,-0.6182192696655648,-344.1026905452816,-0.387112178835359,0.33121121766459827,9,27.765175929344565,32.27928153517483,False,1.0087214212511244,0.4203005921879687,-2.2553524463812233,-0.7195305639031192,2723.3417186288425,-23.398982957079163,13513.151324703986,68,0.13152804642166344,0.920696324951644,0.29411764705882354,0.006,817,False,13.520415951930811,60,-863.2084661976378,-0.9031493855806759,-0.29993673367446666,1132.7087334237417,1.1477736309004356,-0.5480767047541905,-276.1739957207614,-0.29993673367446666,0.33121121766459827,9,24.93537048879618,28.398148349246227,False,1.312207627449752,0.5467531781040633,-1.5801593309522035,-0.507465441790844,3265.109768982612,-18.779831709011834,6499.154031813552,68,0.13152804642166344,0.920696324951644,0.29411764705882354,0.08,0.002,100,0.0,0,11.388521681764589,-0.163346503500537,0.918807951716749,0.3379432436250618,-0.9999999999999999,0.0,0.0,5,5,74,-58.23226208315208,120,11
True,False,5.0,12.0,55,2.5,-168.2838873247174,30,8,100,True,trend_state_tp,8,6,0.018,62.09607277304862,31.22923589453307,36,0.005,16.786130416440546,6,-307.7875394538447,-0.360174755836754,-0.23260617834066485,244.98196065355697,0.29184241803214633,-0.7390949564795432,-199.63698508500528,-0.23260617834066485,0.0775243774679668,12,27.549903941730708,32.09965261101172,False,0.7959450245720361,0.19360824922022501,-4.450335796638533,-0.8137714597961475,4591.449208212035,-27.549903941730708,22842.4508672957,138,0.26692456479690524,1.8684719535783367,0.1956521739130435,0.006,84,False,9.413574588090732,6,-303.035121154617,-0.33087090795457086,-0.12969122298222022,299.9000602466793,0.3301480569545812,-0.7203949088056157,-119.53310942378769,-0.12969122298222022,0.0775243774679668,9,16.5993789878424,18.032770575874807,False,0.9896544634958727,0.43297382777944415,-2.4561581024610213,-0.4314556411112727,5566.9103103500065,-16.495569100482697,11111.964036340745,138,0.26692456479690524,1.8684719535783367,0.30434782608695654,0.04,0.001,50,1.5,0,6.986487572070365,-0.1285828150259379,0.624119624724083,0.30637422613229065,-0.49287782773885136,0.013654742984475136,0.16666666666666666,2,2,75,-58.323583845748345,190,11
True,False,3.0,1.7,80,1.5,-132.925026792611,30,30,50,False,range_bb_reversion,96,8,0.0025,62.85300310190548,23.318005983470623,12,0.0,18.255280660795375,16,-762.2091334755074,-0.8952324749705162,-0.39671074345771745,135.49368420134854,0.1674059527278178,-0.7212629621524939,-341.0646017258713,-0.39671074345771745,0.10444032557015069,6,28.313222798744057,33.08879266983414,False,0.17776444580705414,0.1570941614108851,-3.570526813076972,-0.6838147858437732,3224.308564495253,-27.626232739795597,15999.323136573608,81,0.15667311411992263,1.0967117988394584,0.4691358024691358,0.04,938,False,15.011052366176163,16,-861.1230268425157,-0.9800330867228078,-0.30499485135121335,274.451572884414,0.3218263672081242,-0.6753793624528144,-272.3065677248485,-0.30499485135121335,0.10444032557015069,3,23.900958076601007,27.103506751742945,False,0.3187135453696402,0.34322997193653554,-2.6426389580748673,-1.2417620932589197,3913.3754671011825,-22.056831985712705,7790.422609029495,81,0.15667311411992263,1.0967117988394584,0.5185185185185185,0.08,0.001,30,1.25,0,9.841201055488336,-0.19768044469829285,0.5687222136112939,0.5980988263073824,-0.5084286783312616,0.1835426815191721,0.35714285714285715,2,2,76,-59.30994163338859,160,11
True,False,2.5,1.3,20,2.2,-186.53659533306575,12,8,300,False,range_bb_reversion,48,2,0.012,69.54768498500509,23.465606913639796,6,0.001,17.40279125646207,7,-561.6462948709176,-0.6587857643308762,-0.47051237590634243,69.31223218027027,0.08384815667700662,-0.7355602706185023,-401.684978153715,-0.47051237590634243,0.04182448223063905,9,28.708111977440737,33.67058010586597,False,0.12340904375804741,0.04191250542726137,-4.037892840157614,-0.47110930808297957,3539.1585635227884,-28.519633448913766,17570.705198944645,71,0.13733075435203096,0.9613152804642167,0.2535211267605634,0.08,926,False,14.3183078891846,7,-885.0679993636197,-1.0,-0.36080866096049313,170.34097592615555,0.19427855452118395,-0.6897924164744261,-320.2012238564161,-0.36080866096049313,0.04182448223063905,4,24.14900402138137,27.467445369807315,False,0.19246089119551704,0.22162163228574677,-3.038541945950408,-25789992851193.246,4480.196782401994,-22.73428689380556,8923.848063612963,71,0.13733075435203096,0.9613152804642167,0.5352112676056338,0.08,0.002,50,1.5,0,7.345189101258904,-0.21746659517116998,1.2288231587702947,0.6000492928124507,-0.45907431882868144,0.1393370462632939,0.3157894736842105,1,1,77,-59.59364548013579,127,11
True,False,5.0,4.0,14,1.8,-149.47029717468624,8,8,50,False,range_bb_reversion,12,6,0.012,62.647956107665564,28.206221518989615,3,0.001,16.215419020838905,10,-391.6701802997405,-0.451357720694691,-0.23097090669514664,195.05523325562194,0.22554463658962356,-0.721107471673785,-200.64330146776197,-0.23097090669514664,0.1066161656861955,13,26.4479900808579,30.56476593693131,False,0.49800889387685454,0.24041808669917125,-3.722179434609816,-0.5401967265416775,3900.83784720838,-25.88298588934135,19394.213797474928,129,0.2495164410058027,1.746615087040619,0.32558139534883723,0.04,258,False,11.266697006165835,10,-416.1040909432939,-0.455772311980993,-0.14439067985096946,273.45136931267547,0.30211883037321535,-0.6476249935814624,-132.79835921022118,-0.14439067985096946,0.1066161656861955,7,19.19620494657259,21.168124860802386,False,0.6571705860732359,0.458290013972125,-2.272408739152962,-0.3204103287236116,4609.188507027634,-17.130988338118506,9193.320100474177,129,0.2495164410058027,1.746615087040619,0.4108527131782946,1.0,0.0,100,1.25,0,7.356564335737311,-0.14225196164599632,0.4560578865405001,0.37832229894014796,-0.3065235139890546,0.059475508434459125,0.16666666666666666,1,1,78,-60.09931209970841,236,11
True,True,5.0,8.0,40,1.5,-170.17217055541911,10,50,100,False,range_bb_reversion,36,2,0.018,75.35804259365284,37.30048553744214,12,0.0,28.296293073406364,25,-524.5966388815639,-0.6776846719080335,-0.23803964874620998,309.86852561240687,0.42142788599652514,-0.7544790735498162,-190.81057308397558,-0.23803964874620998,0.4109114352486099,11,38.16211461679522,47.607929749242,False,0.5906795862684981,0.393786390845665,-3.4847200580583677,-0.8356674908319754,5715.167200282171,-38.16211461679522,28522.76190825726,200,0.38684719535783363,2.7079303675048356,0.4,0.015,914,False,19.222472437979327,25,-582.6706967558349,-0.6959749937105488,-0.14664901494576607,436.67247591993004,0.5384654080080642,-0.6549010034404152,-129.06298491511944,-0.14664901494576607,0.4109114352486099,7,29.038820368352976,33.90429273689712,False,0.7494327041864529,0.6008964925458947,-1.995600535914818,-0.5110258427422117,7037.140850936854,-25.812596983023905,14056.250360896232,200,0.38684719535783363,2.7079303675048356,0.445,0.2,0.003,50,1.5,0,11.672371730912719,-0.14703626502436168,0.6448906287214343,0.43921413375461377,-0.4713487063177711,0.11217675090186696,0.25,0,0,79,-61.19994492073381,364,11
True,False,4.0,1.3,40,1.5,-137.44815892100294,20,8,300,False,range_bb_reversion,96,3,0.005,65.26762547528142,23.719457237712252,3,0.005,14.62299665037924,12,-427.64954930245034,-0.4896288803870762,-0.2918454824506784,50.05018846352099,0.05851367960808337,-0.7283272724522616,-255.28366454153283,-0.2918454824506784,0.09622048513175921,9,25.001691938369504,28.627581474332278,False,0.11703552253278199,0.0660684401394737,-3.711342393590783,-0.37864945585432436,3612.2759850140133,-24.762515460528682,17955.548860426916,97,0.18762088974854932,1.3133462282398451,0.36082474226804123,0.08,117,False,10.11872136116167,12,-915.7255801669132,-1.0,-0.19218087937938488,123.33744930545059,0.13562977826376335,-0.6754132729640863,-176.59827054224206,-0.19218087937938488,0.09622048513175921,3,18.405365781688605,20.193708826902288,False,0.13468822098752484,0.33191025886211467,-2.399143521380177,-22125545685830.406,4361.8097508303745,-17.130032242597473,8698.066776054346,97,0.18762088974854932,1.3133462282398451,0.711340206185567,0.12,0.0005,30,0.25,0,7.087159826017195,-0.18819419724299724,0.4323919700119592,0.6518196715565137,-0.33843984027747887,0.07084062412179751,0.2857142857142857,0,0,80,-62.10323181291622,186,11
True,True,5.0,1.3,20,2.0,-320.16292242979944,16,8,100,False,trend_bb_reversion,8,3,0.0,69.11664811675487,34.552455362465906,6,0.001,17.445720192906183,5,-235.72627991548836,-0.27863440796365835,-0.21626308737841146,72.33968838021511,0.08866336881612857,-0.7413091687865276,-183.41319095961418,-0.21626308737841146,0.0725280038681602,46,29.162697362578722,34.385830893167416,False,0.3068800322397233,0.06277091568539797,-5.604440840704591,-0.885175387100635,4966.991271930743,-29.162697362578722,24793.986451489156,159,0.30754352030947774,2.1528046421663443,0.16981132075471697,0.015,675,True,9.807598735767579,5,-248.02085403798458,-0.27294751466193845,-0.12297112362243436,95.01847546150306,0.1055643293901433,-0.7208224705745861,-112.09961027403664,-0.12297112362243436,0.0725280038681602,13,17.965337932020613,19.724991739545416,False,0.38310679894260385,0.2514138368060839,-3.464989496767727,-0.4468223194030758,6070.475106838589,-17.82383803357181,12130.185021239357,159,0.30754352030947774,2.1528046421663443,0.39622641509433965,1.0,0.001,75,0.0,0,7.104479415761614,-0.14064552051482643,0.3090670008049701,0.3814326637079785,-0.28773647678659414,0.02919759876342025,0.14285714285714285,0,0,81,-62.4720600780035,350,11
False,True,4.0,1.7,20,1.5,-92.59306912690192,30,50,200,True,trend_state_tp,8,4,0.0025,61.944128999524324,32.92735968669542,12,0.005,12.013785267212757,5,-349.07534972223476,-0.39026600769162434,-0.1776905729403737,133.5664617227664,0.15201826463299464,-0.7248586676349246,-159.8797596357943,-0.1776905729403737,0.05036666935288903,7,20.105279850683146,22.36318914711089,False,0.3826293143559049,0.24669521583472823,-3.7892760078549026,-0.6124768889159935,3442.5656480545995,-19.98496995447432,17295.559090674527,125,0.24177949709864605,1.6924564796905224,0.392,0.08,890,False,6.925727172168809,5,-329.06265273466397,-0.35014444158303454,-0.09477057117382306,234.85388447791613,0.252152422589634,-0.6817740566703713,-89.96204095653003,-0.09477057117382306,0.05036666935288903,7,11.855038566486483,12.53801798291467,False,0.7137056804416148,0.5253666814361887,-2.033437716864118,-0.31064881802643335,4041.0538666147904,-11.245255119566268,8096.51970500929,125,0.24177949709864605,1.6924564796905224,0.424,0.2,0.0005,100,1.0,0,6.054544826860619,-0.1522507472810204,0.3880353715171141,0.3623721027825847,-0.3913899110266312,0.07764915723723989,0.16666666666666666,0,0,82,-64.06305460050268,284,11
True,False,3.0,12.0,14,1.5,-282.9496440962969,20,50,80,False,range_bb_reversion,36,3,0.008,73.05515342727297,37.294164582788746,12,0.01,45.179272565048215,23,-559.5222258831244,-0.8221487663574547,-0.32101368632561966,449.22249757736967,0.7007812171159146,-0.7375765684396118,-227.58485961620974,-0.32101368632561966,0.4390361834152631,13,56.3530170522702,82.06609886358612,False,0.8028680127377198,0.39376329287136547,-3.8538028633063366,-1.5350875518969882,8275.464118887909,-53.25485715019311,41152.327952655614,234,0.4526112185686654,3.1682785299806575,0.32905982905982906,0.08,351,False,33.19036823401726,23,-630.986798841097,-0.8311405745608099,-0.20488076038199374,664.7725572489016,0.9134403363658924,-0.6459941749208619,-165.84241460366152,-0.20488076038199374,0.4390361834152631,13,45.384396238690144,59.461185206818215,False,1.0535443189459073,0.589984818609708,-2.1836782605047116,-0.9564753629510226,11089.699992637972,-38.80712501725679,22123.942761297694,234,0.4526112185686654,3.1682785299806575,0.358974358974359,0.2,0.003,20,1.25,0,21.676425433730486,-0.14018101961577953,0.7381764602079806,0.40489863696114337,-0.44923426301750047,0.23409203859233763,0.2765957446808511,2,2,83,-64.45378666056631,464,11
True,False,3.0,3.0,80,1.5,-129.00596318429683,20,30,50,False,range_bb_reversion,96,8,0.0,67.29921935302168,24.014150842402618,6,0.0005,17.55491772183545,24,-841.9213716339033,-0.9852633651350644,-0.37808831844220636,363.29298481893875,0.43726102997391736,-0.7161827443225661,-327.50060973330005,-0.37808831844220636,0.16197920863889112,6,27.678896599363732,32.14664661835283,False,0.4315046476536186,0.3213332482526949,-2.9582257705248742,-1.9233749979240502,3288.2996472682858,-26.855049998130635,16323.483402913258,82,0.15860735009671179,1.1102514506769825,0.4268292682926829,0.025,356,False,14.392317821648593,24,-871.1068810813414,-0.9834317102593509,-0.28107176130100253,574.607013239761,0.6620973130144941,-0.6562148978760964,-254.03387740770017,-0.28107176130100253,0.16197920863889112,6,23.182099894807894,26.081437741900743,False,0.6596286009432933,0.4912127879364952,-2.0468645141331154,-1.2717699652065355,4003.9802018252303,-20.830777947431343,7974.271398053868,82,0.15860735009671179,1.1102514506769825,0.4268292682926829,1.0,0.002,30,1.25,0,8.65413385531355,-0.16212492702135423,0.7245571815417434,0.5041250416250416,-0.5290465891165304,0.2692134023161992,0.26666666666666666,1,1,84,-64.50284243462583,169,11
True,False,5.0,2.2,20,1.5,-265.75592121572583,40,50,100,True,trend_state_tp,48,4,0.008,73.04788649289603,36.86077586536966,24,0.001,32.36149778116717,5,-284.3865328314207,-0.3842872935658197,-0.2524606959799141,65.56399689080526,0.09028845774344058,-0.767473610697058,-187.1780523530246,-0.2524606959799141,0.110564912563462,15,47.28123983455109,63.833160645066364,False,0.23054536457136116,0.08867129406590812,-7.312431638323203,-1.7323264208977882,8102.226324887246,-47.16886919296219,40315.829639764765,252,0.4874274661508704,3.411992263056093,0.2777777777777778,0.01,564,False,18.34917738982155,5,-292.00559106519376,-0.3458561055296333,-0.14346306596944955,176.84064016573186,0.20852482891782653,-0.734709267920742,-120.83950664755424,-0.14346306596944955,0.110564912563462,8,30.799682249615966,36.65514352500832,False,0.6056070348538294,0.34822404504095217,-4.449516344985633,-0.9690341641574108,10566.357333541673,-30.451555675183712,21092.949101403115,252,0.4874274661508704,3.411992263056093,0.36507936507936506,0.03,0.003,30,0.75,0,12.131468617724401,-0.14317514175550725,0.4715457128109092,0.36581557971897466,-0.30230084113079325,0.08535238846507745,0.21621621621621623,1,1,85,-64.87040756950023,369,11
True,True,4.0,2.2,55,1.8,-135.637363778231,8,80,200,False,trend_bb_reversion,18,3,0.012,59.68217660202537,40.568929983571635,48,0.0,20.146446710056058,11,-420.70253502628094,-0.5082227689807316,-0.22437850080912386,130.1838256285291,0.16196508642445323,-0.7433559825359342,-187.3859587489496,-0.22437850080912386,0.15472640825207512,7,31.930355146779675,38.25580994686906,False,0.30944388205408985,0.22734652559075993,-4.128491475127509,-0.6290691289682502,6102.560291096306,-31.855612987321425,30530.408253806436,170,0.3288201160541586,2.3017408123791103,0.4235294117647059,0.01,989,False,10.514793676182189,11,-498.20075888883684,-0.5499252895122244,-0.11433465082597542,252.85797327777004,0.2821017731469028,-0.7007685435146076,-104.99942263690735,-0.11433465082597542,0.15472640825207512,5,18.507288887961288,20.242681864473372,False,0.5075423286020928,0.5576699659948919,-2.0268548228024166,-0.30962437299303047,7768.075248128475,-17.849901848274342,15543.923251218745,170,0.3288201160541586,2.3017408123791103,0.5235294117647059,0.08,0.003,150,0.5,0,12.017136984651362,-0.1709534852586242,0.4844155261604597,0.48489730708982043,-0.3358621085782637,0.10259724619458706,0.37037037037037035,0,0,86,-66.05023731498012,316,11
True,False,5.0,4.0,55,2.5,-167.68590169496275,10,50,100,False,channel_reclaim,12,1,0.005,62.192343843971436,35.62341999095372,36,0.005,19.82110610675115,10,-319.52905028299705,-0.3827775394793987,-0.21389412832368368,179.50475462968058,0.21328155871724258,-0.7371143426614386,-178.1361388910717,-0.21389412832368368,0.1499717946651624,10,32.424898955811614,39.03527170156253,False,0.5617791386125885,0.22209872921893054,-4.7670777059649705,-0.8781503807069203,5587.215293907923,-32.064505000393,27803.723181843827,180,0.3481624758220503,2.437137330754352,0.2833333333333333,0.01,630,False,11.356049179805847,10,-329.9100391144197,-0.36362055604707055,-0.11787116367063882,260.32022072068304,0.28689254141995457,-0.6990374662746303,-106.93416317671424,-0.11787116367063882,0.1499717946651624,8,20.053975957046973,22.223517356346463,False,0.7890642595159056,0.4790747289917995,-2.606609610201517,-0.4566707917887573,6865.222193235313,-19.248149371808513,13705.683823140074,180,0.3481624758220503,2.437137330754352,0.37777777777777777,0.2,0.003,75,0.5,0,8.953142592161512,-0.12885323185658556,0.4732569737645322,0.3564910116185281,-0.25701731980509634,0.2262154005638407,0.22727272727272727,0,0,87,-66.14267901632059,390,11
True,True,2.5,2.2,30,1.8,-210.23187215610193,10,14,300,False,channel_reclaim,48,2,0.012,75.59422186416857,33.38569680780102,3,0.0005,31.950137376694954,13,-644.9670427285745,-0.8599355278526601,-0.3685636586598507,166.5397106807136,0.2320019592424719,-0.7560853706403338,-279.78900369439486,-0.3685636586598507,0.17995003626400194,8,45.303716489864854,59.94972337972926,False,0.2582142956889032,0.21126624192728438,-4.687828105545082,-1.2249700608330336,7119.51941499355,-44.76624059110321,35574.031460336766,160,0.30947775628626695,2.166344294003869,0.45,0.01,392,False,21.236774027177653,13,-765.6834782271808,-0.9290477746705703,-0.23300383140327777,372.79188634405784,0.4630401118640147,-0.7026122185403715,-196.44579594156147,-0.23300383140327777,0.17995003626400194,6,33.30494223429463,40.07310495005995,False,0.48687466419831676,0.4868746641983168,-2.742952778400509,-1.154592226610369,9615.251106414744,-31.431327350649763,19231.91469876621,160,0.30947775628626695,2.166344294003869,0.5,0.04,0.0005,150,0.5,0,16.336924632336675,-0.21606096108176243,0.6230414897735006,0.5039375985408416,-0.526997568785054,0.16149328960591058,0.2903225806451613,2,2,88,-66.89584450761409,254,11
True,True,3.0,8.0,20,1.8,-380.72694592144495,20,10,80,False,trend_bb_reversion,12,4,0.025,66.64050280483376,31.11173832416921,24,0.0025,36.329741352139344,7,-326.0787222316066,-0.460122762021552,-0.38258666155693904,71.15308876269273,0.09698847835381562,-0.7791043200946319,-270.7938825571423,-0.38258666155693904,0.11064549923442663,29,52.53401321608556,74.22181234204618,False,0.21820831569670543,0.0352791887653356,-6.805025726831672,-1.259027826556703,8103.046228411986,-52.53401321608556,40512.16137928482,194,0.37524177949709864,2.6266924564796903,0.13917525773195877,0.015,155,True,23.621394849079877,7,-438.39850398252514,-0.5503052564286752,-0.2557353008979905,119.75589852667298,0.14660415055855452,-0.7541461953372767,-202.47757096317332,-0.2557353008979905,0.11064549923442663,10,39.3887905684966,49.79106718923669,False,0.2731667590988096,0.1999970914830571,-4.6661247801196675,-0.7614479959544742,11129.039064211018,-39.280648766855656,22258.150854504976,194,0.37524177949709864,2.6266924564796903,0.422680412371134,0.04,0.0005,75,0.25,0,13.005156074982592,-0.1738688581411597,0.4601469966758552,0.4684948372641436,-0.40641112734320595,0.012611649561126858,0.09375,1,1,89,-67.9648971225212,291,11
True,False,5.0,12.0,14,1.8,-173.51439483325711,12,30,200,True,trend_state_tp,18,8,0.012,61.6191073085884,29.200527021739614,3,0.0005,14.803804992468374,9,-339.05174712665524,-0.39217200888153564,-0.23339213213262222,267.6289871045849,0.30441067621047163,-0.7362277685281601,-200.7642268239461,-0.23339213213262222,0.10298976549278749,14,27.397876745462185,31.870722738724904,False,0.7893455479072052,0.23304487604879395,-4.096848662092682,-0.7940964302440279,4886.121758221958,-27.303934848056656,24318.567244514263,136,0.26305609284332687,1.841392649903288,0.22794117647058823,0.04,237,False,7.4625857142011585,9,-348.3771881298389,-0.3740243832768973,-0.1254819620209655,323.0695088534153,0.3451621973785649,-0.6997224229947167,-116.33310902533194,-0.1254819620209655,0.10298976549278749,14,16.37286619639744,17.753490810652817,False,0.9273555211456856,0.4897270729645754,-2.124125696390087,-0.41780196717910484,5990.361081567875,-15.82130282744515,11961.068800152214,136,0.26305609284332687,1.841392649903288,0.34558823529411764,0.03,0.0,100,1.0,0,6.061493566127307,-0.14153471768472778,0.6465871385938935,0.3400533512832978,-0.5170779002320537,0.014631818028094882,0.2,2,1,90,-68.10576659086843,170,11
True,True,4.0,1.3,30,2.5,-344.0007520552764,12,8,400,False,trend_reclaim,72,3,0.0,74.22487505862546,40.75325711882558,18,0.0005,49.56176436301506,16,-310.6071746885594,-0.4880436066581324,-0.28022110984452797,32.920242211917945,0.05477634770575973,-0.800241298050679,-179.08524936094807,-0.28022110984452797,0.47804013216214036,16,62.67983727633176,98.07738844558477,False,0.105986741114163,0.06575103383934192,-6.993985240026751,-1.3500867381809283,9400.836600221483,-62.67983727633176,47009.17747680385,350,0.6769825918762089,4.738878143133462,0.38285714285714284,0.006,55,False,31.371782758992754,16,-674.2533908342298,-0.9090558150937351,-0.17935649862244576,100.74892794814478,0.1376440241068849,-0.7645716374463961,-133.96606002594575,-0.17935649862244576,0.47804013216214036,5,47.1480919761347,63.26577470413307,False,0.14942294590983327,0.3439547056792385,-4.393616713863666,-1.5233433126169207,12659.47712188985,-46.88812100908103,25322.504253909974,350,0.6769825918762089,4.738878143133462,0.6971428571428572,0.05,0.003,30,0.0,0,19.646136339098643,-0.1768365561722577,0.38318015758469565,0.6562571420384663,-0.35682818402719774,0.024280739713689974,0.2909090909090909,0,0,91,-69.32804125244672,622,11
True,True,5.0,4.0,30,1.5,-217.6004792784029,16,14,400,False,range_bb_reversion,18,8,0.008,71.73505900328314,29.719533095620605,24,0.0,25.777842367710928,14,-443.3611665179456,-0.5565310969010031,-0.32915471395033497,199.24353443931437,0.2563394721476353,-0.7507682940245383,-263.6115998166141,-0.32915471395033497,0.16641147554194535,13,37.84671239538977,47.31228778166733,False,0.44939329261542293,0.17452166703511565,-4.7054934068791345,-0.8048158050165387,4556.038880660207,-37.69645877377587,22717.48949378699,143,0.2765957446808511,1.9361702127659575,0.27972027972027974,0.04,1118,False,19.29122941435776,14,-494.78966131440785,-0.5865583224893509,-0.23849976024334058,276.9486162687994,0.33515231456952826,-0.7212784527281063,-203.3640180312387,-0.23849976024334058,0.16641147554194535,6,29.88410912833213,35.25516186705343,False,0.5597299982644866,0.33961145962114914,-3.3266438007571892,-0.5699481526033455,5561.0140417599505,-29.081054578467185,11092.112624863885,143,0.2765957446808511,1.9361702127659575,0.3776223776223776,0.08,0.0005,10,1.25,0,9.831499150581347,-0.17117523503621587,0.5084940442335496,0.3779522729139215,-0.3171451338897209,0.1086167118889606,0.1935483870967742,1,1,92,-70.48463934154398,268,11
True,False,5.0,8.0,14,1.5,-248.3111472925407,12,80,100,True,trend_state_tp,72,2,0.018,70.74904343207521,34.94927012861573,12,0.0025,26.32702300066444,3,-246.41896011438206,-0.3136869447358342,-0.22153872362730453,186.02949951869212,0.2392023819153437,-0.7569623589232518,-174.34421684220302,-0.22153872362730453,0.06100410992021919,17,39.75048144002227,50.51082898702551,False,0.7549317610639273,0.1509863522127855,-6.32738474025805,-1.5410560350608031,6411.13033730037,-39.75048144002227,31888.918670177067,228,0.4410058027079304,3.0870406189555126,0.16666666666666666,0.015,1032,False,15.20404122649893,3,-237.6571062585095,-0.27373285147427423,-0.128673775188245,224.4799536267875,0.25971020325499466,-0.7363827480729844,-111.98825664057784,-0.128673775188245,0.06100410992021919,16,25.533322514051786,29.33762074291986,False,0.9445539296544803,0.35278520264203467,-3.820146779377669,-0.8711355989291144,7947.401768331853,-25.533322514051786,15859.624789988482,228,0.4410058027079304,3.0870406189555126,0.2719298245614035,0.08,0.003,50,1.5,0,7.4648238347881115,-0.1267678960478328,0.46546919827663835,0.29108183637818896,-0.41365062084959603,0.0,0.0,0,0,93,-71.49814286051141,434,11
True,False,3.0,6.0,55,1.5,-131.41895262707206,16,14,300,False,channel_reclaim,12,4,0.005,74.1047289525104,44.36472969317403,3,0.0005,8.665356764184184,9,-469.6119872961901,-0.5026984360003309,-0.28809626707558367,314.87938275164447,0.3270966171753588,-0.6776436047944544,-266.7262881458881,-0.28809626707558367,0.046417922475622535,12,16.52145212911292,17.9745083319772,False,0.6705096787766752,0.2338987251546542,-2.6571007558714177,-0.2834785383065377,2645.086264945143,-15.47012471246156,13161.31453939031,58,0.11218568665377177,0.7852998065764023,0.25862068965517243,0.04,916,False,6.863642882087238,9,-491.827355653005,-0.5051249977393203,-0.1676986908379246,420.4465228737415,0.426814326083582,-0.5193181592326597,-161.5212961864244,-0.1676986908379246,0.046417922475622535,9,12.927239587639788,13.757364886506119,False,0.8548660785968477,0.48519426082523787,-1.449750834869755,-0.14968598587425783,3239.4037794336905,-9.368235178812597,6466.551246947987,58,0.11218568665377177,0.7852998065764023,0.3620689655172414,0.2,0.003,50,1.0,0,6.905856399940758,-0.07163526922705701,1.394680920174743,0.38333333333333336,-0.3576038456505863,0.0,0.0,3,3,94,-72.11816762336906,126,11
True,False,5.0,2.2,20,2.5,-137.38348540923022,30,80,300,True,trend_state_tp,96,1,0.0025,65.22635337565778,33.27251990445465,18,0.01,10.47118506301972,2,-252.71586506430233,-0.27862142655076444,-0.18768004650119818,125.84575825490205,0.140499716286367,-0.7268603756857235,-170.57513547617305,-0.18768004650119818,0.025062454669997583,12,18.08096436047436,19.894084929127008,False,0.4979733196524136,0.13799260665066884,-4.415723649800305,-0.6595028676932678,3039.826520822357,-18.08096436047436,15123.928984691987,106,0.20502901353965183,1.435203094777563,0.2169811320754717,0.01,753,False,5.87356943189863,2,-224.94359055820982,-0.23730116803757473,-0.10437120813809735,191.6843921891439,0.20302932412944408,-0.7176491796936707,-99.16910520051815,-0.10437120813809735,0.025062454669997583,8,10.515669101394993,11.068209976114973,False,0.8521442718748669,0.36849482027021274,-2.634962431415854,-0.3571823007992873,3513.3563047113885,-10.511925151254895,7012.715528316431,106,0.20502901353965183,1.435203094777563,0.3018867924528302,0.08,0.002,50,0.75,0,5.6793128271689,-0.10436612693820636,0.28654637018986057,0.22457372563121647,-0.22031745923369728,0.0,0.0,0,0,95,-72.31484835910267,361,11
True,False,5.0,4.0,20,1.5,-173.43538396017235,10,20,150,False,channel_reclaim,36,1,0.0025,66.55553603187458,44.4662765710963,12,0.0025,14.381961832111987,13,-304.0069367933597,-0.3482840493710583,-0.23531777463265147,166.2409447801799,0.19771961186457446,-0.7261452018977459,-206.7142716402136,-0.23531777463265147,0.12208880651140301,15,24.249239284130294,27.653800548577365,False,0.5468327352450433,0.1426520178900113,-3.9216151437146047,-0.4925346079446114,4036.966897065068,-23.97885551026475,20085.12862325941,116,0.22437137330754353,1.5705996131528046,0.20689655172413793,0.025,882,True,8.763309960803829,13,-360.31493500382066,-0.38952078052534883,-0.13270779404111147,177.43856916340914,0.19460287500742637,-0.6834786163462696,-123.88882541305584,-0.13270779404111147,0.12208880651140301,6,15.189218007523944,16.35722329748847,False,0.49245410591023,0.3863870677141804,-2.193953197551308,-0.24110945964326072,4868.675772037748,-14.371103747914487,9718.347551802055,116,0.22437137330754353,1.5705996131528046,0.4396551724137931,0.04,0.0,75,0.5,0,5.04985099619445,-0.1691665916434525,0.36928662735556084,0.43979952667250094,-0.40935675535191485,0.07968592217914686,0.2222222222222222,1,1,96,-72.59931500685093,190,11
True,False,2.0,6.0,30,1.5,-357.64772762082055,12,50,100,True,trend_state_tp,96,6,0.0,68.94549368130677,30.635646762290392,12,0.0005,45.397444281372785,7,-427.1966211500043,-0.6507333792511834,-0.40330505883447937,360.28173721946706,0.5699130014712234,-0.792981079569037,-267.572629588625,-0.40330505883447937,0.125715206704811,17,59.40112376867468,89.53372306125442,False,0.8433627968535804,0.21441427038650354,-5.686500336903052,-1.6252836243321669,9972.151795715925,-59.40112376867468,49613.618734883385,222,0.42940038684719534,3.0058027079303673,0.20270270270270271,0.015,883,False,30.647623134214946,7,-514.5640168440415,-0.6720635812106345,-0.2539395997907785,510.3656387107909,0.6732048807489022,-0.7451485733692054,-196.00479957699903,-0.2539395997907785,0.125715206704811,11,44.559033836143115,58.280902284156994,False,0.9918409022088246,0.44730079903535225,-3.2335889948293985,-0.9962560803939654,14551.931392217906,-43.5130655060938,29045.940855435034,222,0.42940038684719534,3.0058027079303673,0.3108108108108108,0.12,0.002,150,1.5,0,13.584860584491159,-0.18664476183788184,0.6174000848994732,0.33897622744629397,-0.48259236075718837,0.13102475427054583,0.19047619047619047,3,3,97,-72.65350022828957,406,11
True,False,4.0,8.0,14,1.5,-127.37253736554531,20,80,130,False,channel_reclaim,72,2,0.0025,73.80199224565538,24.43524958858996,24,0.0,14.829614457516318,41,-742.2546795263635,-0.8280512472408305,-0.2676044135523212,790.0462122474722,0.8964005487238135,-0.6076792697629464,-244.25688969986692,-0.2676044135523212,0.2702876944153437,11,23.43103109193691,26.431690083067902,False,1.064386973958325,0.5124826170910451,-1.8324834854717067,-0.41114157789638717,3268.0738941190953,-19.54055117598927,16259.00674742261,80,0.15473887814313347,1.0831721470019344,0.325,0.01,326,False,12.544906130088743,41,-781.7537732039754,-0.8359289144997123,-0.15167975843630935,1030.5115910530344,1.1190686742528677,-0.4513983368095071,-147.46089571402194,-0.15167975843630935,0.2702876944153437,11,18.800290800932512,20.553669718978494,False,1.318204818928521,0.7098025948076649,-0.9255657093955664,-0.22380456193447687,3974.9333547920432,-11.796871657121768,7934.223282119334,80,0.15473887814313347,1.0831721470019344,0.35,0.04,0.001,150,0.0,0,8.21936320230861,-0.16045177491569065,0.7959091791529315,0.36276469410440704,-0.6795113331166563,0.11075036812236622,0.08333333333333333,3,3,98,-72.79389068169712,143,11
True,False,4.0,8.0,80,1.5,-208.58862836882216,12,80,130,False,channel_reclaim,18,8,0.018,58.36077720738915,27.014194110854334,48,0.005,24.727282993602746,15,-437.92861945949426,-0.5496906546325852,-0.3231821310669316,230.47861839287785,0.2808405984414779,-0.7563594747536357,-255.63573640884732,-0.3231821310669316,0.1967120638246434,9,39.367903406962476,49.77004818430745,False,0.5262926608389789,0.19735974781461718,-4.796929855395156,-0.9267724720212944,5503.847305363524,-39.367903406962476,27349.753388741563,154,0.2978723404255319,2.085106382978723,0.2727272727272727,0.015,519,False,17.054369676012037,15,-459.84185274246323,-0.5345762988227629,-0.22222798298405458,340.80479846574923,0.39045525193033453,-0.7393167197707591,-189.4936328539759,-0.22222798298405458,0.1967120638246434,8,29.261721564310612,34.335926472756846,False,0.7411347976118622,0.3778334262334981,-3.1853543058169396,-0.587991748788611,6901.017845043282,-29.182019459512244,13757.439592609553,154,0.2978723404255319,2.085106382978723,0.33766233766233766,0.12,0.002,20,0.5,0,10.269085417783598,-0.17212376500374088,0.5058755078766031,0.34987916133960756,-0.3082626314536651,0.17045630049822902,0.26666666666666666,1,1,99,-73.50755735256519,320,11
True,False,3.0,8.0,80,2.2,-255.25694163844918,55,8,100,True,trend_state_tp,36,4,0.0025,65.18691564979129,31.831453776251195,18,0.01,23.259718594727378,5,-356.6226563851109,-0.4412162842984214,-0.2842406081564817,308.58371446710885,0.41611240847678765,-0.7198884513168848,-234.82430679245093,-0.2842406081564817,0.06696752357160125,24,34.61241511566636,42.320909325009,False,0.8652947560736983,0.19394537636134612,-4.444182674615546,-0.991815944576335,5528.317056685172,-33.345051564528056,27502.49375486757,142,0.2746615087040619,1.9226305609284333,0.18309859154929578,0.08,462,False,15.231810593295782,5,-341.8603432252621,-0.3922828070602252,-0.16783951786360823,392.57469083496153,0.4690941406673319,-0.6457911441515519,-150.49346815323202,-0.16783951786360823,0.06696752357160125,13,24.18876037909091,27.541440672523592,False,1.148348144541241,0.40465601283834185,-2.575589375379589,-0.5521904664124997,6989.780734575851,-21.370072477758907,13950.799167695046,142,0.2746615087040619,1.9226305609284333,0.2605633802816901,0.08,0.003,30,0.75,0,12.280427035071039,-0.15634291912132256,0.5608148609650697,0.30268761794664945,-0.47755731603058865,0.0,0.0,1,1,100,-73.96317379552642,411,11
True,False,5.0,1.3,55,2.2,-132.1785156577474,16,80,300,False,channel_reclaim,18,4,0.0,60.213579310756636,26.390433835956966,12,0.0025,8.934651609566043,9,-254.4588335168269,-0.27621374298467993,-0.1742600575975025,48.38290554460425,0.05343650643386058,-0.723847491113319,-160.79643999267293,-0.1742600575975025,0.07550971069385123,16,15.597254679289238,16.903225586957745,False,0.19014040454368733,0.08513749457180028,-3.6106012612554217,-0.3681116619754104,3262.4911000830866,-15.597254679289238,16250.8795854194,97,0.18762088974854932,1.3133462282398451,0.30927835051546393,0.01,548,False,3.8317427116027067,9,-346.87325580136275,-0.3587681627443673,-0.07415774060533536,104.9771744251332,0.10915066687404117,-0.6849857506221503,-72.03639617906111,-0.07415774060533536,0.07550971069385123,7,7.28301497604404,7.512580496766832,False,0.3026384210065721,0.46988596945757255,-1.5866329986579972,-0.13239474102112075,3869.961463030147,-6.9875304293689835,7733.706252676776,97,0.18762088974854932,1.3133462282398451,0.6082474226804123,0.2,0.001,30,0.5,0,4.7567367331006105,-0.17976530800712537,0.3251514477254522,0.4833836939451912,-0.32938121572138546,0.06426190386532275,0.2727272727272727,0,0,101,-74.17815911982669,204,11
True,False,5.0,1.3,55,1.8,-202.53057747257728,12,8,80,False,channel_reclaim,18,6,0.0025,73.46883676712791,41.23411774953602,18,0.0,16.19492456719952,11,-285.74848863600624,-0.333268630713736,-0.26755957953482046,20.9460374329507,0.025144375716712776,-0.73882307888273,-229.52115885669747,-0.26755957953482046,0.11145136594407284,16,27.552300911612864,32.12062407743629,False,0.0733023559737259,0.016455630932877247,-4.803618839221069,-0.598962931806509,4313.395459180664,-27.542539062803666,21450.787118972883,120,0.23210831721470018,1.6247582205029012,0.18333333333333332,0.01,610,False,10.232103321887477,11,-439.445201868872,-0.4830977396722173,-0.16516613166358912,78.0253741461963,0.08633200601487788,-0.7071396068527045,-150.52413026045886,-0.16516613166358912,0.11145136594407284,5,18.566068280340993,20.436274992080907,False,0.17755427483192462,0.22445540403281045,-3.076380904569816,-0.33201895265314757,5248.680947894472,-18.06289563125509,10471.724096459873,120,0.23210831721470018,1.6247582205029012,0.5583333333333333,0.04,0.001,30,0.75,0,7.219463620323856,-0.15839853139736904,0.3511940815728462,0.5161829332283877,-0.3588842961565132,0.03789506689298717,0.08333333333333333,0,0,102,-74.5969853317708,191,11
False,True,5.0,1.7,40,2.2,-141.42648650706897,8,80,130,False,range_bb_reversion,48,4,0.008,59.74615993313579,35.68947982580067,48,0.01,20.96033268234355,17,-468.9104423999554,-0.5617870035295938,-0.2630491435877949,64.48166046793948,0.08236650696990996,-0.7432788854879361,-221.54019179455486,-0.2630491435877949,0.1995325973084052,8,30.572546467648543,36.30078181511569,False,0.13751380783484468,0.11893086083013595,-4.151765761567272,-0.5322888592805051,4186.871529489097,-30.572546467648543,21066.15303408849,138,0.26692456479690524,1.8684719535783367,0.463768115942029,0.04,532,False,14.768886771519828,17,-674.4419012077984,-0.7668296795670595,-0.17434665472684605,147.81431430122208,0.17297098052431356,-0.7275071842899602,-156.06298273472026,-0.17434665472684605,0.1995325973084052,4,21.64548579665445,24.20497806923942,False,0.21916537812451226,0.37387035091828585,-2.7056601320833704,-0.444599172663423,5066.546216121968,-21.536691617391494,10166.007506494923,138,0.26692456479690524,1.8684719535783367,0.6304347826086957,0.2,0.002,50,0.25,0,9.825611340069843,-0.19855699649618366,0.36831643846570894,0.5742384530958664,-0.33161414748738105,0.13603578191264115,0.3684210526315789,0,0,103,-75.01918252768908,246,11
True,False,5.0,6.0,30,2.2,-150.37568687877538,8,80,130,False,channel_reclaim,8,2,0.0,61.50684174284578,29.318713930081955,24,0.005,9.133529070147912,6,-268.2942301429708,-0.2943200397038896,-0.22691644368911879,127.20684789622237,0.14121088839155255,-0.726020925315137,-207.0857299702385,-0.22691644368911879,0.040696268837134335,12,17.395201317500018,19.060981269885986,False,0.47413188061642386,0.08681287954948606,-4.253909416308232,-0.5515506242207726,2766.077767298353,-17.395201317500018,13757.221421187394,84,0.16247582205029013,1.1373307543520308,0.15476190476190477,0.04,1030,True,5.540401701964618,6,-256.9781588366712,-0.27117761389046774,-0.13753188838843974,137.06243497645985,0.14460908767139702,-0.7013270791220565,-130.3222536824505,-0.13753188838843974,0.040696268837134335,11,11.213592296736286,11.854050296264331,False,0.533362195436902,0.2526452504701115,-2.814585041579304,-0.31508545054825415,3234.995813991393,-10.947069309325846,6454.562450947934,84,0.16247582205029013,1.1373307543520308,0.32142857142857145,0.08,0.003,20,1.25,0,6.152919247141457,-0.11966213468060459,0.4332894860974621,0.37292750156022464,-0.3357756064173494,0.04215460954698862,0.17391304347826086,0,0,104,-76.92373541711726,176,11
True,False,3.0,2.2,30,2.2,-193.47567907887577,40,80,100,False,trend_bb_reversion,48,4,0.005,65.74874924592167,40.51734387123999,48,0.0,22.835218451129073,13,-491.86161767621724,-0.6082749239518864,-0.34397302924614315,142.58658367681716,0.1846307601653435,-0.7501724034550261,-280.3788838918725,-0.34397302924614315,0.14054315416230156,10,35.32773937037591,43.340601685014015,False,0.2898916657706743,0.1449458328853372,-4.358648548633521,-0.6409124687331967,5384.153513591767,-35.32773937037591,26770.97032328631,126,0.2437137330754352,1.7059961315280465,0.3333333333333333,0.01,1107,True,15.408329405541028,13,-705.707946628905,-0.8159142896284239,-0.22793643946786038,218.3447225390273,0.2577843932734748,-0.7329556791153596,-199.67910398932298,-0.22793643946786038,0.14054315416230156,6,25.26017912958268,28.871486778944956,False,0.3093981349962655,0.3745345844691635,-2.783170634179731,-0.5116595388608568,6921.430840821972,-25.159567102654634,13806.367682045973,126,0.2437137330754352,1.7059961315280465,0.5476190476190477,0.2,0.001,150,0.25,0,9.142468883938673,-0.20996480920627825,0.5073986198402632,0.5381334857425939,-0.43976311019008885,0.07905996869785467,0.17647058823529413,0,0,105,-76.96461756889383,249,11
True,False,3.0,1.7,20,2.0,-248.14874558408889,16,50,100,True,trend_state_tp,36,2,0.0,68.17394344780445,37.85582100386808,6,0.0025,28.897973272790253,5,-381.41131484377524,-0.49834181568381497,-0.3200404772780592,81.60771101283024,0.11501478843198505,-0.7597832310305122,-246.81276081569223,-0.3200404772780592,0.075348537351922,14,42.537017371607064,55.195259875919675,False,0.21396248049499128,0.08768954118647183,-5.994398773346644,-1.190010274866431,6950.0148629680025,-42.45179486029904,34572.54218390767,172,0.33268858800773693,2.3288201160541586,0.29069767441860467,0.01,991,False,17.86119880220422,5,-432.42610418181135,-0.5112278080634539,-0.1950633151174616,211.7060400970946,0.2546918086507809,-0.7291233796385188,-166.53434695040247,-0.1950633151174616,0.075348537351922,6,29.094474484521864,34.18676976921165,False,0.4895773822388943,0.3441583578114998,-3.7358089983419647,-0.7507584390470585,9156.39430954866,-28.643907675469322,18273.808737546955,172,0.33268858800773693,2.3288201160541586,0.4127906976744186,0.05,0.002,150,0.0,0,10.049895426557734,-0.1655545654104129,0.42385178711330196,0.40114247483949694,-0.29251510359602495,0.1491617763383528,0.21212121212121213,0,0,106,-77.7138366526382,370,11
True,False,4.0,12.0,20,2.5,-327.27946329173716,8,8,100,True,trend_state_tp,12,3,0.025,76.56775120177682,26.18242121548565,12,0.001,34.004006651946156,4,-305.2553937719453,-0.415910904208795,-0.27363086223690736,256.49636920089796,0.36166606935849865,-0.7674115226806255,-202.46677331308464,-0.27363086223690736,0.08550245789346442,27,47.74169057311684,64.61309705823618,False,0.840268098235555,0.1881850428340045,-5.97765200913275,-1.573560665155273,8017.8591316618595,-47.57969172857495,39891.49473687786,235,0.45454545454545453,3.1818181818181817,0.1829787234042553,0.006,445,True,20.227743689649124,4,-301.7404734069893,-0.3627664307656196,-0.15818722659056922,348.4246202097744,0.4253665689251483,-0.7292948212751843,-132.97421506391444,-0.15818722659056922,0.08550245789346442,23,31.8891219453496,38.13036780854605,False,1.1547162244284586,0.4048143085639996,-3.3886160630166495,-0.8281020929138457,10537.6902318793,-31.248940540019888,21033.9592539781,235,0.45454545454545453,3.1818181818181817,0.25957446808510637,0.04,0.002,75,1.25,0,10.927649402015394,-0.16780902152017743,0.49351243853695925,0.2991460691925088,-0.39782775206417464,0.06191891133315361,0.09523809523809523,2,2,107,-77.99824515292028,339,11
True,False,4.0,1.3,55,2.5,-133.07613160325258,8,10,200,False,channel_reclaim,72,1,0.0025,69.26023430247162,25.146013100155848,18,0.001,11.761052377341274,13,-346.5868369591101,-0.38868154967664925,-0.24293263462551168,42.58016753177222,0.04856519547676354,-0.7310947300105101,-216.864502128816,-0.24293263462551168,0.10750261906680635,10,21.46964698163224,24.05040913486061,False,0.12285569730623029,0.06142784865311513,-3.4697699576510614,-0.3324553109960133,3691.515164919828,-21.4695857107528,18368.700237612073,99,0.19148936170212766,1.3404255319148937,0.3333333333333333,0.01,1087,False,9.344935947718925,13,-879.7092670951984,-0.933221210187875,-0.13548821385102822,126.11003947622225,0.1340161768033119,-0.628541570513238,-127.88473491050007,-0.13548821385102822,0.10750261906680635,3,14.51047119486096,15.561505280755146,False,0.14335422416617008,0.4243285035318634,-1.8905850839349942,-0.3587015712088423,4447.352731055171,-12.660588756139552,8878.281650242676,99,0.19148936170212766,1.3404255319148937,0.7474747474747475,0.05,0.0005,75,1.25,0,6.165150987380395,-0.20764964307489747,0.3908841871315149,0.6446405184024342,-0.40563602775308977,0.0727777222300916,0.4,0,0,108,-78.42273928835273,148,11
True,False,4.0,4.0,14,2.5,-102.64517876776162,20,50,150,False,trend_bb_reversion,24,4,0.008,72.28698271390573,39.15310653339232,24,0.001,15.691970336829652,17,-520.3072102519754,-0.5847416464247583,-0.18959635451978746,305.3088020118081,0.35070435073802997,-0.6356381182882329,-171.5556188646876,-0.18959635451978746,0.1665726488838746,9,22.827057086696403,25.747599038380784,False,0.5867856450883172,0.4291417404377244,-2.4533782634644394,-0.391928168425762,4510.08689499844,-19.90045178830363,22473.659732896445,116,0.22437137330754353,1.5705996131528046,0.4224137931034483,0.08,218,False,11.885197707727922,17,-550.7015528976176,-0.581635918101569,-0.07121130994557365,462.74869659643514,0.49489598273653035,-0.36776330990148637,-70.18634839612707,-0.07121130994557365,0.1665726488838746,6,15.833949281909762,17.07658752231159,False,0.8402894347430068,0.7576380149322189,-0.8481326667507098,-0.138429964712452,5565.762466512031,-8.14161641395089,11126.407427343094,116,0.22437137330754353,1.5705996131528046,0.47413793103448276,0.2,0.002,100,1.0,0,9.630281051425719,-0.17842235188863548,0.5932945531958198,0.4051634863108939,-0.5032999260968781,0.12345333124678853,0.2222222222222222,1,1,109,-78.44739719284195,212,11
True,False,5.0,3.0,80,2.2,-244.79359074709916,12,30,200,True,trend_state_tp,12,4,0.005,63.65353275070003,32.29164306223262,36,0.0025,27.598630650370012,6,-268.26767538924634,-0.3491563760273716,-0.21736425333572967,158.66654551218798,0.20609896055872617,-0.7561128579666656,-166.93309377450902,-0.21736425333572967,0.14304134096220486,14,43.2385781585042,56.456804387506196,False,0.5914486166921481,0.18407329397051556,-6.586290224739098,-1.7201839946904114,7882.724930230076,-42.90180510004882,39238.63473916511,257,0.49709864603481624,3.479690522243714,0.23735408560311283,0.08,349,False,14.371612891477396,6,-261.32186342525534,-0.29894959760373846,-0.11594980697877462,254.577578326224,0.28893722977895786,-0.7098036263485688,-100.73059751039796,-0.11594980697877462,0.14304134096220486,10,26.874374961212215,31.144811432070185,False,0.9741916538837158,0.44031261192484333,-3.687523642249959,-0.9011567494009133,10180.05415429798,-25.887763560172445,20328.711373792135,257,0.49709864603481624,3.479690522243714,0.311284046692607,0.2,0.0005,30,0.25,0,10.381416482234089,-0.1331979204029037,0.43865674364461255,0.2945264515023884,-0.2968127280676412,0.05936759051774883,0.15789473684210525,1,1,110,-78.98748928037244,515,11
True,True,2.0,6.0,40,1.8,-223.75236925603446,40,14,150,False,range_bb_reversion,24,4,0.0025,76.60652474757633,32.158383984838615,48,0.01,22.825632118883142,14,-677.3415947880721,-0.8317626002333247,-0.45438788976676997,559.0695552892262,0.7571835490995369,-0.6953801314517073,-383.6939466447137,-0.45438788976676997,0.09356112498992666,15,32.81751768798228,39.51138604202498,False,0.8253878982054083,0.2570880338672583,-3.2048084317912147,-0.7420722192687513,4534.244015756092,-30.695515731577018,22637.53957556208,80,0.15473887814313347,1.0831721470019344,0.2375,0.01,71,False,18.436928294589286,14,-733.4975881380249,-0.8679855306372591,-0.31698107463376823,765.3395780615383,0.9686959893743773,-0.5997017329588777,-283.84643827815586,-0.31698107463376823,0.09356112498992666,8,27.743044826488983,32.18987021914148,False,1.0434111719499228,0.4471762165499671,-1.9814916786462866,-0.5540133892935288,6018.884379694114,-22.70771506225245,12032.043780343258,80,0.15473887814313347,1.0831721470019344,0.3,1.0,0.003,150,1.0,0,10.69197252845988,-0.15717167877156227,0.7456662658321782,0.3782260876378523,-0.4275708130533755,0.3287967318110639,0.2222222222222222,2,2,111,-79.26374042785936,173,11
True,False,1.5,12.0,30,1.8,-334.3115986983129,16,50,80,False,range_bb_reversion,18,4,0.0,63.55009823339198,26.20744867718813,6,0.01,36.602684553923105,10,-636.4407266909645,-0.8818555953917656,-0.5766503377973556,460.1799421742119,0.6996625575974496,-0.7517703873744223,-424.81217655908836,-0.5766503377973556,0.10065275203481344,18,49.70157624536596,68.30868832878298,False,0.7230523171683523,0.17290381497504073,-4.689884807149448,-1.4980357081077627,6293.506085700791,-48.42858812773609,31256.583055818784,114,0.2205029013539652,1.5435203094777563,0.19298245614035087,0.04,162,False,31.572126418019845,10,-688.9993970782256,-0.9043795949670503,-0.4554974774947434,707.0097331226115,0.9909004565826904,-0.6918035898469826,-358.3656557148695,-0.4554974774947434,0.10065275203481344,12,44.80524883794688,58.974115524918574,False,1.0261398429675854,0.3184571926451129,-3.343413334514488,-1.2049851657148383,8698.812145804412,-40.85368475149508,17333.255259928104,114,0.2205029013539652,1.5435203094777563,0.23684210526315788,0.05,0.002,50,1.5,0,12.571678925145948,-0.16917886632095216,0.7287124509249533,0.3770641939759587,-0.5087706815127496,0.27115784072208127,0.25,2,2,112,-79.88562465805698,199,11
True,False,5.0,12.0,20,2.2,-352.37344214528457,20,8,400,True,trend_state_tp,12,3,0.025,59.68880469129858,37.865010348404205,48,0.0,36.39869956031621,5,-225.27799320979207,-0.3152542614352426,-0.2194707603160664,195.24817105467326,0.2797086397473326,-0.776026738834287,-157.57718657898033,-0.2194707603160664,0.13151744701426385,29,50.89743126501072,70.8890555820895,False,0.8666988207447619,0.16630383276283256,-7.2283159196195506,-2.202778223586555,8714.503198971044,-50.89743126501072,43361.63082209341,323,0.6247582205029013,4.373307543520309,0.1609907120743034,0.025,49,False,20.45486340089597,5,-222.33286110154648,-0.26915081244933275,-0.12355203370576351,233.66518465592372,0.28412454677623034,-0.74269214298106,-102.33337537589645,-0.12355203370576351,0.13151744701426385,15,33.23766235922797,40.18844135436686,False,1.0509700792686756,0.3753464568816696,-4.199947645250961,-1.202523203614036,11360.797628488057,-33.05368024641456,22678.213433063556,323,0.6247582205029013,4.373307543520309,0.2631578947368421,0.2,0.003,50,0.75,0,9.51800025181565,-0.09918919644633285,0.5476160174749224,0.26995261086969297,-0.29099988898161017,0.19643217396537616,0.12,0,0,113,-80.26355915981844,753,11
True,False,2.5,2.2,20,2.5,-153.58459317212953,16,20,150,False,trend_bb_reversion,96,2,0.025,64.3980818871877,28.741014134981132,36,0.001,17.952342766429066,13,-764.4097489022378,-0.9020732727736931,-0.3976500719465182,175.12838210834474,0.20765776904609168,-0.7255330536275857,-337.34696207924566,-0.3976500719465182,0.09388347167378516,7,30.3618323365496,35.95954678789071,False,0.22910275851380113,0.1909189654281677,-3.637258355827401,-0.7544628868714184,4753.555981423814,-29.686532662973608,23643.082776363444,88,0.1702127659574468,1.1914893617021276,0.45454545454545453,0.01,664,False,12.321026707024785,13,-900.3231064436965,-1.0,-0.2626404634659723,397.1028197113201,0.4419475381109874,-0.6784336572829297,-236.8666669326085,-0.2626404634659723,0.09388347167378516,6,22.437927722980685,25.165391577457246,False,0.44106700902067064,0.46158175362628323,-2.231470470422521,-30071662836322.598,6242.618300253832,-20.844266690069517,12456.024721233362,88,0.1702127659574468,1.1914893617021276,0.5113636363636364,0.04,0.0005,100,0.75,0,9.704948884358995,-0.23376996993052782,0.5755941857026707,0.514535161807889,-0.46053579646313786,0.22700027539607862,0.3888888888888889,3,3,114,-80.41411955141359,152,11
True,False,3.0,2.2,30,2.5,-330.4267159003157,8,20,200,True,trend_state_tp,96,2,0.018,66.25093456866406,27.277845853100914,48,0.0,39.19231924266462,2,-334.36742007790184,-0.47613415379892865,-0.3484942327091855,96.56233893322097,0.1531603408760844,-0.7769180032843024,-246.9618557501741,-0.3484942327091855,0.04996373599806592,18,52.480412490482564,74.14277260402584,False,0.288791111618242,0.07347939526381306,-7.1950493884451,-1.718163478874387,8406.765677481417,-52.35591341903688,41814.02927073708,212,0.41005802707930367,2.870406189555126,0.2028301886792453,0.08,655,False,24.923611924413766,2,-340.3390718099137,-0.4288526557701395,-0.21643838759512382,227.46233266215066,0.2974670999250753,-0.7435389169866791,-174.2839440869515,-0.21643838759512382,0.04996373599806592,13,37.399233634234655,46.60517542950371,False,0.6683403449757099,0.2762473425899602,-4.676445097619415,-0.9834970658438947,11495.187124415286,-36.94819614643372,22939.458176583226,212,0.41005802707930367,2.870406189555126,0.29245283018867924,0.04,0.0,30,1.5,0,14.017953383880727,-0.18910269910491218,0.46282163289104444,0.3433686397077738,-0.3926319700470369,0.10699735524354494,0.2,2,2,115,-81.25685493130024,322,11
True,False,2.0,12.0,55,1.8,-225.14027429306384,8,80,100,False,range_bb_reversion,120,8,0.012,58.136459483841136,37.97446095927158,6,0.001,28.97035674662751,44,-768.0562594057083,-0.9802477566324158,-0.35195514940356776,1385.3681268652601,1.8847665323311313,-0.6798806451578342,-295.81406943400464,-0.35195514940356776,0.4097026351841405,17,37.09172659519402,45.469664718450915,False,1.8037326171095898,0.5066664654802218,-1.9645834657621983,-1.9168766550607435,5486.183088127103,-33.722803915476604,27289.70866369442,114,0.2205029013539652,1.5435203094777563,0.21929824561403508,0.01,43,False,22.65608664827014,44,-837.4377943537984,-1.0,-0.19800554891745062,1906.7737091820252,2.386198793459653,-0.49696640990646296,-187.4929645689981,-0.19800554891745062,0.4097026351841405,17,31.438774589456482,37.33827547766982,False,2.2769138460646747,0.7066284349855887,-0.9108517108363768,-23770941329763.445,7274.975405962338,-21.374197960865757,14521.75405694089,114,0.2205029013539652,1.5435203094777563,0.23684210526315788,1.0,0.0,150,1.25,0,17.948700152569767,-0.12614452104925794,0.8362659329307243,0.26068931068931067,-0.6237585078762067,0.19544866725510918,0.17857142857142858,3,3,116,-82.19090082119644,239,11
True,False,5.0,3.0,55,2.0,-292.224417156391,8,50,80,True,trend_state_tp,18,8,0.0,60.55770691170188,35.416220397635136,36,0.0025,33.513279840434144,10,-311.17820410397485,-0.4266900532292543,-0.2819508989732168,127.26377655523821,0.18069746909518836,-0.7694550842863587,-206.69841296816236,-0.2819508989732168,0.19727617052139576,17,48.72162872149672,66.54677496683023,False,0.40897394122345154,0.12794715479616361,-6.655662718952449,-1.499023472741912,7113.918589203466,-48.574127047518104,35362.13945200024,235,0.45454545454545453,3.1818181818181817,0.23829787234042554,0.08,1091,True,21.248118560178543,10,-316.41350930471896,-0.3880859474369936,-0.18224909062712458,230.37805027370644,0.28374268242855105,-0.7406414999665151,-148.88588254026521,-0.18224909062712458,0.19727617052139576,11,35.4145382998401,43.488410740509316,False,0.7280917012043348,0.3216110582006878,-4.409323886085432,-0.9015294947838742,9087.400731299675,-34.98818239696237,18122.968788016522,235,0.45454545454545453,3.1818181818181817,0.30638297872340425,0.04,0.0005,100,0.25,0,9.630386778691598,-0.14819916237369632,0.4266832997595553,0.3328644266571763,-0.223962483225386,0.18897592179808254,0.20930232558139536,0,0,117,-82.25591472407379,362,11
True,True,4.0,1.7,14,2.0,-198.61760783210332,8,30,150,False,trend_bb_reversion,48,3,0.012,58.095534158281666,44.63091687399214,48,0.0025,19.291888262442438,14,-544.0508475115545,-0.6471550438753403,-0.3727064980571964,50.42693828415774,0.060633311129346314,-0.7398064707232626,-313.5390530193395,-0.3727064980571964,0.11523893947941011,15,30.88008384618407,36.74679324547561,False,0.09268791421758935,0.058702345671139924,-4.200562734638902,-0.5156609187417573,3957.0233143786277,-30.726827195895286,19779.604089473705,98,0.1895551257253385,1.3268858800773695,0.3877551020408163,0.01,248,False,14.438476186843198,14,-795.5578545484158,-0.9046718318042681,-0.26987179968452774,161.93102392610376,0.18673874973493473,-0.7119254790648043,-238.65105788466462,-0.26987179968452774,0.11523893947941011,5,24.098626580797422,27.38053118757731,False,0.20354399494681757,0.28297579785289273,-2.97593627179012,-0.6198384607805832,4883.214574741987,-23.387803672697117,9768.973726482614,98,0.1895551257253385,1.3268858800773695,0.5816326530612245,0.03,0.001,100,1.25,0,10.380910762838656,-0.2078787398103021,1.3059011541085355,0.6116675412129958,-0.4007344650396354,0.10223404399793828,0.4166666666666667,2,2,118,-82.77669224494005,145,11
True,False,3.0,8.0,40,2.2,-221.67828659592521,30,10,150,False,channel_reclaim,8,3,0.008,70.889634227284,29.445215577641733,24,0.001,13.573731971997564,5,-410.28877479707234,-0.4696308154372504,-0.37590278855625364,89.85499342936839,0.10835868366222957,-0.7348320056025279,-329.1843799495414,-0.37590278855625364,0.03569989523732774,19,24.359644116266065,27.816806353162768,False,0.21900426955090452,0.04238792313888475,-4.3344724560028585,-0.5485266310142606,3698.4912548570937,-24.359644116266065,18389.093708499397,74,0.14313346228239845,1.001934235976789,0.16216216216216217,0.006,518,True,8.674015327294253,5,-407.66858661628197,-0.44572046521187225,-0.25009815579509465,192.11984766882296,0.2122818482809251,-0.7189382222297429,-229.35310615314262,-0.25009815579509465,0.03569989523732774,9,17.127175614158592,18.702299835117973,False,0.47126478216889384,0.19938125399453208,-3.020030921657691,-0.32516424313272174,4689.5208780132625,-16.972129855332575,9354.464825495284,74,0.14313346228239845,1.001934235976789,0.2972972972972973,0.04,0.0,100,0.25,0,6.3212738658185,-0.16862581577048907,0.5592134240540024,0.40920185609180826,-0.451126323664044,0.011965445099490253,0.1111111111111111,2,2,119,-82.97367156700713,135,11
True,False,4.0,3.0,20,2.0,-151.81491938912927,10,80,200,False,range_bb_reversion,72,6,0.0025,69.9633069731151,27.988289463979452,36,0.0005,20.944473605766333,25,-736.1223126219606,-0.886953874790506,-0.35048361626414754,239.0580817897501,0.29775127945520236,-0.7267506515524259,-294.5311906242048,-0.35048361626414754,0.22024337174631317,7,31.96968800718411,38.2513106703324,False,0.32475320702922317,0.2687612747828054,-3.5117678246628694,-0.8392086136002981,3783.867390040971,-31.220306206165727,18781.93839361348,106,0.20502901353965183,1.435203094777563,0.4528301886792453,0.025,40,False,16.38612358616201,25,-783.9718966734408,-0.9062523855085283,-0.2564751714235639,397.2757238809383,0.4712753083515962,-0.6777789648667251,-226.77962282703555,-0.2564751714235639,0.22024337174631317,7,26.047208333402484,29.8752852002601,False,0.5067474045519533,0.4524530397785295,-2.4245013890936105,-0.6535921781615042,4569.70543207377,-24.038640019665763,9100.43152096012,106,0.20502901353965183,1.435203094777563,0.4716981132075472,0.12,0.003,150,0.25,0,8.951408201156017,-0.1805137978267638,0.6081629139169175,0.526031826165516,-0.39825732449054774,0.3015787735604773,0.38095238095238093,0,0,120,-82.97931400909405,175,11
True,True,5.0,12.0,20,1.5,-209.6831285504601,12,10,400,False,range_bb_reversion,36,6,0.008,72.75032507120326,36.20999936755151,3,0.005,32.9887669444678,25,-484.1330185807578,-0.6496775783401505,-0.259163951511348,283.7269803148808,0.4047092140976162,-0.7423156967471009,-199.74042639718795,-0.259163951511348,0.43984205012490935,10,44.31404579829816,58.12157692672556,False,0.5860517036136682,0.3447362962433346,-3.979747306200048,-0.9269886409733349,5920.801207518387,-43.14393210179256,29529.20794142133,216,0.41779497098646035,2.9245647969052224,0.37037037037037035,0.08,1044,False,24.68059036805358,25,-556.2253296802357,-0.6890225286555773,-0.17190820183498642,377.99907218923363,0.4867321512733451,-0.661788387584317,-145.33959737653387,-0.17190820183498642,0.43984205012490935,10,35.314145722616935,43.09827893818635,False,0.6795790339259428,0.5335537869666493,-2.485105124754404,-0.6202723944939688,7275.309929776775,-31.393353033331252,14521.724607072416,216,0.41779497098646035,2.9245647969052224,0.4398148148148148,0.12,0.0,75,1.5,0,12.758409480968162,-0.18554495772053967,0.5486409982711035,0.43069269544477984,-0.3487523101244976,0.2819534502786119,0.34615384615384615,0,0,121,-83.24789139831958,407,11
True,False,2.5,1.7,55,2.2,-213.28350746804483,30,30,80,True,trend_state_tp,12,4,0.018,60.58923869406564,40.47747027476953,18,0.01,18.013992962100012,4,-447.96193211488907,-0.5249946219180854,-0.40029754544303175,83.73458250898166,0.10628432773687374,-0.7394053255668801,-342.93546009042075,-0.40029754544303175,0.03118704166330889,14,27.777772267324092,32.42410118088557,False,0.18692343368031147,0.04601192213669205,-4.67752995479586,-0.7060872408568862,3880.9890403794025,-27.777772267324092,19285.345999831432,81,0.15667311411992263,1.0967117988394584,0.19753086419753085,0.006,114,True,13.035392127941131,4,-448.74238163143184,-0.5029344391331636,-0.27821079225025863,221.47526588539492,0.25550786909664064,-0.7295710389742528,-250.15937495977946,-0.27821079225025863,0.03118704166330889,8,20.26290937174209,22.535074172270946,False,0.4935465758331257,0.20780908456131605,-3.389108841657968,-0.4633576535507798,4892.515624393361,-20.26290937174209,9754.267996789027,81,0.15667311411992263,1.0967117988394584,0.2962962962962963,0.04,0.001,30,1.5,0,9.078685181280651,-0.22021235174969256,0.516157373044024,0.37873671623839883,-0.548550778098139,0.0,0.0,3,3,122,-83.81213435531552,134,11
True,False,5.0,3.0,55,2.0,-326.1801351784382,16,14,100,True,trend_state_tp,24,1,0.0,58.5550863914837,30.524334935120756,3,0.001,36.99418133417709,2,-210.9432415544121,-0.2952005331701623,-0.21520220811156998,124.93558048939981,0.18188038717926147,-0.7749380461297549,-154.62209761413874,-0.21520220811156998,0.07139979047465549,21,50.76529644474584,70.68694879570192,False,0.5922710752369522,0.119322011494624,-8.492788555178295,-2.6030017641677796,8322.558308301019,-50.71604801743751,41400.79927569813,328,0.6344294003868471,4.44100580270793,0.1676829268292683,0.025,1102,False,21.363492114647336,2,-199.5021467055615,-0.24376002798375132,-0.12344200874220873,177.5427535921282,0.22052597567773066,-0.7427878794068216,-101.79234022597727,-0.12344200874220873,0.07139979047465549,17,33.59124601866798,40.795757422658234,False,0.8899290384787567,0.31129205049668457,-5.371439046147603,-1.493046735312943,10698.29266774134,-33.38788759412062,21351.200792053423,328,0.6344294003868471,4.44100580270793,0.25914634146341464,0.12,0.003,75,1.0,0,9.658695805765563,-0.10808235951765405,0.36666414006901094,0.27519978608774176,-0.19710016309219697,0.1488718557667496,0.21621621621621623,0,0,123,-83.92424072229872,772,11
True,True,2.0,12.0,20,2.2,-316.22973930805495,30,80,130,False,channel_reclaim,18,2,0.008,65.13611427775656,34.67603969247756,48,0.005,43.730025976224475,12,-524.6589952676867,-0.776019275745008,-0.39010599926034606,387.90404219642653,0.5716143881696844,-0.7898732977711442,-263.3341254484179,-0.39010599926034606,0.2167781448948344,12,57.933507598652014,85.8233198372761,False,0.7393450711704918,0.29667986932319124,-4.845056766650481,-1.6795616751847156,9950.745124474064,-57.933507598652014,49762.22965812769,220,0.425531914893617,2.978723404255319,0.2863636363636364,0.015,10,False,32.60661045109835,12,-616.568673135112,-0.7900907116619185,-0.24509713663518368,628.5774703641627,0.8085571084165033,-0.706766894834738,-192.08703330581392,-0.24509713663518368,0.2167781448948344,12,45.50145940649667,59.873862413011324,False,1.0194768202672195,0.527315596689941,-2.6591228578639527,-1.0191400796219783,14573.43679513584,-42.25914732727911,29150.13301611372,220,0.425531914893617,2.978723404255319,0.3409090909090909,0.2,0.003,10,0.25,0,15.22903322045168,-0.16278228593131314,0.6691089047107535,0.3829406407105596,-0.3691379075785905,0.25775435648053185,0.275,1,1,124,-84.10929488884594,440,11
True,False,2.5,1.3,40,1.8,-194.77647650665517,40,30,100,False,trend_bb_reversion,120,2,0.008,76.78408165765252,36.25505013086226,48,0.0025,20.606778104541704,11,-484.9173419059908,-0.5851488970990447,-0.3910313854726708,94.18597303181674,0.11506069841037529,-0.741036443795426,-324.37384865590553,-0.3910313854726708,0.09082117817712951,8,32.99902826106614,39.84800266205826,False,0.19423098514401296,0.0744995559456488,-4.395686425341862,-0.5624679863943478,5083.582237352777,-32.761758714246405,25279.460336475637,101,0.195357833655706,1.367504835589942,0.27722772277227725,0.08,119,False,15.238455667107132,11,-802.3576519760721,-0.9104547321014629,-0.26219344096669017,174.1686160928926,0.19928069848518187,-0.7046508637735707,-231.9116141932116,-0.26219344096669017,0.09082117817712951,3,24.38565357166208,27.7673757734036,False,0.21707104763560806,0.3049331383452589,-2.891748394185825,-0.5921489152866338,6683.41936924519,-23.423073033514402,13333.345805930392,101,0.195357833655706,1.367504835589942,0.5841584158415841,1.0,0.003,100,0.25,0,7.5728650611200585,-0.2173698652676275,0.4479382869661013,0.5566049014665615,-0.421034609242391,0.0,0.0,0,0,125,-84.44940095067383,204,11
True,True,5.0,2.2,40,2.5,-319.73759781133685,55,20,50,True,trend_state_tp,48,6,0.018,74.02122537532162,28.6388203385012,36,0.01,47.59067348609431,7,-234.00693622992205,-0.3632220464354835,-0.20345159280202657,86.26583839581089,0.14143221400674597,-0.7954317069422681,-132.61053378291052,-0.20345159280202657,0.2857603352405512,11,60.76994863462021,93.26832406643106,False,0.36864650161929785,0.17077873078210268,-8.40171969942606,-2.5957716433572533,10552.376328972106,-60.73562447257309,52718.63500989978,458,0.8858800773694391,6.2011605415860735,0.3165938864628821,0.04,841,False,25.66250187725358,7,-254.726571046538,-0.32641611490155786,-0.11147090511444657,184.99743944771282,0.23935920741164324,-0.7546906434481129,-87.66985090243398,-0.11147090511444657,0.2857603352405512,8,40.30756345046507,51.31357526016193,False,0.7262589006229514,0.44496143911406183,-4.7464648171115496,-1.3821472613256363,14372.074702064983,-40.15279171331482,28736.339370892834,458,0.8858800773694391,6.2011605415860735,0.3799126637554585,0.08,0.002,50,0.5,0,16.290013622256208,-0.12762882467552455,0.46027438420220324,0.34963189226217334,-0.23860178678801147,0.16117547764993603,0.2571428571428571,1,1,126,-84.81997526062742,916,11
True,False,4.0,2.2,55,1.5,-355.29376017189077,16,8,400,True,trend_state_tp,8,4,0.012,63.90511170047431,41.29682201161483,48,0.0,44.50635874758471,5,-259.65044284635894,-0.39105951828418023,-0.2591728747754227,85.92229323831955,0.1396650471606993,-0.7900975120992623,-173.7745832804059,-0.2591728747754227,0.14159078088484164,20,58.040710815655515,86.56374017499118,False,0.3309152578228481,0.10942616095337214,-8.08974027647731,-2.1578763838647816,10011.065155393022,-58.040710815655515,49815.22218807643,334,0.6460348162475822,4.522243713733076,0.24850299401197604,0.025,1116,False,25.227152266327128,5,-267.34489911028516,-0.340010309490589,-0.14824990802405133,196.4028488382482,0.2530264876374071,-0.7561090833352053,-117.39053749818456,-0.14824990802405133,0.14159078088484164,10,39.20843952439364,49.515469280033166,False,0.7346422149510624,0.35106796112705646,-4.845288876888207,-1.141140197322678,13719.501941349858,-39.20843952439364,27388.03360391771,334,0.6460348162475822,4.522243713733076,0.32335329341317365,0.12,0.002,150,0.5,0,18.3163576063089,-0.13112441185958737,0.5229630102745776,0.36116848192046036,-0.3456431641410505,0.08202146094733803,0.23076923076923078,1,1,127,-84.83984017378955,724,11
True,False,3.0,6.0,40,2.5,-247.07588856099514,40,50,400,True,trend_state_tp,12,8,0.008,63.06941673657268,40.49948495643932,48,0.0025,28.914441946182166,9,-380.44524860137517,-0.4920386953390296,-0.2795635134580752,307.8675696637883,0.41715743177947323,-0.7365729844519818,-219.5895356372337,-0.2795635134580752,0.1370779273108228,16,41.57985104561304,53.47459259985529,False,0.8092296350016118,0.24678634258914403,-4.508173114896626,-0.9687017440046435,8026.140283561651,-40.40447455725112,39968.99951307037,184,0.35589941972920697,2.491295938104449,0.23369565217391305,0.04,78,False,16.047228227137726,9,-438.28995781649945,-0.5027833912151302,-0.1386520210619547,388.1050532748324,0.45436192461607383,-0.6312394653889379,-123.90055142305795,-0.1386520210619547,0.1370779273108228,16,26.465598274421787,30.44351448467196,False,0.885498392909385,0.5437270833654116,-2.0939507152082646,-0.445616339220532,10919.171306674994,-22.797701461842674,21814.62529742023,184,0.35589941972920697,2.491295938104449,0.3804347826086957,0.04,0.002,30,1.0,0,11.72107670828999,-0.19332769822844756,0.5911526685209956,0.3391234465952555,-0.6185459769158742,0.015755362188440467,0.1,1,1,128,-85.81816898803791,298,11
True,False,5.0,1.3,14,2.0,-217.32513944577985,20,80,130,False,range_bb_reversion,8,1,0.012,77.43080958142794,31.94698213253091,6,0.0025,19.407502582957743,4,-314.7303920277017,-0.37471001880603844,-0.28634626226018844,33.17752771293664,0.04092691013184869,-0.7412506363154515,-240.76571617732975,-0.28634626226018844,0.048835522604561206,16,30.661186121457124,36.48699853112211,False,0.10541570993250769,0.028462241681777068,-5.011731984333514,-0.6640282437031326,3976.7815150974275,-30.577245954520855,19750.734010029075,127,0.24564796905222436,1.7195357833655704,0.2125984251968504,0.015,1181,False,13.93683821237374,4,-409.0401806313616,-0.4639098334339541,-0.19974056645735444,90.09787895721404,0.10472570734618412,-0.7138460788547825,-177.15714507446424,-0.19974056645735444,0.048835522604561206,7,23.084177232099844,26.125473834447007,False,0.22026657336730632,0.19111364453928045,-3.616751757659867,-0.4426300785686113,4737.842963356182,-22.498957424456982,9440.130413853965,127,0.24564796905222436,1.7195357833655704,0.4645669291338583,0.05,0.003,30,1.5,0,6.904239032537273,-0.15640566117731655,0.2263082006365216,0.3873889662206895,-0.23614821353198828,0.0,0.0,0,0,129,-86.69826440978233,219,11
True,False,3.0,1.7,20,2.0,-240.06865371619548,12,30,300,True,trend_state_tp,36,6,0.005,73.31119620746139,23.67989738570437,12,0.0025,27.5672106541483,7,-388.1402555445954,-0.5002976664321799,-0.306981393772602,96.55210132958709,0.1316978403395172,-0.7558268045480019,-239.88141697131607,-0.306981393772602,0.10927552582802805,14,40.92945540458061,52.44115472251087,False,0.2487557009362914,0.10962115634480639,-5.733702018430765,-1.125325951227771,7243.041098497767,-40.779840885123676,36047.58426316722,170,0.3288201160541586,2.3017408123791103,0.3058823529411765,0.015,578,False,16.53332155017503,7,-442.5250297388641,-0.5141302453079037,-0.17588084083929492,222.90426783356796,0.2629291973902517,-0.7030049617702471,-152.86757079557015,-0.17588084083929492,0.10927552582802805,6,27.24372302461202,31.633811232186428,False,0.503709966338186,0.38827643238568493,-3.3623748227916574,-0.6688646765863823,9685.046173923356,-25.987487035246843,19337.49960635904,170,0.3288201160541586,2.3017408123791103,0.43529411764705883,0.05,0.0,50,0.25,0,11.911651709207723,-0.1963117426792505,0.3917874894448616,0.38647807210448876,-0.29567263618995465,0.1764361357365836,0.2222222222222222,1,1,130,-86.76070805806157,344,11
True,True,1.5,6.0,30,1.5,-140.4980679365708,10,80,200,False,trend_bb_reversion,24,6,0.025,59.714324824850266,31.567269801565022,3,0.001,13.001284102359817,15,-761.9332197948762,-0.8631987653349118,-0.3577829864803831,875.0285354316347,1.0180710781791669,-0.7312427717949075,-322.1524497340225,-0.3577829864803831,0.08453541784188895,9,21.584214132179522,23.97146009418567,False,1.1484320576903124,0.4218730007841965,-2.0203996648761864,-0.5124678182166567,4255.253931406411,-21.584214132179522,21300.777642596433,67,0.12959381044487428,0.90715667311412,0.26865671641791045,0.025,229,False,7.502706463789707,15,-828.1526473855921,-0.8905352212796638,-0.19869759959499736,1200.7078031435092,1.3167562383809386,-0.7206357837271917,-192.24116289139613,-0.19869759959499736,0.08453541784188895,8,12.880157913723567,13.341803706273817,False,1.449862905026075,0.6618939349032081,-0.9500047594565963,-0.29381405311786585,5800.590397933246,-12.880157913723567,11614.526465809997,67,0.12959381044487428,0.90715667311412,0.31343283582089554,0.2,0.003,20,0.25,0,10.787272197281562,-0.1847004014937215,0.6680395375384235,0.3316194461974513,-0.6177302459613454,0.0,0.0,3,2,131,-86.84233699385153,171,11
True,True,2.0,6.0,20,2.0,-193.84323715074737,10,8,400,False,channel_reclaim,18,1,0.018,74.07756553028275,30.584387354882324,3,0.0,24.118158346181325,11,-588.8339316079407,-0.7235259895195983,-0.3066733662470681,544.8988996996816,0.6759078171810392,-0.7084739074274568,-251.12627972907455,-0.3066733662470681,0.13046982029172374,10,37.49890327829514,46.596551895524335,False,0.9253863788245272,0.39258816071343566,-3.125190377893824,-0.7309543711847388,7136.097545624068,-35.40880544179958,35688.47365985525,141,0.2727272727272727,1.909090909090909,0.2978723404255319,0.01,1048,False,15.435734848585078,11,-719.709047517679,-0.8009499185756743,-0.15152626732128505,714.4337165737537,0.8055191134746571,-0.5437514060354951,-139.94920671475938,-0.15152626732128505,0.13046982029172374,7,26.45216402023595,30.28928591694895,False,0.9926701894854314,0.6735976285793996,-1.3430662263270194,-0.39832805249539416,9790.155952817076,-19.732838146781084,19586.069416937284,141,0.2727272727272727,1.909090909090909,0.40425531914893614,0.08,0.001,75,1.5,0,17.49158460107769,-0.18539891819372406,0.6923444496608409,0.3857101864064391,-0.4962103082207173,0.24098265450551912,0.1935483870967742,2,2,132,-87.02502546495283,257,11
True,False,2.5,6.0,20,1.8,-40.542562640426034,55,20,200,True,trend_state_tp,48,8,0.0,66.76917495852732,28.498047044262282,3,0.0025,3.142339095104864,14,-462.0606116047681,-0.47429297841275003,-0.10849953849223362,661.7362464272599,0.6895952395161659,-0.4617621593336061,-108.86731336613073,-0.10849953849223362,0.039487468772665,7,5.862857018216759,5.982908931667284,False,1.432141649401806,0.6563982559758278,-0.6335445965492056,-0.06834750180973115,1563.149223838689,-3.810355967814569,7804.649021530434,35,0.06769825918762089,0.4738878143133462,0.3142857142857143,0.04,566,False,1.3281590922490052,14,-488.30132176204114,-0.48892243737338265,0.028045493295901277,709.2414890926564,0.7173360675216132,0.19816512024641592,24.93131146140064,0.028045493295901277,0.039487468772665,4,3.1069280486136055,3.14047773137728,False,1.4524668631519366,1.0893501473639524,0.14387153020255905,0.016800179930482727,1856.697712538949,0.8725959011489759,3718.8798049989437,35,0.06769825918762089,0.4738878143133462,0.42857142857142855,0.2,0.002,20,0.25,0,7.077331132293978,-0.12812127300303733,0.5704876858267328,0.20246521155612066,-0.6734884122710579,0.0,0.0,2,2,133,-87.53076667985735,142,11
False,True,5.0,6.0,20,1.8,-106.57188564253923,8,8,200,False,range_bb_reversion,18,1,0.0025,71.21767776629905,29.333485448472292,24,0.0025,9.931748295438126,15,-430.96036504065256,-0.47090895164076035,-0.19103839383953397,330.314158763417,0.3687027217629188,-0.6857103558153226,-177.2021904392961,-0.19103839383953397,0.10709968571198324,11,16.269153126624108,17.66136870013921,False,0.766460643619184,0.3832303218095923,-2.345968242131802,-0.3126707282731535,3163.306741290421,-15.416590568218774,15877.89074075944,87,0.16827852998065765,1.1779497098646035,0.3333333333333333,0.025,767,False,5.5325171989272635,15,-452.6824939679329,-0.47332126814715886,-0.08401232445472787,417.72491893419055,0.44208084269720604,-0.47906330114358725,-82.50922641185736,-0.08401232445472787,0.10709968571198324,9,10.701040824558651,11.226131656706443,False,0.9227768347582298,0.6828548577210902,-0.965552462179619,-0.12930919870136087,3821.3237568887253,-7.178302697831576,7649.3786412581285,87,0.16827852998065765,1.1779497098646035,0.42528735632183906,0.2,0.003,20,0.25,0,7.328738378722882,-0.18824478278649465,0.5030132599035881,0.3201783941736095,-0.37003624474870095,0.05346723485126356,0.15789473684210525,3,3,134,-87.90816079492181,159,11
True,False,4.0,1.7,30,2.0,-190.8220273468466,12,14,150,False,range_bb_reversion,8,4,0.018,73.56800610837954,25.35989898178836,36,0.01,14.533777342047115,6,-357.82525032058965,-0.4138782094241058,-0.31873914279097176,68.02659721269528,0.08295913854892781,-0.736965195527108,-276.27915185676915,-0.31873914279097176,0.04649850914658715,12,25.970240274536266,29.96147942235133,False,0.19011122650441126,0.045026343119465836,-4.503655668823571,-0.5601540575365077,3587.000034878921,-25.970240274536266,17822.969966439312,94,0.18181818181818182,1.2727272727272727,0.19148936170212766,0.04,410,False,9.625412805836426,6,-406.31277066759236,-0.44834723255894793,-0.22004888532683325,148.67270958055465,0.16479690000730285,-0.7271117732476994,-199.66924078796313,-0.22004888532683325,0.04649850914658715,6,18.78431018769766,20.704322422995798,False,0.36590705563174375,0.21706350757815307,-3.1990401354090703,-0.3630504204599125,4350.465326084008,-18.76890863406853,8672.070780061928,94,0.18181818181818182,1.2727272727272727,0.3723404255319149,0.12,0.0,10,0.0,0,5.289693471247057,-0.16462713540622353,0.29230360520994936,0.4223979800328324,-0.24709765004466755,0.016796777246578784,0.2,0,0,135,-88.8078028355132,180,11
True,False,5.0,6.0,55,1.8,-294.93619874616525,30,50,100,True,trend_state_tp,8,4,0.025,72.74477213768007,34.09206569237102,48,0.005,31.671018042910287,5,-243.29756369191568,-0.32556763816365714,-0.20899047976243,197.39362649297757,0.26958943367418675,-0.7667205211817667,-156.97660891343145,-0.20899047976243,0.13216214038198082,22,45.680193193808584,60.816229610867126,False,0.8113259479364716,0.19763067962555075,-6.553991026243987,-1.7965422549817713,8645.233544418781,-45.680193193808584,43041.14307843221,291,0.562862669245648,3.9400386847195357,0.1958762886597938,0.01,488,False,15.857533111096519,5,-245.7762685929929,-0.2846856728790781,-0.10298475574118106,259.4863098634257,0.3028139592001224,-0.7196762174309358,-89.50949175080156,-0.10298475574118106,0.13216214038198082,13,26.676729398412135,30.83817378235571,False,1.055782608096865,0.4727384812374019,-3.2652089758900913,-0.8558978268380232,11343.362648797573,-26.047262099483238,22657.349312493272,291,0.562862669245648,3.9400386847195357,0.30927835051546393,0.04,0.0,30,0.75,0,10.256965763655417,-0.14420749920391704,0.41263251511903254,0.30414919291507314,-0.26696505982483615,0.09760159404642882,0.10526315789473684,0,0,136,-89.60203039045204,483,11
True,False,2.0,4.0,55,2.2,-237.7937171206947,20,30,50,True,trend_state_tp,24,8,0.0,76.06991481554088,27.391011105091934,18,0.01,20.467323262415608,8,-548.6850082415526,-0.6672951962387315,-0.450172531045712,387.5710742883689,0.4821777371360772,-0.7474248801038783,-371.8366370970119,-0.450172531045712,0.06495285679748569,14,33.46529733873111,40.515527794114085,False,0.7063635209033176,0.1644956144569369,-4.194276148313851,-0.7862950551845413,4967.470661247669,-33.46529733873111,24694.769096411128,90,0.17408123791102514,1.218568665377176,0.18888888888888888,0.025,372,False,14.124381965254345,8,-544.9767333439248,-0.6251775670871338,-0.3161353858929198,602.2634067662307,0.6992889237452119,-0.7356172633143174,-277.28736731822187,-0.3161353858929198,0.06495285679748569,10,24.955863058639938,28.45218473036278,False,1.105117649832132,0.3363401542967359,-2.7745791989618667,-0.47227120866948724,6582.107068643578,-24.955863058639938,13127.445640065773,90,0.17408123791102514,1.218568665377176,0.23333333333333334,0.04,0.002,150,1.5,0,8.242413124050765,-0.2248163988446774,1.3684977674758902,0.36228393454313984,-0.6482365607374059,0.012799856872428045,0.2,2,2,137,-89.67869549814017,136,11
True,False,4.0,3.0,14,2.0,-168.99627174463785,10,20,80,False,range_bb_reversion,18,4,0.005,66.46927362433598,40.618505832596306,3,0.01,25.544495465007554,12,-475.3884314876386,-0.5991925152694455,-0.22971434740147026,195.28136567557044,0.2506072708268974,-0.7527137962435705,-183.79286750363468,-0.22971434740147026,0.20259489080506085,8,38.12520553904143,47.693545336044664,False,0.4107827467834549,0.3159867282949648,-4.130878013559741,-0.8062394918531436,7436.967209624161,-38.04512357325228,37031.95586128969,207,0.40038684719535783,2.8027079303675047,0.43478260869565216,0.025,1170,False,13.879348575112886,12,-556.5130997372851,-0.6288281848292616,-0.1143164609509526,337.1775176076408,0.38549492795940477,-0.6577453218432897,-103.19177209855454,-0.1143164609509526,0.20259489080506085,7,23.73833584552632,26.784890415054356,False,0.6058752575039353,0.6236951180187571,-1.9343429961588607,-0.39337426192649927,9699.83249683424,-21.3606968244008,19376.37412705259,207,0.40038684719535783,2.8027079303675047,0.5072463768115942,1.0,0.0005,10,1.0,0,16.116461287398185,-0.20849692233434425,0.4512572237759107,0.45113219133000354,-0.41487707259147993,0.20048454820941974,0.32432432432432434,1,1,138,-89.75745061064495,411,11
False,True,2.5,4.0,14,2.2,-240.41358328160044,12,30,100,False,range_bb_reversion,48,6,0.012,63.32383701819906,29.078255563295116,48,0.0,32.27773943432633,18,-709.565287304282,-0.9469241627315789,-0.44584565758121514,357.2483593795755,0.5205200309230577,-0.7532230028771983,-345.2874567293062,-0.44584565758121514,0.1863163832702071,11,42.927972264045984,55.64083615153342,False,0.5034749666754443,0.26106109383171194,-4.06042445396304,-1.7235691873286834,5946.230765516931,-42.47035717770471,29913.60919671493,123,0.2379110251450677,1.6653771760154739,0.34146341463414637,0.025,597,False,24.58241843298943,18,-780.8942943552385,-0.976693624100163,-0.3114041229560183,638.0218907489322,0.8417643456938325,-0.7284916527351339,-261.77861687810287,-0.3114041229560183,0.1863163832702071,11,32.95458882949631,39.43003103777657,False,0.8170400211154419,0.4713692429512166,-2.5396867026352226,-1.9661984709894558,8037.188983323062,-32.19876987600667,16122.668972783833,123,0.2379110251450677,1.6653771760154739,0.36585365853658536,0.04,0.0,50,0.75,0,13.545019813350349,-0.21326818849115828,0.6565059977050202,0.4055362234788072,-0.5736293437935597,0.2799587372297634,0.2,3,3,139,-89.78754806142182,189,11
True,False,4.0,8.0,20,2.0,-118.11910919155346,10,8,80,False,trend_bb_reversion,18,2,0.012,64.93653135098928,33.80500005325812,18,0.0005,14.99660948536451,15,-454.0396998942677,-0.5198781602086983,-0.20226442450913723,305.7416289648735,0.3551800912084598,-0.7005594092885444,-178.26721756761646,-0.20226442450913723,0.16745910226448546,7,25.230211162400145,28.855672269332658,False,0.6733808277912077,0.38367047164847884,-2.8480641280742804,-0.49209788515611785,5392.880981765938,-24.066074371628247,26871.243893142717,135,0.2611218568665377,1.827852998065764,0.362962962962963,0.04,189,False,8.474197757075478,15,-484.55769284640184,-0.5120487956552597,-0.08007432071469278,446.4197766083831,0.4763673758189189,-0.5264409075108376,-77.68605804764394,-0.08007432071469278,0.16745910226448546,6,14.301358863407323,15.234635015612124,False,0.9212933427720691,0.7152145687309487,-1.0285926841348274,-0.17955346854378498,6806.697134803702,-10.487617836431978,13606.07212880991,135,0.2611218568665377,1.827852998065764,0.43703703703703706,1.0,0.0,50,0.0,0,8.728594535136619,-0.19599670373168576,0.48957575104908285,0.368430932842208,-0.46503311667589536,0.13955637774118387,0.15384615384615385,1,1,140,-89.85627730447297,234,11
True,False,2.5,12.0,20,2.2,-236.6464789301803,40,8,300,False,range_bb_reversion,36,4,0.018,67.56691557522706,34.976643434222986,18,0.005,32.227373926748164,22,-650.9472181696888,-0.8475260329814456,-0.3357637113345941,608.2220547620358,0.8130904801175214,-0.6865949786560221,-262.901341605824,-0.3357637113345941,0.28221452171810785,11,46.28541925441482,61.52341687082947,False,0.934364627092522,0.4162169702503051,-3.055202920339517,-1.0641604641358287,7244.111989286545,-41.80131331532604,36047.81120504914,159,0.30754352030947774,2.1528046421663443,0.3081761006289308,0.08,172,False,23.233062635842643,22,-768.9489011417703,-0.9083847036290476,-0.19861892139586745,832.056516820528,1.0043739298468106,-0.5616211457651354,-174.86512969664085,-0.19861892139586745,0.28221452171810785,11,36.60666104845081,44.89953430232407,False,1.0820699731608339,0.6384212841648919,-1.5562923725737206,-0.7856578180099547,9819.366377080823,-27.80355562176592,19602.770849998687,159,0.30754352030947774,2.1528046421663443,0.3710691823899371,0.2,0.0005,100,0.75,0,19.140164116790768,-0.19113770858856416,0.7403738657781446,0.36464305022138405,-0.5455458293447494,0.19225161684530226,0.22857142857142856,2,2,141,-90.22630911703325,297,11
True,False,2.0,12.0,30,2.5,-430.54035899921,40,30,100,True,trend_state_tp,48,3,0.005,63.82610726292513,34.75187535134344,3,0.001,48.9857021774845,10,-419.929692260081,-0.655921250811521,-0.4152788273887476,695.2536076832786,1.0568865864917474,-0.800833430579911,-263.2510468134933,-0.4152788273887476,0.20646305101136272,25,63.84829840243542,100.92736182642206,False,1.655642886173139,0.27063393331676333,-5.3663878426018945,-2.3140175745664373,10948.641622625755,-63.70675332886546,54479.46058831912,242,0.46808510638297873,3.276595744680851,0.14049586776859505,0.025,526,False,32.78808157367954,10,-457.64416999320235,-0.6051740889032351,-0.26804365654396123,930.447834855479,1.2078384584510826,-0.7326597678038983,-199.52788809985256,-0.26804365654396123,0.20646305101136272,23,50.83076919816253,70.1847978956668,False,2.0331250693509313,0.46441943208523767,-3.0736057798927527,-1.3215595132180866,16377.823116745449,-48.28574892016431,32691.83351751496,242,0.46808510638297873,3.276595744680851,0.1859504132231405,0.12,0.0,50,0.0,0,17.15396738295044,-0.1514736730204573,0.6713146955862607,0.2536900595973719,-0.3727349450559934,0.2738889528932264,0.14705882352941177,2,2,142,-90.54402554171521,496,11
True,False,3.0,2.2,40,2.0,-176.5068522758571,30,80,100,False,range_bb_reversion,120,3,0.0,73.02397606623983,44.552409304589936,24,0.01,24.441569459858485,16,-696.3195567024611,-0.8716488703079475,-0.36473486601335225,269.7371340555723,0.35090843416725254,-0.7390955210814933,-295.7594654125449,-0.36473486601335225,0.16576678217422838,6,37.00130719767172,45.85428107591795,False,0.38737549657941256,0.2743909767437506,-3.70825574478234,-0.8722041003638958,5520.736369035784,-36.37841424574306,27449.30824655431,123,0.2379110251450677,1.6653771760154739,0.4146341463414634,0.08,631,True,16.734262587255188,16,-856.3760800501548,-1.0,-0.2427820853251184,442.0890215108606,0.5268492377870564,-0.6801392764757751,-212.42184269062687,-0.2427820853251184,0.16576678217422838,6,28.31898243357573,32.88818469059102,False,0.516232332744475,0.5079060047969833,-2.276155031546466,-29669107931340.152,7175.092894391762,-26.127886650947087,14312.261639141956,123,0.2379110251450677,1.6653771760154739,0.4959349593495935,0.04,0.001,10,1.25,0,13.508460488116654,-0.2484759217603338,0.656644168362885,0.4796012217566805,-1.0,0.0,0.0,2,2,143,-91.37375783903622,212,11
True,False,5.0,8.0,14,1.5,-148.47458744194188,8,50,150,False,range_bb_reversion,18,3,0.0025,72.26950265353462,33.9143557998032,48,0.005,17.02256016234041,15,-434.0136625836734,-0.49479379860627687,-0.2548850251098935,328.86739474089035,0.391023211226523,-0.6626154653477625,-227.4000428916041,-0.2548850251098935,0.118462406317995,10,24.101733793364463,27.431530810637046,False,0.7577351200954142,0.2814444731782966,-3.028114857008423,-0.42979032020532104,3240.8836462108093,-21.830404117594053,16111.408675902074,96,0.18568665377176016,1.2998065764023212,0.2708333333333333,0.01,175,False,13.124804042979559,15,-472.9386930338061,-0.519757341692177,-0.16088025132941275,386.46874030924397,0.43724823260852763,-0.5646897061953912,-150.6609055301623,-0.16088025132941275,0.118462406317995,7,18.50537483734995,20.308690865768003,False,0.8171645627684323,0.4902987376610591,-1.808834746644818,-0.2649415811038721,3845.5187169574815,-14.463446930895588,7669.789784933366,96,0.18568665377176016,1.2998065764023212,0.375,0.08,0.003,30,1.0,0,10.129851809840776,-0.16178943085364217,0.4965151091914434,0.42781246434466613,-0.364318432820364,0.17179778013327007,0.23076923076923078,0,0,144,-91.61517040093057,176,11
True,False,5.0,1.3,20,2.5,-369.2664075130802,10,14,150,True,trend_state_tp,24,4,0.008,73.16914947072917,37.79114279600179,24,0.001,36.14613231805255,4,-204.94677452110557,-0.28514287990410936,-0.23235854450613816,27.362629629961457,0.04018098316093753,-0.7753112387588059,-167.25418907937615,-0.23235854450613816,0.12015472640825207,30,50.51076510197164,70.17228044085378,False,0.13351090639947413,0.025857843531913956,-8.487667656003964,-1.9359906237465192,8128.094232255906,-50.51076510197164,40428.50895288253,302,0.5841392649903289,4.088974854932302,0.16225165562913907,0.08,352,False,21.45958806735009,4,-258.329475462156,-0.31625759867832925,-0.13810808734261212,78.76822417913533,0.09759741996310593,-0.7459551157851497,-113.22119415961336,-0.13810808734261212,0.12015472640825207,12,34.309021180386694,41.88752152884623,False,0.30491380837675447,0.2304581109824306,-5.619680562153492,-1.1851114337118616,10445.06703793354,-34.192800636203216,20842.626988244112,302,0.5841392649903289,4.088974854932302,0.4304635761589404,0.12,0.001,75,1.0,0,14.671038637586395,-0.14521977291865387,0.3024281466909266,0.3947942633411129,-0.23103104351310624,0.025394834888712154,0.11538461538461539,0,0,145,-91.96609991369988,669,11
True,True,4.0,2.2,14,2.2,-158.12178386061186,12,10,200,False,trend_reclaim,18,8,0.0,64.78698511086857,43.9334082203291,36,0.005,14.23006915565135,13,-474.0487218192603,-0.538628623259966,-0.26560422632581093,145.7010771294822,0.16440919884548313,-0.7187593510936484,-233.36918824693308,-0.26560422632581093,0.1134660327181884,14,24.560395725738307,28.04965859620883,False,0.3073546461011942,0.19514580704837725,-3.6872166710654395,-0.4996545977888483,3417.835631515799,-24.037026389434164,17132.235155597078,103,0.19922630560928434,1.3945841392649903,0.3883495145631068,0.08,1057,False,10.696735281516306,13,-506.6177349584433,-0.5471699296745314,-0.17280119558427942,270.740456391023,0.2910904966579894,-0.647231200421817,-159.4480572683904,-0.17280119558427942,0.1134660327181884,9,18.392457278677263,20.187463391477834,False,0.5344077747559137,0.43127644980301805,-2.3394076322103925,-0.3197224503553176,4082.6484223617454,-16.423149898644173,8184.769771509475,103,0.19922630560928434,1.3945841392649903,0.44660194174757284,1.0,0.0005,150,1.25,0,5.317109174096262,-0.19063404336678957,0.48209516023353133,0.3815777359895007,-0.5380548554787854,0.0,0.0,1,1,146,-92.02657059956843,167,11
True,True,4.0,4.0,40,2.5,-404.12658864616844,8,10,80,True,trend_state_tp,36,4,0.025,74.37247747095576,39.880946584216964,18,0.005,44.95622371487643,5,-257.9853519953676,-0.3859357035448826,-0.2261287531756254,239.08214513144807,0.3741717142370972,-0.787818378202361,-153.48059518703437,-0.2261287531756254,0.16568619550326377,35,56.94130081438977,83.8937674281569,False,0.9267275962851607,0.24670563996669792,-6.874737754309688,-2.236727220930321,10734.805442885669,-56.94130081438977,53554.86577161935,371,0.7176015473887815,5.02321083172147,0.21024258760107817,0.025,343,False,23.23174108848656,5,-278.1201480621995,-0.3449168537204997,-0.11247814857846516,330.88701691400723,0.4182226118343215,-0.7487439070414382,-92.6273997001743,-0.11247814857846516,0.16568619550326377,20,34.3647652887646,41.7293931226106,False,1.1897268832174173,0.5210819294711939,-3.3627462803746124,-1.0673513852029728,14972.846454943234,-34.3647652887646,29904.729088692988,371,0.7176015473887815,5.02321083172147,0.3045822102425876,0.04,0.0005,150,0.75,0,15.746692729981632,-0.13002125294151468,0.5139178462889752,0.3025191835426353,-0.2217844046476286,0.25234370753456753,0.1896551724137931,1,1,147,-92.58975939962995,610,11
False,True,3.0,3.0,20,2.2,-259.6157394492659,8,80,300,False,trend_bb_reversion,12,3,0.005,60.996236054133746,39.573688968244596,18,0.0005,31.49324897845325,8,-442.80302431808184,-0.5841620413000209,-0.33080650751073176,215.0681928594109,0.3025823269624913,-0.7570438888748822,-254.83981941022677,-0.33080650751073176,0.11693125956966717,16,43.0878325721042,56.05775421253515,False,0.48569720857398535,0.19427888342959423,-4.958160186940607,-0.9818442756917736,7161.482035742738,-42.81308966091809,35985.67656856275,168,0.32495164410058025,2.2746615087040616,0.2857142857142857,0.015,591,False,21.165312539430122,8,-507.534644911662,-0.6083784929095706,-0.2023866637505375,344.02423083356246,0.42505525404069555,-0.7194876133901866,-172.99365801175244,-0.2023866637505375,0.11693125956966717,9,29.93881219478008,35.246336005236316,False,0.6778339848966192,0.43859846081545945,-2.899906395051819,-0.5783138261461046,9689.769502300835,-29.06293454597451,19418.285515170912,168,0.32495164410058025,2.2746615087040616,0.39285714285714285,0.05,0.002,100,0.0,0,9.299803389207842,-0.21790035671463956,0.4438140269314656,0.36467716067258404,-0.5922154629323446,0.0,0.0,1,1,148,-92.97012525762128,218,11
True,False,4.0,3.0,40,2.5,-124.5148073565382,8,20,100,False,range_bb_reversion,36,8,0.0,77.6388066064556,29.809444678543077,12,0.0005,16.123692266961836,18,-678.6505014169112,-0.7802869174226208,-0.3491150022171507,226.270780076388,0.27069462589071247,-0.7094617424209582,-307.40074490683975,-0.3491150022171507,0.11499717946651623,4,24.817752110192625,28.343966981848606,False,0.33341282383785414,0.2319393557132898,-3.155980185931332,-0.48389052489491513,2939.333326075117,-23.977258102733494,14591.31584126875,78,0.15087040618955513,1.056092843326886,0.41025641025641024,0.04,321,False,12.601904222498389,18,-727.057402899515,-0.8113503586560528,-0.253749847997101,375.4571591207366,0.4313022079553254,-0.6639509585175809,-232.33933019812008,-0.253749847997101,0.11499717946651623,4,19.840965181450215,21.9182193143817,False,0.5164064867827606,0.4203308613348051,-2.1796866820113308,-0.367865358130685,3521.70405698396,-18.122467755453357,7014.176240221158,78,0.15087040618955513,1.056092843326886,0.44871794871794873,0.08,0.003,75,0.0,0,7.4861066741530635,-0.2358248340776549,0.600521789620799,0.4422196787170049,-0.8771530000207683,0.0,0.0,2,2,149,-93.19432334008704,156,11
True,False,5.0,6.0,55,1.5,-140.28375998848279,12,20,200,False,channel_reclaim,18,4,0.012,76.67037799850299,35.033443517713785,36,0.0005,12.541921834311278,15,-466.46106198787936,-0.5230572982290437,-0.2803320821335639,267.32490128301134,0.30220843649558754,-0.7169182905140771,-250.64166102585267,-0.2803320821335639,0.10363445886050447,9,21.719646341680114,24.360122571733104,False,0.5730915676943633,0.2387881532059847,-3.2691997389751646,-0.47239858702885157,3208.4328128754682,-21.30454118719742,15951.629910543981,85,0.1644100580270793,1.1508704061895552,0.29411764705882354,0.04,192,False,8.331484854482014,15,-472.87616604643836,-0.5083906615513152,-0.17578609457460573,372.12028032672606,0.4035896027396625,-0.6749678158319187,-164.70099148681365,-0.17578609457460573,0.10363445886050447,7,14.974018201699902,16.107561434062813,False,0.7869296594876011,0.45175591563177103,-1.9747850816361694,-0.27545743576761783,3840.710465776628,-13.999584276379146,7661.093192809584,85,0.1644100580270793,1.1508704061895552,0.36470588235294116,0.03,0.003,50,0.75,0,7.420003926243914,-0.11139221934260549,0.835164867929776,0.3483006759322549,-0.3474224734018979,0.0,0.0,3,3,150,-93.31132376765459,124,11
True,False,3.0,8.0,20,1.5,-220.54656421104784,30,50,150,False,range_bb_reversion,96,8,0.012,63.9193222690599,40.53826112232995,6,0.005,25.685676195950258,42,-753.2897248841876,-0.9288209009617319,-0.4364435626266107,828.1673925008624,1.0620961627411487,-0.6840511116391208,-362.17667434809994,-0.4364435626266107,0.3179950036264002,11,36.81854540575779,45.48833654045699,False,1.0994008880556372,0.36123172036113793,-2.888942796507925,-1.1510382637471488,3941.114708984185,-33.68243071437333,19556.612347302333,93,0.17988394584139264,1.2591876208897486,0.24731182795698925,0.015,225,False,22.394505793536396,42,-784.4585453762202,-0.9324270844796583,-0.34005940064709,1107.6758588331024,1.3629976903715437,-0.6284767372093412,-296.1657959028466,-0.34005940064709,0.3179950036264002,11,32.39095087170932,38.648360163800724,False,1.412025995971361,0.4911394768596038,-2.026417078652525,-0.880173420774596,4887.145471256061,-27.543419018964748,9728.92668602927,93,0.17988394584139264,1.2591876208897486,0.25806451612903225,0.08,0.0005,100,1.5,0,17.271109220898595,-0.16120508124951538,0.902116636196705,0.3526509734813939,-0.5041452167621993,0.31731100876991564,0.15789473684210525,2,2,151,-93.57025707491502,172,11
True,False,2.5,8.0,80,2.5,-269.48914848435464,40,50,150,True,trend_state_tp,24,6,0.018,70.84863527371279,22.72685579879687,48,0.01,26.859428966773617,7,-408.0362405292787,-0.52730496255398,-0.3164777428358712,320.6337500160532,0.4331301494951821,-0.7584493119892047,-248.08429138518147,-0.3164777428358712,0.09710693851237005,20,40.68582378716973,51.90234982508288,False,0.7857972360497869,0.2210054726390027,-4.474179357910647,-0.9380219316427507,7305.841821929985,-40.68582378716973,36362.383759868215,164,0.31721470019342357,2.220502901353965,0.21951219512195122,0.04,695,False,16.958442608232737,7,-467.8008685068905,-0.5418534718330352,-0.17843226721054167,412.66087209943254,0.4857513136512566,-0.6648615084785277,-156.41805780465432,-0.17843226721054167,0.09710693851237005,8,28.418210246465303,33.150402654303335,False,0.8821293415220631,0.48267454536112886,-2.3461307210078783,-0.4963444916913683,9838.470310500634,-25.65256147996336,19645.327763608737,164,0.31721470019342357,2.220502901353965,0.35365853658536583,1.0,0.002,150,1.25,0,11.362429855377098,-0.21330266378622173,0.5183484950402028,0.3135589212552996,-0.5355939425600259,0.06346958166649311,0.16666666666666666,1,1,152,-93.8256991545502,344,11
True,False,4.0,2.2,14,2.2,-298.72505905718884,10,30,300,True,trend_state_tp,24,8,0.0,73.85397606441933,34.409335113371476,24,0.0005,36.32636451047895,9,-323.6085489134651,-0.4524915383566335,-0.25108462640941415,109.56219032805616,0.16291847037098117,-0.7743855073398107,-181.84357970714905,-0.25108462640941415,0.21468289144975422,20,50.00698441946605,69.04827226258891,False,0.3385639554205775,0.1647067891235241,-6.4742452970105555,-1.518518333259721,8859.219691022428,-50.00698441946605,44090.43319818121,275,0.5319148936170213,3.723404255319149,0.32727272727272727,0.006,1059,False,20.425138985549253,9,-364.1927754982331,-0.4415234560825664,-0.13832224380571032,229.93320147411288,0.28352292110121974,-0.7317747429861124,-115.74009421888842,-0.13832224380571032,0.21468289144975422,6,32.40642732443169,38.90077075070431,False,0.6313502544347654,0.45378299537498756,-3.5863310995638455,-0.8216199068969804,11862.504083480688,-31.828525910194454,23685.09099958465,275,0.5319148936170213,3.723404255319149,0.41818181818181815,0.12,0.0,20,0.5,0,13.999440702636704,-0.17627894924209808,0.43987639316698446,0.3836402127286471,-0.4031460341314162,0.06714215558596211,0.16666666666666666,0,0,153,-94.24228304350308,554,11
True,False,3.0,3.0,55,1.8,-224.09928599312605,20,80,300,True,trend_state_tp,120,2,0.005,76.4608834451455,36.870935997229616,3,0.001,22.337991075513568,3,-350.7150192241109,-0.4309207412248986,-0.3012880074834765,221.7644803701328,0.2770734199782528,-0.7426725833475134,-245.89482915755926,-0.3012880074834765,0.03586106857925699,12,35.24093270754766,43.2830076737465,False,0.6323210248045372,0.14172712624929285,-5.177030784372576,-0.9556477370450932,5833.212340558741,-34.917065740373346,29020.64085548071,142,0.2746615087040619,1.9226305609284333,0.18309859154929578,0.08,1143,True,13.446442646852649,3,-352.0279201494917,-0.39726159959548046,-0.1799399149066396,298.3095465075969,0.3374926676858386,-0.7143245793686981,-159.67458494105702,-0.1799399149066396,0.03586106857925699,11,23.255121501586988,26.30843814065064,False,0.8474030877463276,0.3559092968534575,-3.1387162848668755,-0.5311031155982239,7494.672337546084,-22.673791061630066,14958.985557111351,142,0.2746615087040619,1.9226305609284333,0.29577464788732394,1.0,0.002,20,1.5,0,10.342733774046842,-0.16663468955295027,0.34599349992484824,0.2864972317858095,-0.3134912305981085,0.0,0.0,1,1,154,-94.29446370422683,361,11
True,False,3.0,6.0,30,2.5,-158.7832018368424,8,8,150,True,trend_state_tp,18,1,0.025,66.92956086831555,34.896286455478624,6,0.005,10.964456654419863,4,-307.3427453959296,-0.33981029307741434,-0.2049647183674347,564.3347639054547,0.6490572547957693,-0.6829078857802025,-188.4776304911954,-0.2049647183674347,0.029172374889193328,15,17.609258360279217,19.297930031811752,False,1.8361740186138409,0.2899222134653433,-2.836922263781809,-0.5727328504687311,3351.7290381176495,-16.586031483225145,16692.56013480477,88,0.1702127659574468,1.1914893617021276,0.13636363636363635,0.08,825,True,6.253335467577415,4,-268.180133326912,-0.28306908868298103,-0.09203053030323005,517.9260673215392,0.5575005681879233,-0.5278269503730575,-89.51963317953673,-0.09203053030323005,0.029172374889193328,14,10.670331634807331,11.215520116338816,False,1.9312618757265905,0.5680181987431145,-1.2216587822896832,-0.24870422764829367,4018.3834332702572,-7.877727719799207,8029.064856849734,88,0.1702127659574468,1.1914893617021276,0.22727272727272727,1.0,0.0,150,0.75,0,10.543884695690322,-0.1278120771134654,0.35125124410926817,0.2239474366559529,-0.23904267638875853,0.0,0.0,0,0,155,-94.49209201101264,320,11
True,False,2.5,12.0,14,2.0,-318.2189148420845,10,50,150,False,channel_reclaim,24,8,0.008,73.26683209587657,24.82202967129862,24,0.0,38.378060000309745,18,-530.554233043,-0.7556539544734239,-0.3800144445249815,422.71526402858944,0.5953302479727286,-0.777375795584487,-265.49881190602144,-0.3800144445249815,0.30993633652993796,16,54.80480968790265,78.76157667912973,False,0.7967427978174845,0.3068536451053825,-4.667715753121218,-1.4139678553176487,8906.79078472559,-54.427256440734276,44306.321241737125,205,0.3965183752417795,2.775628626692457,0.2780487804878049,0.006,542,False,27.914167545438023,18,-639.8288802984046,-0.7979863708931767,-0.2431245133583349,612.0789065726864,0.760187338622475,-0.6959700640629655,-194.02757082723562,-0.2431245133583349,0.30993633652993796,8,43.263719093011204,56.051281787682115,False,0.9566290697713175,0.5290448643432284,-2.6393437231476558,-0.9302489307997024,12517.539856588128,-39.775652019583305,24980.554378619185,205,0.3965183752417795,2.775628626692457,0.35609756097560974,0.12,0.001,75,0.25,0,14.075585790688656,-0.20697266877237164,0.6310569149773457,0.3502605971538495,-0.5727478637451363,0.0999156905865194,0.19047619047619047,2,2,156,-94.62182788126592,405,11
True,False,2.5,2.2,14,1.8,-172.90777123991063,55,10,80,False,range_bb_reversion,72,6,0.008,60.96427010973123,29.761867209311422,36,0.0005,26.82605354452274,17,-731.8792846639466,-0.912120004213314,-0.3490137515602386,265.75686320057986,0.3548690642561057,-0.7131672251488326,-288.48544116860154,-0.3490137515602386,0.16052864856152793,8,35.394022602079865,43.35621877912354,False,0.36311570605882926,0.29049256484706343,-3.4539419934105418,-0.9207151938421685,5272.75245945801,-33.752796616726435,26221.3056080397,117,0.2263056092843327,1.5841392649903288,0.4444444444444444,0.04,719,True,20.464428555894326,17,-826.6445538425381,-0.9833333407206969,-0.22054472446023518,465.5741844833963,0.582390661077093,-0.6084155656562685,-197.10209158118542,-0.22054472446023518,0.16052864856152793,8,27.788376701527145,32.20156522446161,False,0.5632096435151502,0.5350491613393927,-1.9886806941827153,-1.2527443698067213,6800.957964772265,-23.060944714998698,13569.385193637876,117,0.2263056092843327,1.5841392649903288,0.48717948717948717,0.2,0.0,150,1.5,0,9.225589667128439,-0.23734810591549113,0.5577866340759333,0.4750959163159814,-0.5282162219185648,0.27458775280698616,0.2727272727272727,1,0,157,-94.92611345800951,216,11
True,False,5.0,6.0,30,1.5,-299.00469164027356,40,8,150,True,trend_state_tp,18,2,0.005,64.46397105979673,35.479455663567805,12,0.0025,27.994986882700477,3,-226.45876600080416,-0.2933862227616552,-0.21898965017392122,190.93572553759063,0.2566975260688627,-0.7586443188368802,-170.0078716533983,-0.21898965017392122,0.06511403013941494,24,41.5412693226468,53.53550106187627,False,0.8431368275534655,0.13186500146570782,-6.847320272636157,-1.6996800389852287,6954.629606609473,-41.48192068342923,34600.51340822118,244,0.47195357833655704,3.3036750483558994,0.13524590163934427,0.04,855,False,15.96071029069082,3,-223.48353785055357,-0.2599890638417952,-0.12355607530132137,188.18702116877452,0.22246962027234413,-0.7308748480202002,-107.06850271803866,-0.12355607530132137,0.06511403013941494,10,26.349795769959005,30.45373945798323,False,0.8420621177682345,0.3320130635771894,-4.112887081597714,-0.9439385309511881,8743.310992916908,-26.12471466320142,17451.859460316413,244,0.47195357833655704,3.3036750483558994,0.2827868852459016,1.0,0.0,20,1.25,0,10.484806441063903,-0.1388659538100527,0.3551427094360559,0.2681666239313492,-0.3308140632488314,0.0,0.0,0,0,158,-95.13955427628609,492,11
True,False,2.5,3.0,20,1.5,-211.29619349607904,16,8,200,False,range_bb_reversion,48,1,0.018,65.9632994867014,35.09560377739211,36,0.0,31.073905311230078,15,-671.6891028132826,-0.8840694439020451,-0.3906178141363149,287.80635756774427,0.406496357023711,-0.748368275327902,-304.8231914911253,-0.3906178141363149,0.16890966234184865,7,42.082997066690176,54.22686298811794,False,0.4284815048544106,0.2652504553860637,-4.087316621653533,-1.1446937991683759,6457.486956233042,-41.455954042793,32112.370293312244,136,0.26305609284332687,1.841392649903288,0.38235294117647056,0.025,1070,False,23.755190863143213,15,-788.1865123312799,-0.9643960687111687,-0.25943289823137095,497.0464666412839,0.6335204510430396,-0.6822827378214905,-221.17196278456058,-0.25943289823137095,0.16890966234184865,6,32.737948966634676,39.20047912883886,False,0.6306203656938144,0.49785818344248534,-2.473501937566887,-1.5438563541182484,8656.958916949005,-30.079386938700175,17271.056372367897,136,0.26305609284332687,1.841392649903288,0.4411764705882353,0.2,0.0005,75,0.75,0,19.487050794442176,-0.2261505709107145,0.6426893776267438,0.4382095504020638,-0.6461130086209298,0.1888576286821227,0.2,2,2,159,-95.67625967675733,256,11
True,False,3.0,1.3,80,2.0,-168.1019860005779,20,8,200,False,range_bb_reversion,8,4,0.008,61.43037864766984,44.92931432546491,12,0.0025,15.383070363393616,6,-472.5837398218617,-0.5470006214289347,-0.34076549988936117,194.39877327808827,0.22638108434446583,-0.7377087793269939,-294.72173632854174,-0.34076549988936117,0.04528970908211782,8,26.524956269568722,30.668894990042507,False,0.4113530722647504,0.1495829353690001,-3.8791463604046674,-0.5203655203093773,4040.145789856849,-26.524956269568722,20088.244982748056,90,0.17408123791102514,1.218568665377176,0.26666666666666666,0.04,1119,True,9.973146054915176,6,-530.6937810837975,-0.5827423492283904,-0.225293724143601,305.77617606994164,0.33641125813249667,-0.694548767736244,-205.3999088573434,-0.225293724143601,0.04528970908211782,5,19.35926187549393,21.360180982157026,False,0.5761819470457654,0.3666612390291234,-2.4852150035127285,-0.3319043353805179,5049.662768730273,-18.485991797160896,10072.43942384527,90,0.17408123791102514,1.218568665377176,0.3888888888888889,0.08,0.002,10,0.25,0,10.742870461802575,-0.17669221638083715,0.49499994602054537,0.3848231513303284,-0.35809568206008585,0.10744863595038379,0.2,1,1,160,-95.67632011524067,187,11
True,True,2.5,1.7,30,1.5,,30,20,300,True,trend_state_tp,24,4,0.0025,71.1041638202274,39.056276879298004,18,0.01,,,,,,,,,,,,,,,,,,,,,,,,,,,0.025,520,False,,,,,,,,,,,,,,,,,,,,,,,,,,,0.08,0.001,100,0.5,0,10.17930573629571,-0.18058092187527006,0.409097779016734,0.3396376037312288,-0.5057205633944836,0.0,0.0,0,0,161,-95.96920443356503,368,11
False,True,3.0,1.7,55,1.5,,8,30,100,False,channel_reclaim,18,4,0.025,71.03534480744504,32.09322264863606,24,0.0025,,,,,,,,,,,,,,,,,,,,,,,,,,,0.01,1038,False,,,,,,,,,,,,,,,,,,,,,,,,,,,1.0,0.0005,50,0.5,0,11.852717499019766,-0.21500328146746683,0.39354529239341696,0.451147869665467,-0.33864907140056477,0.09127624049791383,0.22857142857142856,0,0,162,-96.04539078434266,415,11
True,True,2.0,4.0,14,2.0,,10,8,300,False,trend_bb_reversion,48,8,0.025,72.23613543484731,34.394790822085525,18,0.0,,,,,,,,,,,,,,,,,,,,,,,,,,,0.006,121,False,,,,,,,,,,,,,,,,,,,,,,,,,,,1.0,0.002,75,1.5,0,13.099407895046049,-0.19547480818662086,0.7093024363874736,0.36998746867167925,-0.5374440216045647,0.22458079566093234,0.25,2,2,163,-96.49129468233903,196,11
True,False,2.0,6.0,55,2.0,,30,30,200,False,range_bb_reversion,96,4,0.0,61.88840416673204,29.09105517407621,48,0.0025,,,,,,,,,,,,,,,,,,,,,,,,,,,0.04,381,False,,,,,,,,,,,,,,,,,,,,,,,,,,,0.12,0.0005,10,1.0,0,10.625661583510539,-0.21329288721111786,0.7412631085751145,0.2820061618963955,-0.7551281984894328,0.148265861624997,0.08333333333333333,4,4,164,-96.84415327033673,172,11
True,False,2.0,1.7,80,1.8,,40,10,80,False,range_bb_reversion,72,1,0.012,63.95211272547055,42.67274908841678,6,0.0005,,,,,,,,,,,,,,,,,,,,,,,,,,,0.08,70,False,,,,,,,,,,,,,,,,,,,,,,,,,,,0.2,0.002,100,0.0,0,16.617618324892828,-0.2489527742000179,0.529690299409697,0.5130569036123633,-0.5316368134346848,0.07588069739355248,0.3225806451612903,1,1,165,-97.07355031410015,298,11
False,True,5.0,1.7,20,2.2,,30,30,100,False,range_bb_reversion,18,2,0.008,73.5935281394846,28.919624808841395,36,0.005,,,,,,,,,,,,,,,,,,,,,,,,,,,0.015,91,False,,,,,,,,,,,,,,,,,,,,,,,,,,,0.2,0.003,50,0.5,0,5.922410233624925,-0.19223024698848332,0.3724455721293886,0.4285089242308494,-0.4915009552432372,0.003920629245872949,0.125,1,1,166,-97.17828842622563,134,11
True,True,3.0,4.0,30,1.8,,10,10,400,False,channel_reclaim,12,3,0.012,74.47035278176794,41.53851072798884,24,0.001,,,,,,,,,,,,,,,,,,,,,,,,,,,0.025,458,False,,,,,,,,,,,,,,,,,,,,,,,,,,,0.2,0.0005,20,1.0,0,21.323367517561486,-0.16559553136817468,0.5678354527852698,0.3948549858208609,-0.3903057496693584,0.15857254186536415,0.2641509433962264,1,1,167,-97.91544863912895,600,11
True,True,4.0,1.3,55,2.2,,40,30,150,True,trend_state_tp,24,1,0.005,69.21333375951725,33.782660963565746,12,0.0025,,,,,,,,,,,,,,,,,,,,,,,,,,,0.006,1042,False,,,,,,,,,,,,,,,,,,,,,,,,,,,0.12,0.0,50,0.0,0,16.872987400115726,-0.12962131549126107,0.36275624848643173,0.4122693221373774,-0.22307976039578045,0.10455074029319489,0.2647058823529412,0,0,168,-98.14878722798922,996,11
True,False,3.0,1.3,80,2.0,,20,10,200,True,trend_state_tp,96,6,0.008,68.52012602896323,22.154440156318348,6,0.001,,,,,,,,,,,,,,,,,,,,,,,,,,,0.006,559,False,,,,,,,,,,,,,,,,,,,,,,,,,,,0.2,0.001,50,1.5,0,13.488016782551437,-0.21697308299021192,0.31489560201223654,0.4397015836369903,-0.3783433479466803,0.07077008147141135,0.3,0,0,169,-99.053417106728,372,11
True,False,4.0,6.0,55,1.8,,10,50,150,True,trend_state_tp,36,3,0.008,73.58760320968813,44.871747223238174,12,0.0025,,,,,,,,,,,,,,,,,,,,,,,,,,,0.01,940,False,,,,,,,,,,,,,,,,,,,,,,,,,,,1.0,0.001,10,1.0,0,13.434227678204246,-0.1421085880685827,0.4494035549693255,0.2954763739130181,-0.39979526642488267,0.015744463043459025,0.08,0,0,170,-99.4040738374555,712,11
True,False,2.5,12.0,40,1.8,,55,8,300,False,trend_reclaim,48,4,0.0,72.65531520826036,35.7710132562286,6,0.0,,,,,,,,,,,,,,,,,,,,,,,,,,,0.04,868,False,,,,,,,,,,,,,,,,,,,,,,,,,,,0.04,0.002,150,0.0,0,16.331225721984666,-0.16795090226279885,1.0578565363200867,0.2994782719860119,-0.8182165721267934,0.04358877302810778,0.11764705882352941,2,2,171,-99.58643060601747,204,11
True,True,3.0,1.7,14,2.5,,12,50,400,False,trend_bb_reversion,120,8,0.005,68.1971446310629,30.52062291869407,36,0.0005,,,,,,,,,,,,,,,,,,,,,,,,,,,0.025,313,False,,,,,,,,,,,,,,,,,,,,,,,,,,,0.12,0.003,10,0.75,0,14.732927827051077,-0.23999612871071643,0.4129296229844339,0.557864851920264,-0.36363151774296487,0.1098130290788193,0.34285714285714286,0,0,172,-99.9534981942458,414,11
True,False,2.0,8.0,55,1.5,,30,20,300,False,trend_bb_reversion,36,6,0.0,77.52692068867786,39.52689723535222,24,0.0005,,,,,,,,,,,,,,,,,,,,,,,,,,,0.006,503,False,,,,,,,,,,,,,,,,,,,,,,,,,,,0.2,0.0,50,0.25,0,9.316645901070004,-0.21009484958650715,0.6974486390770749,0.2995194660412052,-0.6461716753333314,0.22658651385975578,0.14285714285714285,3,2,173,-100.98634521672795,152,11
True,False,3.0,12.0,20,1.5,,12,8,400,True,trend_state_tp,12,6,0.008,77.32340919853105,30.040682134179168,18,0.01,,,,,,,,,,,,,,,,,,,,,,,,,,,0.08,974,False,,,,,,,,,,,,,,,,,,,,,,,,,,,0.2,0.0,150,0.0,0,5.896237494668514,-0.16296475140513952,0.39307841964208534,0.2219471936886192,-0.5025087953799924,0.0,0.0,1,1,174,-101.17582806786712,184,11
True,False,4.0,1.3,30,2.2,,12,14,300,True,trend_state_tp,96,1,0.025,68.58793019512683,40.029105262056774,12,0.0025,,,,,,,,,,,,,,,,,,,,,,,,,,,0.006,291,False,,,,,,,,,,,,,,,,,,,,,,,,,,,0.2,0.002,50,1.0,0,12.197271143264725,-0.149402429894012,0.238686173657279,0.3196433564436476,-0.23131276690104766,0.0,0.0,0,0,175,-103.95682329503151,637,11
True,False,3.0,12.0,40,2.5,,8,20,400,True,trend_state_tp,120,3,0.008,61.44153158478813,42.31363659170107,6,0.0,,,,,,,,,,,,,,,,,,,,,,,,,,,0.006,208,False,,,,,,,,,,,,,,,,,,,,,,,,,,,0.03,0.001,75,1.5,0,9.524534397243892,-0.16159310091981557,0.5580049595306081,0.2622064803882986,-0.4181197596271991,0.0,0.0,1,1,176,-103.98789911591071,179,11
True,False,2.0,4.0,20,1.5,,10,14,400,False,trend_bb_reversion,24,1,0.008,60.34670331170552,40.39675127982382,36,0.0,,,,,,,,,,,,,,,,,,,,,,,,,,,0.08,866,False,,,,,,,,,,,,,,,,,,,,,,,,,,,0.12,0.0005,75,1.0,0,16.84923970425784,-0.21584890153560535,0.6408373803794439,0.3604173929687126,-0.5049806760999566,0.21705969960959676,0.2,2,1,177,-104.1663851211155,219,11
True,False,5.0,2.2,30,2.5,,12,10,300,True,trend_state_tp,120,2,0.005,68.07897166216455,24.474318823629613,24,0.0005,,,,,,,,,,,,,,,,,,,,,,,,,,,0.04,967,False,,,,,,,,,,,,,,,,,,,,,,,,,,,0.04,0.0,30,0.5,0,13.687081419894232,-0.135988204807438,0.33154141223752814,0.2848928312439516,-0.26426560574901903,0.06913393078651643,0.14285714285714285,0,0,178,-104.92988537787133,607,11
True,False,4.0,6.0,80,2.0,,16,10,300,True,trend_state_tp,72,3,0.008,58.890172365614305,30.273192044723576,18,0.005,,,,,,,,,,,,,,,,,,,,,,,,,,,0.015,128,False,,,,,,,,,,,,,,,,,,,,,,,,,,,0.12,0.001,10,0.25,0,8.838817653307334,-0.1540274463144902,0.46267738178919227,0.1938938441012735,-0.4901264346961575,0.0,0.0,0,0,179,-104.96968072299995,488,11
False,True,5.0,1.3,40,2.2,,20,14,150,True,trend_state_tp,120,3,0.0,60.62935909414739,36.094418275302544,6,0.0,,,,,,,,,,,,,,,,,,,,,,,,,,,0.015,798,False,,,,,,,,,,,,,,,,,,,,,,,,,,,0.03,0.0005,50,1.0,0,22.41441720199498,-0.11780906564448795,1.133141939074946,0.395531969427026,-0.28735812249044485,0.0,0.0,1,1,180,-105.56846092826966,323,11
True,False,2.5,2.2,40,1.8,,20,80,150,True,trend_state_tp,24,6,0.0025,60.23817394788187,32.86101572490968,24,0.005,,,,,,,,,,,,,,,,,,,,,,,,,,,0.015,301,False,,,,,,,,,,,,,,,,,,,,,,,,,,,1.0,0.001,75,0.0,0,14.987234951564547,-0.20984709155397968,0.47003543577813556,0.36444496894829737,-0.3560814579073341,0.17158497266081485,0.1935483870967742,1,1,181,-105.91845030921756,382,11
True,True,5.0,1.3,55,2.2,,20,10,80,True,trend_state_tp,12,8,0.008,60.87461001040146,43.31366181177182,36,0.005,,,,,,,,,,,,,,,,,,,,,,,,,,,0.025,92,False,,,,,,,,,,,,,,,,,,,,,,,,,,,0.04,0.0,30,0.0,0,18.16740191235023,-0.1647660866176224,0.2607247567775622,0.46020811608232676,-0.26857542522629685,0.019140832462715713,0.140625,0,0,182,-105.98035257667341,679,11
True,False,4.0,8.0,40,1.8,,20,30,300,True,trend_state_tp,72,8,0.0,73.5081652045829,30.74088529585381,36,0.0005,,,,,,,,,,,,,,,,,,,,,,,,,,,0.08,477,False,,,,,,,,,,,,,,,,,,,,,,,,,,,0.05,0.003,50,0.25,0,11.035857618619005,-0.16551982670198606,0.5433491223996675,0.22623517237364743,-0.4610702095160148,0.05828748922864808,0.09090909090909091,1,1,183,-106.1863988465495,419,11
True,False,4.0,3.0,20,1.8,,12,10,80,True,trend_state_tp,18,2,0.0025,75.14902337518812,28.802945026226418,18,0.01,,,,,,,,,,,,,,,,,,,,,,,,,,,0.01,931,False,,,,,,,,,,,,,,,,,,,,,,,,,,,0.12,0.0,30,0.0,0,10.79808729041476,-0.14297268786952594,0.4157401370375119,0.23719964016738188,-0.2606875377777156,0.031066824741822797,0.125,0,0,184,-106.64160494963951,491,11
True,False,2.0,6.0,40,2.0,,30,10,400,False,trend_bb_reversion,12,2,0.005,68.2188429865039,44.29814548350672,6,0.001,,,,,,,,,,,,,,,,,,,,,,,,,,,0.08,341,True,,,,,,,,,,,,,,,,,,,,,,,,,,,0.12,0.0,75,0.5,0,6.111762466206223,-0.2541815588202338,0.4422542527950155,0.44987373737373737,-0.6702098448568746,0.0,0.0,1,1,185,-106.79355423026671,136,11
True,False,3.0,12.0,30,1.5,,16,8,50,False,channel_reclaim,18,1,0.012,61.06043497263953,38.29395501819809,18,0.0,,,,,,,,,,,,,,,,,,,,,,,,,,,0.04,945,False,,,,,,,,,,,,,,,,,,,,,,,,,,,0.08,0.001,30,0.0,0,10.997766273792148,-0.20374152077500884,0.5471199191873365,0.3397687400318979,-0.5044962606728237,0.12107100879338388,0.18181818181818182,1,1,186,-106.81176506868653,245,11
True,False,4.0,4.0,14,2.0,,20,50,200,True,trend_state_tp,72,2,0.005,77.0518370705715,42.31185066507707,48,0.0025,,,,,,,,,,,,,,,,,,,,,,,,,,,0.08,953,False,,,,,,,,,,,,,,,,,,,,,,,,,,,1.0,0.0005,50,1.25,0,11.210669793479795,-0.1732198623139847,0.38905072961370685,0.28362693071476675,-0.41703960787470085,0.007018572717624452,0.05263157894736842,0,0,187,-106.88510187924234,559,11
True,True,2.0,1.7,14,1.5,,12,14,300,False,trend_bb_reversion,8,2,0.0,63.53650662129107,39.0947912088661,24,0.0025,,,,,,,,,,,,,,,,,,,,,,,,,,,0.01,11,False,,,,,,,,,,,,,,,,,,,,,,,,,,,1.0,0.001,50,1.25,0,10.933573627867244,-0.2301000726244319,0.40612377472507966,0.3980388033019612,-0.36881647861088046,0.06731953963429986,0.23076923076923078,0,0,188,-107.1435196730576,281,11
True,False,2.0,1.3,80,1.8,,20,20,150,False,range_bb_reversion,96,1,0.008,65.49435848031841,39.076257139327495,18,0.001,,,,,,,,,,,,,,,,,,,,,,,,,,,0.08,900,False,,,,,,,,,,,,,,,,,,,,,,,,,,,0.2,0.003,75,0.0,0,17.596253876200098,-0.25567375710716767,0.43309609429668733,0.5479635690078123,-0.5671704000362883,0.031164695930868683,0.1935483870967742,0,0,189,-107.27550738814023,302,11
True,False,3.0,6.0,20,1.5,,8,30,80,False,range_bb_reversion,48,8,0.0025,63.00591067941187,36.987587787488366,12,0.005,,,,,,,,,,,,,,,,,,,,,,,,,,,0.04,530,False,,,,,,,,,,,,,,,,,,,,,,,,,,,1.0,0.003,50,0.75,0,25.06068456340535,-0.19365425292189967,0.6698690554206469,0.38896272659540254,-0.5381698504042267,0.22502571100164107,0.23255813953488372,2,1,190,-107.6260811367051,406,11
True,False,5.0,4.0,20,2.5,,12,20,100,False,range_bb_reversion,12,6,0.008,59.471436470562494,39.22341706239899,3,0.005,,,,,,,,,,,,,,,,,,,,,,,,,,,0.04,16,False,,,,,,,,,,,,,,,,,,,,,,,,,,,0.05,0.002,20,0.5,0,7.83091925206631,-0.19707432888705653,0.35652539257815213,0.32794574110466707,-0.435820312272965,0.018602040590014506,0.14285714285714285,0,0,191,-107.74386580026092,244,11
False,True,4.0,2.2,14,2.2,,55,10,80,False,range_bb_reversion,72,4,0.025,69.54974038483867,37.305597169243484,12,0.0005,,,,,,,,,,,,,,,,,,,,,,,,,,,0.04,302,False,,,,,,,,,,,,,,,,,,,,,,,,,,,0.12,0.001,50,0.5,0,11.033892806502829,-0.2590927805109404,0.42592728034533905,0.5470107353122502,-0.49051796258482955,0.20296597852991913,0.3333333333333333,0,0,192,-107.92420306409336,215,11
True,False,2.0,3.0,20,2.2,,20,30,300,False,trend_bb_reversion,96,1,0.008,65.77514995906743,29.369291809255905,48,0.0025,,,,,,,,,,,,,,,,,,,,,,,,,,,0.006,1187,True,,,,,,,,,,,,,,,,,,,,,,,,,,,0.2,0.0,150,0.5,0,11.16224188588159,-0.2711083103623459,0.4875506553369382,0.47463659796377267,-0.6618813258317676,0.07425997024787545,0.25,0,0,193,-108.87270652426676,264,11
True,False,2.0,1.7,40,2.0,,16,30,300,False,channel_reclaim,36,6,0.008,60.19555888030824,39.04140811304419,36,0.001,,,,,,,,,,,,,,,,,,,,,,,,,,,0.01,884,False,,,,,,,,,,,,,,,,,,,,,,,,,,,1.0,0.003,100,1.25,0,9.463803805012846,-0.23769667694731514,0.5305875894182789,0.5137311085927686,-0.5149231006143885,0.20616242675485602,0.2857142857142857,0,0,194,-108.9804213029587,168,11
True,False,3.0,6.0,80,2.0,,8,30,50,False,range_bb_reversion,12,6,0.0,76.48011737308936,22.05085418236291,48,0.001,,,,,,,,,,,,,,,,,,,,,,,,,,,0.025,235,False,,,,,,,,,,,,,,,,,,,,,,,,,,,0.2,0.001,30,0.25,0,6.99646715985725,-0.18954764295036142,0.5080167287949323,0.34325849432801303,-0.39663407873064643,0.17146928125796324,0.17647058823529413,1,1,195,-109.27844744254594,138,11
True,False,4.0,6.0,80,1.8,,16,30,80,False,channel_reclaim,8,6,0.0025,59.910397860586144,22.913444562972188,12,0.0,,,,,,,,,,,,,,,,,,,,,,,,,,,0.01,865,False,,,,,,,,,,,,,,,,,,,,,,,,,,,0.12,0.002,20,0.5,0,11.605636353258115,-0.16949984320619835,0.37685854258886486,0.2828215278339398,-0.29317377841259734,0.035182213855127674,0.10526315789473684,0,0,196,-109.30670758708267,337,11
True,False,4.0,6.0,14,2.2,,16,20,200,True,trend_state_tp,12,4,0.018,61.220097879721834,44.23443073412024,48,0.0025,,,,,,,,,,,,,,,,,,,,,,,,,,,0.08,83,True,,,,,,,,,,,,,,,,,,,,,,,,,,,0.2,0.0005,75,0.5,0,15.933989552905224,-0.14551344939951158,0.4502472888579552,0.25921585726192053,-0.33667146845862295,0.034974621956018,0.125,1,1,197,-109.75809731456928,661,11
True,False,5.0,4.0,14,2.0,,16,8,200,True,trend_state_tp,96,8,0.005,73.82792208043554,35.43130600573589,24,0.0025,,,,,,,,,,,,,,,,,,,,,,,,,,,0.04,600,True,,,,,,,,,,,,,,,,,,,,,,,,,,,1.0,0.0,20,0.0,0,10.583036754133202,-0.16091675361974,0.40959149484539775,0.2595208811929038,-0.3509854347227408,0.04505939303262496,0.11764705882352941,0,0,198,-109.9153585028694,558,11
True,False,4.0,6.0,40,2.0,,12,50,100,False,channel_reclaim,120,2,0.018,60.458249123381634,37.826942352065444,36,0.0025,,,,,,,,,,,,,,,,,,,,,,,,,,,0.006,9,True,,,,,,,,,,,,,,,,,,,,,,,,,,,0.05,0.0005,30,1.0,0,9.013136130570729,-0.2315084904729467,0.4913921839000725,0.43698941581294526,-0.46879406635921267,0.08603774971384498,0.1111111111111111,1,1,199,-109.94511110790766,183,11
True,False,3.0,6.0,14,2.2,,10,14,150,True,trend_state_tp,48,6,0.005,77.47023594399133,36.71380994176103,36,0.001,,,,,,,,,,,,,,,,,,,,,,,,,,,0.006,889,False,,,,,,,,,,,,,,,,,,,,,,,,,,,1.0,0.002,100,1.25,0,13.622252811180152,-0.19020187531586535,0.5150929851757848,0.3127113889691329,-0.5187498530943712,0.08919264959252764,0.17647058823529413,0,0,200,-110.09196366583829,448,11
True,False,3.0,1.7,14,1.5,,55,14,80,False,trend_bb_reversion,72,4,0.025,59.664128058915495,40.27405235997632,12,0.0005,,,,,,,,,,,,,,,,,,,,,,,,,,,0.025,607,True,,,,,,,,,,,,,,,,,,,,,,,,,,,0.05,0.002,50,0.75,0,8.59401722084491,-0.2361519743059849,0.2456215618788149,0.42174361265270355,-0.41344552185662525,0.058286938491689616,0.18181818181818182,0,0,201,-110.32407076520111,255,11
True,False,1.5,8.0,20,2.5,,10,20,80,True,trend_state_tp,18,8,0.018,67.92261780812406,41.11848322536114,24,0.0,,,,,,,,,,,,,,,,,,,,,,,,,,,0.025,925,False,,,,,,,,,,,,,,,,,,,,,,,,,,,0.08,0.002,50,1.5,0,18.971899927598926,-0.2079522206973003,0.6413072245740251,0.3200197052051839,-0.5983533051832107,0.18833830083657055,0.08,2,2,202,-110.36155492315754,410,11
True,True,3.0,2.2,30,2.2,,20,80,150,False,range_bb_reversion,48,4,0.0,69.54169765159301,23.075408192263378,3,0.0025,,,,,,,,,,,,,,,,,,,,,,,,,,,0.015,640,False,,,,,,,,,,,,,,,,,,,,,,,,,,,1.0,0.0005,20,1.25,0,9.927783067812241,-0.27484833763757444,0.44207022798220535,0.48940112609467445,-0.6844042588175003,0.12700347368176135,0.21428571428571427,0,0,203,-111.13689387411075,255,11
True,False,2.0,8.0,55,2.0,,12,8,100,True,trend_state_tp,96,8,0.018,62.05118801228256,31.19372564201201,36,0.0,,,,,,,,,,,,,,,,,,,,,,,,,,,0.01,1098,False,,,,,,,,,,,,,,,,,,,,,,,,,,,0.08,0.0005,30,1.5,0,15.437708646793432,-0.23782323438325303,0.5735805124261825,0.333232459355454,-0.5805063906681649,0.17055456135960012,0.12,2,1,204,-111.92057574344467,369,11
True,True,3.0,12.0,55,2.5,,30,50,100,False,channel_reclaim,8,3,0.018,77.13358246529735,22.690334437720377,24,0.005,,,,,,,,,,,,,,,,,,,,,,,,,,,0.006,879,True,,,,,,,,,,,,,,,,,,,,,,,,,,,0.12,0.0,50,1.0,0,6.753091703557507,-0.18747835596936638,1.1591395558231907,0.4157561908335902,-0.34057248509729166,0.08729686354385639,0.21052631578947367,1,1,205,-112.14755810554227,169,11
True,True,4.0,1.7,20,1.8,,30,20,50,False,range_bb_reversion,24,8,0.0,66.14727707265025,31.888190618342744,12,0.0025,,,,,,,,,,,,,,,,,,,,,,,,,,,0.04,20,False,,,,,,,,,,,,,,,,,,,,,,,,,,,1.0,0.001,10,0.25,0,19.114701523586067,-0.2048854274729133,0.3640823592485752,0.5372684940195005,-0.277024659762117,0.17714788643881543,0.43661971830985913,0,0,206,-112.26408025714406,754,11
True,False,2.0,3.0,14,1.5,,12,50,80,False,range_bb_reversion,24,3,0.005,66.9115624385839,26.257844019504613,6,0.0025,,,,,,,,,,,,,,,,,,,,,,,,,,,0.04,735,True,,,,,,,,,,,,,,,,,,,,,,,,,,,0.05,0.001,30,1.0,0,13.175298841591136,-0.25009183191012774,0.5188813526196762,0.4587062270188524,-0.4250096400513269,0.2117033330971433,0.375,0,0,207,-112.9194661558294,259,11
True,True,2.5,1.3,80,1.5,,16,10,50,False,channel_reclaim,12,2,0.012,66.29080419287901,26.33336203425631,3,0.0,,,,,,,,,,,,,,,,,,,,,,,,,,,0.025,512,False,,,,,,,,,,,,,,,,,,,,,,,,,,,0.08,0.0005,150,0.25,0,16.227855112877794,-0.22596532344598125,0.34456437299640963,0.45181638451823214,-0.4737920259693028,0.008784256179593499,0.11764705882352941,0,0,208,-112.93475307066771,327,11
True,False,2.5,12.0,40,2.5,,20,80,200,False,channel_reclaim,18,1,0.018,66.55306852315834,39.989563708880375,18,0.001,,,,,,,,,,,,,,,,,,,,,,,,,,,0.08,917,True,,,,,,,,,,,,,,,,,,,,,,,,,,,0.05,0.003,150,1.0,0,8.972784055555774,-0.22908816812947086,0.5062645461596871,0.431424570159748,-0.5452804492593323,0.06434018790559337,0.18181818181818182,1,1,209,-113.264465243068,144,11
True,False,4.0,12.0,40,2.2,,55,8,150,True,trend_state_tp,12,2,0.025,72.13468792230384,26.66453356093615,18,0.0005,,,,,,,,,,,,,,,,,,,,,,,,,,,0.015,95,False,,,,,,,,,,,,,,,,,,,,,,,,,,,1.0,0.003,150,1.0,0,12.873543717725992,-0.14533315656140322,0.40600604227221115,0.27634355106699654,-0.2877849772556822,0.11306224560250042,0.16666666666666666,0,0,210,-113.30544952831202,710,11
True,False,4.0,12.0,14,1.8,,10,80,400,True,trend_state_tp,96,1,0.0,75.53243267465726,23.30138897386604,48,0.001,,,,,,,,,,,,,,,,,,,,,,,,,,,0.025,396,False,,,,,,,,,,,,,,,,,,,,,,,,,,,0.12,0.002,20,1.0,0,20.131866985465553,-0.1304522740409397,0.4448601740385696,0.2726286614560673,-0.37209099298243775,0.0,0.0,1,1,211,-113.44063521424476,817,11
True,False,3.0,1.7,40,2.5,,55,20,80,False,range_bb_reversion,36,1,0.0025,63.886449708469634,39.458147503985096,24,0.01,,,,,,,,,,,,,,,,,,,,,,,,,,,0.04,641,False,,,,,,,,,,,,,,,,,,,,,,,,,,,0.08,0.0,10,1.25,0,11.151120604214166,-0.2584709298499562,0.42989231571974923,0.5091042928363503,-0.5747249427172745,0.11808267022042851,0.2,0,0,212,-114.30095021023048,219,11
True,False,3.0,2.2,80,1.8,,40,14,200,True,trend_state_tp,48,8,0.025,58.08594023006894,24.704042119303484,18,0.01,,,,,,,,,,,,,,,,,,,,,,,,,,,0.006,138,False,,,,,,,,,,,,,,,,,,,,,,,,,,,0.05,0.001,30,0.0,0,8.433980785714569,-0.24510413803092385,0.4389699858255879,0.3222703468739274,-1.0,0.0,0.0,0,0,213,-114.55369792909113,192,11
True,False,5.0,6.0,55,1.5,,55,50,100,True,trend_state_tp,8,1,0.005,60.51593672453915,44.75293577869499,18,0.0025,,,,,,,,,,,,,,,,,,,,,,,,,,,0.006,193,False,,,,,,,,,,,,,,,,,,,,,,,,,,,1.0,0.0,50,0.75,0,14.597298133262829,-0.11319075869676253,0.3754638733847504,0.24764640513316485,-0.21622607368378727,0.09894175109381957,0.16666666666666666,0,0,214,-114.59116492167291,970,11
True,False,3.0,3.0,55,1.8,,16,50,200,False,range_bb_reversion,24,3,0.0025,61.89985955937161,41.82105353492259,6,0.0025,,,,,,,,,,,,,,,,,,,,,,,,,,,0.08,379,False,,,,,,,,,,,,,,,,,,,,,,,,,,,0.03,0.0005,75,1.25,0,12.375287656170835,-0.18335016608693866,1.3590062734997481,0.4711503143321325,-0.6608288666406724,0.0,0.0,2,2,215,-114.90915667437622,136,11
True,False,5.0,3.0,80,2.0,,8,14,80,True,trend_state_tp,36,2,0.0025,64.58307576477,36.013778431835455,12,0.0025,,,,,,,,,,,,,,,,,,,,,,,,,,,0.025,438,True,,,,,,,,,,,,,,,,,,,,,,,,,,,0.05,0.002,100,0.75,0,12.314836099555237,-0.13522907707509724,0.32497674645612107,0.2543606871219968,-0.2327632886205329,0.08222251120055776,0.14285714285714285,0,0,216,-115.03650599218403,663,11
True,True,2.0,1.7,30,2.2,,16,20,150,False,trend_bb_reversion,96,6,0.018,69.14582303180629,42.78932846373872,3,0.0,,,,,,,,,,,,,,,,,,,,,,,,,,,0.04,233,False,,,,,,,,,,,,,,,,,,,,,,,,,,,1.0,0.0,10,1.5,0,9.991328345464783,-0.26551020402506875,0.721330484159243,0.4799495365003386,-0.6449612017204335,0.1386037127577794,0.25,1,1,217,-115.08394612882753,145,11
True,False,2.0,8.0,20,2.5,,12,80,100,True,trend_state_tp,72,8,0.005,62.02774625541323,26.48958689769624,18,0.01,,,,,,,,,,,,,,,,,,,,,,,,,,,0.015,1178,False,,,,,,,,,,,,,,,,,,,,,,,,,,,0.2,0.002,10,1.0,0,10.533676429033598,-0.287861308090498,0.4993899197972213,0.3094507428849704,-1.0,0.0,0.0,0,0,218,-116.36342103812306,339,11
True,False,2.0,8.0,20,1.8,,55,80,130,False,range_bb_reversion,18,4,0.025,60.88529924398468,24.823125161965883,36,0.001,,,,,,,,,,,,,,,,,,,,,,,,,,,0.025,280,False,,,,,,,,,,,,,,,,,,,,,,,,,,,0.05,0.001,50,0.25,0,11.275029223629604,-0.24686304478227775,0.5661171823073654,0.380655122630673,-0.44966501082635996,0.18906686487283592,0.18181818181818182,2,1,219,-117.07592964990793,197,11
True,True,3.0,8.0,30,2.5,,16,8,80,False,range_bb_reversion,48,6,0.005,68.47553477550284,43.190781954015854,18,0.0,,,,,,,,,,,,,,,,,,,,,,,,,,,0.01,404,False,,,,,,,,,,,,,,,,,,,,,,,,,,,1.0,0.003,20,0.5,0,9.127848487941796,-0.22812863960670857,0.6413445744647446,0.3508452893022271,-0.7825256463483728,0.08717857819827828,0.14285714285714285,0,0,220,-117.15816767476618,213,11
True,False,2.0,1.3,14,2.2,,16,30,300,False,trend_bb_reversion,96,2,0.012,64.62867287846919,43.93439136938729,6,0.0,,,,,,,,,,,,,,,,,,,,,,,,,,,0.04,964,False,,,,,,,,,,,,,,,,,,,,,,,,,,,0.04,0.003,150,0.75,0,12.329409606098785,-0.2899545131008645,0.3532079492168895,0.5239413616686344,-0.6525617189257444,0.004291821304306001,0.125,0,0,221,-118.08010648785095,263,11
True,False,4.0,1.3,30,1.8,,8,20,80,False,range_bb_reversion,12,2,0.005,75.48162660842117,35.46241443995516,48,0.0,,,,,,,,,,,,,,,,,,,,,,,,,,,0.01,154,False,,,,,,,,,,,,,,,,,,,,,,,,,,,0.03,0.002,100,0.75,0,8.64589339875495,-0.3039033702258865,0.2654004174382854,0.41968905004367996,-1.0000000000000002,0.0,0.0,1,1,222,-118.21478305991047,139,11
True,False,4.0,2.2,14,1.5,,8,14,300,True,trend_state_tp,72,2,0.012,75.27135945860707,28.227526445667877,18,0.001,,,,,,,,,,,,,,,,,,,,,,,,,,,0.08,893,False,,,,,,,,,,,,,,,,,,,,,,,,,,,0.2,0.003,20,0.5,0,15.573075929529182,-0.1497412500450936,0.37194282897254555,0.27906374391319766,-0.2851407767612972,0.07217717422331203,0.17647058823529413,0,0,223,-119.48597154507628,824,11
True,True,2.5,6.0,55,1.5,,16,20,300,True,trend_state_tp,12,2,0.008,59.45223572039074,34.801256482615194,3,0.0025,,,,,,,,,,,,,,,,,,,,,,,,,,,0.015,1129,False,,,,,,,,,,,,,,,,,,,,,,,,,,,0.08,0.0,20,1.0,0,7.761769604556518,-0.18995552543410563,0.2853287356154301,0.2520580265145483,-0.6304597206961682,0.0,0.0,0,0,224,-119.51813511776749,216,11
True,True,2.5,4.0,80,1.8,,16,10,50,False,range_bb_reversion,18,6,0.018,67.75839163391211,23.105548197320893,36,0.005,,,,,,,,,,,,,,,,,,,,,,,,,,,0.04,102,False,,,,,,,,,,,,,,,,,,,,,,,,,,,0.08,0.002,50,0.25,0,16.28188091825498,-0.22208164634784036,0.5294812801445601,0.3802946957506688,-0.4373654760752041,0.23116000416812943,0.24324324324324326,0,0,225,-119.6264145335241,353,11
True,False,1.5,8.0,40,2.0,,8,14,50,False,range_bb_reversion,18,3,0.008,59.02935320056399,22.41777825281803,6,0.0005,,,,,,,,,,,,,,,,,,,,,,,,,,,0.08,152,False,,,,,,,,,,,,,,,,,,,,,,,,,,,0.12,0.001,75,0.5,0,13.922311622476588,-0.2571434169277072,0.6579949408965008,0.36037646993529343,-0.5425508130053799,0.17510148860753827,0.21428571428571427,2,2,226,-120.64953076777155,200,11
False,True,1.5,6.0,30,2.2,,55,10,400,False,channel_reclaim,48,2,0.005,74.4721605428304,29.651539699318246,18,0.001,,,,,,,,,,,,,,,,,,,,,,,,,,,0.08,721,False,,,,,,,,,,,,,,,,,,,,,,,,,,,0.2,0.002,100,0.5,0,10.27873138856172,-0.22779777907748822,0.798283535011758,0.27560088802180605,-1.0,0.0,0.0,3,3,227,-120.88488053258757,136,11
True,False,4.0,2.2,55,1.8,,10,14,100,False,channel_reclaim,12,2,0.025,59.12757623090083,36.28762174868691,24,0.0005,,,,,,,,,,,,,,,,,,,,,,,,,,,0.04,1135,True,,,,,,,,,,,,,,,,,,,,,,,,,,,0.05,0.003,20,0.5,0,15.434012511088028,-0.20566317181508173,0.3019980783754241,0.35083155065006244,-0.33608325483507856,0.046849710094035026,0.16666666666666666,0,0,228,-122.16680815998888,383,11
True,True,3.0,6.0,80,2.0,,8,50,150,False,channel_reclaim,36,8,0.0,77.06415649152473,31.848492427583036,36,0.0,,,,,,,,,,,,,,,,,,,,,,,,,,,0.08,781,False,,,,,,,,,,,,,,,,,,,,,,,,,,,0.2,0.002,50,0.0,0,26.145794868030485,-0.1700045360746423,0.6577190690047675,0.37290445780278964,-0.40224299796969976,0.2355506187798105,0.24615384615384617,1,1,229,-122.46797668421023,720,11
True,True,3.0,8.0,55,2.0,,10,20,150,False,channel_reclaim,48,8,0.0,64.85662317964727,42.39883893319575,24,0.0005,,,,,,,,,,,,,,,,,,,,,,,,,,,0.08,143,False,,,,,,,,,,,,,,,,,,,,,,,,,,,0.12,0.0,30,0.5,0,24.24929514341989,-0.20312213768208565,0.6444278739435121,0.341621341728271,-0.4661240099200344,0.24713714355852456,0.22916666666666666,2,2,230,-122.49466036044561,576,11
True,False,2.5,8.0,20,2.5,,30,8,300,True,trend_state_tp,72,8,0.025,73.5386644769667,27.617135557806225,24,0.01,,,,,,,,,,,,,,,,,,,,,,,,,,,0.025,629,False,,,,,,,,,,,,,,,,,,,,,,,,,,,0.08,0.002,75,0.0,0,14.517974886206414,-0.1974938270065931,0.4565321879549467,0.23147328255484434,-0.6545462053441722,0.0,0.0,1,1,231,-122.95770189816687,279,11
True,True,3.0,1.3,30,2.0,,8,50,200,False,channel_reclaim,12,6,0.012,69.50409858673476,28.48129265010333,18,0.005,,,,,,,,,,,,,,,,,,,,,,,,,,,0.015,1155,False,,,,,,,,,,,,,,,,,,,,,,,,,,,0.05,0.0,50,0.0,0,15.440507516005622,-0.24692578987634634,0.27465421323204287,0.44948203748555665,-0.45510106181807986,0.04668635442133932,0.23076923076923078,0,0,232,-122.99246474085429,473,11
True,False,1.5,4.0,40,1.5,,30,10,200,False,channel_reclaim,24,2,0.012,72.52547165800651,40.091941546435564,48,0.001,,,,,,,,,,,,,,,,,,,,,,,,,,,0.08,1009,True,,,,,,,,,,,,,,,,,,,,,,,,,,,0.2,0.0,10,0.5,0,10.567882768176156,-0.2711047896891717,0.5369728919142452,0.39537091513376094,-0.539118037250888,0.15412244993338828,0.16666666666666666,1,1,233,-122.99539684510579,215,11
True,False,3.0,4.0,30,2.5,,20,8,150,True,trend_state_tp,72,4,0.005,69.72690604665114,44.59989650135623,12,0.005,,,,,,,,,,,,,,,,,,,,,,,,,,,0.015,215,True,,,,,,,,,,,,,,,,,,,,,,,,,,,0.05,0.001,100,1.0,0,9.201744520272625,-0.21960421235026398,0.38693942318697905,0.24888722562388974,-0.4793480574778535,0.0,0.0,0,0,234,-123.06565395968131,281,11
True,True,2.5,6.0,40,2.0,,10,8,50,False,channel_reclaim,12,2,0.012,60.447666257536994,27.860149392067225,48,0.001,,,,,,,,,,,,,,,,,,,,,,,,,,,0.025,54,False,,,,,,,,,,,,,,,,,,,,,,,,,,,0.12,0.003,75,1.5,0,10.382133524114435,-0.24640626512218586,0.5025716608395772,0.3473714284120983,-0.49886559992527174,0.12578996916812338,0.15789473684210525,2,2,235,-123.62264286448422,145,11
True,True,2.5,6.0,55,1.5,,10,10,150,False,channel_reclaim,8,2,0.0,60.45648939286035,43.64621627929148,18,0.005,,,,,,,,,,,,,,,,,,,,,,,,,,,0.01,862,True,,,,,,,,,,,,,,,,,,,,,,,,,,,0.2,0.0,50,1.25,0,9.16267545704997,-0.23186152296267756,0.3552729758005933,0.3571749771017631,-0.43582018922892585,0.08575661900033205,0.21052631578947367,0,0,236,-123.94371611042459,237,11
True,False,5.0,2.2,40,2.5,,8,10,300,False,range_bb_reversion,72,4,0.005,70.70821160677276,28.931672860620715,36,0.0,,,,,,,,,,,,,,,,,,,,,,,,,,,0.08,920,False,,,,,,,,,,,,,,,,,,,,,,,,,,,0.05,0.0005,30,0.0,0,6.252651518772909,-0.30612719534072363,0.3891162122037276,0.5162268213070352,-1.0,0.0,0.0,0,0,237,-124.42511030582733,120,11
False,True,1.5,6.0,55,2.0,,12,10,100,False,channel_reclaim,24,6,0.018,58.73640925576021,34.14960663451059,36,0.0005,,,,,,,,,,,,,,,,,,,,,,,,,,,0.04,405,False,,,,,,,,,,,,,,,,,,,,,,,,,,,0.04,0.003,75,0.5,0,21.99918300151247,-0.07085162472755112,1.5683642950320063,0.3650928732001492,-0.6187280770752072,0.19206632779157648,0.16129032258064516,2,2,238,-124.60849411851461,191,11
True,False,1.5,6.0,55,2.2,,10,80,300,False,trend_bb_reversion,24,2,0.005,69.09805331619775,32.168593407549054,36,0.001,,,,,,,,,,,,,,,,,,,,,,,,,,,0.01,936,False,,,,,,,,,,,,,,,,,,,,,,,,,,,0.08,0.003,100,0.75,0,9.337283978532422,-0.267091504922363,0.6980351223293048,0.3113443745796687,-1.0,0.0,0.0,3,2,239,-124.98057234166919,133,11
True,False,4.0,8.0,20,1.5,,20,30,150,False,trend_reclaim,8,2,0.0,61.26283016982665,23.917057779621267,12,0.005,,,,,,,,,,,,,,,,,,,,,,,,,,,0.006,332,True,,,,,,,,,,,,,,,,,,,,,,,,,,,0.08,0.0,100,0.25,0,4.776502324054921,-0.1469969589569715,0.26691491606020024,0.21697425381635907,-0.3094176980613969,0.0,0.0,0,0,240,-125.12605068663767,158,11
True,False,2.0,6.0,20,2.2,,55,50,150,True,trend_state_tp,96,4,0.025,69.20531868646442,38.73557244313165,12,0.01,,,,,,,,,,,,,,,,,,,,,,,,,,,0.08,506,False,,,,,,,,,,,,,,,,,,,,,,,,,,,0.12,0.0005,75,1.5,0,8.321576028305396,-0.24063656127403982,0.4184714637579408,0.29639599853503595,-1.0000000000000002,0.0,0.0,1,1,241,-125.2930555148659,140,11
True,False,5.0,2.2,30,2.2,,30,30,50,False,trend_reclaim,8,4,0.0,58.414980839442514,29.729162470793998,3,0.0,,,,,,,,,,,,,,,,,,,,,,,,,,,0.01,683,False,,,,,,,,,,,,,,,,,,,,,,,,,,,0.03,0.001,75,0.25,0,6.064810454054604,-0.21001890036479584,0.35394902750673957,0.28902810152810154,-0.373413942927301,0.0,0.0,1,1,242,-125.95929388483411,146,11
True,False,2.0,8.0,55,1.8,,8,30,100,False,channel_reclaim,96,2,0.005,64.7408121672576,25.001717166429284,24,0.005,,,,,,,,,,,,,,,,,,,,,,,,,,,0.01,667,False,,,,,,,,,,,,,,,,,,,,,,,,,,,0.08,0.0,100,1.0,0,12.0,-0.25893332880206626,0.7322849479330583,0.2523770718289435,-1.0,0.0,0.0,2,2,243,-126.20759146300831,172,11
True,False,2.5,1.7,14,1.5,,30,80,200,False,trend_bb_reversion,72,2,0.025,63.38868451994334,27.56161119833907,48,0.005,,,,,,,,,,,,,,,,,,,,,,,,,,,0.006,833,False,,,,,,,,,,,,,,,,,,,,,,,,,,,0.2,0.0005,20,1.0,0,5.41426338018714,-0.32495857257809696,0.4817921831476509,0.4688478188478189,-0.7015766484146487,0.027043621180290026,0.14285714285714285,2,2,244,-126.35547249585554,132,11
True,False,2.0,2.2,14,2.0,,20,14,100,True,trend_state_tp,120,1,0.0,70.60982852811829,37.78444770799662,12,0.005,,,,,,,,,,,,,,,,,,,,,,,,,,,0.025,466,False,,,,,,,,,,,,,,,,,,,,,,,,,,,0.04,0.0,150,1.5,0,9.23215700633294,-0.2414255072053499,0.5410543851493933,0.26427947052947054,-0.4679430799650074,0.0,0.0,2,2,245,-126.36949019381314,173,11
True,True,5.0,4.0,14,2.0,,30,80,130,True,trend_state_tp,36,4,0.0025,75.70110207505357,36.975547013023984,24,0.0,,,,,,,,,,,,,,,,,,,,,,,,,,,0.015,842,False,,,,,,,,,,,,,,,,,,,,,,,,,,,0.12,0.001,50,1.0,0,26.373692138997562,-0.1092145301980894,0.5000236892478441,0.3144196760191314,-0.23547939409819246,0.16740228803407808,0.16071428571428573,0,0,246,-126.54112244483478,1251,11
True,False,4.0,12.0,55,2.5,,16,20,80,False,trend_reclaim,8,1,0.0,62.82743897644085,40.14946379076293,48,0.0005,,,,,,,,,,,,,,,,,,,,,,,,,,,0.006,832,True,,,,,,,,,,,,,,,,,,,,,,,,,,,0.2,0.003,100,1.0,0,4.76033504044444,-0.20719889842247347,0.449399658243111,0.2502164502164502,-0.4796151026748082,0.0,0.0,1,1,247,-126.54679085650075,131,11
True,True,5.0,3.0,40,1.8,,40,14,100,True,trend_state_tp,36,1,0.012,62.076133941221336,42.5301811067599,6,0.0025,,,,,,,,,,,,,,,,,,,,,,,,,,,0.04,487,True,,,,,,,,,,,,,,,,,,,,,,,,,,,0.12,0.002,75,0.75,0,18.495492674641262,-0.09301664470759897,0.40834167369550656,0.25968296223624227,-0.12356440820749118,0.22996265767748503,0.16393442622950818,0,0,248,-126.95982524820293,1302,11
True,False,2.5,2.2,55,2.2,,55,10,50,False,trend_reclaim,8,2,0.0,65.00068065428115,25.471642182108802,18,0.01,,,,,,,,,,,,,,,,,,,,,,,,,,,0.01,783,False,,,,,,,,,,,,,,,,,,,,,,,,,,,0.08,0.0005,30,0.25,0,11.154443262817425,-0.27012655651967105,0.3631866920454308,0.29182667006055457,-0.6648532970480868,0.0,0.0,1,1,249,-127.10960208146562,321,11
True,False,3.0,6.0,40,2.0,,12,80,130,False,channel_reclaim,96,3,0.005,76.79676556237878,42.02832452767712,6,0.001,,,,,,,,,,,,,,,,,,,,,,,,,,,0.04,952,False,,,,,,,,,,,,,,,,,,,,,,,,,,,0.04,0.0,75,0.0,0,9.318517479240674,-0.2545570588752937,0.9764278404101613,0.3056607135554504,-1.0,0.0,0.0,2,2,250,-127.43621583263037,125,11
True,False,3.0,3.0,55,2.0,,30,50,80,False,range_bb_reversion,120,1,0.012,70.39454982018547,40.529675076809546,24,0.0025,,,,,,,,,,,,,,,,,,,,,,,,,,,0.015,476,False,,,,,,,,,,,,,,,,,,,,,,,,,,,0.08,0.002,75,0.25,0,11.969475551709028,-0.26680784264094615,0.5737016002012755,0.4450675813214998,-0.8048237782868628,0.09719782345574307,0.1111111111111111,0,0,251,-127.71004836273312,224,11
True,False,3.0,4.0,30,2.5,,10,20,150,True,trend_state_tp,14,8,0.0,65.29053903465673,39.697046390796956,48,0.0005,,,,,,,,,,,,,,,,,,,,,,,,,,,0.015,913,False,,,,,,,,,,,,,,,,,,,,,,,,,,,0.05,0.003,150,1.0,0,14.940858996240907,-0.22200219264030532,0.45379179226512867,0.32022454762856206,-0.3679356351743715,0.18311375310944794,0.21428571428571427,0,0,252,-127.85456971138794,389,11
True,False,4.0,1.3,14,1.8,,16,30,50,False,range_bb_reversion,12,4,0.0,65.88865297242106,36.11120733814949,3,0.01,,,,,,,,,,,,,,,,,,,,,,,,,,,0.01,837,True,,,,,,,,,,,,,,,,,,,,,,,,,,,0.03,0.003,30,0.5,0,15.591813876506398,-0.22556588284770046,0.25885930959229103,0.4360178169301348,-0.3563473756175298,0.04952099425920177,0.3090909090909091,0,0,253,-127.8894943788006,236,11
True,False,4.0,3.0,30,2.2,,55,10,200,True,trend_state_tp,96,2,0.008,60.420799953995555,41.723780384311354,48,0.0005,,,,,,,,,,,,,,,,,,,,,,,,,,,0.01,705,False,,,,,,,,,,,,,,,,,,,,,,,,,,,0.08,0.001,30,0.5,0,17.147991193602344,-0.14197318710793738,0.414195543464149,0.25817150315423393,-0.2761094995646782,0.18119397370213233,0.19444444444444445,0,0,254,-128.65639861042268,848,11
True,False,3.0,8.0,55,1.8,,8,50,80,True,trend_state_tp,12,6,0.008,58.128816193553604,23.953676662614484,6,0.0005,,,,,,,,,,,,,,,,,,,,,,,,,,,0.08,348,False,,,,,,,,,,,,,,,,,,,,,,,,,,,0.08,0.001,30,0.75,0,19.947612908240757,-0.1696587882901434,0.5202585637232896,0.31308127231193533,-0.345143841177475,0.19031957563177487,0.1935483870967742,0,0,255,-128.82365992977486,728,11
True,False,2.5,2.2,14,2.2,,40,8,150,True,trend_state_tp,72,2,0.008,64.40568787270516,41.715167531216046,3,0.0005,,,,,,,,,,,,,,,,,,,,,,,,,,,0.04,190,False,,,,,,,,,,,,,,,,,,,,,,,,,,,0.12,0.002,30,1.5,0,17.08023941668425,-0.21224461752740592,0.36285223758290486,0.3316132979304956,-0.3217382676011287,0.15739868750911,0.19444444444444445,0,0,256,-129.03171042705796,498,11
False,True,3.0,1.7,40,2.5,,40,8,300,False,trend_reclaim,36,1,0.0,66.88681569293875,36.73181524527171,24,0.0025,,,,,,,,,,,,,,,,,,,,,,,,,,,0.04,60,True,,,,,,,,,,,,,,,,,,,,,,,,,,,0.08,0.001,30,0.75,0,9.399309861494178,-0.28030263256665977,0.37286206330840055,0.4481352283530142,-0.7315397793993613,0.046005616688662536,0.15789473684210525,0,0,257,-129.05847238656898,219,11
True,False,2.0,1.3,40,2.2,,12,20,300,False,trend_bb_reversion,48,1,0.008,70.6525521804523,32.09335876561675,36,0.001,,,,,,,,,,,,,,,,,,,,,,,,,,,0.01,305,False,,,,,,,,,,,,,,,,,,,,,,,,,,,1.0,0.001,20,0.25,0,7.443818215375336,-0.29922028974298037,0.4114668847679233,0.5007700211437703,-0.5877224748753656,0.007883733592797211,0.14285714285714285,0,0,258,-129.2994912347146,185,11
True,False,2.0,4.0,40,1.5,,20,14,80,True,trend_state_tp,36,4,0.005,71.46950197886474,23.26078970096414,18,0.01,,,,,,,,,,,,,,,,,,,,,,,,,,,0.006,1076,False,,,,,,,,,,,,,,,,,,,,,,,,,,,0.08,0.003,75,1.5,0,12.382312646107508,-0.27032509049298953,0.4528287823939863,0.32068004657447474,-0.670690727847126,0.0,0.0,0,0,259,-129.67849646645294,252,11
False,True,1.0,2.2,40,1.5,,30,50,80,False,channel_reclaim,72,3,0.025,62.79914716651608,32.71381656302954,18,0.0025,,,,,,,,,,,,,,,,,,,,,,,,,,,0.025,1053,False,,,,,,,,,,,,,,,,,,,,,,,,,,,0.12,0.0,75,0.25,0,8.1508359239373,-0.25065383586694706,0.607902417863664,0.37715593230299116,-0.6235132113450784,0.1901854785127657,0.23076923076923078,1,1,260,-130.0976086195751,143,11
True,False,3.0,2.2,30,1.5,,12,30,300,False,range_bb_reversion,48,4,0.012,72.98169806261835,42.56741812537891,36,0.01,,,,,,,,,,,,,,,,,,,,,,,,,,,0.08,281,False,,,,,,,,,,,,,,,,,,,,,,,,,,,0.05,0.0,10,0.5,0,18.90190468483817,-0.2776971948440173,0.44825680123304434,0.49182460430419483,-0.6202281724315256,0.1707772706790352,0.25,0,0,261,-130.22610339301067,374,11
True,False,2.5,2.2,14,2.2,,8,50,300,True,trend_state_tp,36,1,0.008,72.29964452187237,38.000201017552904,3,0.0005,,,,,,,,,,,,,,,,,,,,,,,,,,,0.01,612,False,,,,,,,,,,,,,,,,,,,,,,,,,,,0.12,0.001,50,1.5,0,14.753717921583087,-0.2114926718644291,0.3421827231038208,0.28524411611212286,-0.4107129166003192,0.0,0.0,0,0,262,-131.31423369584542,460,11
True,False,3.0,4.0,40,2.0,,10,30,200,True,trend_state_tp,72,8,0.025,61.63287191177518,40.52934098196552,6,0.001,,,,,,,,,,,,,,,,,,,,,,,,,,,0.08,139,False,,,,,,,,,,,,,,,,,,,,,,,,,,,0.03,0.0,50,1.0,0,10.714991972683885,-0.239441044978253,0.5266782970491897,0.31303618455453824,-0.5804124612337972,0.020101697886196365,0.2,1,1,263,-131.36228930309437,175,11
True,False,4.0,3.0,20,1.5,,16,8,100,False,range_bb_reversion,36,3,0.0,76.52532184235866,35.52244065278214,48,0.001,,,,,,,,,,,,,,,,,,,,,,,,,,,0.006,810,False,,,,,,,,,,,,,,,,,,,,,,,,,,,0.12,0.003,50,0.25,0,12.4436367160957,-0.27209089615962556,0.4752711704620301,0.4255764089619889,-0.639810782321379,0.12283996478232512,0.14285714285714285,1,1,264,-132.10480682317754,174,11
True,False,3.0,2.2,40,1.8,,55,14,200,False,range_bb_reversion,36,4,0.0,67.3182145990231,41.695974782372026,24,0.005,,,,,,,,,,,,,,,,,,,,,,,,,,,0.015,203,False,,,,,,,,,,,,,,,,,,,,,,,,,,,0.12,0.0,100,0.0,0,15.684920714388646,-0.24380330579265383,0.4993951161439539,0.49878467826061895,-0.5408593349789189,0.08625644160972656,0.3333333333333333,0,0,265,-132.9451219114893,164,11
True,False,1.5,8.0,55,1.8,,10,20,200,True,trend_state_tp,72,8,0.0025,69.91464339650594,37.66402415600085,3,0.0,,,,,,,,,,,,,,,,,,,,,,,,,,,0.006,167,False,,,,,,,,,,,,,,,,,,,,,,,,,,,0.2,0.001,150,1.25,0,16.026680943470392,-0.25412258640760976,0.5871570110220331,0.31892423669235986,-0.5651793142046451,0.2171047563407309,0.12,1,1,266,-133.17892050964463,460,11
True,False,2.0,8.0,55,1.5,,16,20,50,False,range_bb_reversion,8,2,0.0025,70.50336446288978,25.40224827471037,3,0.005,,,,,,,,,,,,,,,,,,,,,,,,,,,0.025,1010,False,,,,,,,,,,,,,,,,,,,,,,,,,,,0.05,0.0,50,1.25,0,11.901734951565976,-0.25665044159217243,0.42096150206872235,0.3668062028962693,-0.45687872126828094,0.13565583476787071,0.14285714285714285,1,1,267,-134.58708272953842,203,11
True,False,4.0,3.0,30,2.0,,16,20,200,True,trend_state_tp,96,2,0.008,62.946971075340564,42.62314842183644,12,0.001,,,,,,,,,,,,,,,,,,,,,,,,,,,0.006,1085,False,,,,,,,,,,,,,,,,,,,,,,,,,,,0.04,0.001,20,0.5,0,15.767855581974743,-0.17204531201186926,0.38383729901608804,0.25657667476369767,-0.27868784058620644,0.12968403760007835,0.16666666666666666,0,0,268,-134.65196391862054,567,11
False,True,3.0,4.0,80,2.2,,12,50,80,False,channel_reclaim,96,2,0.018,74.87750381088885,38.74554630850948,24,0.0025,,,,,,,,,,,,,,,,,,,,,,,,,,,0.08,740,False,,,,,,,,,,,,,,,,,,,,,,,,,,,0.2,0.002,50,0.75,0,11.68069377262418,-0.2748119324325361,0.5753932180420986,0.3600805733341618,-0.6119654465462411,0.20533453911533997,0.15789473684210525,1,1,269,-134.70468208129893,201,11
True,False,1.5,12.0,14,2.0,,8,14,300,False,trend_bb_reversion,48,6,0.0,69.89041494456666,30.001189986952006,18,0.0,,,,,,,,,,,,,,,,,,,,,,,,,,,0.025,431,False,,,,,,,,,,,,,,,,,,,,,,,,,,,0.05,0.002,150,0.0,0,19.0,-0.2107902856074321,0.7555975636712677,0.23477003688971235,-0.605881055410871,0.3117276384241688,0.06666666666666667,3,3,270,-135.2656524350506,222,11
True,False,2.0,3.0,80,2.5,,30,20,150,True,trend_state_tp,72,3,0.012,71.16890795213513,36.2314207053966,12,0.005,,,,,,,,,,,,,,,,,,,,,,,,,,,0.006,571,True,,,,,,,,,,,,,,,,,,,,,,,,,,,0.04,0.0005,100,0.5,0,11.474940435438553,-0.2599030653319065,0.40974113161733566,0.2580254458427812,-0.4190266960765783,0.0,0.0,1,1,271,-135.39571036072167,288,11
True,False,3.0,1.3,80,2.2,,16,30,80,True,trend_state_tp,72,2,0.018,60.49313530118147,23.005023334644942,18,0.0,,,,,,,,,,,,,,,,,,,,,,,,,,,0.01,36,False,,,,,,,,,,,,,,,,,,,,,,,,,,,0.08,0.003,20,0.0,0,20.538566145094578,-0.193978580599208,0.3308419640076827,0.40644015516787496,-0.4087961912786783,0.017143282126148074,0.16,0,0,272,-135.58809013062196,696,11
True,False,2.5,4.0,14,2.0,,55,50,100,True,trend_state_tp,72,8,0.0,66.53573291434417,44.65532258058858,24,0.01,,,,,,,,,,,,,,,,,,,,,,,,,,,0.006,1125,False,,,,,,,,,,,,,,,,,,,,,,,,,,,0.2,0.001,75,1.5,0,9.447267834725533,-0.2936950068330243,0.42298720212133106,0.30368451578128997,-0.8231447894300385,0.0,0.0,0,0,273,-136.10131932170856,250,11
True,False,4.0,1.7,20,2.5,,16,14,50,False,range_bb_reversion,72,6,0.005,71.4721799800982,40.313839564137155,48,0.01,,,,,,,,,,,,,,,,,,,,,,,,,,,0.01,2,False,,,,,,,,,,,,,,,,,,,,,,,,,,,0.05,0.0005,50,0.5,0,8.779815389823407,-0.3069027606452518,0.31625478510917193,0.5361843381279118,-0.6772890747360278,0.09763989548678158,0.25,0,0,274,-136.18501504289281,182,11
True,False,2.5,2.2,30,2.2,,10,8,50,False,channel_reclaim,72,6,0.025,68.72598724394271,27.032440579265526,12,0.001,,,,,,,,,,,,,,,,,,,,,,,,,,,0.08,617,False,,,,,,,,,,,,,,,,,,,,,,,,,,,1.0,0.0005,50,0.25,0,16.075231658117183,-0.28725101605508185,0.4812672213244067,0.4615635294658065,-0.5397943829056442,0.19530260843512723,0.32,0,0,275,-136.54879077349452,331,11
True,False,1.5,8.0,14,2.5,,8,14,100,False,channel_reclaim,24,1,0.012,67.5820128304745,29.448679989074176,18,0.01,,,,,,,,,,,,,,,,,,,,,,,,,,,0.006,282,False,,,,,,,,,,,,,,,,,,,,,,,,,,,0.05,0.0,100,0.5,0,14.169172734901192,-0.27643743798189996,0.6136633597869333,0.287719802764641,-0.7928417014877701,0.09100511970991329,0.125,3,2,276,-136.86877346076074,176,11
True,False,1.5,6.0,55,2.0,,30,14,80,True,trend_state_tp,36,6,0.008,76.86614715021852,43.61758116357903,36,0.0025,,,,,,,,,,,,,,,,,,,,,,,,,,,0.006,107,False,,,,,,,,,,,,,,,,,,,,,,,,,,,0.05,0.002,150,1.5,0,14.439248394573774,-0.2617766366959185,0.5883284767176675,0.28180012890249684,-0.6866550672275065,0.07373154544191082,0.125,1,1,277,-137.20040363608788,265,11
True,True,4.0,12.0,14,1.5,,16,80,300,True,trend_state_tp,96,6,0.025,58.17854698677261,38.128676289791166,6,0.0005,,,,,,,,,,,,,,,,,,,,,,,,,,,0.08,1146,False,,,,,,,,,,,,,,,,,,,,,,,,,,,0.12,0.0005,10,0.75,0,26.946331390449156,-0.1260113864952378,0.5630334679374989,0.3205099821094175,-0.3027300215725676,0.1398256956361563,0.1348314606741573,1,1,278,-137.49281939508205,1244,11
True,False,3.0,3.0,40,2.0,,20,10,300,False,range_bb_reversion,24,3,0.025,76.5848725694746,41.86393168218234,6,0.0,,,,,,,,,,,,,,,,,,,,,,,,,,,0.04,1045,False,,,,,,,,,,,,,,,,,,,,,,,,,,,1.0,0.002,10,0.0,0,16.53109094564052,-0.2503072484893789,0.5026649773488162,0.4354689776626536,-0.47231688416115775,0.16691294044299007,0.23076923076923078,0,0,279,-137.55453502011204,199,11
True,True,2.5,2.2,30,2.0,,10,8,50,True,trend_state_tp,72,3,0.0,69.89121513916157,33.39915298139926,12,0.01,,,,,,,,,,,,,,,,,,,,,,,,,,,0.01,177,False,,,,,,,,,,,,,,,,,,,,,,,,,,,0.12,0.001,100,0.0,0,20.03077426852761,-0.1670260394571622,0.49673304119445594,0.3090028997341761,-0.3071319656042388,0.20703645043604282,0.23529411764705882,0,0,280,-137.86353663429503,817,11
True,True,1.5,1.3,80,1.5,,30,80,200,False,channel_reclaim,48,2,0.008,62.36465290860589,39.08243122795929,18,0.001,,,,,,,,,,,,,,,,,,,,,,,,,,,0.015,15,False,,,,,,,,,,,,,,,,,,,,,,,,,,,1.0,0.001,30,1.0,0,15.395310829132692,-0.33054043843967434,0.38784529044611954,0.46464015550222443,-0.5701966973752849,0.024182010663745094,0.2962962962962963,1,1,281,-138.05298915399,286,11
True,False,2.5,1.7,14,1.8,,55,8,300,True,trend_state_tp,18,2,0.025,67.91827657960535,39.169025499774634,36,0.0025,,,,,,,,,,,,,,,,,,,,,,,,,,,0.04,1014,False,,,,,,,,,,,,,,,,,,,,,,,,,,,0.12,0.001,75,1.5,0,14.693854518376188,-0.25031331550655644,0.311550188640749,0.32262194786513504,-0.5548928654507441,0.0,0.0,0,0,282,-138.24868487745044,391,11
True,False,2.0,12.0,20,2.2,,55,80,130,True,trend_state_tp,12,8,0.008,74.97150179871984,31.786506178238675,18,0.0025,,,,,,,,,,,,,,,,,,,,,,,,,,,0.006,415,False,,,,,,,,,,,,,,,,,,,,,,,,,,,0.08,0.002,30,0.5,0,22.834339657268632,-0.24210508181008886,0.5629471415221594,0.31828255322991433,-0.6307078814279259,0.07146977576659977,0.17647058823529413,2,2,283,-138.75203088542995,491,11
True,False,2.5,6.0,55,1.5,,12,8,100,False,range_bb_reversion,18,6,0.008,76.36629992647926,44.033833174567135,24,0.005,,,,,,,,,,,,,,,,,,,,,,,,,,,0.025,283,False,,,,,,,,,,,,,,,,,,,,,,,,,,,0.12,0.003,10,1.25,0,18.951424978270445,-0.2638069858403973,0.5160849058532738,0.3646610110319788,-0.4965499186211305,0.1648915433951611,0.2631578947368421,1,1,284,-139.08230263125023,261,11
True,True,4.0,6.0,80,1.5,,10,30,150,False,trend_bb_reversion,18,1,0.012,64.95600586607604,36.543492011590594,12,0.0,,,,,,,,,,,,,,,,,,,,,,,,,,,0.015,720,False,,,,,,,,,,,,,,,,,,,,,,,,,,,0.2,0.003,150,0.75,0,8.936512496556379,-0.2440553936212169,0.4441523463953555,0.33953292696608206,-0.6200333356421291,0.05223436675882945,0.08333333333333333,1,1,285,-139.30830882860238,138,11
True,True,1.0,12.0,14,2.2,,55,30,80,False,trend_bb_reversion,36,2,0.0,72.9087642751073,29.217265945686933,6,0.0005,,,,,,,,,,,,,,,,,,,,,,,,,,,0.006,181,False,,,,,,,,,,,,,,,,,,,,,,,,,,,0.2,0.002,150,1.0,0,16.19084112184784,-0.19876657765858605,0.7626512321097164,0.23802895095036458,-0.7039496139933843,0.02915691496850575,0.08695652173913043,2,2,286,-139.7673850928577,189,11
True,False,4.0,2.2,80,2.2,,30,14,50,True,trend_state_tp,72,3,0.008,69.2467747438071,27.781983121455262,36,0.0025,,,,,,,,,,,,,,,,,,,,,,,,,,,0.08,1138,False,,,,,,,,,,,,,,,,,,,,,,,,,,,0.05,0.0005,100,0.25,0,16.707313367121706,-0.18242264623329724,0.32451777441553215,0.27745318017398257,-0.3276337472105677,0.06735889846045436,0.15,0,0,287,-141.01032776524175,609,11
True,False,2.0,1.3,30,2.2,,40,10,80,False,range_bb_reversion,18,1,0.012,68.33013954395145,41.7125002012156,48,0.0,,,,,,,,,,,,,,,,,,,,,,,,,,,0.04,576,False,,,,,,,,,,,,,,,,,,,,,,,,,,,0.12,0.001,100,0.75,0,20.536164672865628,-0.2903341335235931,0.33022598503933964,0.49956453766565084,-0.4563592149525696,0.06141528829203699,0.2,0,0,288,-141.595983852107,345,11
True,False,3.0,1.7,30,2.2,,40,10,100,True,trend_state_tp,36,8,0.005,77.89670414390373,27.020572632024844,24,0.0005,,,,,,,,,,,,,,,,,,,,,,,,,,,0.08,1159,False,,,,,,,,,,,,,,,,,,,,,,,,,,,0.03,0.002,10,0.0,0,19.367278678721988,-0.2858226821061465,0.3929467732264415,0.37708475734791524,-0.5967708806412901,0.027835502369244487,0.1875,1,1,289,-141.95808481583083,321,11
True,True,4.0,4.0,80,1.8,,8,10,400,False,range_bb_reversion,8,6,0.012,65.94377988315506,37.727557814644996,36,0.0,,,,,,,,,,,,,,,,,,,,,,,,,,,0.04,778,False,,,,,,,,,,,,,,,,,,,,,,,,,,,0.03,0.0005,20,1.25,0,11.698019987935123,-0.14303823439592664,0.4231283974978869,0.3046167330133994,-0.31076895615017797,0.0,0.0,1,1,290,-142.4154627105509,144,11
True,False,1.0,3.0,30,2.0,,16,20,100,False,trend_reclaim,24,6,0.0025,59.1558747720086,30.641447987105792,18,0.0,,,,,,,,,,,,,,,,,,,,,,,,,,,0.006,777,False,,,,,,,,,,,,,,,,,,,,,,,,,,,0.05,0.001,30,0.0,0,12.0,-0.23209694545165185,0.6405146220100112,0.2846197693228371,-0.5956319962139313,0.0,0.0,2,2,291,-142.44398559018728,142,11
True,True,4.0,6.0,30,2.0,,40,50,200,True,trend_state_tp,36,2,0.025,68.99438914673239,22.39341136598173,48,0.0005,,,,,,,,,,,,,,,,,,,,,,,,,,,0.015,622,False,,,,,,,,,,,,,,,,,,,,,,,,,,,0.05,0.003,100,1.25,0,28.35987101413105,-0.137589697824475,0.4582143403370386,0.2792089041037957,-0.29852495804348467,0.12503716880779575,0.10526315789473684,1,1,292,-142.55886155227157,872,11
True,True,3.0,2.2,20,1.5,,55,8,80,False,trend_bb_reversion,18,2,0.012,74.57086653047415,41.46504375571208,6,0.0005,,,,,,,,,,,,,,,,,,,,,,,,,,,0.015,1110,False,,,,,,,,,,,,,,,,,,,,,,,,,,,0.08,0.002,100,0.25,0,13.69048191423606,-0.2785413110120661,0.34636400853868404,0.377905247276444,-0.6031848504761783,0.027354866180581677,0.07692307692307693,0,0,293,-143.49656001547493,333,11
True,False,2.5,1.3,30,2.5,,10,30,400,True,trend_state_tp,96,2,0.008,64.87907018063353,25.20492806864657,18,0.005,,,,,,,,,,,,,,,,,,,,,,,,,,,0.015,448,False,,,,,,,,,,,,,,,,,,,,,,,,,,,1.0,0.0005,10,1.25,0,14.179221957805538,-0.31114658356932584,0.23511473035928648,0.330672424150658,-1.0000000000000002,0.0,0.0,0,0,294,-144.1407245144292,447,11
True,False,2.5,1.3,20,2.0,,16,10,150,True,trend_state_tp,14,8,0.0,64.81149725883309,25.09096486140377,36,0.0025,,,,,,,,,,,,,,,,,,,,,,,,,,,0.025,498,False,,,,,,,,,,,,,,,,,,,,,,,,,,,0.04,0.0005,150,1.5,0,13.523067484823075,-0.29031972746373924,0.3296789808318708,0.44839630066902797,-0.5599083560925111,0.03726433341948474,0.25,1,1,295,-144.76261949833906,183,11
True,True,4.0,3.0,40,2.2,,40,8,100,True,trend_state_tp,120,3,0.018,63.54557003164346,40.066817860234536,12,0.0025,,,,,,,,,,,,,,,,,,,,,,,,,,,0.04,440,False,,,,,,,,,,,,,,,,,,,,,,,,,,,0.2,0.003,150,1.0,0,21.664638194184636,-0.1442402335878001,0.4074218639291928,0.29261286804284614,-0.24471929611177307,0.18910024769830416,0.225,0,0,296,-145.17394610292152,1116,11
True,False,3.0,6.0,14,2.5,,8,30,100,True,trend_state_tp,36,1,0.018,61.35994699132014,44.42793750169397,36,0.001,,,,,,,,,,,,,,,,,,,,,,,,,,,0.025,699,False,,,,,,,,,,,,,,,,,,,,,,,,,,,0.12,0.003,30,1.25,0,17.024145744747887,-0.19217264287578126,0.37922840605203256,0.2806825308488422,-0.41740871476442637,0.09057282269585443,0.13513513513513514,0,0,297,-145.68378195565478,693,11
False,True,5.0,1.3,55,2.2,,16,10,400,True,trend_state_tp,96,4,0.025,76.16730076297947,32.20852795751039,36,0.0,,,,,,,,,,,,,,,,,,,,,,,,,,,0.015,933,False,,,,,,,,,,,,,,,,,,,,,,,,,,,0.12,0.002,20,0.75,0,32.85389286808247,-0.14599828082004274,0.3023991004731042,0.37741000068824154,-0.29598101682957184,0.00979742044806214,0.07207207207207207,0,0,298,-145.9945893712342,779,11
True,True,3.0,3.0,40,2.5,,12,50,100,False,channel_reclaim,18,6,0.012,67.25955063111097,39.33387925799505,48,0.01,,,,,,,,,,,,,,,,,,,,,,,,,,,0.025,574,False,,,,,,,,,,,,,,,,,,,,,,,,,,,0.12,0.0005,150,0.0,0,18.777102541467958,-0.24507506837501036,0.42706096416721784,0.3665128750369017,-0.5047323842115474,0.08096587771385923,0.24,0,0,299,-146.05423287833958,578,11
True,False,2.5,8.0,30,1.5,,12,8,300,True,trend_state_tp,120,2,0.012,68.05736761169534,40.329274595208446,48,0.005,,,,,,,,,,,,,,,,,,,,,,,,,,,0.025,704,False,,,,,,,,,,,,,,,,,,,,,,,,,,,0.12,0.001,50,0.75,0,16.631711236367288,-0.1929961022943731,0.45394240536643554,0.23611137363933743,-0.4337061842618421,0.08797581329268771,0.09090909090909091,0,0,300,-146.67515203971823,699,11
True,True,2.0,4.0,80,2.0,,40,10,300,False,range_bb_reversion,24,4,0.008,71.2495965973255,31.51265001127883,36,0.0005,,,,,,,,,,,,,,,,,,,,,,,,,,,0.04,93,False,,,,,,,,,,,,,,,,,,,,,,,,,,,0.05,0.0005,10,1.0,0,12.415960121640278,-0.17974397782253274,1.3091064484932646,0.39824957566314256,-0.6489085143638949,0.07354825785422622,0.2222222222222222,1,1,301,-146.68429637515575,201,11
True,False,2.5,2.2,80,2.0,,55,14,400,True,trend_state_tp,12,1,0.012,61.96913568511106,33.79684445512342,48,0.01,,,,,,,,,,,,,,,,,,,,,,,,,,,0.01,200,False,,,,,,,,,,,,,,,,,,,,,,,,,,,0.08,0.0005,30,0.0,0,17.971055969478186,-0.22053692482877885,0.39698166763363923,0.2581203580624594,-0.5195228283626196,0.0,0.0,0,0,302,-147.11877758865683,496,11
True,False,1.5,8.0,80,2.2,,30,80,400,True,trend_state_tp,18,3,0.008,59.86818605532815,38.87472529156439,24,0.0005,,,,,,,,,,,,,,,,,,,,,,,,,,,0.015,975,False,,,,,,,,,,,,,,,,,,,,,,,,,,,0.12,0.001,150,1.5,0,20.99101622192733,-0.2387471906772091,0.5521366167714398,0.3089106726606727,-0.70679314008589,0.0,0.0,0,0,303,-147.76149091720112,407,11
True,False,2.5,6.0,55,2.0,,8,8,200,False,channel_reclaim,36,3,0.0025,67.87705737914646,29.747097844797345,24,0.0,,,,,,,,,,,,,,,,,,,,,,,,,,,0.006,785,False,,,,,,,,,,,,,,,,,,,,,,,,,,,0.03,0.001,75,0.5,0,15.764185051422894,-0.2045929514799049,0.8166719541213214,0.3168674889306798,-0.7000712059834818,0.08906277334959754,0.05263157894736842,3,3,304,-148.0688742512443,177,11
True,False,1.5,8.0,30,2.2,,16,50,80,True,trend_state_tp,36,3,0.025,63.92452414853065,27.39221938598882,3,0.001,,,,,,,,,,,,,,,,,,,,,,,,,,,0.025,48,False,,,,,,,,,,,,,,,,,,,,,,,,,,,1.0,0.001,100,0.0,0,20.046971625021833,-0.20743997111577597,0.6265508936162557,0.246372054124474,-0.35755460966090813,0.3526240595448768,0.14705882352941177,0,0,305,-148.56373139151856,481,11
True,False,2.0,6.0,80,1.5,,30,10,100,True,trend_state_tp,120,8,0.005,64.0756520401706,44.72773979169056,12,0.001,,,,,,,,,,,,,,,,,,,,,,,,,,,0.015,711,False,,,,,,,,,,,,,,,,,,,,,,,,,,,0.03,0.001,20,1.0,0,16.692836086440547,-0.28635964716689055,0.9675212468873866,0.29817779283019924,-0.7365364292953986,0.05348323367387531,0.11764705882352941,1,1,306,-148.7420273541298,240,11
True,True,3.0,3.0,55,2.2,,8,50,100,False,range_bb_reversion,24,2,0.0,62.7193890139074,43.49749686389331,24,0.001,,,,,,,,,,,,,,,,,,,,,,,,,,,0.01,1199,False,,,,,,,,,,,,,,,,,,,,,,,,,,,0.04,0.001,20,0.25,0,14.152239849893315,-0.2942080284809698,0.38326273724903215,0.39659802542773287,-0.4910861101614283,0.030814212170164813,0.2,0,0,307,-148.9153532682224,235,11
True,True,3.0,6.0,14,1.8,,55,50,100,False,trend_bb_reversion,18,6,0.008,70.86811667089695,36.93510085292902,36,0.0025,,,,,,,,,,,,,,,,,,,,,,,,,,,0.025,401,True,,,,,,,,,,,,,,,,,,,,,,,,,,,0.12,0.003,100,0.0,0,21.031293672035524,-0.2415847230750229,0.28489272918178016,0.4234468282186585,-0.34736224170725394,0.10470387434408802,0.21951219512195122,0,0,308,-149.9899039346531,633,11
True,False,2.5,4.0,20,2.5,,10,8,80,False,channel_reclaim,12,8,0.025,61.14246154599412,31.624549266556436,18,0.001,,,,,,,,,,,,,,,,,,,,,,,,,,,0.015,496,False,,,,,,,,,,,,,,,,,,,,,,,,,,,0.12,0.002,30,0.0,0,16.621195517013746,-0.2579700651322438,0.44956762208503726,0.32517196472085685,-0.5575785616969926,0.08886940730958623,0.09523809523809523,0,0,309,-150.48629739934248,421,11
True,False,2.5,3.0,20,1.5,,8,50,150,False,range_bb_reversion,72,4,0.005,74.76636507265793,38.55606687094074,24,0.005,,,,,,,,,,,,,,,,,,,,,,,,,,,0.025,1043,False,,,,,,,,,,,,,,,,,,,,,,,,,,,0.04,0.001,30,1.25,0,19.89674596777629,-0.30713108696787406,0.5099624869289296,0.4039232759896791,-0.47078247558973035,0.285527071076056,0.2777777777777778,1,1,310,-150.51465316850218,266,11
True,False,3.0,2.2,14,2.0,,8,30,150,True,trend_state_tp,18,4,0.008,67.49664532728046,35.76649146272279,36,0.0005,,,,,,,,,,,,,,,,,,,,,,,,,,,0.08,337,False,,,,,,,,,,,,,,,,,,,,,,,,,,,0.05,0.0,75,1.25,0,15.733377881214622,-0.2433131574334707,0.31397242994315505,0.29531894343535176,-0.4139212690864957,0.0856284848122727,0.18604651162790697,0,0,311,-150.81006732272073,450,11
True,False,2.0,8.0,14,2.5,,55,8,100,True,trend_state_tp,72,3,0.012,61.982662368387714,22.056495905423297,48,0.005,,,,,,,,,,,,,,,,,,,,,,,,,,,0.025,844,False,,,,,,,,,,,,,,,,,,,,,,,,,,,0.05,0.003,30,1.25,0,20.924272471515774,-0.2524148211505746,0.4904245100528597,0.28515805149280615,-0.6178903178502749,0.03938311783091056,0.07142857142857142,1,1,312,-150.94757097551965,359,11
True,False,2.0,4.0,14,1.8,,12,14,100,False,trend_bb_reversion,96,4,0.018,74.31195935206958,40.087559643606646,18,0.001,,,,,,,,,,,,,,,,,,,,,,,,,,,0.01,51,False,,,,,,,,,,,,,,,,,,,,,,,,,,,0.2,0.001,10,0.25,0,21.17583654158338,-0.2822623094091784,0.6257650240004708,0.3173674768314237,-0.6739718919802864,0.14188353113050606,0.17647058823529413,1,1,313,-153.08277783666657,335,11
True,False,3.0,6.0,40,1.5,,55,14,50,True,trend_state_tp,48,2,0.0025,59.73776394594112,30.318081672598286,18,0.001,,,,,,,,,,,,,,,,,,,,,,,,,,,0.015,888,True,,,,,,,,,,,,,,,,,,,,,,,,,,,0.04,0.001,150,0.5,0,18.539737762757174,-0.17861220973118477,0.47049100604223015,0.21338865113619276,-0.4173196019442528,0.06584531542687777,0.046511627906976744,1,1,314,-154.01362285244664,646,11
True,False,1.5,8.0,55,2.5,,20,14,200,True,trend_state_tp,120,4,0.008,72.65686181941771,26.589186032449273,18,0.005,,,,,,,,,,,,,,,,,,,,,,,,,,,0.006,33,False,,,,,,,,,,,,,,,,,,,,,,,,,,,0.04,0.0005,10,1.0,0,17.619888718653876,-0.28693668497528313,0.48045368971875835,0.2646982124156037,-0.5505325144231793,0.024972214454192034,0.1111111111111111,1,1,315,-154.33316715665757,303,11
True,True,1.0,6.0,14,2.2,,8,20,100,False,trend_bb_reversion,24,1,0.025,59.82027713572926,38.72687974572839,6,0.0,,,,,,,,,,,,,,,,,,,,,,,,,,,0.006,354,False,,,,,,,,,,,,,,,,,,,,,,,,,,,1.0,0.0005,20,1.5,0,29.390740699262704,-0.2357747777175858,0.6868486045461591,0.24558893702277745,-0.6997795404586358,0.14881077944993865,0.11538461538461539,3,3,316,-155.38095060210162,323,11
False,True,2.5,1.3,30,2.2,,12,50,100,True,trend_state_tp,72,6,0.008,60.87658431837642,27.582881910038694,24,0.0025,,,,,,,,,,,,,,,,,,,,,,,,,,,0.025,254,False,,,,,,,,,,,,,,,,,,,,,,,,,,,0.03,0.001,75,1.5,0,18.88482140467668,-0.1814649315267279,1.9614220791337564,0.4572152993205625,-0.4814918703166931,0.0,0.0,2,2,317,-155.45903673556438,125,11
True,True,4.0,1.3,14,2.2,,30,20,80,False,range_bb_reversion,120,6,0.005,60.33648124819503,41.88025983993214,3,0.0,,,,,,,,,,,,,,,,,,,,,,,,,,,0.04,393,False,,,,,,,,,,,,,,,,,,,,,,,,,,,0.08,0.0,150,1.0,0,23.794697895291744,-0.2754406034166558,0.22406530437286534,0.5460753998651046,-0.36300108372370704,0.03767155185253112,0.265625,0,0,318,-155.55111789715076,634,11
True,False,1.5,1.3,30,2.5,,40,30,200,False,channel_reclaim,12,6,0.005,69.49257904383695,38.41478363652374,24,0.0025,,,,,,,,,,,,,,,,,,,,,,,,,,,0.025,123,False,,,,,,,,,,,,,,,,,,,,,,,,,,,0.05,0.0005,75,0.5,0,7.306030751535831,-0.33592930262597664,0.47335626672441156,0.4206075564364334,-1.0,0.0,0.0,1,1,319,-155.73667625534412,124,11
True,False,3.0,1.7,80,2.0,,8,14,80,True,trend_state_tp,48,6,0.008,74.31512273946286,24.54789749605558,48,0.0,,,,,,,,,,,,,,,,,,,,,,,,,,,0.08,333,False,,,,,,,,,,,,,,,,,,,,,,,,,,,0.2,0.001,75,0.5,0,22.2083514677089,-0.22733909219677137,0.3646114779567622,0.387415942967581,-0.4388849843876542,0.06701387227520893,0.25,0,0,320,-155.93194406016457,664,11
True,False,2.5,1.3,30,1.5,,12,50,150,True,trend_state_tp,36,8,0.005,75.49841530446508,36.048611524249594,12,0.0005,,,,,,,,,,,,,,,,,,,,,,,,,,,0.015,72,False,,,,,,,,,,,,,,,,,,,,,,,,,,,1.0,0.001,100,1.25,0,16.858536612685118,-0.3019373874091804,0.28136452393976213,0.4189504448380626,-0.606933352504786,0.02058572143127435,0.17647058823529413,0,0,321,-156.06980232447177,459,11
True,False,2.5,6.0,14,1.5,,30,20,80,True,trend_state_tp,24,3,0.025,68.7641510873159,34.84501509307206,18,0.0025,,,,,,,,,,,,,,,,,,,,,,,,,,,0.04,1040,False,,,,,,,,,,,,,,,,,,,,,,,,,,,0.2,0.0,75,1.0,0,18.396794374495013,-0.20352961963492708,0.42150317588630803,0.26810688162499746,-0.4493329298180785,0.048145010145069785,0.07692307692307693,0,0,322,-157.27013441044744,712,11
True,True,3.0,1.7,20,1.8,,20,50,150,True,trend_state_tp,72,2,0.0025,73.44326421282271,26.949345662888938,12,0.001,,,,,,,,,,,,,,,,,,,,,,,,,,,0.01,570,False,,,,,,,,,,,,,,,,,,,,,,,,,,,0.2,0.001,75,0.0,0,34.328276043934444,-0.1771822094469661,0.4524635939082655,0.3861475671774264,-0.3883305036961954,0.04838370768732167,0.1590909090909091,1,1,323,-157.5521060785295,1079,11
True,True,3.0,4.0,55,2.5,,55,20,200,True,trend_state_tp,120,3,0.005,60.6100665941774,27.41397963260455,3,0.0005,,,,,,,,,,,,,,,,,,,,,,,,,,,0.006,350,True,,,,,,,,,,,,,,,,,,,,,,,,,,,0.05,0.002,10,1.0,0,24.395429274172006,-0.1636936430586404,0.45366714152016213,0.3061242543818018,-0.2903168099222493,0.21978570065544578,0.21,0,0,324,-157.55927219315333,1084,11
True,False,1.0,6.0,40,2.2,,40,8,150,False,range_bb_reversion,96,1,0.018,72.19037069008303,34.38466881371563,18,0.0,,,,,,,,,,,,,,,,,,,,,,,,,,,0.04,253,False,,,,,,,,,,,,,,,,,,,,,,,,,,,0.2,0.002,20,0.5,0,16.296924520977722,-0.2379966347132771,0.7077843385980412,0.1817500945642467,-0.43064814255964884,0.4766972532469682,0.1111111111111111,2,2,325,-157.91217175613326,238,11
True,True,4.0,1.3,55,2.5,,16,30,300,True,trend_state_tp,120,8,0.025,67.39962695059664,22.34519948227112,18,0.0,,,,,,,,,,,,,,,,,,,,,,,,,,,0.01,639,False,,,,,,,,,,,,,,,,,,,,,,,,,,,1.0,0.002,150,0.0,0,33.746842360691176,-0.18202574310019257,0.3241273274631724,0.478011116538185,-0.34417349086814375,0.01745702488271889,0.1326530612244898,0,0,326,-158.8196648256491,939,11
True,False,1.5,2.2,40,2.2,,16,8,200,False,channel_reclaim,36,2,0.008,60.27506141997363,44.71315129091706,18,0.005,,,,,,,,,,,,,,,,,,,,,,,,,,,0.04,194,False,,,,,,,,,,,,,,,,,,,,,,,,,,,0.05,0.003,100,0.5,0,9.506642675595188,-0.3127003331477141,0.4848303007003096,0.3980854339706015,-0.5994470727256785,0.17813145359352553,0.2222222222222222,0,0,327,-159.10299936777596,189,11
True,False,2.5,2.2,55,2.0,,30,14,300,True,trend_state_tp,14,8,0.005,59.723348758976634,37.123297014988374,24,0.0005,,,,,,,,,,,,,,,,,,,,,,,,,,,0.04,528,False,,,,,,,,,,,,,,,,,,,,,,,,,,,1.0,0.001,10,0.25,0,22.23652644268816,-0.2637341218068646,0.42136601691206366,0.37829652820679127,-0.5667406143289112,0.06653197062923738,0.16666666666666666,0,0,328,-159.33170935574006,540,11
True,False,1.5,1.7,30,2.2,,30,80,100,False,channel_reclaim,24,1,0.008,69.85641579937923,33.22307471798481,18,0.0,,,,,,,,,,,,,,,,,,,,,,,,,,,0.08,971,False,,,,,,,,,,,,,,,,,,,,,,,,,,,0.2,0.001,150,0.0,0,18.413698898960604,-0.33290802357338545,0.4558207298819456,0.39463150525608465,-0.7090902273659224,0.008414311509887926,0.14285714285714285,1,1,329,-159.869212016499,251,11
True,False,2.5,1.3,40,1.5,,40,30,200,True,trend_state_tp,18,3,0.008,71.06070135095328,23.207360462603027,36,0.001,,,,,,,,,,,,,,,,,,,,,,,,,,,0.08,628,True,,,,,,,,,,,,,,,,,,,,,,,,,,,0.03,0.0005,20,0.5,0,23.05783481448739,-0.2785140823668959,0.25961422523033334,0.35178961589697133,-0.4348229678257458,0.01642947717053032,0.125,1,1,330,-160.28494659539209,370,11
True,False,2.0,8.0,14,2.2,,16,10,100,False,range_bb_reversion,12,6,0.018,60.82550313693365,26.62167784677856,6,0.0025,,,,,,,,,,,,,,,,,,,,,,,,,,,0.08,409,False,,,,,,,,,,,,,,,,,,,,,,,,,,,0.08,0.0005,10,0.75,0,10.224717651065864,-0.30390750625492813,0.4436650493421154,0.3230669700096945,-0.6014539794744627,0.056182729555921906,0.13333333333333333,1,1,331,-160.6148465064461,179,11
True,False,2.0,1.7,55,2.2,,16,8,80,False,channel_reclaim,8,3,0.012,65.83504826969774,24.759294109175574,48,0.0,,,,,,,,,,,,,,,,,,,,,,,,,,,0.025,76,False,,,,,,,,,,,,,,,,,,,,,,,,,,,1.0,0.0005,10,0.0,0,14.877802619012149,-0.2921079492809401,0.29656340200015935,0.3369602411452239,-0.4295875538189939,0.05197610904415067,0.13636363636363635,0,0,332,-160.8154162931581,318,11
True,False,2.0,6.0,55,2.5,,8,20,100,False,channel_reclaim,72,2,0.005,69.16148491809155,42.15776275486272,48,0.0025,,,,,,,,,,,,,,,,,,,,,,,,,,,0.015,68,False,,,,,,,,,,,,,,,,,,,,,,,,,,,0.12,0.0,75,0.75,0,15.002916659540574,-0.3189997196810571,0.5985000730183909,0.24691732998184612,-0.9637055618951853,0.0,0.0,2,2,333,-161.03667968285274,287,11
True,False,1.0,12.0,20,1.8,,16,20,300,True,trend_state_tp,72,1,0.005,75.77258397848034,42.51539681824874,12,0.0025,,,,,,,,,,,,,,,,,,,,,,,,,,,0.04,1154,False,,,,,,,,,,,,,,,,,,,,,,,,,,,0.08,0.003,50,0.25,0,24.771451272612598,-0.2046486363816823,0.6831689067815392,0.17900043149681563,-0.6549964810640267,0.0,0.0,2,2,334,-161.1058176200073,502,11
True,True,1.5,8.0,20,2.0,,55,20,300,False,trend_reclaim,18,3,0.0,60.2374498179773,29.764645279548553,6,0.0025,,,,,,,,,,,,,,,,,,,,,,,,,,,0.015,621,False,,,,,,,,,,,,,,,,,,,,,,,,,,,0.08,0.002,150,0.5,0,12.201669911970392,-0.36956448221572846,0.4980611956408143,0.25675496220950766,-0.9999999999999999,0.0,0.0,1,1,335,-162.03601410516762,181,11
True,True,5.0,6.0,30,1.8,,10,50,300,True,trend_state_tp,120,3,0.005,60.469610330612596,42.213377109648,24,0.001,,,,,,,,,,,,,,,,,,,,,,,,,,,0.006,73,True,,,,,,,,,,,,,,,,,,,,,,,,,,,0.05,0.0,150,0.5,0,29.82225354035804,-0.11700175999686717,0.48865551239160676,0.25556520625768425,-0.27871264990988814,0.10602523705331157,0.07476635514018691,0,0,336,-162.1692953297229,1146,11
True,True,2.0,3.0,80,1.5,,12,14,50,False,channel_reclaim,8,6,0.005,64.22450458179638,43.24816525022339,18,0.0,,,,,,,,,,,,,,,,,,,,,,,,,,,0.015,1005,False,,,,,,,,,,,,,,,,,,,,,,,,,,,0.2,0.003,50,1.0,0,18.855861058352286,-0.26554566732596735,0.4292090677205671,0.3190700678434406,-0.5713897290409784,0.04793632849025441,0.12121212121212122,0,0,337,-162.68768713857332,397,11
True,False,1.0,8.0,30,1.8,,16,80,400,True,trend_state_tp,18,8,0.018,72.53366823634678,35.5319831061877,3,0.001,,,,,,,,,,,,,,,,,,,,,,,,,,,0.025,858,False,,,,,,,,,,,,,,,,,,,,,,,,,,,1.0,0.003,10,0.25,0,16.17063379333307,-0.35271250628634454,0.6093965026613392,0.2381203298523048,-1.0,0.0,0.0,2,2,338,-162.8602520919537,259,11
True,False,1.0,8.0,30,2.2,,40,14,80,True,trend_state_tp,48,8,0.012,67.98764714945166,35.78504797968604,18,0.005,,,,,,,,,,,,,,,,,,,,,,,,,,,0.04,625,False,,,,,,,,,,,,,,,,,,,,,,,,,,,0.05,0.002,75,1.5,0,13.990701190838827,-0.3218439451451072,0.571759586424001,0.2696509342277367,-0.8880290356189543,0.0,0.0,2,2,339,-165.61895272574276,224,11
True,False,1.5,8.0,40,1.8,,40,80,100,False,range_bb_reversion,48,8,0.012,64.8714033134303,35.8337490330397,12,0.0,,,,,,,,,,,,,,,,,,,,,,,,,,,0.04,848,False,,,,,,,,,,,,,,,,,,,,,,,,,,,0.12,0.001,75,0.5,0,26.642099819680123,-0.26187239368847764,0.6668112881808248,0.23409389049873583,-0.7654289787531957,0.10009947821886864,0.06896551724137931,3,3,340,-165.78893073003744,354,11
True,True,1.5,2.2,55,2.2,,12,8,100,False,channel_reclaim,24,4,0.012,59.603525109904474,39.44771682353758,18,0.01,,,,,,,,,,,,,,,,,,,,,,,,,,,0.01,510,True,,,,,,,,,,,,,,,,,,,,,,,,,,,0.2,0.003,30,0.25,0,19.80538108635687,-0.31304687069517567,0.4640180156097088,0.3890085832937755,-0.5795400613590513,0.2126737763286637,0.26666666666666666,0,0,341,-166.21876255711453,373,11
True,False,2.0,1.3,30,1.8,,8,8,100,False,channel_reclaim,14,8,0.0,65.46955367444554,27.162610252320825,3,0.0,,,,,,,,,,,,,,,,,,,,,,,,,,,0.08,1089,False,,,,,,,,,,,,,,,,,,,,,,,,,,,0.12,0.0005,150,0.75,0,17.27588909485348,-0.3352437621036072,0.2912017639493769,0.4261706672928796,-0.5770703782732556,0.05648322268317114,0.2,0,0,342,-166.34571969223978,318,11
True,True,4.0,3.0,80,2.2,,8,50,200,True,trend_state_tp,48,6,0.0,77.7721742389117,36.58464330499429,24,0.0,,,,,,,,,,,,,,,,,,,,,,,,,,,0.04,943,False,,,,,,,,,,,,,,,,,,,,,,,,,,,1.0,0.0005,10,1.0,0,34.24812042000074,-0.14429074046936566,0.4760516392752778,0.3502186560169816,-0.2877554631996259,0.14420862933517323,0.2184873949579832,0,0,343,-166.61383924888065,1342,11
True,False,2.5,4.0,20,2.2,,16,30,100,False,range_bb_reversion,18,4,0.0,70.40415812732465,38.62837550939465,18,0.0,,,,,,,,,,,,,,,,,,,,,,,,,,,0.04,184,False,,,,,,,,,,,,,,,,,,,,,,,,,,,0.03,0.002,75,0.0,0,19.463632428834575,-0.3520997997387351,0.42670659848574655,0.3206349643153485,-1.0,0.0,0.0,2,2,344,-168.87996124420005,202,11
True,True,2.5,1.3,40,2.0,,30,30,200,True,trend_state_tp,36,3,0.005,63.19680760010772,41.58667217955903,12,0.0005,,,,,,,,,,,,,,,,,,,,,,,,,,,0.04,624,False,,,,,,,,,,,,,,,,,,,,,,,,,,,1.0,0.003,100,1.5,0,26.96329820225864,-0.2051445019499255,0.335133896530017,0.39308989101176856,-0.3456833102853672,0.025058438415283185,0.1282051282051282,0,0,345,-169.9324778863207,964,11
True,False,4.0,2.2,40,1.8,,10,30,50,False,range_bb_reversion,72,2,0.0025,75.51810062462003,37.990123578599494,18,0.005,,,,,,,,,,,,,,,,,,,,,,,,,,,0.006,308,False,,,,,,,,,,,,,,,,,,,,,,,,,,,0.03,0.002,50,0.75,0,13.486668080556113,-0.3813974023624384,0.31406978402563185,0.4583455111132062,-1.0000000000000002,0.0,0.0,0,0,346,-170.14570113106527,132,11
True,False,2.5,12.0,40,1.5,,55,30,100,True,trend_state_tp,36,2,0.018,59.52074040861555,25.62332119907528,48,0.0005,,,,,,,,,,,,,,,,,,,,,,,,,,,0.025,567,False,,,,,,,,,,,,,,,,,,,,,,,,,,,0.05,0.001,30,0.0,0,21.67329105790766,-0.20194821208363747,0.5371855883142144,0.19182731182185783,-0.44949446530905074,0.18815894466765704,0.08064516129032258,1,1,347,-170.2136247589214,586,11
True,False,2.0,1.3,80,2.0,,10,14,80,False,channel_reclaim,72,3,0.018,73.70982460861192,30.126376257857213,36,0.005,,,,,,,,,,,,,,,,,,,,,,,,,,,0.006,304,False,,,,,,,,,,,,,,,,,,,,,,,,,,,0.04,0.0005,20,0.5,0,17.03715560318453,-0.3588852389144295,0.255314158820397,0.4571139220725463,-0.564258331900733,0.06323375986803788,0.18181818181818182,0,0,348,-170.70730218124496,268,11
True,True,2.0,1.7,30,1.8,,40,50,100,True,trend_state_tp,120,4,0.008,68.3655107968614,26.580182050835784,6,0.0025,,,,,,,,,,,,,,,,,,,,,,,,,,,0.08,323,False,,,,,,,,,,,,,,,,,,,,,,,,,,,1.0,0.0,100,1.25,0,28.085110584894476,-0.22079055118035618,0.4026533450306339,0.37065165609360057,-0.2908130054292656,0.24075768578065784,0.3142857142857143,0,0,349,-171.17437267296503,843,11
True,False,2.5,2.2,14,2.5,,30,14,50,True,trend_state_tp,8,4,0.008,65.9258073837507,33.90004531526313,48,0.005,,,,,,,,,,,,,,,,,,,,,,,,,,,0.04,82,False,,,,,,,,,,,,,,,,,,,,,,,,,,,0.05,0.002,100,0.75,0,17.65680123828272,-0.25851221600828095,0.31570352082518904,0.3040253995209601,-0.39306713369286767,0.10200329718397935,0.1724137931034483,0,0,350,-171.1883367668781,546,11
True,False,1.5,12.0,14,1.5,,40,50,100,True,trend_state_tp,18,2,0.0,77.21355264821165,32.01185371985062,36,0.005,,,,,,,,,,,,,,,,,,,,,,,,,,,0.08,1097,False,,,,,,,,,,,,,,,,,,,,,,,,,,,0.04,0.002,50,0.0,0,19.92660838083645,-0.26646790203183085,0.552694933806587,0.224528101944282,-0.4957087805186894,0.18064606904741637,0.1,1,1,351,-171.47566031023797,416,11
True,False,2.0,8.0,30,1.8,,20,14,50,False,channel_reclaim,36,4,0.008,59.3715350023047,43.50805594166569,48,0.001,,,,,,,,,,,,,,,,,,,,,,,,,,,0.025,446,False,,,,,,,,,,,,,,,,,,,,,,,,,,,0.05,0.002,100,0.0,0,14.802487489229392,-0.2904766007090711,0.5887566630905128,0.26486589527681564,-0.7048803566299711,0.10712170275839018,0.09523809523809523,2,2,352,-171.58469956445037,170,11
True,False,1.0,8.0,30,1.8,,40,80,300,True,trend_state_tp,72,6,0.008,73.96103325933124,42.931732949300844,12,0.001,,,,,,,,,,,,,,,,,,,,,,,,,,,0.006,390,False,,,,,,,,,,,,,,,,,,,,,,,,,,,0.05,0.0,50,0.25,0,24.794793753682782,-0.2664446539112654,0.65103154619152,0.2083083565297004,-0.7940498037882939,0.022818241446517337,0.07692307692307693,2,2,353,-171.7364477782356,390,11
True,False,2.0,1.7,14,2.2,,10,8,400,True,trend_state_tp,48,1,0.012,72.65426524309368,38.16870352047885,6,0.0005,,,,,,,,,,,,,,,,,,,,,,,,,,,0.01,272,False,,,,,,,,,,,,,,,,,,,,,,,,,,,0.2,0.0,50,1.25,0,26.444676522395387,-0.24348755219272133,0.3227026158721494,0.31508137058331426,-0.4434520165298768,0.05214350811834145,0.07692307692307693,0,0,354,-171.80229610888617,566,11
True,True,2.0,12.0,40,1.8,,40,8,80,False,range_bb_reversion,14,8,0.025,66.02528089902322,25.172349037007102,24,0.0,,,,,,,,,,,,,,,,,,,,,,,,,,,0.015,495,False,,,,,,,,,,,,,,,,,,,,,,,,,,,1.0,0.0,20,0.0,0,15.887019633149423,-0.31691312897334023,0.4182155934738459,0.2942389461434589,-0.4976808439284528,0.19388640101003543,0.22580645161290322,0,0,355,-173.6873591978934,281,11
True,False,1.5,4.0,30,2.2,,40,50,200,False,range_bb_reversion,12,2,0.005,59.0989879983513,27.9005484395582,24,0.0025,,,,,,,,,,,,,,,,,,,,,,,,,,,0.04,37,True,,,,,,,,,,,,,,,,,,,,,,,,,,,0.2,0.001,50,0.5,0,12.53594869994549,-0.31064886589765384,0.4473950583616675,0.3330509875401516,-0.5939550552203847,0.12024901855908439,0.16666666666666666,0,0,356,-173.84135907558024,199,11
True,True,5.0,2.2,30,2.2,,20,14,150,True,trend_state_tp,24,4,0.0,61.33450426972681,43.986454400869164,36,0.0005,,,,,,,,,,,,,,,,,,,,,,,,,,,0.08,827,False,,,,,,,,,,,,,,,,,,,,,,,,,,,0.12,0.003,50,0.25,0,34.865384121689026,-0.14061525524779925,0.3904665716752013,0.310122945812291,-0.26605213151175827,0.08013548068398375,0.22900763358778625,0,0,357,-174.21560374295612,1291,11
True,False,1.0,6.0,55,2.5,,8,20,150,False,range_bb_reversion,8,4,0.0025,67.13732130661512,41.711396846105686,6,0.001,,,,,,,,,,,,,,,,,,,,,,,,,,,0.025,1056,False,,,,,,,,,,,,,,,,,,,,,,,,,,,0.05,0.0005,100,1.5,0,13.61272297670348,-0.3434253986425081,0.48645743397719027,0.29718369251376814,-1.0,0.0,0.0,1,1,358,-174.93307041321003,130,11
True,True,2.0,3.0,14,1.8,,10,30,50,False,trend_bb_reversion,36,4,0.0,67.82927347387283,24.930315553973813,12,0.0025,,,,,,,,,,,,,,,,,,,,,,,,,,,0.025,829,False,,,,,,,,,,,,,,,,,,,,,,,,,,,1.0,0.003,10,0.5,0,15.2204451441659,-0.33315470673844083,0.5007082245589528,0.3394022260096872,-0.7247831021031382,0.13131142837395374,0.14285714285714285,0,0,359,-175.19345297039138,267,11
True,False,2.0,2.2,20,2.0,,55,30,80,True,trend_state_tp,36,2,0.025,59.40235620681907,23.00409169970377,3,0.0,,,,,,,,,,,,,,,,,,,,,,,,,,,0.015,980,False,,,,,,,,,,,,,,,,,,,,,,,,,,,1.0,0.0,150,0.0,0,26.57005679508325,-0.24251900551715108,0.444092584064439,0.31718993743494955,-0.5104765994302478,0.08132480942290089,0.21568627450980393,1,0,360,-175.5184532247292,712,11
True,False,1.0,6.0,20,2.2,,16,80,150,False,range_bb_reversion,48,3,0.018,77.39741869969605,35.758154243642366,12,0.005,,,,,,,,,,,,,,,,,,,,,,,,,,,0.025,867,False,,,,,,,,,,,,,,,,,,,,,,,,,,,0.12,0.001,100,0.75,0,24.629051469643237,-0.2676495119762072,0.6855354370522545,0.21014567316429755,-0.6960346170900956,0.2193798010458248,0.10344827586206896,3,3,361,-175.90301722707522,348,11
True,False,2.0,1.7,30,2.0,,10,14,100,False,range_bb_reversion,48,1,0.012,60.065367072173174,44.876812855152664,6,0.005,,,,,,,,,,,,,,,,,,,,,,,,,,,0.025,728,False,,,,,,,,,,,,,,,,,,,,,,,,,,,0.04,0.0,30,0.5,0,20.324099499763147,-0.3569398741696341,0.34760202503616705,0.4527812777962421,-0.6849420301802469,0.1194644791831314,0.2,0,0,362,-176.26385970032902,256,11
True,False,2.0,1.7,40,2.5,,12,80,150,True,trend_state_tp,96,3,0.018,60.47505984961635,29.55560402776778,24,0.005,,,,,,,,,,,,,,,,,,,,,,,,,,,0.08,563,False,,,,,,,,,,,,,,,,,,,,,,,,,,,0.04,0.0,10,0.25,0,18.75953331223807,-0.3117076557631973,0.28708615837070367,0.34025203332021514,-0.4289750145919946,0.15529706700817983,0.26666666666666666,0,0,363,-176.57342464106193,344,11
True,False,2.0,3.0,30,2.2,,40,14,80,True,trend_state_tp,8,6,0.012,70.08021758651003,29.74792613449614,48,0.0,,,,,,,,,,,,,,,,,,,,,,,,,,,0.08,22,False,,,,,,,,,,,,,,,,,,,,,,,,,,,0.08,0.003,30,1.25,0,24.83740464313463,-0.27817618750205275,0.43367732481664273,0.3060898205529194,-0.5818608388966682,0.11538033671275873,0.1724137931034483,1,1,364,-179.57332315543638,493,11
True,False,2.0,12.0,40,2.0,,12,50,200,True,trend_state_tp,72,3,0.005,68.37562748365436,22.83520814777061,36,0.0005,,,,,,,,,,,,,,,,,,,,,,,,,,,0.006,1031,False,,,,,,,,,,,,,,,,,,,,,,,,,,,1.0,0.002,30,0.5,0,25.146063600637717,-0.221978376361512,0.5476024587976176,0.24288997295901457,-0.4507847465359928,0.13417254091684622,0.06060606060606061,1,1,365,-180.3797003648186,736,11
True,False,4.0,8.0,14,1.8,,30,20,80,False,range_bb_reversion,96,6,0.018,68.12223749192634,35.86578632833721,24,0.01,,,,,,,,,,,,,,,,,,,,,,,,,,,0.025,384,False,,,,,,,,,,,,,,,,,,,,,,,,,,,0.03,0.0005,20,1.25,0,13.293832973575956,-0.3846792125730882,0.5351324657050064,0.2597457256548166,-1.0,0.0,0.0,2,2,366,-181.10049608363545,130,11
True,True,2.5,6.0,30,1.8,,30,80,100,False,range_bb_reversion,8,2,0.018,66.34474676769146,36.70367359806318,36,0.0025,,,,,,,,,,,,,,,,,,,,,,,,,,,0.08,878,True,,,,,,,,,,,,,,,,,,,,,,,,,,,0.08,0.002,50,1.5,0,22.78213977794425,-0.25479560855888467,0.3190949312643066,0.3433960575153202,-0.3203565304125146,0.1823152937934867,0.3013698630136986,0,0,367,-181.34869950232638,730,11
True,False,2.5,2.2,20,1.5,,40,30,200,False,range_bb_reversion,12,4,0.018,62.29965819200146,39.99154250358451,6,0.001,,,,,,,,,,,,,,,,,,,,,,,,,,,0.04,697,False,,,,,,,,,,,,,,,,,,,,,,,,,,,0.08,0.001,30,1.5,0,25.717962023904885,-0.2984628002696046,0.33144775141716765,0.36583096808564003,-0.5042737651746055,0.0743463706942429,0.23529411764705882,0,0,368,-181.73007370558233,366,11
True,True,4.0,8.0,30,1.8,,40,50,200,False,range_bb_reversion,96,4,0.0,61.67171182175496,35.724373262846285,48,0.0005,,,,,,,,,,,,,,,,,,,,,,,,,,,0.01,551,False,,,,,,,,,,,,,,,,,,,,,,,,,,,0.08,0.003,150,1.5,0,9.312381177224143,-0.3596552937518029,0.4661140433669718,0.3328440555713283,-0.7914036576415485,0.04706704394383507,0.14285714285714285,0,0,369,-182.50654953037548,173,11
True,False,2.0,1.3,30,2.0,,20,30,100,True,trend_state_tp,48,3,0.008,73.42884162497116,29.885137912098752,24,0.0025,,,,,,,,,,,,,,,,,,,,,,,,,,,0.015,499,False,,,,,,,,,,,,,,,,,,,,,,,,,,,0.03,0.002,50,0.5,0,26.532002603973968,-0.309791195143284,0.27620267888979616,0.36942696977802036,-0.46241551484261384,0.01255164830040086,0.17391304347826086,1,1,370,-182.55629265697834,365,11
False,True,2.0,8.0,20,1.5,,12,10,150,False,range_bb_reversion,120,8,0.0025,64.26497630977728,38.6336226522335,48,0.0025,,,,,,,,,,,,,,,,,,,,,,,,,,,0.01,948,False,,,,,,,,,,,,,,,,,,,,,,,,,,,1.0,0.0005,100,0.0,0,18.016869783163934,-0.31170979948374666,0.6824505738561406,0.2134098225007316,-0.8672175484693597,0.06330574389451424,0.07142857142857142,3,3,371,-182.6389370012194,153,11
True,False,3.0,1.3,30,1.5,,16,20,50,False,range_bb_reversion,12,8,0.008,67.649214370291,33.68157249368331,3,0.01,,,,,,,,,,,,,,,,,,,,,,,,,,,0.01,645,False,,,,,,,,,,,,,,,,,,,,,,,,,,,0.04,0.0005,75,0.75,0,13.726380971639593,-0.35688188032136386,0.18585219195727207,0.3800649302157519,-0.7209025060856404,0.0,0.0,0,0,372,-183.3361371070257,238,11
True,False,2.0,12.0,20,2.5,,12,20,200,False,trend_bb_reversion,24,3,0.008,61.07415102122066,44.496853003404915,12,0.0025,,,,,,,,,,,,,,,,,,,,,,,,,,,0.025,331,False,,,,,,,,,,,,,,,,,,,,,,,,,,,0.2,0.001,10,0.5,0,13.165594512241206,-0.362605243659646,0.46493194920749414,0.3024163309457427,-0.8801333606742064,0.0,0.0,1,1,373,-183.36395421992853,203,11
False,True,1.0,2.2,30,2.5,,8,30,200,False,channel_reclaim,36,8,0.025,75.3430817263938,44.08368824885428,12,0.005,,,,,,,,,,,,,,,,,,,,,,,,,,,0.025,206,False,,,,,,,,,,,,,,,,,,,,,,,,,,,0.12,0.003,30,0.25,0,16.301208129265845,-0.3367729834340842,0.5516240054393847,0.29576384576384573,-0.6592839130142549,0.13945546710831344,0.2,1,1,374,-183.5187111636167,200,11
True,False,1.5,12.0,20,2.0,,20,80,150,True,trend_state_tp,36,6,0.018,71.38510820950431,39.011551042239645,12,0.0025,,,,,,,,,,,,,,,,,,,,,,,,,,,0.025,50,False,,,,,,,,,,,,,,,,,,,,,,,,,,,0.05,0.002,20,0.5,0,22.02127884823894,-0.2843748776980554,0.5038203763153041,0.22606474590208217,-0.6654495153238162,0.035832254804776545,0.09523809523809523,1,1,375,-183.79037143062212,447,11
True,False,2.0,1.7,20,2.0,,16,80,200,False,channel_reclaim,24,8,0.008,67.14458369128597,29.484240440006452,6,0.001,,,,,,,,,,,,,,,,,,,,,,,,,,,0.006,470,False,,,,,,,,,,,,,,,,,,,,,,,,,,,0.05,0.0,30,0.25,0,9.446734457584903,-0.36634897824349066,0.31327832688657425,0.3994936790972597,-0.6747667469703502,0.07389898456581526,0.14285714285714285,0,0,376,-183.9589281048482,169,11
True,False,1.5,8.0,55,1.8,,16,20,100,True,trend_state_tp,96,3,0.008,68.71284931704835,28.80301496005104,36,0.0005,,,,,,,,,,,,,,,,,,,,,,,,,,,0.025,56,False,,,,,,,,,,,,,,,,,,,,,,,,,,,0.2,0.0,50,1.25,0,24.84793250401205,-0.25956274969158605,0.49436891184747156,0.30099529098086164,-0.5597334635414463,0.1528447478565865,0.12121212121212122,0,0,377,-184.01625935848176,598,11
True,False,3.0,3.0,80,2.2,,16,8,80,True,trend_state_tp,12,4,0.0025,63.654815808255925,22.85774168564201,3,0.0,,,,,,,,,,,,,,,,,,,,,,,,,,,0.01,292,False,,,,,,,,,,,,,,,,,,,,,,,,,,,1.0,0.0005,50,0.75,0,25.486760823940124,-0.20779231377896873,0.3983995383853181,0.2982976062851635,-0.4428880117772918,0.09103512258401932,0.21052631578947367,0,0,378,-184.0830617128737,978,11
True,False,1.5,4.0,20,1.8,,8,50,200,True,trend_state_tp,48,2,0.005,70.01659894637301,37.50875720160283,18,0.005,,,,,,,,,,,,,,,,,,,,,,,,,,,0.01,185,False,,,,,,,,,,,,,,,,,,,,,,,,,,,0.05,0.0005,75,0.25,0,19.348110218599285,-0.293926691483875,0.4325600211169515,0.24414441550218255,-0.45375076750531407,0.0811665197505599,0.15384615384615385,0,0,379,-184.56599120902925,372,11
True,False,2.5,4.0,20,1.8,,16,20,100,False,trend_reclaim,36,2,0.0,72.31082774482957,26.683424637234513,18,0.001,,,,,,,,,,,,,,,,,,,,,,,,,,,0.01,904,True,,,,,,,,,,,,,,,,,,,,,,,,,,,0.12,0.003,150,0.5,0,19.04962759040587,-0.3321125239194133,0.4263368232546334,0.23911926902469013,-0.8825269215047098,0.0,0.0,1,1,380,-184.7293284021515,268,11
True,False,2.0,4.0,20,1.8,,16,50,100,False,trend_bb_reversion,18,8,0.018,67.25164216493668,34.63076436720957,48,0.001,,,,,,,,,,,,,,,,,,,,,,,,,,,0.04,857,False,,,,,,,,,,,,,,,,,,,,,,,,,,,0.12,0.002,10,1.25,0,10.394803854390567,-0.363731056484443,0.5184527051811201,0.30874582933406464,-0.8660436202432837,0.0,0.0,1,1,381,-185.66785160453247,170,11
True,True,1.5,2.2,55,2.2,,8,14,200,False,channel_reclaim,12,8,0.008,76.99270598788209,31.677708700851667,24,0.005,,,,,,,,,,,,,,,,,,,,,,,,,,,0.006,47,False,,,,,,,,,,,,,,,,,,,,,,,,,,,0.08,0.002,20,1.0,0,19.252117618846004,-0.34036460669877644,0.39743044870943334,0.33741622758750495,-0.5476212413524033,0.1176612029634177,0.2413793103448276,0,0,382,-186.88813942759973,401,11
True,False,1.5,1.3,14,1.5,,8,30,300,True,trend_state_tp,14,8,0.008,71.70541420197156,29.25097910092199,18,0.01,,,,,,,,,,,,,,,,,,,,,,,,,,,0.04,709,False,,,,,,,,,,,,,,,,,,,,,,,,,,,0.05,0.003,75,0.25,0,13.285857241451959,-0.37112457630686946,0.25800061464897034,0.3465401456780767,-0.8835940966238434,0.0,0.0,0,0,383,-188.0448544085984,133,11
True,True,2.5,6.0,30,2.2,,30,50,80,False,range_bb_reversion,12,4,0.005,64.8339307345678,36.37281029054077,6,0.0005,,,,,,,,,,,,,,,,,,,,,,,,,,,0.01,934,False,,,,,,,,,,,,,,,,,,,,,,,,,,,1.0,0.0005,150,0.25,0,20.704384896615576,-0.3023332276481324,0.3291491532850244,0.32172743087768507,-0.4490604321935403,0.09769026617853703,0.21052631578947367,0,0,384,-188.1250683828842,485,11
True,False,1.5,1.7,40,2.0,,12,8,80,False,range_bb_reversion,24,3,0.025,66.43232344932449,41.62254121705511,36,0.001,,,,,,,,,,,,,,,,,,,,,,,,,,,0.08,1015,False,,,,,,,,,,,,,,,,,,,,,,,,,,,0.12,0.0,10,1.0,0,26.99519049640493,-0.3354536047110029,0.41568427356521,0.41221137383952533,-0.558194532259092,0.10234280245554889,0.2708333333333333,0,0,385,-188.47873527798188,389,11
True,False,2.0,1.7,55,1.5,,10,14,150,False,range_bb_reversion,12,8,0.0,71.81795514594872,41.322599902743825,18,0.0,,,,,,,,,,,,,,,,,,,,,,,,,,,0.025,799,True,,,,,,,,,,,,,,,,,,,,,,,,,,,0.05,0.003,10,0.25,0,24.127928934123517,-0.34270803391574,0.42134439429744275,0.3518205384227056,-0.6909458328696947,0.05538227915092838,0.125,1,1,386,-189.15394926080748,241,11
True,False,1.5,2.2,20,2.5,,16,30,80,False,channel_reclaim,24,1,0.005,77.75680726059548,36.749452946461666,36,0.005,,,,,,,,,,,,,,,,,,,,,,,,,,,0.08,25,False,,,,,,,,,,,,,,,,,,,,,,,,,,,0.12,0.0,20,0.0,0,18.439622862704688,-0.3527511794418627,0.419632292815009,0.3666518493625231,-0.5446193786168523,0.10672319603745732,0.2916666666666667,0,0,387,-189.41254265735603,421,11
False,True,1.0,12.0,20,2.5,,16,30,300,False,trend_bb_reversion,72,3,0.0025,59.269945788954914,33.02496304488863,24,0.005,,,,,,,,,,,,,,,,,,,,,,,,,,,0.015,886,True,,,,,,,,,,,,,,,,,,,,,,,,,,,0.12,0.0,100,0.25,0,10.694591874859244,-0.35347180676462303,0.4859974177989773,0.3706672762506997,-0.8237531528936328,0.060102000052661614,0.125,0,0,388,-189.46602413979605,129,11
True,False,2.5,1.3,55,2.2,,10,10,200,True,trend_state_tp,18,1,0.008,65.95930180260868,36.79097294799191,18,0.0,,,,,,,,,,,,,,,,,,,,,,,,,,,0.006,670,False,,,,,,,,,,,,,,,,,,,,,,,,,,,0.08,0.003,150,1.0,0,27.89256388153848,-0.22622545581690712,0.24678008310946645,0.31745478595317667,-0.39950319541333207,0.013667916980260262,0.10526315789473684,0,0,389,-189.51843851845146,829,11
True,False,3.0,8.0,14,1.8,,20,14,300,False,range_bb_reversion,24,1,0.0,68.64947991257132,36.81682406741638,18,0.005,,,,,,,,,,,,,,,,,,,,,,,,,,,0.08,663,False,,,,,,,,,,,,,,,,,,,,,,,,,,,0.03,0.0,50,1.25,0,14.578411133277394,-0.41327653427216937,0.4232648302978806,0.2918050246999726,-1.0,0.0,0.0,1,1,390,-189.72339034139537,183,11
True,False,1.0,3.0,14,1.5,,10,30,300,False,trend_bb_reversion,72,3,0.0,74.54699156355784,42.349051982868964,24,0.01,,,,,,,,,,,,,,,,,,,,,,,,,,,0.04,320,False,,,,,,,,,,,,,,,,,,,,,,,,,,,0.2,0.002,10,0.0,0,18.898718554718464,-0.32014049662933414,0.5235619400058203,0.21722742785361382,-1.0,0.0,0.0,1,1,391,-190.61289535857713,245,11
True,True,1.0,8.0,55,2.0,,40,10,100,False,range_bb_reversion,96,3,0.012,73.70582299068344,22.200452779361417,6,0.005,,,,,,,,,,,,,,,,,,,,,,,,,,,0.08,444,False,,,,,,,,,,,,,,,,,,,,,,,,,,,0.08,0.001,30,1.25,0,28.280833289381558,-0.267777494480234,0.6834006258135422,0.17592879902080724,-0.8150501345074689,0.16657645956133454,0.03125,4,4,392,-190.87822947254972,363,11
True,False,2.0,1.7,55,1.5,,55,50,300,False,trend_reclaim,18,8,0.0025,75.32783720086809,30.63389731383709,48,0.001,,,,,,,,,,,,,,,,,,,,,,,,,,,0.015,1077,True,,,,,,,,,,,,,,,,,,,,,,,,,,,0.08,0.001,20,0.25,0,11.0416529557446,-0.31752209668690395,0.3660531120126963,0.3093549127640037,-0.6835393668199665,0.0,0.0,1,1,393,-191.2617087126758,121,11
True,False,1.5,4.0,20,2.0,,20,50,80,True,trend_state_tp,72,2,0.0025,67.55151648053686,43.58355927179635,6,0.001,,,,,,,,,,,,,,,,,,,,,,,,,,,0.006,120,False,,,,,,,,,,,,,,,,,,,,,,,,,,,0.12,0.003,20,1.5,0,26.47670240822052,-0.2942345661992195,0.4018709837646783,0.30091515764587445,-0.47852096526354254,0.12621503728691308,0.17073170731707318,1,1,394,-191.3942662989329,561,11
True,False,1.5,4.0,80,2.2,,20,20,100,False,channel_reclaim,8,1,0.012,58.919334979377794,22.553319019126686,36,0.001,,,,,,,,,,,,,,,,,,,,,,,,,,,0.08,587,False,,,,,,,,,,,,,,,,,,,,,,,,,,,0.08,0.0005,150,0.0,0,24.07801877335892,-0.3049802316438069,0.39662371048043354,0.31011676894966,-0.5049949990151088,0.0864183003588429,0.1111111111111111,0,0,395,-191.84330604276687,386,11
True,False,2.0,12.0,20,2.5,,30,50,100,True,trend_state_tp,8,2,0.005,63.87963417001299,40.64741659799431,24,0.0,,,,,,,,,,,,,,,,,,,,,,,,,,,0.025,516,True,,,,,,,,,,,,,,,,,,,,,,,,,,,0.2,0.001,10,1.5,0,21.379579866362874,-0.2726352996655546,0.3779470826698868,0.27212037644482884,-0.5073181033159756,0.05658156271509393,0.15789473684210525,0,0,396,-192.17634645067739,578,11
True,False,2.0,2.2,55,2.5,,16,20,200,True,trend_state_tp,8,2,0.0025,72.80434818540093,31.958435637577704,36,0.001,,,,,,,,,,,,,,,,,,,,,,,,,,,0.08,1013,False,,,,,,,,,,,,,,,,,,,,,,,,,,,0.04,0.002,100,0.25,0,22.2596331225832,-0.2926304928175128,0.32100260189943003,0.2999308062557738,-0.452143864464351,0.11361421387676825,0.1935483870967742,0,0,397,-192.87861200105203,504,11
True,False,1.5,8.0,40,1.5,,8,8,80,False,channel_reclaim,48,6,0.012,67.13532291626768,26.489721195382437,12,0.01,,,,,,,,,,,,,,,,,,,,,,,,,,,0.006,596,False,,,,,,,,,,,,,,,,,,,,,,,,,,,0.2,0.001,75,0.25,0,12.21820659951224,-0.417739615110175,0.5236999171308766,0.19765840220385675,-1.0,0.0,0.0,3,2,398,-193.46458098667657,141,11
True,False,1.5,3.0,20,1.8,,12,20,300,False,range_bb_reversion,48,2,0.025,68.1492074975301,43.27433888017281,36,0.005,,,,,,,,,,,,,,,,,,,,,,,,,,,0.025,474,False,,,,,,,,,,,,,,,,,,,,,,,,,,,1.0,0.0,10,0.25,0,30.62847650025215,-0.32025392251854773,0.53527727333745,0.3273857544192472,-0.5595107388803793,0.17336007168161952,0.2222222222222222,1,1,399,-194.3011037236871,258,11
True,True,2.0,12.0,20,1.8,,20,20,50,False,range_bb_reversion,8,3,0.0,61.721809137071936,25.850599412863268,36,0.0,,,,,,,,,,,,,,,,,,,,,,,,,,,0.006,407,False,,,,,,,,,,,,,,,,,,,,,,,,,,,0.05,0.0,50,0.25,0,24.205547872611557,-0.3161285759386867,0.3247030986449066,0.333352963220091,-0.48765032443184503,0.11499237672559237,0.23076923076923078,0,0,400,-194.39454899429776,410,11
True,True,1.0,2.2,30,2.2,,20,10,400,False,channel_reclaim,12,6,0.008,66.94848648499304,40.9123394937353,18,0.005,,,,,,,,,,,,,,,,,,,,,,,,,,,0.006,100,False,,,,,,,,,,,,,,,,,,,,,,,,,,,0.05,0.001,75,1.0,0,8.05571946435731,-0.4243559318113691,0.4463280197226788,0.29477220640322244,-1.0000000000000002,0.0,0.0,1,1,401,-195.0163539650084,126,11
True,True,2.0,3.0,80,1.5,,30,14,50,False,range_bb_reversion,36,3,0.005,66.21919797491516,44.544425631888224,48,0.001,,,,,,,,,,,,,,,,,,,,,,,,,,,0.04,713,True,,,,,,,,,,,,,,,,,,,,,,,,,,,0.12,0.001,50,0.25,0,26.948862768077635,-0.2939192396932769,0.4872442289656018,0.3561203514170512,-0.4812296922871006,0.14335362267001792,0.25,0,0,402,-195.1219222818704,581,11
True,False,1.5,8.0,40,1.8,,30,80,150,False,range_bb_reversion,24,8,0.0025,73.06940943460924,36.78119059975471,36,0.005,,,,,,,,,,,,,,,,,,,,,,,,,,,0.08,651,False,,,,,,,,,,,,,,,,,,,,,,,,,,,0.05,0.002,50,0.25,0,23.058495423010818,-0.3384104671718967,0.5451293977167881,0.2788378036886481,-0.8508269842244917,0.06597860298455721,0.09090909090909091,1,1,403,-195.27322395905122,308,11
True,False,1.5,6.0,55,2.0,,30,10,50,False,range_bb_reversion,48,6,0.012,65.28096610690127,31.095364160535397,24,0.0025,,,,,,,,,,,,,,,,,,,,,,,,,,,0.04,1112,False,,,,,,,,,,,,,,,,,,,,,,,,,,,0.05,0.0,50,0.5,0,17.861218805088555,-0.33049820208202313,0.6166991525550869,0.21799785281068704,-1.0,0.0,0.0,2,2,404,-195.84581590363052,205,11
True,False,1.5,6.0,40,2.2,,12,8,400,False,range_bb_reversion,12,3,0.008,71.69504236703634,27.215213144266723,12,0.0,,,,,,,,,,,,,,,,,,,,,,,,,,,0.08,694,True,,,,,,,,,,,,,,,,,,,,,,,,,,,0.08,0.0005,100,1.25,0,10.374657212667746,-0.3610071953688314,0.3814634386619631,0.3220026260133212,-0.5971767248303869,0.171035237132967,0.2,0,0,405,-196.82938154308275,165,11
True,False,2.0,1.3,30,1.5,,10,80,300,False,range_bb_reversion,48,3,0.008,59.108732890018416,42.66631262577747,18,0.0025,,,,,,,,,,,,,,,,,,,,,,,,,,,0.015,137,False,,,,,,,,,,,,,,,,,,,,,,,,,,,0.03,0.0005,30,0.5,0,25.602796553132475,-0.231162366527188,1.1204007050885727,0.41049711158406815,-0.6805972018940005,0.0,0.0,1,1,406,-197.15817569634402,132,11
True,False,2.0,1.7,14,2.0,,12,20,150,True,trend_state_tp,12,6,0.012,75.73267533486802,27.421263858512557,3,0.0,,,,,,,,,,,,,,,,,,,,,,,,,,,0.04,6,True,,,,,,,,,,,,,,,,,,,,,,,,,,,0.08,0.003,75,1.0,0,25.729751323702775,-0.2883356951632538,0.3355585332595998,0.3673608759884162,-0.47126721579882547,0.09594331230324818,0.2962962962962963,0,0,407,-197.64309055948166,669,11
True,True,1.0,6.0,30,2.5,,30,80,150,False,range_bb_reversion,48,8,0.012,77.47535951787214,39.832589350926526,36,0.005,,,,,,,,,,,,,,,,,,,,,,,,,,,0.08,691,False,,,,,,,,,,,,,,,,,,,,,,,,,,,0.12,0.0005,75,1.0,0,19.074446010977802,-0.2966523825524386,0.6218797293234851,0.20266353882157784,-0.5204534296223583,0.32256945723318114,0.13043478260869565,1,1,408,-198.98263868746693,350,11
True,False,1.5,2.2,80,2.5,,10,50,100,False,channel_reclaim,8,4,0.018,62.268635726696864,23.372583341453918,24,0.0005,,,,,,,,,,,,,,,,,,,,,,,,,,,0.08,703,False,,,,,,,,,,,,,,,,,,,,,,,,,,,1.0,0.003,10,1.0,0,19.13806911674528,-0.35713984366178286,0.3513090062126282,0.30912065685297985,-0.6166713037291284,0.014990872953637458,0.058823529411764705,1,1,409,-199.14619692157797,341,11
True,False,1.0,12.0,14,2.0,,12,50,200,True,trend_state_tp,48,6,0.005,71.14150350252747,37.691310082432416,24,0.005,,,,,,,,,,,,,,,,,,,,,,,,,,,0.08,1197,False,,,,,,,,,,,,,,,,,,,,,,,,,,,0.12,0.0,50,1.25,0,24.948011770879255,-0.3376585841807784,0.5308680010070082,0.23671254063511035,-0.8666471482636607,0.0,0.0,1,1,410,-199.2795689337749,370,11
True,False,2.0,3.0,30,2.5,,30,80,100,False,range_bb_reversion,18,1,0.012,70.69006434350442,37.02598332044184,24,0.0005,,,,,,,,,,,,,,,,,,,,,,,,,,,0.006,1192,False,,,,,,,,,,,,,,,,,,,,,,,,,,,0.05,0.003,30,0.0,0,16.103271144075062,-0.3529388599731175,0.39788958537766744,0.313370720188902,-0.5525352957467443,0.0,0.0,0,0,411,-199.41536197452913,192,11
True,False,2.0,4.0,20,2.2,,10,20,50,True,trend_state_tp,12,1,0.018,65.86817477078499,24.146450235294207,36,0.0005,,,,,,,,,,,,,,,,,,,,,,,,,,,0.04,31,False,,,,,,,,,,,,,,,,,,,,,,,,,,,0.05,0.001,100,1.0,0,25.662872054813107,-0.24415263666164116,0.3533336741020378,0.23925960206889033,-0.4299250425866434,0.0965150918727286,0.13725490196078433,0,0,412,-199.5849314322838,668,11
True,True,1.5,12.0,14,2.0,,20,10,80,False,trend_bb_reversion,8,3,0.0,60.646966837402985,25.847546371219046,48,0.001,,,,,,,,,,,,,,,,,,,,,,,,,,,0.025,168,True,,,,,,,,,,,,,,,,,,,,,,,,,,,1.0,0.0005,100,1.25,0,13.982894437726696,-0.3645931982379841,0.2955306324527786,0.33380699923242046,-0.6326112569322148,0.042460823992384523,0.13333333333333333,0,0,413,-200.10028860755872,207,11
True,False,2.0,8.0,40,2.2,,40,80,100,True,trend_state_tp,8,1,0.012,77.53138516350423,24.04027487878265,36,0.0025,,,,,,,,,,,,,,,,,,,,,,,,,,,0.08,135,False,,,,,,,,,,,,,,,,,,,,,,,,,,,0.08,0.0,10,0.5,0,27.059711668703876,-0.23611108592545438,0.4232926871522084,0.26217453745922853,-0.44192937298289786,0.07377759713501973,0.13333333333333333,1,1,414,-200.25847975727385,814,11
True,True,2.0,3.0,40,2.5,,16,8,400,False,trend_reclaim,120,8,0.0,68.54512610199001,24.956544305432953,24,0.005,,,,,,,,,,,,,,,,,,,,,,,,,,,0.04,353,True,,,,,,,,,,,,,,,,,,,,,,,,,,,0.12,0.0,20,0.25,0,20.104480849133505,-0.37628108468977506,0.4364270485292567,0.326987810194137,-0.8313649623649937,0.03974852832172535,0.047619047619047616,0,0,415,-202.19728373520903,426,11
True,False,1.5,2.2,20,1.5,,16,10,400,False,trend_bb_reversion,12,1,0.0025,63.309359726762565,42.90971357192234,48,0.0005,,,,,,,,,,,,,,,,,,,,,,,,,,,0.025,314,True,,,,,,,,,,,,,,,,,,,,,,,,,,,0.04,0.002,100,0.75,0,27.424585557998853,-0.33756409434874374,0.25466536842934934,0.34798971955711766,-0.8250097501517896,0.0,0.0,0,0,416,-202.82216381934273,278,11
True,True,2.5,4.0,55,2.5,,55,30,400,True,trend_state_tp,96,8,0.0025,65.32709891994362,25.510405210783755,48,0.0,,,,,,,,,,,,,,,,,,,,,,,,,,,0.04,502,False,,,,,,,,,,,,,,,,,,,,,,,,,,,0.2,0.002,75,0.75,0,43.4065057035656,-0.18648144987144025,0.5749258673138846,0.33207546920667136,-0.4478680830579993,0.17808529884175478,0.19791666666666666,0,0,417,-204.0492431316709,1096,11
True,True,1.5,12.0,40,1.5,,30,8,200,True,trend_state_tp,36,3,0.025,61.286102484724395,39.18332653773666,24,0.005,,,,,,,,,,,,,,,,,,,,,,,,,,,0.01,734,False,,,,,,,,,,,,,,,,,,,,,,,,,,,1.0,0.0005,20,1.5,0,27.695596757046278,-0.2662266673116569,0.5040616411127204,0.27682351967054464,-0.4706277515165812,0.21946121854041625,0.11764705882352941,0,0,418,-204.297700095743,601,11
True,False,1.5,1.7,20,2.0,,55,10,80,False,trend_bb_reversion,36,8,0.0,67.44068511555122,24.995533771394783,48,0.001,,,,,,,,,,,,,,,,,,,,,,,,,,,0.006,18,True,,,,,,,,,,,,,,,,,,,,,,,,,,,1.0,0.002,75,0.25,0,8.715574772551824,-0.42044428315289006,0.3612010037346016,0.34474830724830724,-1.0,0.0,0.0,0,0,419,-204.7233481710845,126,11
True,True,2.0,1.7,55,1.8,,55,50,80,True,trend_state_tp,18,3,0.005,62.72634680446957,28.80088575743989,12,0.0005,,,,,,,,,,,,,,,,,,,,,,,,,,,0.006,646,False,,,,,,,,,,,,,,,,,,,,,,,,,,,0.08,0.0005,100,1.5,0,35.92179132285707,-0.22404418053990965,0.4041807651826149,0.3751687391396818,-0.3904542535093159,0.07976539971053258,0.25,0,0,420,-205.06631246089012,966,11
True,True,1.5,1.7,20,1.8,,10,10,200,True,trend_state_tp,120,8,0.018,69.4624169347911,42.96143975879895,3,0.001,,,,,,,,,,,,,,,,,,,,,,,,,,,0.04,818,False,,,,,,,,,,,,,,,,,,,,,,,,,,,0.04,0.0005,10,0.5,0,23.948924112066273,-0.341208586480679,0.36338374163519527,0.3699761733432632,-0.5304918914746406,0.12242717479867668,0.25,0,0,421,-205.35854690627366,488,11
True,True,1.5,1.7,40,1.5,,55,80,130,False,trend_bb_reversion,12,6,0.025,59.10817844142007,27.044425942720917,48,0.0025,,,,,,,,,,,,,,,,,,,,,,,,,,,0.04,1000,False,,,,,,,,,,,,,,,,,,,,,,,,,,,1.0,0.003,100,0.25,0,21.94704857933491,-0.35812037602508595,0.33156810574105583,0.36332748486294053,-0.5225487756984504,0.05752089164485228,0.19047619047619047,0,0,422,-205.9236886205034,405,11
True,False,1.5,12.0,14,2.5,,55,20,150,True,trend_state_tp,48,4,0.012,64.916228761618,27.65146218449274,24,0.0025,,,,,,,,,,,,,,,,,,,,,,,,,,,0.08,908,False,,,,,,,,,,,,,,,,,,,,,,,,,,,1.0,0.001,30,0.0,0,23.649687945976265,-0.2678441128206192,0.5450694540635367,0.2080543727265148,-0.6041290235970715,0.08838664270550291,0.09523809523809523,0,0,423,-206.39724714185104,563,11
True,True,2.5,2.2,55,2.0,,16,14,400,True,trend_state_tp,48,6,0.0,60.03209128271024,29.99223087236615,12,0.001,,,,,,,,,,,,,,,,,,,,,,,,,,,0.04,880,False,,,,,,,,,,,,,,,,,,,,,,,,,,,1.0,0.002,75,0.75,0,34.09914850126932,-0.22335237314798617,0.42986937052033425,0.35563786980427353,-0.39248228734499213,0.13000376855957746,0.26,0,0,424,-206.75379151607893,1097,11
True,False,1.5,3.0,30,2.0,,30,30,200,True,trend_state_tp,18,4,0.005,70.69329435927357,31.782719731219387,24,0.0005,,,,,,,,,,,,,,,,,,,,,,,,,,,0.04,325,False,,,,,,,,,,,,,,,,,,,,,,,,,,,0.08,0.0,150,0.25,0,26.045802947407015,-0.30001512111858425,0.5015141495657777,0.26632301642423195,-0.5820769617237547,0.09628388024964758,0.15625,1,1,425,-206.8181973152946,584,11
True,False,1.5,1.7,14,2.5,,10,20,150,False,trend_bb_reversion,24,3,0.0,62.6769286435946,34.101082164302646,48,0.0,,,,,,,,,,,,,,,,,,,,,,,,,,,0.01,411,True,,,,,,,,,,,,,,,,,,,,,,,,,,,0.05,0.0005,30,1.0,0,20.153045758578255,-0.3775975822600899,0.33019250192484273,0.39434372722912275,-0.6949326123647674,0.03526166774268553,0.16666666666666666,0,0,426,-206.88903452065222,241,11
True,False,1.0,1.3,30,1.8,,30,50,300,False,channel_reclaim,120,4,0.018,74.8499357580627,33.71483482952769,48,0.0005,,,,,,,,,,,,,,,,,,,,,,,,,,,0.04,317,False,,,,,,,,,,,,,,,,,,,,,,,,,,,0.04,0.003,50,0.5,0,14.006762069271332,-0.40190494834986734,0.3296173601753777,0.40483257483257484,-0.7467369023452644,0.05706957183912516,0.15384615384615385,0,0,427,-208.15388941873442,187,11
True,False,2.0,1.3,30,1.8,,12,80,100,True,trend_state_tp,36,1,0.025,73.37610769154168,44.8909641069366,48,0.001,,,,,,,,,,,,,,,,,,,,,,,,,,,0.025,614,False,,,,,,,,,,,,,,,,,,,,,,,,,,,0.03,0.0,30,1.5,0,20.619514741174676,-0.34657309197902775,0.2500822513870642,0.30768482953857634,-0.6654618291536578,0.011667122016252762,0.0967741935483871,1,1,428,-209.1651680575825,233,11
True,False,1.0,6.0,55,1.8,,8,20,50,True,trend_state_tp,18,3,0.018,66.11375954319786,40.20059487748315,36,0.0005,,,,,,,,,,,,,,,,,,,,,,,,,,,0.08,324,True,,,,,,,,,,,,,,,,,,,,,,,,,,,0.05,0.003,150,1.5,0,21.279012670887866,-0.34125405194658426,0.42770669665689187,0.27833917132110125,-0.5851120735837583,0.16115635052828098,0.15625,0,0,429,-209.63479498911366,362,11
True,False,2.0,12.0,40,1.5,,16,14,80,True,trend_state_tp,48,2,0.025,77.37305525646828,31.809580724948148,48,0.001,,,,,,,,,,,,,,,,,,,,,,,,,,,0.015,456,False,,,,,,,,,,,,,,,,,,,,,,,,,,,0.04,0.003,20,0.0,0,24.066405185474157,-0.26086005220359126,0.4795037266726204,0.18714041905057407,-0.4663356121557047,0.2013876657643574,0.07692307692307693,1,1,430,-209.81927823621925,540,11
True,False,1.0,2.2,20,2.2,,10,8,400,False,channel_reclaim,36,1,0.0,72.33177454816726,43.894812622199964,18,0.0005,,,,,,,,,,,,,,,,,,,,,,,,,,,0.01,44,False,,,,,,,,,,,,,,,,,,,,,,,,,,,0.08,0.002,50,0.75,0,25.657284766604022,-0.35594280144153934,0.48199127569790434,0.3221612491504773,-0.7610934476422314,0.12600078770980763,0.1111111111111111,0,0,431,-210.21131403948448,448,11
True,False,1.0,1.7,14,1.8,,12,10,300,False,trend_bb_reversion,120,1,0.005,75.1273421203719,31.169660008095754,18,0.0,,,,,,,,,,,,,,,,,,,,,,,,,,,0.01,1136,False,,,,,,,,,,,,,,,,,,,,,,,,,,,0.04,0.003,75,0.25,0,26.43748410932585,-0.37927172662287734,0.39982342958415873,0.36344109042316797,-0.6867151688666775,0.1266846228001224,0.21052631578947367,0,0,432,-210.62759252085038,305,11
True,False,3.0,3.0,14,1.8,,12,20,80,False,range_bb_reversion,24,6,0.0025,77.86303779907814,40.605029680629514,12,0.0,,,,,,,,,,,,,,,,,,,,,,,,,,,0.006,1156,False,,,,,,,,,,,,,,,,,,,,,,,,,,,0.03,0.001,20,0.5,0,13.705893734678774,-0.43355611194853244,0.25929944075947087,0.27552294333711447,-1.0,0.0,0.0,0,0,433,-210.80760475227993,149,11
True,True,1.5,3.0,30,1.5,,55,50,400,False,range_bb_reversion,8,3,0.012,72.1597973238953,29.391573903743637,12,0.005,,,,,,,,,,,,,,,,,,,,,,,,,,,0.04,1016,False,,,,,,,,,,,,,,,,,,,,,,,,,,,0.03,0.0,30,1.25,0,24.917465485124477,-0.357650609555028,0.312653290683753,0.2790670069400773,-0.6412760889205267,0.0,0.0,1,1,434,-211.0088161045662,221,11
True,False,2.5,3.0,20,1.5,,10,80,130,True,trend_state_tp,24,1,0.005,67.23979781493526,37.88558367887853,18,0.001,,,,,,,,,,,,,,,,,,,,,,,,,,,0.08,497,False,,,,,,,,,,,,,,,,,,,,,,,,,,,0.2,0.0005,30,0.75,0,32.13561801737548,-0.21966027591838613,0.3426508538761863,0.264309893826329,-0.40909159411301843,0.10586949179153522,0.15384615384615385,0,0,435,-212.19719915456847,1013,11
True,True,1.0,1.7,55,1.5,,8,50,400,False,channel_reclaim,18,3,0.018,60.012051330483416,28.956474858288416,18,0.001,,,,,,,,,,,,,,,,,,,,,,,,,,,0.015,1028,True,,,,,,,,,,,,,,,,,,,,,,,,,,,0.03,0.003,20,1.0,0,37.33370729471679,-0.3532094288157715,0.602825725105194,0.352843476711429,-0.6420515001731134,0.07236242451245968,0.11627906976744186,1,1,436,-212.96904596947928,279,11
True,False,1.0,3.0,40,2.5,,12,14,80,True,trend_state_tp,96,3,0.0,65.24235001677363,41.562539961653286,24,0.0025,,,,,,,,,,,,,,,,,,,,,,,,,,,0.08,1161,False,,,,,,,,,,,,,,,,,,,,,,,,,,,0.03,0.003,150,1.5,0,12.454273084223917,-0.3570835862972876,0.3884784367406718,0.23328845174433407,-0.7205492534428685,0.0,0.0,1,1,437,-214.083279736113,139,11
True,False,1.5,2.2,40,2.2,,40,80,100,True,trend_state_tp,12,4,0.0,72.44116313211467,42.770853943369815,3,0.001,,,,,,,,,,,,,,,,,,,,,,,,,,,0.08,209,False,,,,,,,,,,,,,,,,,,,,,,,,,,,0.03,0.001,10,0.5,0,17.339744070349184,-0.3784975047873006,0.3181331769234202,0.28993607178206227,-0.5634995810734333,0.11408027001821204,0.14285714285714285,0,0,438,-214.17114023266436,246,11
True,False,1.5,4.0,80,1.8,,30,80,150,False,channel_reclaim,8,6,0.025,58.08855498500405,30.684328297088385,12,0.0,,,,,,,,,,,,,,,,,,,,,,,,,,,0.04,140,True,,,,,,,,,,,,,,,,,,,,,,,,,,,0.12,0.0,150,1.0,0,7.8536511288670265,-0.4140857573609083,0.3212683571309576,0.2735094451003542,-0.8229612784516077,0.0,0.0,1,1,439,-215.90987756126836,122,11
True,False,1.5,6.0,14,2.2,,30,8,300,True,trend_state_tp,48,6,0.008,71.93227758241855,38.68841804440274,12,0.0005,,,,,,,,,,,,,,,,,,,,,,,,,,,0.08,129,False,,,,,,,,,,,,,,,,,,,,,,,,,,,1.0,0.002,75,0.75,0,30.233410173415734,-0.2953686157771818,0.4813382102119425,0.2713550359826373,-0.5280696444381741,0.13334615841827674,0.125,0,0,440,-217.03661051586982,649,11
True,False,1.0,1.3,55,2.5,,20,8,400,False,channel_reclaim,120,3,0.0,69.96344533697479,26.389292010330124,6,0.0005,,,,,,,,,,,,,,,,,,,,,,,,,,,0.01,1177,False,,,,,,,,,,,,,,,,,,,,,,,,,,,0.08,0.001,150,0.75,0,12.466285012053088,-0.43832081669019834,0.31907883851180074,0.3716828347183885,-0.7922919572265482,0.06521334275966288,0.15384615384615385,0,0,441,-218.084231351579,208,11
True,False,1.0,1.7,80,1.5,,30,10,400,True,trend_state_tp,8,1,0.025,62.87215598286859,42.05735250809596,24,0.01,,,,,,,,,,,,,,,,,,,,,,,,,,,0.025,12,False,,,,,,,,,,,,,,,,,,,,,,,,,,,1.0,0.0005,100,1.5,0,12.367694531881085,-0.37709925675180395,0.23492466949953625,0.20166871156175967,-1.0,0.0,0.0,0,0,442,-218.26332039990714,178,11
True,False,2.0,1.3,20,2.5,,10,80,100,False,range_bb_reversion,96,4,0.005,70.03635031454554,40.64735831906796,48,0.01,,,,,,,,,,,,,,,,,,,,,,,,,,,0.04,252,False,,,,,,,,,,,,,,,,,,,,,,,,,,,0.04,0.0005,30,0.25,0,18.64638237371459,-0.43413016395338366,0.20378455542098342,0.42515710939623985,-0.7751977112732537,0.038809136854235336,0.16666666666666666,0,0,443,-218.99903743402228,241,11
True,False,1.5,4.0,14,1.8,,16,8,150,True,trend_state_tp,12,4,0.025,70.56381105864489,27.394414001437575,36,0.01,,,,,,,,,,,,,,,,,,,,,,,,,,,0.04,161,False,,,,,,,,,,,,,,,,,,,,,,,,,,,0.04,0.0,100,0.0,0,20.266090312999715,-0.3448482547293482,0.3847975154559134,0.2123412807692238,-0.6588421899642234,0.07572676056249171,0.08333333333333333,0,0,444,-219.0863791071189,355,11
True,False,1.0,8.0,40,2.0,,16,50,100,True,trend_state_tp,72,2,0.0,63.22501373491326,29.706132855682906,36,0.005,,,,,,,,,,,,,,,,,,,,,,,,,,,0.04,465,False,,,,,,,,,,,,,,,,,,,,,,,,,,,0.03,0.0005,75,0.75,0,20.871869480756008,-0.36243764318283905,0.4293276114561339,0.2095973838673063,-0.5461954385770478,0.13859887423190745,0.13513513513513514,1,1,445,-219.57661970784946,331,11
True,False,1.5,8.0,30,2.0,,40,80,300,True,trend_state_tp,48,2,0.0025,64.3557090161587,35.994487784889415,6,0.0005,,,,,,,,,,,,,,,,,,,,,,,,,,,0.01,198,False,,,,,,,,,,,,,,,,,,,,,,,,,,,0.08,0.002,75,0.5,0,44.8893676346794,-0.2355595608520365,0.5421505300151144,0.2628265685011357,-0.5090191045062848,0.105070836180489,0.058823529411764705,1,1,446,-219.9120932136737,706,11
True,False,1.0,8.0,80,2.2,,10,30,50,False,channel_reclaim,18,4,0.008,66.15269527315705,24.037340128214478,12,0.0,,,,,,,,,,,,,,,,,,,,,,,,,,,0.015,86,False,,,,,,,,,,,,,,,,,,,,,,,,,,,0.04,0.002,50,1.0,0,22.53412389520049,-0.3533860811841168,0.5412923498490609,0.2311560988031576,-1.0,0.0,0.0,2,2,447,-221.31636413837768,172,11
True,True,1.5,6.0,14,1.5,,20,30,150,False,range_bb_reversion,24,2,0.005,69.17787696310326,32.826802543533674,18,0.001,,,,,,,,,,,,,,,,,,,,,,,,,,,0.08,475,False,,,,,,,,,,,,,,,,,,,,,,,,,,,0.03,0.0,20,0.5,0,40.82851114374142,-0.3109951849759621,0.5542084590271689,0.3105701581778137,-0.4591735414343249,0.3239690490346802,0.21052631578947367,1,1,448,-221.67997580662188,448,11
True,True,1.5,1.7,30,2.2,,16,10,400,True,trend_state_tp,18,8,0.0025,65.45104695311187,43.85961081453669,36,0.01,,,,,,,,,,,,,,,,,,,,,,,,,,,0.015,422,False,,,,,,,,,,,,,,,,,,,,,,,,,,,1.0,0.0005,50,0.5,0,29.82385921830878,-0.3402013626664185,0.3689988452298649,0.3527376917051115,-0.5260500109964596,0.12967130484626374,0.2542372881355932,0,0,449,-221.74280887636075,595,11
True,False,2.0,8.0,14,2.5,,40,8,300,False,range_bb_reversion,48,8,0.008,66.91070473572022,44.11598009875994,48,0.0005,,,,,,,,,,,,,,,,,,,,,,,,,,,0.08,52,True,,,,,,,,,,,,,,,,,,,,,,,,,,,0.08,0.002,50,1.25,0,14.247473936176448,-0.42826443037012984,0.32562851399100107,0.344750963534386,-0.7172951367520652,0.11255057414965047,0.1875,0,0,450,-223.05280868446263,221,11
True,False,1.0,8.0,80,1.8,,16,10,100,True,trend_state_tp,48,8,0.025,76.27756801802973,23.59898623944095,12,0.001,,,,,,,,,,,,,,,,,,,,,,,,,,,0.015,96,False,,,,,,,,,,,,,,,,,,,,,,,,,,,0.12,0.0005,75,1.25,0,24.17901610854965,-0.3471468102823269,0.5052588297486266,0.267855122492112,-0.8212885202472321,0.09133982694820247,0.05263157894736842,0,0,451,-223.21758315648165,475,11
True,True,1.0,3.0,20,2.2,,12,8,100,False,trend_reclaim,120,1,0.005,61.16674325131618,26.545809018252196,3,0.0005,,,,,,,,,,,,,,,,,,,,,,,,,,,0.025,471,False,,,,,,,,,,,,,,,,,,,,,,,,,,,0.2,0.0,20,0.75,0,13.820333526070009,-0.37152378037732886,0.46431322602542474,0.18249250749250748,-1.0,0.0,0.0,0,0,452,-223.57776636613352,141,11
True,False,1.0,4.0,80,2.2,,30,30,50,False,trend_reclaim,24,3,0.0,59.49795400433605,42.29962528352561,24,0.0,,,,,,,,,,,,,,,,,,,,,,,,,,,0.01,1079,False,,,,,,,,,,,,,,,,,,,,,,,,,,,0.08,0.0,50,0.0,0,22.693553939201696,-0.3906937619104646,0.5383586556249305,0.23431955250137068,-0.9327513777938288,0.0,0.0,1,1,453,-224.11677707995244,273,11
True,False,1.5,6.0,80,1.5,,16,8,80,False,channel_reclaim,72,1,0.025,72.00446417013143,41.00178941307948,48,0.005,,,,,,,,,,,,,,,,,,,,,,,,,,,0.015,743,False,,,,,,,,,,,,,,,,,,,,,,,,,,,0.08,0.0005,75,0.75,0,15.118962481071076,-0.3885738403501526,0.5599448606552468,0.18941909952323688,-1.0,0.0,0.0,1,1,454,-224.35114690466975,189,11
True,True,3.0,6.0,14,1.5,,8,50,150,True,trend_state_tp,12,2,0.005,75.00629852528421,30.40880442597896,6,0.001,,,,,,,,,,,,,,,,,,,,,,,,,,,0.04,649,False,,,,,,,,,,,,,,,,,,,,,,,,,,,0.08,0.0005,10,0.75,0,34.867126502977406,-0.16590496136800656,0.43682484929252435,0.2736475636684992,-0.2769974122255313,0.222761376891277,0.12345679012345678,0,0,455,-224.91797748537817,1633,11
True,True,1.0,2.2,55,1.5,,16,20,150,False,channel_reclaim,48,1,0.008,72.83495979390538,23.347340983631103,12,0.001,,,,,,,,,,,,,,,,,,,,,,,,,,,0.006,196,False,,,,,,,,,,,,,,,,,,,,,,,,,,,0.12,0.003,30,1.0,0,20.708840149539853,-0.3921520067683359,0.4311348593884791,0.2992122578745898,-0.6067840863940124,0.10191698284181204,0.24324324324324326,0,0,456,-225.795409840735,420,11
True,True,2.0,3.0,14,1.5,,8,10,100,True,trend_state_tp,48,6,0.018,63.96973139806866,28.838589388204433,6,0.001,,,,,,,,,,,,,,,,,,,,,,,,,,,0.04,244,False,,,,,,,,,,,,,,,,,,,,,,,,,,,0.08,0.002,30,1.0,0,38.00142435577585,-0.22380763314373994,0.4991252972458948,0.32310375497735805,-0.42152351464854265,0.2020490098929553,0.22950819672131148,0,0,457,-226.824651453996,1129,11
True,False,1.5,1.3,30,2.2,,8,10,80,True,trend_state_tp,24,3,0.025,67.60546816596474,40.35253130873331,48,0.0,,,,,,,,,,,,,,,,,,,,,,,,,,,0.015,424,False,,,,,,,,,,,,,,,,,,,,,,,,,,,0.08,0.0005,30,1.5,0,26.03707508437047,-0.3694606361216594,0.26157841662890097,0.3424169981584501,-0.6090502734086686,0.024461163617374833,0.16129032258064516,0,0,458,-227.2637996628309,461,11
True,False,2.0,4.0,55,2.5,,8,14,100,True,trend_state_tp,48,4,0.012,76.0010871173214,44.351575033857024,24,0.0005,,,,,,,,,,,,,,,,,,,,,,,,,,,0.01,955,False,,,,,,,,,,,,,,,,,,,,,,,,,,,0.2,0.0005,20,0.5,0,30.14867129752171,-0.2574653491636031,0.4293121088166964,0.2527940847409398,-0.4325783995448505,0.14000251849896705,0.1590909090909091,0,0,459,-227.5314122950531,833,11
True,True,2.0,2.2,20,2.0,,8,10,150,False,channel_reclaim,12,4,0.0,63.86222297098218,26.290413570798904,18,0.001,,,,,,,,,,,,,,,,,,,,,,,,,,,0.01,483,False,,,,,,,,,,,,,,,,,,,,,,,,,,,0.04,0.0,150,0.5,0,41.14227746832373,-0.29296809921382677,0.38710851222838083,0.3787774135530635,-0.5757636061565965,0.049502460419944036,0.16901408450704225,0,0,460,-227.7566165776392,617,11
True,False,1.0,1.3,30,2.2,,10,80,150,False,range_bb_reversion,120,3,0.008,60.34496558794982,35.29350353045013,12,0.0005,,,,,,,,,,,,,,,,,,,,,,,,,,,0.04,553,False,,,,,,,,,,,,,,,,,,,,,,,,,,,1.0,0.002,50,0.75,0,24.41691962943798,-0.4172441100079645,0.31332802244893654,0.37196432578012817,-0.6425505165641574,0.07314662085519572,0.18421052631578946,0,0,461,-228.73362971869972,349,11
True,False,1.0,2.2,80,1.5,,10,20,300,True,trend_state_tp,96,3,0.018,63.17611005173152,23.652296365271777,24,0.0005,,,,,,,,,,,,,,,,,,,,,,,,,,,0.006,514,False,,,,,,,,,,,,,,,,,,,,,,,,,,,0.12,0.003,30,1.5,0,26.512016760846134,-0.3722637041151756,0.39832359033665216,0.30003037206955646,-0.7540642645904373,0.037942116858546156,0.06666666666666667,0,0,462,-230.56148684570582,472,11
True,True,4.0,6.0,80,2.2,,20,14,100,True,trend_state_tp,96,1,0.0025,59.175609285733735,34.65147191900445,48,0.001,,,,,,,,,,,,,,,,,,,,,,,,,,,0.025,1017,False,,,,,,,,,,,,,,,,,,,,,,,,,,,0.04,0.003,20,0.25,0,49.53846000745244,-0.14685872149684706,0.49020100027867936,0.2063119738348628,-0.3169924601634504,0.15719215050875626,0.08974358974358974,1,1,463,-233.20430252161262,1110,11
True,False,1.0,1.7,20,2.2,,16,8,150,False,channel_reclaim,8,1,0.008,63.505358523673806,40.421930762182846,48,0.001,,,,,,,,,,,,,,,,,,,,,,,,,,,0.006,403,False,,,,,,,,,,,,,,,,,,,,,,,,,,,0.05,0.002,50,0.75,0,19.3822758265757,-0.4321306170488794,0.2808866388351491,0.31032150224564214,-0.6370365598143751,0.026918371243189746,0.1875,0,0,464,-233.4184545510277,264,11
True,False,1.0,1.3,55,1.8,,16,80,130,False,range_bb_reversion,48,4,0.0,72.55954011730886,29.47470964203522,18,0.0005,,,,,,,,,,,,,,,,,,,,,,,,,,,0.025,801,False,,,,,,,,,,,,,,,,,,,,,,,,,,,1.0,0.002,75,0.0,0,20.2149830138999,-0.4435930175451377,0.30301718221039053,0.3568088444652435,-0.7329484063681952,0.02508015649097885,0.17391304347826086,0,0,465,-234.1494869382985,290,11
True,True,3.0,1.3,14,1.5,,10,50,100,True,trend_state_tp,48,3,0.008,66.65379847897643,38.33627374928641,48,0.001,,,,,,,,,,,,,,,,,,,,,,,,,,,0.015,756,False,,,,,,,,,,,,,,,,,,,,,,,,,,,0.04,0.0005,30,0.25,0,45.70004611193728,-0.2308093814326537,0.27560820388055834,0.4019490643223541,-0.3840340009406493,0.0071047349405735215,0.07563025210084033,0,0,466,-237.05069068283964,890,11
True,False,2.0,2.2,14,1.5,,40,10,50,False,range_bb_reversion,12,6,0.0,74.73350603668543,43.73131245482998,18,0.0,,,,,,,,,,,,,,,,,,,,,,,,,,,0.006,1152,False,,,,,,,,,,,,,,,,,,,,,,,,,,,0.05,0.003,100,1.5,0,21.649633388843256,-0.45701673649244123,0.23234120302453046,0.2939128556555779,-0.9999999999999999,0.0,0.0,0,0,467,-237.6155129780869,190,11
False,True,1.0,2.2,80,2.5,,20,50,100,True,trend_state_tp,96,1,0.018,64.63703924364901,34.214172069968456,3,0.0005,,,,,,,,,,,,,,,,,,,,,,,,,,,0.025,115,False,,,,,,,,,,,,,,,,,,,,,,,,,,,0.08,0.0,150,1.25,0,33.242432448074595,-0.3001622676696264,0.4294302876512519,0.2764299970395724,-0.6156006008902701,0.08548844952645684,0.16666666666666666,0,0,468,-237.62851623450058,564,11
True,True,1.5,3.0,80,1.8,,8,50,300,True,trend_state_tp,18,3,0.0,76.82034250599908,36.97046218118082,3,0.0005,,,,,,,,,,,,,,,,,,,,,,,,,,,0.08,1086,False,,,,,,,,,,,,,,,,,,,,,,,,,,,0.2,0.0005,20,1.25,0,43.31315428806028,-0.2548694605683586,0.4813313434664524,0.31891093375863616,-0.4826816922485511,0.17518531742801474,0.21428571428571427,1,1,469,-238.8894015618613,1010,11
True,False,1.5,1.7,14,1.8,,10,20,100,False,channel_reclaim,24,2,0.018,62.123580535168315,23.216268807514602,18,0.001,,,,,,,,,,,,,,,,,,,,,,,,,,,0.006,568,False,,,,,,,,,,,,,,,,,,,,,,,,,,,0.12,0.0005,30,0.5,0,30.47561605420987,-0.3714599936091183,0.36547581869480045,0.3786051154644923,-0.5877258788910236,0.11416214776428266,0.2413793103448276,0,0,470,-239.4127114477682,558,11
True,True,1.5,8.0,30,2.5,,40,50,150,True,trend_state_tp,96,6,0.018,63.47677030578293,29.183980057978754,24,0.0,,,,,,,,,,,,,,,,,,,,,,,,,,,0.015,517,False,,,,,,,,,,,,,,,,,,,,,,,,,,,1.0,0.003,100,1.25,0,40.401864167564455,-0.24426636208500482,0.542349932591709,0.30186319119859345,-0.48097457342338645,0.2759166830156208,0.15476190476190477,0,0,471,-240.9384702042624,962,11
True,True,1.0,2.2,20,2.2,,40,50,100,False,range_bb_reversion,48,1,0.018,67.25667776864769,38.98673295959561,12,0.0,,,,,,,,,,,,,,,,,,,,,,,,,,,0.006,779,True,,,,,,,,,,,,,,,,,,,,,,,,,,,1.0,0.003,20,1.25,0,36.56922244039763,-0.3752309996834896,0.47105869981408527,0.29545132077470676,-0.6214476704907844,0.17477927667214424,0.18181818181818182,1,0,472,-242.1310045528998,357,11
True,True,1.0,3.0,14,2.0,,40,20,80,False,trend_bb_reversion,36,2,0.005,75.58234058298358,39.03410692696057,48,0.005,,,,,,,,,,,,,,,,,,,,,,,,,,,0.025,996,False,,,,,,,,,,,,,,,,,,,,,,,,,,,0.2,0.003,30,1.25,0,22.13974469423182,-0.41038977478568,0.46554300911714996,0.24851160426026733,-0.808466115576536,0.11800846003060411,0.058823529411764705,0,0,473,-243.50121837354772,280,11
True,False,1.5,6.0,80,1.8,,30,10,150,False,trend_reclaim,96,1,0.0,59.782145537961625,23.7286974997741,6,0.0005,,,,,,,,,,,,,,,,,,,,,,,,,,,0.006,688,False,,,,,,,,,,,,,,,,,,,,,,,,,,,1.0,0.0005,30,0.25,0,29.79470289259909,-0.36715089762999864,0.5737652073732114,0.1776359496212768,-0.9058442168152112,0.0,0.0,1,1,474,-245.31008895155776,311,11
True,False,1.0,1.3,20,2.5,,20,50,300,False,trend_bb_reversion,12,6,0.0025,71.64984738719478,25.527278040989145,24,0.005,,,,,,,,,,,,,,,,,,,,,,,,,,,0.025,345,False,,,,,,,,,,,,,,,,,,,,,,,,,,,1.0,0.003,30,0.75,0,8.198287011437705,-0.5101366283730057,0.2675048408377314,0.3084228650137741,-1.0,0.0,0.0,0,0,475,-245.48016394899136,129,11
True,False,1.0,4.0,20,2.2,,40,80,200,False,channel_reclaim,18,3,0.008,71.13081663570219,38.21722238886091,36,0.001,,,,,,,,,,,,,,,,,,,,,,,,,,,0.08,513,False,,,,,,,,,,,,,,,,,,,,,,,,,,,0.08,0.002,100,1.0,0,10.260540110725485,-0.42925371248813043,0.43186889905832404,0.23846418732782368,-0.9327763737023168,0.0,0.0,0,0,476,-245.86688455381295,136,11
True,False,1.0,4.0,55,1.8,,30,80,300,False,trend_bb_reversion,12,3,0.018,60.02553008641283,33.28919479163705,36,0.0025,,,,,,,,,,,,,,,,,,,,,,,,,,,0.08,770,True,,,,,,,,,,,,,,,,,,,,,,,,,,,0.2,0.0,100,0.0,0,14.718455371135207,-0.4724341478792184,0.34208349685481215,0.26746901861991373,-0.8432013765648341,0.0,0.0,0,0,477,-246.00129666198205,191,11
True,False,1.0,2.2,40,2.2,,10,30,200,True,trend_state_tp,24,6,0.0025,72.46916587815274,22.14944545834111,36,0.0005,,,,,,,,,,,,,,,,,,,,,,,,,,,0.015,923,False,,,,,,,,,,,,,,,,,,,,,,,,,,,0.03,0.0,150,1.5,0,18.751231108784314,-0.41476339406475965,0.3263778775029193,0.25534545285278426,-0.7698567198939366,0.0,0.0,1,1,478,-246.0064101318825,145,11
True,True,1.5,4.0,80,1.5,,12,20,150,False,range_bb_reversion,14,8,0.025,67.60546330349759,37.31926369079329,3,0.001,,,,,,,,,,,,,,,,,,,,,,,,,,,0.015,775,False,,,,,,,,,,,,,,,,,,,,,,,,,,,0.2,0.001,75,1.25,0,29.296645387763142,-0.3952228489623904,0.3659543778511394,0.27216209716209716,-0.6975391758991225,0.06183409725083531,0.07142857142857142,0,0,479,-246.0904105630592,255,11
True,False,1.0,3.0,14,2.5,,8,20,200,False,channel_reclaim,8,4,0.012,75.82371500967591,25.479564474348805,18,0.0005,,,,,,,,,,,,,,,,,,,,,,,,,,,0.08,907,False,,,,,,,,,,,,,,,,,,,,,,,,,,,0.2,0.003,30,1.5,0,15.771123170480045,-0.43900876689956375,0.377171319478119,0.24365072562300255,-0.7885561585240023,0.04142951928744878,0.05,1,1,480,-246.51640935516065,171,11
False,True,1.5,1.3,40,2.5,,8,14,100,False,channel_reclaim,24,1,0.0025,65.94729607856804,41.929131809917465,24,0.0025,,,,,,,,,,,,,,,,,,,,,,,,,,,0.025,1163,True,,,,,,,,,,,,,,,,,,,,,,,,,,,0.03,0.003,100,0.25,0,25.664094422939026,-0.37357228683140087,0.15950673167816856,0.26029108613142227,-0.5791955768557877,0.0,0.0,0,0,481,-247.35867042227136,231,11
True,False,1.5,1.7,40,1.8,,16,8,150,False,range_bb_reversion,120,3,0.008,66.46381327910787,32.519476884228695,48,0.01,,,,,,,,,,,,,,,,,,,,,,,,,,,0.015,327,False,,,,,,,,,,,,,,,,,,,,,,,,,,,1.0,0.002,10,0.75,0,16.767122875167473,-0.4516359532614059,0.32296911049650134,0.35586832469243534,-0.7181228903642357,0.03606841826428478,0.17391304347826086,0,0,482,-248.14183415525952,163,11
True,True,1.5,3.0,30,1.5,,40,30,100,True,trend_state_tp,96,8,0.005,75.11546305869831,25.319938112973812,24,0.005,,,,,,,,,,,,,,,,,,,,,,,,,,,0.025,766,False,,,,,,,,,,,,,,,,,,,,,,,,,,,0.08,0.0005,10,1.25,0,35.83279447158671,-0.3222576024041906,0.4563099136118907,0.31004683430555796,-0.5976619061906885,0.13477249201848981,0.1935483870967742,0,0,483,-248.81965207913848,779,11
True,False,1.0,3.0,30,2.5,,55,10,80,True,trend_state_tp,8,2,0.005,62.23041046341982,37.84615813236672,24,0.0025,,,,,,,,,,,,,,,,,,,,,,,,,,,0.015,223,True,,,,,,,,,,,,,,,,,,,,,,,,,,,1.0,0.0005,10,1.5,0,26.62958087159554,-0.38381429985717436,0.337444725842283,0.27615832104662,-0.5719329094783223,0.10728039124830208,0.16666666666666666,0,0,484,-248.83431550475132,488,11
True,False,1.0,3.0,30,1.8,,10,30,50,False,trend_bb_reversion,72,6,0.0025,77.23485712066666,35.77107391969152,18,0.0005,,,,,,,,,,,,,,,,,,,,,,,,,,,0.006,749,False,,,,,,,,,,,,,,,,,,,,,,,,,,,0.2,0.002,75,0.5,0,16.833805428410376,-0.4406425973198331,0.4482930723574381,0.22995627132975852,-0.6543422322689757,0.18890600139726377,0.13333333333333333,1,1,485,-249.10249458090192,199,11
True,True,1.5,1.7,20,1.8,,55,80,130,False,range_bb_reversion,18,3,0.025,73.26702474604339,33.32148483430664,6,0.0005,,,,,,,,,,,,,,,,,,,,,,,,,,,0.015,672,False,,,,,,,,,,,,,,,,,,,,,,,,,,,0.2,0.002,30,1.0,0,33.030107301270064,-0.37215448347039254,0.3397601604471597,0.3851035453863619,-0.5156737822376101,0.1063357293156273,0.265625,0,0,486,-249.75770278368643,599,11
True,True,1.0,12.0,20,1.8,,40,20,200,True,trend_state_tp,36,4,0.025,77.3951578028412,27.61737967301844,18,0.005,,,,,,,,,,,,,,,,,,,,,,,,,,,0.04,762,False,,,,,,,,,,,,,,,,,,,,,,,,,,,0.2,0.003,75,1.0,0,38.032539092267804,-0.2838229737905266,0.5214502016241007,0.27030605764760784,-0.4416067931079224,0.21976689650232656,0.17777777777777778,0,0,487,-249.80259988124317,816,11
True,False,1.5,8.0,20,2.5,,40,50,80,True,trend_state_tp,72,1,0.005,69.82417626541152,24.162452697618562,24,0.001,,,,,,,,,,,,,,,,,,,,,,,,,,,0.04,159,False,,,,,,,,,,,,,,,,,,,,,,,,,,,0.03,0.003,50,0.5,0,33.22911327177271,-0.3239857349273806,0.5302578663307245,0.20678753419976392,-0.5755456801608918,0.07705974213410269,0.09090909090909091,1,1,488,-250.4941265100215,468,11
True,False,1.0,8.0,55,2.0,,12,10,400,True,trend_state_tp,18,4,0.025,59.680583692485364,27.266013395661854,6,0.0005,,,,,,,,,,,,,,,,,,,,,,,,,,,0.01,3,False,,,,,,,,,,,,,,,,,,,,,,,,,,,1.0,0.001,10,0.25,0,30.211735065938907,-0.3005363438314819,0.5414103685023255,0.21072168662744042,-0.7089757589540857,0.1220449460761053,0.10526315789473684,0,0,489,-252.12870247033624,683,11
True,False,1.0,1.3,80,1.5,,12,8,150,False,channel_reclaim,72,1,0.0025,68.5101191996938,22.26750883839853,12,0.001,,,,,,,,,,,,,,,,,,,,,,,,,,,0.01,214,False,,,,,,,,,,,,,,,,,,,,,,,,,,,1.0,0.0,100,0.0,0,33.49315050062805,-0.3924105756470093,0.32899735236911476,0.382120563040919,-0.5862979933461951,0.07980009145499499,0.2222222222222222,0,0,490,-252.57796106257638,554,11
True,False,1.0,12.0,40,2.5,,10,20,200,True,trend_state_tp,72,4,0.0,68.62319658985295,29.355794975496917,24,0.0005,,,,,,,,,,,,,,,,,,,,,,,,,,,0.006,552,False,,,,,,,,,,,,,,,,,,,,,,,,,,,0.12,0.0005,100,0.25,0,27.46129182448306,-0.3092291908399038,0.542845974206508,0.19090087612275342,-0.6328131209512085,0.17071108108344557,0.0625,0,0,491,-253.61971278747572,635,11
True,True,2.5,1.7,40,2.5,,8,80,150,True,trend_state_tp,12,6,0.0025,62.33610735158264,38.34688471111662,36,0.0,,,,,,,,,,,,,,,,,,,,,,,,,,,0.015,340,False,,,,,,,,,,,,,,,,,,,,,,,,,,,1.0,0.0,50,0.5,0,52.728657442174814,-0.23193483305415769,0.37270807772474496,0.3866797114210648,-0.42868827188760017,0.041095854380349336,0.14634146341463414,0,0,492,-255.04084432644834,1188,11
True,False,1.0,3.0,30,2.0,,10,14,400,False,channel_reclaim,24,8,0.0025,76.37013571237112,38.872653799002585,36,0.005,,,,,,,,,,,,,,,,,,,,,,,,,,,0.04,852,False,,,,,,,,,,,,,,,,,,,,,,,,,,,0.05,0.002,50,0.0,0,19.490988527935315,-0.45933630409817366,0.4000165909831275,0.21970319699046062,-0.9375732971838614,0.0,0.0,0,0,493,-255.37943913116038,291,11
True,False,1.5,6.0,20,2.2,,55,8,100,True,trend_state_tp,8,3,0.0,70.48560011421654,31.30289096028623,36,0.0005,,,,,,,,,,,,,,,,,,,,,,,,,,,0.04,545,True,,,,,,,,,,,,,,,,,,,,,,,,,,,0.04,0.003,10,0.75,0,33.67075811018113,-0.31202165137539417,0.4161381771471613,0.238743235142732,-0.5698015080442509,0.08934482081794831,0.09523809523809523,0,0,494,-256.21018931264723,604,11
True,True,3.0,3.0,20,2.0,,8,80,100,True,trend_state_tp,8,2,0.0,65.60627454522437,31.153678201987663,48,0.0025,,,,,,,,,,,,,,,,,,,,,,,,,,,0.025,368,False,,,,,,,,,,,,,,,,,,,,,,,,,,,0.08,0.002,20,1.0,0,54.06242970952241,-0.182614877764252,0.4046359184790537,0.3042901930233777,-0.3834214873015774,0.09205324798170267,0.1276595744680851,0,0,495,-256.93895917941234,1502,11
True,False,1.0,6.0,20,1.8,,12,14,50,False,trend_bb_reversion,48,2,0.0025,72.37106845423926,32.438650316101665,36,0.0025,,,,,,,,,,,,,,,,,,,,,,,,,,,0.015,400,False,,,,,,,,,,,,,,,,,,,,,,,,,,,0.04,0.0005,75,0.5,0,25.0,-0.36924003950495315,0.6238086336148997,0.18177428631974088,-1.0,0.0,0.0,1,1,496,-257.0594304334908,157,11
True,False,1.0,8.0,14,2.5,,16,30,150,False,trend_bb_reversion,12,4,0.005,62.40284968746762,44.57476906926509,18,0.005,,,,,,,,,,,,,,,,,,,,,,,,,,,0.015,774,True,,,,,,,,,,,,,,,,,,,,,,,,,,,0.05,0.002,10,0.0,0,15.779060346120808,-0.46419310717762935,0.22158698773144272,0.2800794686440619,-0.6479882365177979,0.04292508269527288,0.14285714285714285,0,0,497,-257.47354979725225,207,11
True,False,1.0,3.0,20,1.8,,10,30,400,True,trend_state_tp,72,4,0.012,71.12680633542315,33.21724059031033,48,0.0025,,,,,,,,,,,,,,,,,,,,,,,,,,,0.015,270,False,,,,,,,,,,,,,,,,,,,,,,,,,,,1.0,0.002,10,1.0,0,38.446743036914,-0.3358089863864975,0.4577641216981678,0.2949700996995937,-0.783141550574581,0.015205519585027702,0.06666666666666667,0,0,498,-258.7308478514615,702,11
True,False,1.0,1.3,14,1.5,,16,20,100,True,trend_state_tp,12,6,0.012,74.3621477359461,25.904687416180842,12,0.01,,,,,,,,,,,,,,,,,,,,,,,,,,,0.04,722,False,,,,,,,,,,,,,,,,,,,,,,,,,,,1.0,0.002,100,1.25,0,23.751294130063442,-0.47244648167411507,0.256928467565483,0.27234966120271037,-0.9577139844039999,0.0,0.0,0,0,499,-259.75783154678027,229,11
True,False,1.0,8.0,30,2.5,,10,14,400,True,trend_state_tp,18,3,0.008,66.04715324218424,25.725638890600155,3,0.0005,,,,,,,,,,,,,,,,,,,,,,,,,,,0.01,956,False,,,,,,,,,,,,,,,,,,,,,,,,,,,1.0,0.0005,10,1.0,0,33.71230396147495,-0.3438704818479785,0.45363380584907936,0.25032108973807776,-0.7814532910372645,0.0,0.0,0,0,500,-260.94525417890776,687,11
True,False,1.0,8.0,40,2.2,,55,20,200,False,trend_bb_reversion,96,6,0.005,69.32397795629022,33.846357817742074,24,0.0005,,,,,,,,,,,,,,,,,,,,,,,,,,,0.025,820,True,,,,,,,,,,,,,,,,,,,,,,,,,,,1.0,0.003,75,1.0,0,11.27159317038222,-0.4919100173692874,0.3754829675951425,0.25228044901957947,-0.8695280672122324,0.0,0.0,1,1,501,-261.35144103360443,137,11
True,True,2.0,12.0,55,2.0,,30,80,130,True,trend_state_tp,12,2,0.008,61.832289121598336,32.58371404833807,24,0.0005,,,,,,,,,,,,,,,,,,,,,,,,,,,0.08,65,False,,,,,,,,,,,,,,,,,,,,,,,,,,,0.04,0.003,75,0.0,0,56.99833016510269,-0.22556322019497974,0.5559146395482389,0.2628573568442947,-0.5133989259743054,0.10345304191635253,0.09174311926605505,1,1,502,-263.1049447286086,849,11
True,False,1.0,1.3,30,1.5,,16,80,200,True,trend_state_tp,72,3,0.025,69.41964652993582,41.334299931994785,12,0.0025,,,,,,,,,,,,,,,,,,,,,,,,,,,0.015,34,False,,,,,,,,,,,,,,,,,,,,,,,,,,,0.05,0.003,75,0.5,0,42.36582163525523,-0.37763154903541574,0.2843651000532679,0.3623469939894784,-0.5166563614055515,0.09205346403325648,0.24390243902439024,0,0,503,-267.55741642352837,537,11
True,True,1.0,6.0,55,1.8,,12,80,130,False,channel_reclaim,12,4,0.012,75.2521861551818,39.80941562899927,36,0.0025,,,,,,,,,,,,,,,,,,,,,,,,,,,0.04,1093,True,,,,,,,,,,,,,,,,,,,,,,,,,,,1.0,0.0,10,1.25,0,25.237597551335497,-0.42544226385990896,0.37254372387357626,0.250527495309279,-0.701044376425986,0.08264970257626385,0.14285714285714285,0,0,504,-268.0593780773104,379,11
True,False,1.5,1.7,20,2.5,,20,14,150,False,range_bb_reversion,120,8,0.008,64.19005057997937,39.05619779991172,48,0.001,,,,,,,,,,,,,,,,,,,,,,,,,,,0.025,460,False,,,,,,,,,,,,,,,,,,,,,,,,,,,0.05,0.001,30,0.75,0,18.600332080242755,-0.5296259726940363,0.24000534268724583,0.30388899788804913,-1.0,0.0,0.0,0,0,505,-269.20675405270634,176,11
True,False,1.0,8.0,14,1.5,,30,80,150,True,trend_state_tp,48,3,0.018,74.52956016616672,25.74307288876662,12,0.0025,,,,,,,,,,,,,,,,,,,,,,,,,,,0.04,1058,False,,,,,,,,,,,,,,,,,,,,,,,,,,,0.08,0.001,20,0.5,0,40.76933043767234,-0.3296685563420626,0.48761002161990885,0.21876273600551474,-0.6900390503869546,0.04283166844478081,0.1111111111111111,1,1,506,-270.8374979706539,623,11
True,True,1.5,1.7,55,1.5,,10,80,400,False,channel_reclaim,36,6,0.018,62.52013781947753,34.872960721846134,36,0.0005,,,,,,,,,,,,,,,,,,,,,,,,,,,0.08,296,False,,,,,,,,,,,,,,,,,,,,,,,,,,,0.03,0.003,150,0.0,0,49.89762061192248,-0.36970442224250155,0.3811708753763139,0.4326424550459548,-0.8241213906806126,0.032660074669959155,0.1111111111111111,0,0,507,-271.0023593556173,428,11
True,True,2.0,1.7,55,1.5,,16,50,200,False,range_bb_reversion,8,3,0.012,58.3921009828333,41.265955451665455,12,0.0005,,,,,,,,,,,,,,,,,,,,,,,,,,,0.006,1052,False,,,,,,,,,,,,,,,,,,,,,,,,,,,0.08,0.001,20,1.5,0,24.992627663300638,-0.4322984509075222,0.14764230166866202,0.2566574839302112,-0.5445031548251866,0.0,0.0,0,0,508,-272.05709523298424,184,11
True,False,1.0,3.0,30,1.5,,16,14,200,False,trend_bb_reversion,36,2,0.012,73.15322910892758,33.32425310890214,18,0.0005,,,,,,,,,,,,,,,,,,,,,,,,,,,0.015,357,False,,,,,,,,,,,,,,,,,,,,,,,,,,,0.05,0.003,30,0.25,0,21.918711951918322,-0.4670930655798427,0.40202926149901425,0.2226165528819253,-0.7999969878189175,0.0847882997734865,0.10526315789473684,0,0,509,-272.170574343774,285,11
True,False,1.0,8.0,80,1.8,,40,30,100,False,channel_reclaim,96,1,0.025,61.17956191339226,41.344110363494075,48,0.0025,,,,,,,,,,,,,,,,,,,,,,,,,,,0.04,148,False,,,,,,,,,,,,,,,,,,,,,,,,,,,1.0,0.003,20,0.0,0,22.0,-0.4054765704302388,0.5538203072497571,0.13275247331397064,-1.0,0.0,0.0,1,1,510,-273.98117476500227,207,11
True,False,1.5,4.0,30,1.5,,55,50,150,True,trend_state_tp,36,1,0.005,76.92343839529828,34.463024276671746,24,0.001,,,,,,,,,,,,,,,,,,,,,,,,,,,0.006,537,False,,,,,,,,,,,,,,,,,,,,,,,,,,,0.05,0.0,10,0.5,0,39.69856217045075,-0.3111094919639302,0.39403699032057027,0.2381178262210885,-0.5425209984523832,0.07148868335012391,0.11627906976744186,0,0,511,-274.3885605450371,746,11
True,False,1.0,1.3,14,1.8,,10,50,200,False,channel_reclaim,36,4,0.0,77.37841259061845,26.058872243754024,36,0.0025,,,,,,,,,,,,,,,,,,,,,,,,,,,0.006,378,False,,,,,,,,,,,,,,,,,,,,,,,,,,,0.04,0.003,20,1.0,0,17.746354151244994,-0.5222885803987192,0.20130453104350304,0.3195441231014354,-0.7906212476689793,0.07349425508731869,0.125,0,0,512,-274.7432860139449,207,11
True,True,1.0,4.0,55,2.5,,10,14,150,False,range_bb_reversion,36,1,0.0025,69.9762543207239,44.36249800434252,24,0.005,,,,,,,,,,,,,,,,,,,,,,,,,,,0.015,994,False,,,,,,,,,,,,,,,,,,,,,,,,,,,0.04,0.0005,30,1.0,0,22.372683471685125,-0.5447806242198431,0.3644185574075149,0.1772951662903816,-1.0,0.0,0.0,0,0,513,-276.27190300528775,157,11
True,False,1.0,3.0,40,2.2,,10,80,300,False,channel_reclaim,120,6,0.0025,60.01175501829724,33.75390099350019,12,0.0005,,,,,,,,,,,,,,,,,,,,,,,,,,,0.01,585,False,,,,,,,,,,,,,,,,,,,,,,,,,,,0.12,0.002,50,0.25,0,29.074267592788345,-0.43661992603281463,0.4556038357202852,0.2178671574420176,-1.0,0.0,0.0,0,0,514,-277.11956471454596,411,11
True,True,1.5,3.0,30,2.0,,12,80,200,False,range_bb_reversion,72,1,0.008,75.40890253021827,31.35277702294279,3,0.005,,,,,,,,,,,,,,,,,,,,,,,,,,,0.01,130,True,,,,,,,,,,,,,,,,,,,,,,,,,,,1.0,0.003,20,0.25,0,19.083579653670977,-0.5060380618375729,0.33944303152152594,0.24196359129840284,-0.7067992464322583,0.1787315548561507,0.1111111111111111,0,0,515,-277.24302215032236,198,11
False,True,1.0,1.7,20,2.0,,40,10,100,True,trend_state_tp,120,2,0.018,59.313500508845436,43.559981305397095,18,0.005,,,,,,,,,,,,,,,,,,,,,,,,,,,0.006,146,False,,,,,,,,,,,,,,,,,,,,,,,,,,,0.08,0.0,10,0.5,0,38.300306184953314,-0.3877925290797302,0.3606260602873456,0.2656884790970268,-0.6509722680241551,0.04859028185635877,0.0967741935483871,1,1,516,-279.2002083983242,590,11
True,False,1.0,1.3,55,2.0,,16,10,100,False,channel_reclaim,48,3,0.0,66.14956605400141,27.907508294397985,18,0.001,,,,,,,,,,,,,,,,,,,,,,,,,,,0.025,1115,False,,,,,,,,,,,,,,,,,,,,,,,,,,,0.04,0.0,20,0.75,0,18.042436676442158,-0.5245674803723143,0.2111872021559029,0.3028159619840435,-1.0,0.0,0.0,0,0,517,-281.60484911469115,212,11
False,True,2.0,2.2,14,1.8,,40,8,80,True,trend_state_tp,18,2,0.0025,63.2487385945432,40.72107127180098,18,0.0,,,,,,,,,,,,,,,,,,,,,,,,,,,0.08,268,False,,,,,,,,,,,,,,,,,,,,,,,,,,,0.12,0.0005,10,0.5,0,63.67360656031946,-0.23898683188120948,0.41103634081876855,0.27620685973711107,-0.45268031615297544,0.09272731498935954,0.18571428571428572,1,1,518,-282.8264518737235,998,11
True,False,1.0,3.0,20,2.5,,30,20,150,True,trend_state_tp,48,6,0.018,63.798657217618825,35.76786385048785,36,0.0025,,,,,,,,,,,,,,,,,,,,,,,,,,,0.006,950,False,,,,,,,,,,,,,,,,,,,,,,,,,,,0.08,0.0005,100,0.75,0,36.913064933570624,-0.3778862168684683,0.4167513028730749,0.2572327846576009,-0.61799159966078,0.0913010051307649,0.13636363636363635,0,0,519,-283.4820457961623,622,11
True,False,1.0,3.0,55,2.0,,8,20,50,True,trend_state_tp,120,1,0.018,72.04340374916025,43.16968510326045,36,0.0,,,,,,,,,,,,,,,,,,,,,,,,,,,0.01,763,False,,,,,,,,,,,,,,,,,,,,,,,,,,,0.08,0.0005,150,0.0,0,40.36290842346193,-0.3293076616255288,0.47545315188199244,0.22565674444197634,-0.5588725577936707,0.18621295031917237,0.1506849315068493,1,1,520,-283.4966807008243,738,11
True,False,1.5,2.2,80,2.5,,8,8,300,True,trend_state_tp,24,2,0.018,60.035695854273186,33.02210535776798,18,0.0,,,,,,,,,,,,,,,,,,,,,,,,,,,0.01,150,False,,,,,,,,,,,,,,,,,,,,,,,,,,,0.2,0.002,50,0.0,0,39.133469873734846,-0.3207783896095804,0.35849377244076286,0.2524312831112735,-0.611239145452543,0.08400867670357606,0.17391304347826086,0,0,521,-285.3909930937547,932,11
True,True,2.5,1.7,80,1.8,,8,14,50,True,trend_state_tp,36,8,0.012,58.87294248558493,35.38706951122726,36,0.0,,,,,,,,,,,,,,,,,,,,,,,,,,,0.025,724,True,,,,,,,,,,,,,,,,,,,,,,,,,,,0.08,0.0,75,0.0,0,55.690640356580076,-0.2724634057328833,0.34645051465984006,0.3790578474840743,-0.4944778598536549,0.03629281905129282,0.17857142857142858,0,0,522,-285.6571357890043,1100,11
True,True,1.5,4.0,14,1.8,,10,14,400,True,trend_state_tp,8,3,0.0025,58.24143197939722,26.522100356015393,36,0.0025,,,,,,,,,,,,,,,,,,,,,,,,,,,0.08,824,False,,,,,,,,,,,,,,,,,,,,,,,,,,,0.08,0.001,150,0.5,0,46.10227348723507,-0.2515708889313816,0.49708427141652545,0.272425531676068,-0.5358979837220577,0.09623758958268842,0.125,0,0,523,-285.950198529564,1299,11
True,False,1.0,1.3,20,1.5,,40,30,100,False,range_bb_reversion,18,4,0.005,59.40078007147537,39.142382849795915,3,0.0,,,,,,,,,,,,,,,,,,,,,,,,,,,0.015,310,False,,,,,,,,,,,,,,,,,,,,,,,,,,,0.03,0.0005,75,0.0,0,44.36551516227728,-0.5101358981580518,0.2733822517792334,0.3373498356575029,-1.0,0.0,0.0,1,1,524,-286.27574277355734,275,11
True,False,1.5,1.7,30,2.5,,30,20,50,True,trend_state_tp,36,2,0.018,71.64271241708278,39.67424012742404,48,0.001,,,,,,,,,,,,,,,,,,,,,,,,,,,0.04,995,False,,,,,,,,,,,,,,,,,,,,,,,,,,,0.12,0.0,20,0.75,0,35.53102419859489,-0.3290793488119488,0.2803330123213337,0.30259539327537754,-0.5010655792754415,0.05255587884506397,0.20270270270270271,0,0,525,-287.0351991440096,984,11
True,False,1.0,6.0,55,1.8,,20,14,150,False,channel_reclaim,72,3,0.025,76.5570014475473,44.87641479628288,48,0.0025,,,,,,,,,,,,,,,,,,,,,,,,,,,0.006,1084,False,,,,,,,,,,,,,,,,,,,,,,,,,,,0.08,0.003,30,0.5,0,26.26390474568012,-0.4463394850645562,0.508681520608728,0.1310911310911311,-1.0,0.0,0.0,1,1,526,-288.007099151569,288,11
True,False,1.0,1.7,14,2.2,,8,80,150,True,trend_state_tp,48,2,0.0025,66.47736946063814,36.770714126813324,36,0.001,,,,,,,,,,,,,,,,,,,,,,,,,,,0.025,674,False,,,,,,,,,,,,,,,,,,,,,,,,,,,0.12,0.0005,20,1.25,0,38.872757303254474,-0.3941718283123867,0.3120696270495729,0.29652387439751293,-0.7237797162786469,0.03288873919410744,0.11538461538461539,0,0,527,-289.9913101701736,697,11
True,True,1.0,3.0,14,2.2,,12,80,400,False,channel_reclaim,120,8,0.008,70.72321414920476,39.93064059002009,3,0.0005,,,,,,,,,,,,,,,,,,,,,,,,,,,0.04,507,False,,,,,,,,,,,,,,,,,,,,,,,,,,,0.2,0.002,20,0.25,0,25.73916914452318,-0.47013529632562906,0.429619565077841,0.19820995329631408,-0.8726211756195128,0.05698209618416805,0.07692307692307693,1,0,528,-290.0567711372986,456,11
True,True,1.0,2.2,40,1.8,,40,30,50,False,range_bb_reversion,120,4,0.0,67.54879010043634,30.84929149260878,18,0.0025,,,,,,,,,,,,,,,,,,,,,,,,,,,0.006,32,False,,,,,,,,,,,,,,,,,,,,,,,,,,,0.08,0.002,100,0.75,0,28.599573816037996,-0.4702331904581106,0.3468494528250246,0.27571237535112836,-0.6719879321132554,0.13166360088966014,0.14285714285714285,0,0,529,-292.9862699697973,448,11
False,True,1.0,3.0,30,1.5,,30,20,100,False,range_bb_reversion,72,2,0.0,64.64915350418664,26.42690723691134,24,0.0005,,,,,,,,,,,,,,,,,,,,,,,,,,,0.04,644,False,,,,,,,,,,,,,,,,,,,,,,,,,,,1.0,0.002,30,0.0,0,31.39558371776611,-0.42401669709640954,0.43482376170859766,0.24649971047367789,-0.6007092970412108,0.2451917739041399,0.15555555555555556,0,0,530,-294.18222716541163,477,11
True,True,1.0,4.0,30,2.0,,10,50,80,False,range_bb_reversion,36,1,0.0,67.71002106096269,35.63113429881652,48,0.005,,,,,,,,,,,,,,,,,,,,,,,,,,,0.01,983,False,,,,,,,,,,,,,,,,,,,,,,,,,,,0.2,0.003,30,1.25,0,34.18177102964744,-0.39602478282637305,0.4856707984321998,0.23185491659532606,-0.7298296808469361,0.17967830412867064,0.10714285714285714,0,0,531,-302.6237538686648,597,11
True,False,1.0,2.2,20,1.8,,12,20,400,True,trend_state_tp,72,2,0.025,76.8026718322574,44.766432025940446,36,0.0025,,,,,,,,,,,,,,,,,,,,,,,,,,,0.01,807,False,,,,,,,,,,,,,,,,,,,,,,,,,,,0.08,0.001,150,0.5,0,51.17037995422723,-0.34579942376383643,0.3761620105018055,0.26534182620311636,-0.6147094082392296,0.04159509269152414,0.07692307692307693,0,0,532,-304.17998142410227,716,11
True,True,2.5,3.0,30,2.5,,10,80,150,True,trend_state_tp,96,3,0.0,70.24450871614164,28.0004347757157,48,0.0,,,,,,,,,,,,,,,,,,,,,,,,,,,0.006,527,False,,,,,,,,,,,,,,,,,,,,,,,,,,,0.2,0.0005,30,0.75,0,68.44268246493458,-0.19837075777588156,0.44038528554983963,0.30921531948501096,-0.4330378103231483,0.09433595225568335,0.1518987341772152,0,0,533,-304.19461828085946,1623,11
True,True,1.5,12.0,30,1.5,,55,30,50,True,trend_state_tp,36,8,0.008,77.89278089514036,30.126686170706424,48,0.001,,,,,,,,,,,,,,,,,,,,,,,,,,,0.01,529,False,,,,,,,,,,,,,,,,,,,,,,,,,,,0.08,0.002,20,1.0,0,50.152525997616834,-0.27628640276349087,0.5304349033657697,0.28425757502881416,-0.5279213262907035,0.22134473301599406,0.1368421052631579,0,0,534,-305.31866815786907,1048,11
True,True,1.5,4.0,40,2.5,,20,20,300,False,range_bb_reversion,24,6,0.008,71.67594142346304,26.801155983871556,12,0.0,,,,,,,,,,,,,,,,,,,,,,,,,,,0.025,682,False,,,,,,,,,,,,,,,,,,,,,,,,,,,0.12,0.002,75,0.25,0,12.502670900777485,-0.5581183727079231,0.30065706721996,0.18383910316783944,-1.0,0.0,0.0,0,0,535,-308.63898473029553,138,11
True,False,1.0,4.0,20,2.2,,10,30,100,False,trend_bb_reversion,120,1,0.0025,69.83077713426307,32.147047906664035,24,0.01,,,,,,,,,,,,,,,,,,,,,,,,,,,0.08,5,False,,,,,,,,,,,,,,,,,,,,,,,,,,,0.2,0.0,30,1.0,0,13.778996261110944,-0.573073748618938,0.36425810831416766,0.12055179120396513,-1.0,0.0,0.0,0,0,536,-311.0229367712348,135,11
True,True,1.0,6.0,20,1.8,,55,14,150,False,range_bb_reversion,12,2,0.008,71.92521608748986,33.868557622788906,3,0.0005,,,,,,,,,,,,,,,,,,,,,,,,,,,0.015,652,False,,,,,,,,,,,,,,,,,,,,,,,,,,,0.12,0.003,100,1.25,0,25.80758106082787,-0.5067454727680061,0.3128030025650718,0.19895365880564772,-0.7799388977130086,0.047070901633693256,0.1,0,0,537,-311.1989896457832,332,11
True,True,1.0,3.0,55,1.5,,10,20,80,False,trend_reclaim,8,4,0.0,65.41265603180645,38.23705364146627,24,0.0025,,,,,,,,,,,,,,,,,,,,,,,,,,,0.006,402,False,,,,,,,,,,,,,,,,,,,,,,,,,,,1.0,0.003,20,0.5,0,40.49486793664779,-0.3930562784527636,0.4121347003743803,0.2491619104916036,-0.7191161864135186,0.0868848973895123,0.08333333333333333,0,0,538,-318.8206854276833,715,11
True,False,1.0,8.0,20,2.0,,12,20,80,False,trend_bb_reversion,96,4,0.0025,71.73918070885514,41.96289963315542,6,0.0,,,,,,,,,,,,,,,,,,,,,,,,,,,0.04,1021,False,,,,,,,,,,,,,,,,,,,,,,,,,,,0.2,0.003,75,1.25,0,15.0,-0.530386032506568,0.4168800219920826,0.1077047952047952,-1.0,0.0,0.0,0,0,539,-322.91868855221963,138,11
True,False,1.0,6.0,14,1.8,,55,50,200,False,range_bb_reversion,18,8,0.025,60.345215224863146,36.65362071134416,3,0.0025,,,,,,,,,,,,,,,,,,,,,,,,,,,0.025,380,False,,,,,,,,,,,,,,,,,,,,,,,,,,,0.08,0.002,30,1.25,0,27.093476234036636,-0.5524960918368982,0.298195857906837,0.19611630995891022,-0.7727253183267802,0.11940119646517892,0.1111111111111111,0,0,540,-323.55823720787237,264,11
True,True,1.0,4.0,20,2.5,,10,20,50,True,trend_state_tp,12,6,0.008,63.38400127308647,40.90099399234047,18,0.0,,,,,,,,,,,,,,,,,,,,,,,,,,,0.006,288,False,,,,,,,,,,,,,,,,,,,,,,,,,,,0.03,0.002,20,1.25,0,68.92229941543262,-0.33688414890697393,0.5461113467031967,0.24262348738742406,-0.6296599456213353,0.18156279922867374,0.125,1,1,541,-327.88167720942755,532,11
True,False,1.0,4.0,55,1.5,,20,30,80,True,trend_state_tp,18,3,0.0,70.2072182360711,32.38766473389317,36,0.0025,,,,,,,,,,,,,,,,,,,,,,,,,,,0.006,204,False,,,,,,,,,,,,,,,,,,,,,,,,,,,0.12,0.0005,30,0.5,0,43.230313687870584,-0.3891525985911132,0.3846007379362963,0.21132682482223392,-0.5688199169456656,0.17426653939511264,0.11842105263157894,0,0,542,-337.8564456732892,793,11
True,True,2.0,4.0,80,2.5,,55,14,200,True,trend_state_tp,24,1,0.012,75.35750110398875,39.06552118369927,12,0.001,,,,,,,,,,,,,,,,,,,,,,,,,,,0.04,608,False,,,,,,,,,,,,,,,,,,,,,,,,,,,0.2,0.002,20,0.25,0,61.22292355957755,-0.23904624675644592,0.45825383306616724,0.2059856930620235,-0.4812536983491209,0.09786459825451985,0.104,0,0,543,-339.2022566680138,1474,11
True,True,1.0,4.0,30,1.5,,16,80,200,False,channel_reclaim,120,8,0.025,69.17737789461519,30.49685768219526,24,0.0025,,,,,,,,,,,,,,,,,,,,,,,,,,,0.08,328,True,,,,,,,,,,,,,,,,,,,,,,,,,,,0.08,0.001,20,0.5,0,35.20895787858962,-0.5089440343132404,0.2938822871362982,0.23018778979664056,-0.7654121277954266,0.09223159435418786,0.08695652173913043,0,0,544,-344.4072751231702,529,11
True,True,1.0,12.0,30,1.8,,55,80,150,False,range_bb_reversion,120,2,0.018,71.51146258174788,44.84474782311816,48,0.01,,,,,,,,,,,,,,,,,,,,,,,,,,,0.04,761,False,,,,,,,,,,,,,,,,,,,,,,,,,,,0.03,0.003,10,0.0,0,32.51191326238183,-0.5387559346073588,0.3901890542368358,0.14265442816244955,-1.0,0.0,0.0,0,0,545,-354.88493039170294,360,11
True,False,1.0,4.0,40,1.5,,8,8,150,True,trend_state_tp,8,2,0.018,66.00059790251521,22.068986610797253,24,0.0,,,,,,,,,,,,,,,,,,,,,,,,,,,0.006,877,False,,,,,,,,,,,,,,,,,,,,,,,,,,,0.08,0.0,10,0.0,0,49.558448232116376,-0.35606653183122045,0.407782715758711,0.21545457274610982,-0.6312384908361954,0.1593934973858053,0.1206896551724138,0,0,546,-356.1621672064428,967,11
True,True,1.0,4.0,40,2.2,,10,30,150,True,trend_state_tp,72,6,0.0,75.77357813399261,36.77033768203887,36,0.0005,,,,,,,,,,,,,,,,,,,,,,,,,,,0.01,53,False,,,,,,,,,,,,,,,,,,,,,,,,,,,0.05,0.001,20,0.0,0,64.50896735203347,-0.3305090810507478,0.5403942353380264,0.2165694180745425,-0.6337255657882884,0.1741440575272718,0.14893617021276595,1,1,547,-358.1495127776576,916,11
True,True,2.0,12.0,14,2.2,,40,30,100,True,trend_state_tp,48,1,0.008,71.04449486066903,30.15360956007721,18,0.0005,,,,,,,,,,,,,,,,,,,,,,,,,,,0.015,153,False,,,,,,,,,,,,,,,,,,,,,,,,,,,0.12,0.002,100,0.5,0,75.63345116799691,-0.2063637981922879,0.5041089701348722,0.21364852994237332,-0.4668731553580057,0.10895834190810852,0.08024691358024691,1,1,548,-364.58226957563,1801,11
True,True,1.5,1.3,14,1.8,,10,8,80,True,trend_state_tp,96,8,0.008,67.19776340907703,27.264787156814972,24,0.0025,,,,,,,,,,,,,,,,,,,,,,,,,,,0.04,468,False,,,,,,,,,,,,,,,,,,,,,,,,,,,0.2,0.001,75,0.0,0,53.5840176524711,-0.3844504330321649,0.2887862085994253,0.3720893260039981,-0.5791290985908749,0.023575147700357624,0.16666666666666666,0,0,549,-367.6490250759466,1212,11
True,True,1.0,12.0,14,2.5,,10,50,300,False,channel_reclaim,8,3,0.025,75.54291238302932,39.69693293470076,24,0.0005,,,,,,,,,,,,,,,,,,,,,,,,,,,0.015,979,False,,,,,,,,,,,,,,,,,,,,,,,,,,,0.2,0.0,30,0.5,0,67.23615987231287,-0.32219330758573655,0.4693041092573534,0.28803320152850315,-0.628054041449844,0.07049055339132082,0.13095238095238096,0,0,550,-371.3510761335689,1179,11
True,True,2.5,1.3,20,2.0,,12,8,80,True,trend_state_tp,8,4,0.018,62.49555973058282,36.05905231948152,6,0.0,,,,,,,,,,,,,,,,,,,,,,,,,,,0.015,941,False,,,,,,,,,,,,,,,,,,,,,,,,,,,0.04,0.001,10,0.0,0,83.95018841600393,-0.2602688772129958,0.2549372896238524,0.3773653303324874,-0.45378480224867,0.006683566377992383,0.08108108108108109,0,0,551,-377.5442025573018,1320,11
True,True,1.0,2.2,40,1.8,,12,8,150,True,trend_state_tp,72,2,0.005,77.2740235319394,22.7312877762356,36,0.0025,,,,,,,,,,,,,,,,,,,,,,,,,,,0.01,918,False,,,,,,,,,,,,,,,,,,,,,,,,,,,0.2,0.002,50,1.0,0,56.76978464288173,-0.36332574317876415,0.3675115876993095,0.2770709542889555,-0.613043847225295,0.09121594521172871,0.17777777777777778,0,0,552,-382.99371590812325,1256,11
True,True,1.0,2.2,55,1.5,,10,20,50,False,channel_reclaim,8,3,0.0025,69.4768972841138,34.36382476656041,12,0.001,,,,,,,,,,,,,,,,,,,,,,,,,,,0.006,1183,False,,,,,,,,,,,,,,,,,,,,,,,,,,,1.0,0.0005,10,0.25,0,53.40521514359878,-0.4032477428740258,0.3477310981920816,0.2709439259377117,-0.6534773679967626,0.027411932057929172,0.07462686567164178,0,0,553,-384.58702970086256,1021,11
True,True,1.0,1.7,30,1.5,,10,30,400,True,trend_state_tp,8,3,0.008,73.76687592488966,34.134873156077305,3,0.0,,,,,,,,,,,,,,,,,,,,,,,,,,,0.006,797,True,,,,,,,,,,,,,,,,,,,,,,,,,,,0.03,0.003,100,1.0,0,84.61520948220337,-0.4021762156741701,0.34994702070213896,0.30213862203426634,-0.7051267456850279,0.021216492966593482,0.09166666666666666,1,1,554,-393.26358831073475,586,11
True,True,1.5,12.0,14,2.0,,20,8,80,True,trend_state_tp,12,1,0.0025,63.35556519624399,39.79700143536709,48,0.001,,,,,,,,,,,,,,,,,,,,,,,,,,,0.01,539,False,,,,,,,,,,,,,,,,,,,,,,,,,,,0.05,0.0005,150,0.0,0,101.58693191687125,-0.2840114377996725,0.44413260974793967,0.1810528247096579,-0.5461663006283403,0.1440226122022463,0.0913978494623656,0,0,555,-488.0963448634408,1520,11
True,True,1.5,1.7,30,2.0,,10,10,50,True,trend_state_tp,48,1,0.025,75.41284561911775,25.22717639625954,24,0.0005,,,,,,,,,,,,,,,,,,,,,,,,,,,0.015,182,False,,,,,,,,,,,,,,,,,,,,,,,,,,,0.12,0.002,20,0.25,0,105.79263019422923,-0.2952312496581906,0.349189241830713,0.29265782097980764,-0.5627267563522834,0.03489158582446832,0.1276595744680851,0,0,556,-492.9324518910146,1917,11
True,True,1.0,3.0,14,2.0,,40,50,100,True,trend_state_tp,72,3,0.008,76.54785779474604,25.227587980118667,3,0.0,,,,,,,,,,,,,,,,,,,,,,,,,,,0.01,1165,False,,,,,,,,,,,,,,,,,,,,,,,,,,,1.0,0.0,30,0.5,0,103.51816174096288,-0.34890691005665775,0.4403080660116973,0.24895058362383793,-0.5854381500774332,0.11872110737259337,0.1534090909090909,0,0,557,-525.6659767849947,1649,11
True,True,1.0,1.3,55,1.8,,12,8,100,True,trend_state_tp,24,4,0.0025,69.82799917057095,37.87944717528108,3,0.0,,,,,,,,,,,,,,,,,,,,,,,,,,,0.006,1104,False,,,,,,,,,,,,,,,,,,,,,,,,,,,0.03,0.0005,50,0.75,0,109.21154119531447,-0.5194469095769465,0.17010402999463553,0.29335242770146447,-0.6848509131867293,0.0214850918016899,0.1069182389937107,0,0,558,-555.8437369524579,828,11
True,False,4.0,1.3,20,2.2,,16,50,300,False,trend_bb_reversion,12,6,0.012,58.872775768246505,23.063678038488025,48,0.005,,,,,,,,,,,,,,,,,,,,,,,,,,,0.08,430,False,,,,,,,,,,,,,,,,,,,,,,,,,,,0.08,0.001,75,0.75,,,,,,,,,,,559,-999881,,
True,False,4.0,8.0,80,1.5,,10,14,300,False,channel_reclaim,36,8,0.005,65.81978413962814,35.35532881729124,18,0.001,,,,,,,,,,,,,,,,,,,,,,,,,,,0.015,1157,False,,,,,,,,,,,,,,,,,,,,,,,,,,,0.03,0.003,150,0.5,,,,,,,,,,,560,-999881,,
True,False,4.0,4.0,55,2.5,,30,14,200,False,channel_reclaim,48,6,0.005,64.26779353430616,34.22762772249115,24,0.005,,,,,,,,,,,,,,,,,,,,,,,,,,,0.025,741,False,,,,,,,,,,,,,,,,,,,,,,,,,,,1.0,0.003,50,0.0,,,,,,,,,,,561,-999882,,
True,False,2.5,3.0,40,1.8,,8,30,100,True,trend_state_tp,48,6,0.025,59.54001833577438,41.056361756675024,6,0.005,,,,,,,,,,,,,,,,,,,,,,,,,,,0.01,436,False,,,,,,,,,,,,,,,,,,,,,,,,,,,0.04,0.0,10,1.25,,,,,,,,,,,562,-999884,,
True,False,2.0,6.0,30,2.0,,20,80,200,False,trend_bb_reversion,12,4,0.0,65.03167719219817,33.97985497564803,18,0.0,,,,,,,,,,,,,,,,,,,,,,,,,,,0.01,876,False,,,,,,,,,,,,,,,,,,,,,,,,,,,0.04,0.002,150,1.0,,,,,,,,,,,563,-999884,,
True,True,2.0,3.0,30,1.8,,30,80,100,False,trend_bb_reversion,12,3,0.0025,66.1042136708827,39.5071435468152,3,0.0005,,,,,,,,,,,,,,,,,,,,,,,,,,,0.01,211,False,,,,,,,,,,,,,,,,,,,,,,,,,,,0.04,0.001,100,0.5,,,,,,,,,,,564,-999885,,
True,False,1.5,12.0,80,1.5,,30,14,300,False,channel_reclaim,48,3,0.0025,73.56962988637105,31.88744806888461,36,0.0025,,,,,,,,,,,,,,,,,,,,,,,,,,,0.08,420,False,,,,,,,,,,,,,,,,,,,,,,,,,,,0.2,0.0005,30,1.25,,,,,,,,,,,565,-999885,,
True,False,1.0,6.0,20,2.5,,20,10,100,False,range_bb_reversion,120,4,0.018,58.31314163392516,41.58953631632146,12,0.005,,,,,,,,,,,,,,,,,,,,,,,,,,,0.015,538,False,,,,,,,,,,,,,,,,,,,,,,,,,,,0.03,0.003,30,1.25,,,,,,,,,,,566,-999885,,
True,False,1.5,4.0,40,1.8,,16,8,100,False,range_bb_reversion,48,1,0.0,61.979237886562835,28.66417548723027,12,0.0,,,,,,,,,,,,,,,,,,,,,,,,,,,0.01,897,False,,,,,,,,,,,,,,,,,,,,,,,,,,,1.0,0.0,10,0.25,,,,,,,,,,,567,-999885,,
True,False,3.0,1.3,55,2.0,,40,30,100,False,channel_reclaim,120,1,0.012,75.51274145961067,30.059029577782848,36,0.0005,,,,,,,,,,,,,,,,,,,,,,,,,,,0.025,987,False,,,,,,,,,,,,,,,,,,,,,,,,,,,0.04,0.0005,50,0.25,,,,,,,,,,,568,-999885,,
True,False,4.0,8.0,40,2.0,,55,50,100,False,trend_reclaim,72,1,0.0,77.91648352994872,40.85110792304461,36,0.0,,,,,,,,,,,,,,,,,,,,,,,,,,,0.08,1193,False,,,,,,,,,,,,,,,,,,,,,,,,,,,0.2,0.0,30,0.5,,,,,,,,,,,569,-999885,,
True,False,1.5,3.0,55,1.5,,16,8,400,False,trend_reclaim,18,6,0.005,77.39413879302373,38.12540853710352,24,0.0,,,,,,,,,,,,,,,,,,,,,,,,,,,0.006,109,False,,,,,,,,,,,,,,,,,,,,,,,,,,,0.12,0.002,50,0.25,,,,,,,,,,,570,-999886,,
True,False,5.0,2.2,40,2.0,,40,50,100,False,range_bb_reversion,72,3,0.0025,74.32411382015256,42.34146936488943,6,0.005,,,,,,,,,,,,,,,,,,,,,,,,,,,0.006,338,True,,,,,,,,,,,,,,,,,,,,,,,,,,,0.04,0.0,150,0.25,,,,,,,,,,,571,-999886,,
True,True,5.0,8.0,14,2.0,,40,10,400,False,range_bb_reversion,18,1,0.018,64.9214246245858,40.47311255930653,3,0.0005,,,,,,,,,,,,,,,,,,,,,,,,,,,0.01,473,True,,,,,,,,,,,,,,,,,,,,,,,,,,,0.04,0.0,30,1.25,,,,,,,,,,,572,-999886,,
True,False,2.0,2.2,80,2.0,,10,50,400,False,trend_reclaim,120,2,0.0025,76.70779129262243,29.29125532342129,24,0.001,,,,,,,,,,,,,,,,,,,,,,,,,,,0.025,669,False,,,,,,,,,,,,,,,,,,,,,,,,,,,1.0,0.0005,10,0.0,,,,,,,,,,,573,-999886,,
True,False,1.5,4.0,20,2.2,,12,20,100,False,range_bb_reversion,36,6,0.0025,69.49698628590188,43.05232891255869,12,0.005,,,,,,,,,,,,,,,,,,,,,,,,,,,0.006,665,False,,,,,,,,,,,,,,,,,,,,,,,,,,,0.12,0.0005,50,1.5,,,,,,,,,,,574,-999887,,
True,True,2.5,8.0,80,1.8,,30,8,300,False,channel_reclaim,12,3,0.0,59.693891683483606,39.41733757870929,24,0.001,,,,,,,,,,,,,,,,,,,,,,,,,,,0.04,847,True,,,,,,,,,,,,,,,,,,,,,,,,,,,1.0,0.0,10,1.5,,,,,,,,,,,575,-999887,,
True,False,1.5,6.0,20,2.2,,16,20,150,False,range_bb_reversion,8,2,0.018,77.45212822152385,37.69244194558881,12,0.005,,,,,,,,,,,,,,,,,,,,,,,,,,,0.01,24,False,,,,,,,,,,,,,,,,,,,,,,,,,,,0.04,0.0005,20,1.5,,,,,,,,,,,576,-999888,,
True,False,1.0,3.0,20,1.5,,30,10,80,False,range_bb_reversion,72,4,0.0025,62.26853820355488,24.26504568782443,3,0.001,,,,,,,,,,,,,,,,,,,,,,,,,,,0.01,453,False,,,,,,,,,,,,,,,,,,,,,,,,,,,0.08,0.0,75,0.75,,,,,,,,,,,577,-999888,,
True,False,5.0,1.3,80,2.2,,10,8,200,False,channel_reclaim,120,4,0.005,58.09278598834379,32.7570101406099,48,0.0005,,,,,,,,,,,,,,,,,,,,,,,,,,,0.006,611,False,,,,,,,,,,,,,,,,,,,,,,,,,,,0.03,0.001,100,0.75,,,,,,,,,,,578,-999888,,
True,False,1.0,3.0,14,2.2,,16,10,300,True,trend_state_tp,12,6,0.008,75.13041866589211,34.87280548329752,36,0.01,,,,,,,,,,,,,,,,,,,,,,,,,,,0.025,13,False,,,,,,,,,,,,,,,,,,,,,,,,,,,0.03,0.0,30,1.0,,,,,,,,,,,579,-999889,,
True,False,5.0,6.0,30,2.0,,20,50,150,False,channel_reclaim,8,4,0.0,65.10358915725062,39.421891882313716,36,0.005,,,,,,,,,,,,,,,,,,,,,,,,,,,0.04,286,False,,,,,,,,,,,,,,,,,,,,,,,,,,,0.03,0.0,100,0.0,,,,,,,,,,,580,-999889,,
True,False,4.0,6.0,30,2.2,,40,10,100,False,range_bb_reversion,18,3,0.008,69.16748330769286,26.241513964226286,36,0.0,,,,,,,,,,,,,,,,,,,,,,,,,,,0.025,634,False,,,,,,,,,,,,,,,,,,,,,,,,,,,0.04,0.0,10,0.5,,,,,,,,,,,581,-999889,,
True,False,2.0,2.2,55,1.8,,12,14,100,False,channel_reclaim,72,1,0.012,76.31747543916211,23.29350549903992,12,0.01,,,,,,,,,,,,,,,,,,,,,,,,,,,0.015,686,False,,,,,,,,,,,,,,,,,,,,,,,,,,,1.0,0.003,30,0.5,,,,,,,,,,,582,-999889,,
True,False,1.0,2.2,80,1.8,,12,8,400,False,channel_reclaim,24,1,0.018,68.2568506305323,23.485727304042925,12,0.0,,,,,,,,,,,,,,,,,,,,,,,,,,,0.015,947,False,,,,,,,,,,,,,,,,,,,,,,,,,,,0.03,0.003,75,1.0,,,,,,,,,,,583,-999890,,
True,True,3.0,8.0,30,2.2,,30,50,400,True,trend_state_tp,72,2,0.012,73.06845344744363,38.645155482525595,6,0.005,,,,,,,,,,,,,,,,,,,,,,,,,,,0.01,221,False,,,,,,,,,,,,,,,,,,,,,,,,,,,1.0,0.0,30,0.25,,,,,,,,,,,584,-999891,,
True,True,4.0,4.0,20,2.5,,40,8,300,False,channel_reclaim,36,1,0.0025,63.50684715280368,40.09058609824389,36,0.01,,,,,,,,,,,,,,,,,,,,,,,,,,,0.04,383,False,,,,,,,,,,,,,,,,,,,,,,,,,,,0.05,0.003,50,0.75,,,,,,,,,,,585,-999891,,
True,False,1.5,12.0,20,1.5,,12,14,300,False,trend_bb_reversion,72,2,0.005,76.679031150636,38.673479326710925,48,0.005,,,,,,,,,,,,,,,,,,,,,,,,,,,0.006,993,False,,,,,,,,,,,,,,,,,,,,,,,,,,,0.04,0.003,75,1.0,,,,,,,,,,,586,-999891,,
True,True,5.0,4.0,20,1.8,,16,50,300,False,trend_reclaim,18,8,0.0,59.375197043464915,31.441721682238047,24,0.0005,,,,,,,,,,,,,,,,,,,,,,,,,,,0.08,505,False,,,,,,,,,,,,,,,,,,,,,,,,,,,0.05,0.0005,30,1.5,,,,,,,,,,,587,-999892,,
True,True,5.0,1.7,55,2.0,,8,80,300,False,range_bb_reversion,12,4,0.012,72.83855433311153,42.129782924478015,48,0.001,,,,,,,,,,,,,,,,,,,,,,,,,,,0.01,738,False,,,,,,,,,,,,,,,,,,,,,,,,,,,0.05,0.0005,10,1.25,,,,,,,,,,,588,-999892,,
True,False,3.0,6.0,30,2.5,,20,50,100,False,trend_reclaim,36,1,0.0,58.432356552450194,22.80214737633054,24,0.0025,,,,,,,,,,,,,,,,,,,,,,,,,,,0.015,163,False,,,,,,,,,,,,,,,,,,,,,,,,,,,0.12,0.002,50,0.5,,,,,,,,,,,589,-999893,,
True,False,3.0,1.7,20,2.0,,12,14,300,False,trend_reclaim,8,4,0.0,66.27640469043227,22.55064589736474,24,0.001,,,,,,,,,,,,,,,,,,,,,,,,,,,0.006,836,False,,,,,,,,,,,,,,,,,,,,,,,,,,,0.04,0.0005,50,1.0,,,,,,,,,,,590,-999893,,
True,False,3.0,2.2,55,2.2,,12,10,400,False,trend_bb_reversion,24,2,0.0,71.07212615192903,29.452576364441306,18,0.0,,,,,,,,,,,,,,,,,,,,,,,,,,,0.04,273,False,,,,,,,,,,,,,,,,,,,,,,,,,,,0.12,0.003,50,0.5,,,,,,,,,,,591,-999894,,
True,False,2.0,2.2,30,2.5,,30,8,400,False,channel_reclaim,8,1,0.012,64.07329706714154,31.873009619355273,12,0.0,,,,,,,,,,,,,,,,,,,,,,,,,,,0.01,573,False,,,,,,,,,,,,,,,,,,,,,,,,,,,0.03,0.002,10,0.0,,,,,,,,,,,592,-999894,,
True,False,1.0,6.0,55,2.5,,8,10,50,False,channel_reclaim,18,4,0.0,66.9026966805719,28.363692666114826,48,0.0025,,,,,,,,,,,,,,,,,,,,,,,,,,,0.015,635,False,,,,,,,,,,,,,,,,,,,,,,,,,,,0.05,0.001,50,1.25,,,,,,,,,,,593,-999894,,
True,False,2.5,12.0,80,1.5,,20,30,100,False,range_bb_reversion,72,8,0.008,65.27816046783947,22.384153310212806,36,0.0025,,,,,,,,,,,,,,,,,,,,,,,,,,,0.015,1081,True,,,,,,,,,,,,,,,,,,,,,,,,,,,0.2,0.0,75,1.0,,,,,,,,,,,594,-999894,,
False,True,4.0,6.0,20,2.5,,12,80,100,False,range_bb_reversion,18,3,0.0,66.35942858156743,34.05370977444641,24,0.001,,,,,,,,,,,,,,,,,,,,,,,,,,,0.08,213,False,,,,,,,,,,,,,,,,,,,,,,,,,,,0.03,0.001,75,1.25,,,,,,,,,,,595,-999895,,
True,False,2.0,1.3,30,1.8,,55,10,100,True,trend_state_tp,36,2,0.012,74.22043726134822,35.56539775543254,3,0.005,,,,,,,,,,,,,,,,,,,,,,,,,,,0.04,220,False,,,,,,,,,,,,,,,,,,,,,,,,,,,0.12,0.002,20,1.0,,,,,,,,,,,596,-999895,,
True,False,3.0,2.2,20,2.0,,20,20,50,False,channel_reclaim,24,8,0.005,73.43569619616157,26.524698349943613,48,0.0025,,,,,,,,,,,,,,,,,,,,,,,,,,,0.01,376,False,,,,,,,,,,,,,,,,,,,,,,,,,,,0.03,0.0005,100,0.25,,,,,,,,,,,597,-999895,,
True,False,2.5,1.7,40,2.0,,10,14,300,True,trend_state_tp,48,4,0.0025,74.23028529344164,29.311049010442613,12,0.005,,,,,,,,,,,,,,,,,,,,,,,,,,,0.025,615,False,,,,,,,,,,,,,,,,,,,,,,,,,,,0.03,0.0,50,0.5,,,,,,,,,,,598,-999895,,
True,False,2.5,12.0,55,1.8,,55,8,300,False,range_bb_reversion,8,6,0.0,62.66069850477218,33.15190703660469,36,0.0005,,,,,,,,,,,,,,,,,,,,,,,,,,,0.015,1134,False,,,,,,,,,,,,,,,,,,,,,,,,,,,0.12,0.003,150,0.25,,,,,,,,,,,599,-999895,,
True,False,5.0,4.0,14,2.0,,16,8,50,False,channel_reclaim,24,6,0.008,77.97988622723216,26.75857954574618,36,0.001,,,,,,,,,,,,,,,,,,,,,,,,,,,0.01,690,False,,,,,,,,,,,,,,,,,,,,,,,,,,,0.03,0.001,100,0.0,,,,,,,,,,,600,-999896,,
True,False,1.5,8.0,30,2.2,,30,10,200,False,trend_bb_reversion,48,3,0.018,61.054524300365095,38.053188634618046,24,0.0,,,,,,,,,,,,,,,,,,,,,,,,,,,0.006,804,True,,,,,,,,,,,,,,,,,,,,,,,,,,,0.08,0.0,75,1.5,,,,,,,,,,,601,-999896,,
True,True,2.0,2.2,30,2.5,,10,10,300,False,trend_bb_reversion,48,1,0.0025,71.94178474811257,32.66893064353268,36,0.01,,,,,,,,,,,,,,,,,,,,,,,,,,,0.01,899,False,,,,,,,,,,,,,,,,,,,,,,,,,,,0.05,0.001,50,1.25,,,,,,,,,,,602,-999896,,
True,False,5.0,4.0,14,2.0,,10,10,100,False,range_bb_reversion,36,1,0.012,70.01116536459703,35.282315038943686,3,0.0025,,,,,,,,,,,,,,,,,,,,,,,,,,,0.006,968,False,,,,,,,,,,,,,,,,,,,,,,,,,,,0.05,0.002,100,0.75,,,,,,,,,,,603,-999896,,
True,False,2.0,6.0,30,1.8,,16,8,150,False,trend_bb_reversion,12,6,0.005,63.582139382509794,29.59229643301644,24,0.0025,,,,,,,,,,,,,,,,,,,,,,,,,,,0.006,1128,False,,,,,,,,,,,,,,,,,,,,,,,,,,,1.0,0.002,100,1.0,,,,,,,,,,,604,-999896,,
False,True,4.0,4.0,80,1.8,,16,8,200,False,channel_reclaim,36,4,0.025,61.439031936375066,26.113463463500807,3,0.0,,,,,,,,,,,,,,,,,,,,,,,,,,,0.08,207,True,,,,,,,,,,,,,,,,,,,,,,,,,,,0.05,0.003,50,1.0,,,,,,,,,,,605,-999897,,
False,True,1.0,4.0,30,2.2,,20,30,80,True,trend_state_tp,48,6,0.0025,61.78364981064559,32.65502440434961,18,0.0025,,,,,,,,,,,,,,,,,,,,,,,,,,,0.015,1046,False,,,,,,,,,,,,,,,,,,,,,,,,,,,0.03,0.0005,150,1.5,,,,,,,,,,,606,-999897,,
True,False,5.0,6.0,14,2.5,,10,30,100,False,channel_reclaim,96,8,0.005,61.14291727824405,35.08290898141519,48,0.0025,,,,,,,,,,,,,,,,,,,,,,,,,,,0.01,142,False,,,,,,,,,,,,,,,,,,,,,,,,,,,0.04,0.002,20,1.25,,,,,,,,,,,607,-999898,,
True,True,1.0,8.0,55,2.5,,8,50,100,False,trend_bb_reversion,96,4,0.0,58.10784022372866,43.01653454249224,36,0.001,,,,,,,,,,,,,,,,,,,,,,,,,,,0.006,1184,False,,,,,,,,,,,,,,,,,,,,,,,,,,,0.03,0.001,20,0.75,,,,,,,,,,,608,-999898,,
True,True,2.0,4.0,30,1.8,,40,10,50,False,trend_bb_reversion,72,1,0.0,70.72761262151836,25.745461287327576,36,0.0005,,,,,,,,,,,,,,,,,,,,,,,,,,,0.025,1,False,,,,,,,,,,,,,,,,,,,,,,,,,,,0.04,0.0005,150,0.5,,,,,,,,,,,609,-999899,,
True,False,2.0,1.3,40,2.0,,16,10,200,False,trend_bb_reversion,96,8,0.018,65.20177778756837,28.266038277747004,18,0.0025,,,,,,,,,,,,,,,,,,,,,,,,,,,0.08,125,False,,,,,,,,,,,,,,,,,,,,,,,,,,,0.12,0.003,100,0.5,,,,,,,,,,,610,-999899,,
True,False,2.5,6.0,14,2.5,,40,10,100,False,range_bb_reversion,24,4,0.0025,71.69643412590062,26.510123782845273,6,0.005,,,,,,,,,,,,,,,,,,,,,,,,,,,0.04,714,True,,,,,,,,,,,,,,,,,,,,,,,,,,,1.0,0.0005,150,0.25,,,,,,,,,,,611,-999899,,
False,True,2.5,1.3,40,2.5,,12,50,150,False,range_bb_reversion,48,3,0.012,66.01978740485818,27.811410169018345,12,0.0025,,,,,,,,,,,,,,,,,,,,,,,,,,,0.015,63,False,,,,,,,,,,,,,,,,,,,,,,,,,,,0.05,0.0,100,1.25,,,,,,,,,,,612,-999900,,
True,True,5.0,2.2,80,2.5,,12,30,150,True,trend_state_tp,120,2,0.0,73.58339607561246,29.92366525336401,6,0.005,,,,,,,,,,,,,,,,,,,,,,,,,,,0.08,169,False,,,,,,,,,,,,,,,,,,,,,,,,,,,0.04,0.0005,50,1.5,,,,,,,,,,,613,-999900,,
True,False,2.0,3.0,30,1.5,,55,8,300,False,trend_bb_reversion,120,3,0.0025,59.25451863117033,42.98033511857598,3,0.0005,,,,,,,,,,,,,,,,,,,,,,,,,,,0.08,831,False,,,,,,,,,,,,,,,,,,,,,,,,,,,0.08,0.001,20,1.25,,,,,,,,,,,614,-999900,,
True,True,2.5,6.0,40,1.8,,20,10,100,False,trend_bb_reversion,24,6,0.0025,65.917657174356,33.83389920958746,48,0.005,,,,,,,,,,,,,,,,,,,,,,,,,,,0.015,369,True,,,,,,,,,,,,,,,,,,,,,,,,,,,0.03,0.003,20,0.5,,,,,,,,,,,615,-999901,,
True,True,3.0,1.3,14,2.5,,10,80,200,False,range_bb_reversion,8,2,0.012,74.14905778256824,26.345695220670162,3,0.005,,,,,,,,,,,,,,,,,,,,,,,,,,,0.015,782,True,,,,,,,,,,,,,,,,,,,,,,,,,,,0.04,0.001,10,1.5,,,,,,,,,,,616,-999901,,
True,False,2.0,4.0,80,2.5,,16,10,400,False,range_bb_reversion,96,8,0.018,60.79868624041649,27.593443630923616,3,0.01,,,,,,,,,,,,,,,,,,,,,,,,,,,0.08,976,False,,,,,,,,,,,,,,,,,,,,,,,,,,,0.08,0.0,150,0.25,,,,,,,,,,,617,-999901,,
True,False,1.5,2.2,30,2.0,,30,20,100,False,channel_reclaim,8,3,0.0025,67.46890612453365,33.831883822691395,24,0.0005,,,,,,,,,,,,,,,,,,,,,,,,,,,0.04,255,False,,,,,,,,,,,,,,,,,,,,,,,,,,,0.03,0.001,20,0.5,,,,,,,,,,,618,-999902,,
False,True,2.0,1.3,30,2.0,,8,30,50,False,trend_bb_reversion,36,8,0.025,71.15996175016315,34.83711288133855,36,0.01,,,,,,,,,,,,,,,,,,,,,,,,,,,0.01,464,True,,,,,,,,,,,,,,,,,,,,,,,,,,,0.12,0.003,150,0.5,,,,,,,,,,,619,-999903,,
True,False,4.0,12.0,30,1.8,,20,20,300,False,trend_bb_reversion,120,3,0.0025,58.62803256992372,32.32826771992188,36,0.0005,,,,,,,,,,,,,,,,,,,,,,,,,,,0.025,554,False,,,,,,,,,,,,,,,,,,,,,,,,,,,0.12,0.003,100,1.0,,,,,,,,,,,620,-999903,,
True,False,4.0,3.0,14,2.0,,16,14,100,False,range_bb_reversion,12,3,0.0025,75.99372702579804,31.67579478274835,6,0.001,,,,,,,,,,,,,,,,,,,,,,,,,,,0.006,748,False,,,,,,,,,,,,,,,,,,,,,,,,,,,0.08,0.002,50,1.0,,,,,,,,,,,621,-999903,,
True,False,2.0,3.0,40,2.5,,20,80,100,False,channel_reclaim,8,1,0.0,77.39741481086986,22.204645523718106,36,0.01,,,,,,,,,,,,,,,,,,,,,,,,,,,0.006,796,False,,,,,,,,,,,,,,,,,,,,,,,,,,,0.08,0.0,150,1.25,,,,,,,,,,,622,-999903,,
True,True,1.0,2.2,14,2.5,,55,20,80,True,trend_state_tp,24,2,0.0025,60.4659868777037,24.868391038163526,6,0.01,,,,,,,,,,,,,,,,,,,,,,,,,,,0.08,187,False,,,,,,,,,,,,,,,,,,,,,,,,,,,0.05,0.0,50,0.75,,,,,,,,,,,623,-999904,,
True,False,2.5,3.0,14,1.5,,55,10,300,False,range_bb_reversion,48,6,0.0,60.36996570255159,37.56404539545014,24,0.01,,,,,,,,,,,,,,,,,,,,,,,,,,,0.01,234,False,,,,,,,,,,,,,,,,,,,,,,,,,,,1.0,0.002,50,1.25,,,,,,,,,,,624,-999904,,
True,True,5.0,1.3,55,2.5,,40,8,150,False,channel_reclaim,120,8,0.012,76.52547921130504,39.01582808893575,36,0.01,,,,,,,,,,,,,,,,,,,,,,,,,,,0.08,322,False,,,,,,,,,,,,,,,,,,,,,,,,,,,1.0,0.0,20,1.25,,,,,,,,,,,625,-999904,,
True,False,5.0,1.3,30,2.5,,12,20,300,False,trend_reclaim,48,1,0.0025,64.83672262491154,40.339625353740594,6,0.0005,,,,,,,,,,,,,,,,,,,,,,,,,,,0.006,307,False,,,,,,,,,,,,,,,,,,,,,,,,,,,0.08,0.003,100,0.75,,,,,,,,,,,626,-999905,,
True,True,1.0,12.0,40,2.5,,20,50,80,False,trend_bb_reversion,96,3,0.025,74.21821258180404,44.893781025142324,6,0.0,,,,,,,,,,,,,,,,,,,,,,,,,,,0.015,658,False,,,,,,,,,,,,,,,,,,,,,,,,,,,0.08,0.003,20,0.75,,,,,,,,,,,627,-999905,,
True,True,1.0,4.0,30,2.5,,55,50,300,False,trend_bb_reversion,96,8,0.012,73.5590209983135,22.239891924606603,12,0.0,,,,,,,,,,,,,,,,,,,,,,,,,,,0.08,715,False,,,,,,,,,,,,,,,,,,,,,,,,,,,0.04,0.0,75,1.25,,,,,,,,,,,628,-999905,,
True,True,1.0,1.3,20,2.5,,12,50,400,False,trend_bb_reversion,72,1,0.025,65.2219396197382,40.578412912119276,36,0.01,,,,,,,,,,,,,,,,,,,,,,,,,,,0.015,928,False,,,,,,,,,,,,,,,,,,,,,,,,,,,0.03,0.001,150,0.5,,,,,,,,,,,629,-999905,,
True,True,3.0,2.2,55,2.2,,12,20,100,False,trend_bb_reversion,24,3,0.0025,70.15275338520969,43.818986627312135,18,0.001,,,,,,,,,,,,,,,,,,,,,,,,,,,0.025,1188,False,,,,,,,,,,,,,,,,,,,,,,,,,,,0.04,0.002,20,0.25,,,,,,,,,,,630,-999905,,
True,False,1.5,2.2,55,1.8,,16,30,80,False,range_bb_reversion,24,1,0.012,64.19632634170583,28.689622190873372,24,0.0005,,,,,,,,,,,,,,,,,,,,,,,,,,,0.01,219,False,,,,,,,,,,,,,,,,,,,,,,,,,,,0.03,0.0005,30,0.75,,,,,,,,,,,631,-999906,,
True,False,2.5,1.7,30,2.5,,30,80,150,False,trend_bb_reversion,12,3,0.005,77.58907622484348,42.79510585063665,6,0.001,,,,,,,,,,,,,,,,,,,,,,,,,,,0.04,278,False,,,,,,,,,,,,,,,,,,,,,,,,,,,0.05,0.001,10,1.0,,,,,,,,,,,632,-999906,,
True,True,5.0,4.0,55,1.8,,12,10,150,False,trend_bb_reversion,18,6,0.025,58.57887732806469,35.91364145779467,24,0.005,,,,,,,,,,,,,,,,,,,,,,,,,,,0.08,299,False,,,,,,,,,,,,,,,,,,,,,,,,,,,0.08,0.0005,30,1.25,,,,,,,,,,,633,-999906,,
True,False,2.0,1.7,30,2.2,,40,80,400,False,trend_bb_reversion,24,8,0.025,58.500736701145556,36.14944023220835,36,0.005,,,,,,,,,,,,,,,,,,,,,,,,,,,0.025,443,False,,,,,,,,,,,,,,,,,,,,,,,,,,,0.05,0.0005,100,1.25,,,,,,,,,,,634,-999906,,
True,False,2.5,6.0,30,2.2,,40,20,150,False,channel_reclaim,36,4,0.0,60.78009076314262,25.45778593475564,36,0.01,,,,,,,,,,,,,,,,,,,,,,,,,,,0.015,657,False,,,,,,,,,,,,,,,,,,,,,,,,,,,0.08,0.001,50,0.0,,,,,,,,,,,635,-999906,,
True,True,2.0,1.7,55,2.5,,40,8,150,False,channel_reclaim,96,3,0.0025,60.00808702680508,31.91840577395645,3,0.0,,,,,,,,,,,,,,,,,,,,,,,,,,,0.08,531,True,,,,,,,,,,,,,,,,,,,,,,,,,,,0.04,0.0005,75,0.75,,,,,,,,,,,636,-999907,,
True,False,1.0,8.0,55,2.0,,40,8,300,False,range_bb_reversion,96,2,0.012,59.53435917458923,32.817972587546436,48,0.0025,,,,,,,,,,,,,,,,,,,,,,,,,,,0.015,789,False,,,,,,,,,,,,,,,,,,,,,,,,,,,0.2,0.001,10,0.75,,,,,,,,,,,637,-999907,,
True,False,3.0,4.0,40,2.5,,16,8,200,False,trend_bb_reversion,36,1,0.012,62.62372533515323,27.08036090916678,36,0.0025,,,,,,,,,,,,,,,,,,,,,,,,,,,0.08,1106,False,,,,,,,,,,,,,,,,,,,,,,,,,,,0.12,0.0,30,0.25,,,,,,,,,,,638,-999907,,
True,False,1.0,12.0,55,2.2,,10,80,100,False,channel_reclaim,72,8,0.012,60.26324210294891,37.210567167636206,24,0.005,,,,,,,,,,,,,,,,,,,,,,,,,,,0.01,74,False,,,,,,,,,,,,,,,,,,,,,,,,,,,1.0,0.001,75,1.5,,,,,,,,,,,639,-999908,,
True,False,2.0,1.7,30,2.5,,20,80,130,False,range_bb_reversion,12,8,0.008,69.58233398265763,29.85205412894025,18,0.0,,,,,,,,,,,,,,,,,,,,,,,,,,,0.01,256,True,,,,,,,,,,,,,,,,,,,,,,,,,,,0.04,0.0005,30,0.75,,,,,,,,,,,640,-999908,,
True,True,3.0,8.0,55,1.8,,30,30,150,False,range_bb_reversion,72,8,0.005,73.4089714941252,30.664721329523427,36,0.005,,,,,,,,,,,,,,,,,,,,,,,,,,,0.006,970,False,,,,,,,,,,,,,,,,,,,,,,,,,,,0.08,0.003,10,1.5,,,,,,,,,,,641,-999908,,
True,False,2.5,8.0,20,2.0,,40,8,150,False,trend_bb_reversion,8,3,0.008,61.18793547311617,28.252211642105237,36,0.005,,,,,,,,,,,,,,,,,,,,,,,,,,,0.015,226,True,,,,,,,,,,,,,,,,,,,,,,,,,,,0.05,0.0,150,1.0,,,,,,,,,,,642,-999909,,
True,False,5.0,4.0,80,2.2,,8,8,200,False,range_bb_reversion,36,3,0.0,67.75845914041113,43.552341298905716,6,0.01,,,,,,,,,,,,,,,,,,,,,,,,,,,0.025,279,False,,,,,,,,,,,,,,,,,,,,,,,,,,,0.05,0.0005,75,0.75,,,,,,,,,,,643,-999909,,
True,False,1.5,3.0,14,1.5,,16,50,80,True,trend_state_tp,24,8,0.005,71.52813792869888,23.202144851564597,6,0.0025,,,,,,,,,,,,,,,,,,,,,,,,,,,0.025,363,False,,,,,,,,,,,,,,,,,,,,,,,,,,,0.03,0.0,75,1.5,,,,,,,,,,,644,-999909,,
True,True,2.0,12.0,14,1.8,,55,80,400,False,channel_reclaim,120,2,0.005,59.34924314842318,33.58400845513757,18,0.0025,,,,,,,,,,,,,,,,,,,,,,,,,,,0.01,707,True,,,,,,,,,,,,,,,,,,,,,,,,,,,0.04,0.0,10,0.25,,,,,,,,,,,645,-999909,,
True,False,2.0,1.3,55,2.0,,12,30,100,False,trend_bb_reversion,12,4,0.0,69.39714952362682,31.37364218469401,48,0.0005,,,,,,,,,,,,,,,,,,,,,,,,,,,0.025,1026,False,,,,,,,,,,,,,,,,,,,,,,,,,,,0.05,0.0005,75,0.75,,,,,,,,,,,646,-999909,,
True,False,5.0,4.0,40,1.8,,8,30,200,False,channel_reclaim,120,2,0.025,67.05990260534483,22.14523648961328,24,0.01,,,,,,,,,,,,,,,,,,,,,,,,,,,0.015,373,False,,,,,,,,,,,,,,,,,,,,,,,,,,,0.08,0.0,30,1.0,,,,,,,,,,,647,-999910,,
True,True,3.0,1.3,80,2.5,,55,14,150,False,range_bb_reversion,120,2,0.0,60.40574097088228,36.780210823327415,18,0.0,,,,,,,,,,,,,,,,,,,,,,,,,,,0.01,423,False,,,,,,,,,,,,,,,,,,,,,,,,,,,1.0,0.0005,150,0.75,,,,,,,,,,,648,-999910,,
True,False,5.0,4.0,80,2.5,,20,14,400,False,channel_reclaim,120,6,0.0,59.72174840499062,27.215044365653306,36,0.01,,,,,,,,,,,,,,,,,,,,,,,,,,,0.015,524,False,,,,,,,,,,,,,,,,,,,,,,,,,,,0.08,0.003,20,0.75,,,,,,,,,,,649,-999910,,
True,False,2.0,8.0,20,1.5,,16,30,80,False,range_bb_reversion,96,8,0.025,70.89358991110397,24.3734895321484,24,0.0,,,,,,,,,,,,,,,,,,,,,,,,,,,0.015,795,False,,,,,,,,,,,,,,,,,,,,,,,,,,,0.03,0.0005,50,0.5,,,,,,,,,,,650,-999910,,
True,False,2.0,12.0,30,2.0,,40,10,80,False,trend_reclaim,8,2,0.0025,72.77866339257592,24.22836195645402,18,0.005,,,,,,,,,,,,,,,,,,,,,,,,,,,0.006,906,True,,,,,,,,,,,,,,,,,,,,,,,,,,,0.05,0.0005,100,0.75,,,,,,,,,,,651,-999910,,
True,False,2.0,2.2,40,1.8,,12,20,300,False,trend_bb_reversion,96,3,0.012,74.06409256490831,42.654913565845234,36,0.0,,,,,,,,,,,,,,,,,,,,,,,,,,,0.025,41,False,,,,,,,,,,,,,,,,,,,,,,,,,,,0.2,0.003,150,1.5,,,,,,,,,,,652,-999911,,
True,False,4.0,8.0,80,2.0,,30,14,300,False,range_bb_reversion,24,3,0.0,70.49324605894918,36.31479141233304,12,0.0,,,,,,,,,,,,,,,,,,,,,,,,,,,0.025,105,False,,,,,,,,,,,,,,,,,,,,,,,,,,,0.2,0.003,50,1.25,,,,,,,,,,,653,-999911,,
True,False,1.5,8.0,55,2.5,,30,14,300,False,trend_reclaim,120,3,0.0025,77.18824843581064,43.63857058174706,48,0.0,,,,,,,,,,,,,,,,,,,,,,,,,,,0.025,522,False,,,,,,,,,,,,,,,,,,,,,,,,,,,0.04,0.002,20,0.75,,,,,,,,,,,654,-999911,,
True,True,2.5,8.0,30,1.8,,8,50,300,False,range_bb_reversion,12,1,0.005,77.96538045759429,25.224880099828823,3,0.0005,,,,,,,,,,,,,,,,,,,,,,,,,,,0.01,603,False,,,,,,,,,,,,,,,,,,,,,,,,,,,0.2,0.0005,150,1.0,,,,,,,,,,,655,-999911,,
True,False,1.0,1.7,30,1.8,,12,50,150,False,range_bb_reversion,18,4,0.0025,72.89060110203333,43.19215230147753,6,0.005,,,,,,,,,,,,,,,,,,,,,,,,,,,0.006,698,False,,,,,,,,,,,,,,,,,,,,,,,,,,,0.03,0.0,30,1.25,,,,,,,,,,,656,-999911,,
True,False,5.0,1.7,20,1.5,,20,14,80,False,trend_reclaim,18,2,0.005,74.17195072287235,41.831872384843585,6,0.0,,,,,,,,,,,,,,,,,,,,,,,,,,,0.08,992,False,,,,,,,,,,,,,,,,,,,,,,,,,,,0.08,0.001,10,0.5,,,,,,,,,,,657,-999911,,
True,False,3.0,2.2,20,2.2,,20,8,400,False,range_bb_reversion,8,3,0.008,76.14764920781292,40.126369871477166,3,0.01,,,,,,,,,,,,,,,,,,,,,,,,,,,0.015,284,False,,,,,,,,,,,,,,,,,,,,,,,,,,,0.05,0.001,50,0.25,,,,,,,,,,,658,-999912,,
True,True,1.0,6.0,30,2.5,,10,10,400,True,trend_state_tp,12,8,0.005,70.97498531214082,23.594774651945524,36,0.01,,,,,,,,,,,,,,,,,,,,,,,,,,,0.006,814,False,,,,,,,,,,,,,,,,,,,,,,,,,,,0.03,0.0,10,1.5,,,,,,,,,,,659,-999912,,
True,False,5.0,6.0,55,1.8,,55,8,150,False,trend_bb_reversion,36,1,0.005,64.5026607325813,37.237886655316316,48,0.001,,,,,,,,,,,,,,,,,,,,,,,,,,,0.015,998,False,,,,,,,,,,,,,,,,,,,,,,,,,,,0.2,0.002,30,0.0,,,,,,,,,,,660,-999912,,
True,True,2.5,3.0,80,1.8,,55,8,150,False,range_bb_reversion,96,4,0.018,74.43349964893795,26.925857625638457,24,0.005,,,,,,,,,,,,,,,,,,,,,,,,,,,0.01,1100,False,,,,,,,,,,,,,,,,,,,,,,,,,,,1.0,0.001,30,1.25,,,,,,,,,,,661,-999912,,
True,False,1.5,8.0,30,2.5,,8,8,50,False,range_bb_reversion,12,8,0.008,76.62598960378904,43.753349683335735,18,0.0,,,,,,,,,,,,,,,,,,,,,,,,,,,0.006,1176,False,,,,,,,,,,,,,,,,,,,,,,,,,,,0.05,0.001,50,1.25,,,,,,,,,,,662,-999912,,
True,False,4.0,4.0,20,2.5,,16,8,150,False,channel_reclaim,36,4,0.025,64.03994560009413,30.031573545488182,36,0.0,,,,,,,,,,,,,,,,,,,,,,,,,,,0.01,266,False,,,,,,,,,,,,,,,,,,,,,,,,,,,0.03,0.0,20,1.0,,,,,,,,,,,663,-999913,,
True,False,1.0,1.3,14,2.2,,55,14,400,False,trend_reclaim,48,3,0.005,58.24035053227248,40.57896706050698,18,0.0025,,,,,,,,,,,,,,,,,,,,,,,,,,,0.04,382,False,,,,,,,,,,,,,,,,,,,,,,,,,,,1.0,0.002,50,0.75,,,,,,,,,,,664,-999913,,
True,False,3.0,3.0,55,2.2,,12,30,300,False,channel_reclaim,96,3,0.025,58.88619902404319,36.06178505795916,12,0.0,,,,,,,,,,,,,,,,,,,,,,,,,,,0.006,930,False,,,,,,,,,,,,,,,,,,,,,,,,,,,0.03,0.001,100,1.0,,,,,,,,,,,665,-999914,,
True,False,1.0,4.0,20,2.0,,40,80,400,False,trend_reclaim,18,3,0.0025,74.45472527935914,38.12486690731012,48,0.005,,,,,,,,,,,,,,,,,,,,,,,,,,,0.025,19,True,,,,,,,,,,,,,,,,,,,,,,,,,,,0.08,0.003,50,0.25,,,,,,,,,,,666,-999915,,
True,True,2.0,1.7,20,2.5,,55,14,80,False,channel_reclaim,12,6,0.0,74.83041479033321,24.573663717664584,24,0.001,,,,,,,,,,,,,,,,,,,,,,,,,,,0.04,339,False,,,,,,,,,,,,,,,,,,,,,,,,,,,0.2,0.001,10,0.25,,,,,,,,,,,667,-999915,,
True,False,2.5,3.0,40,2.2,,20,50,200,False,trend_bb_reversion,18,6,0.0,72.77571011335023,38.69934430926889,12,0.0025,,,,,,,,,,,,,,,,,,,,,,,,,,,0.01,385,False,,,,,,,,,,,,,,,,,,,,,,,,,,,1.0,0.001,10,0.75,,,,,,,,,,,668,-999915,,
True,False,4.0,2.2,14,1.8,,12,14,50,False,trend_bb_reversion,72,4,0.0025,77.85740926160011,25.9625990343537,36,0.005,,,,,,,,,,,,,,,,,,,,,,,,,,,0.08,1111,False,,,,,,,,,,,,,,,,,,,,,,,,,,,0.04,0.003,100,0.5,,,,,,,,,,,669,-999915,,
True,False,1.5,6.0,40,2.0,,8,80,130,False,range_bb_reversion,18,6,0.0025,58.01472606222962,27.65772354652705,36,0.0005,,,,,,,,,,,,,,,,,,,,,,,,,,,0.01,577,False,,,,,,,,,,,,,,,,,,,,,,,,,,,0.03,0.001,20,0.0,,,,,,,,,,,670,-999916,,
True,False,5.0,2.2,14,1.8,,30,10,400,False,range_bb_reversion,120,8,0.018,71.68634375195248,38.86669799980023,6,0.001,,,,,,,,,,,,,,,,,,,,,,,,,,,0.01,501,False,,,,,,,,,,,,,,,,,,,,,,,,,,,1.0,0.001,50,0.25,,,,,,,,,,,671,-999917,,
True,False,4.0,1.3,40,1.8,,8,80,100,False,trend_bb_reversion,96,4,0.018,63.60497318201907,35.6106507845106,24,0.0005,,,,,,,,,,,,,,,,,,,,,,,,,,,0.025,540,True,,,,,,,,,,,,,,,,,,,,,,,,,,,0.03,0.0005,10,0.25,,,,,,,,,,,672,-999918,,
True,False,3.0,6.0,40,2.5,,16,8,80,False,trend_reclaim,120,6,0.0025,65.70408565390895,27.897209792914246,24,0.001,,,,,,,,,,,,,,,,,,,,,,,,,,,0.006,861,False,,,,,,,,,,,,,,,,,,,,,,,,,,,1.0,0.0005,100,1.0,,,,,,,,,,,673,-999918,,
True,False,2.5,8.0,14,1.5,,55,14,100,True,trend_state_tp,12,4,0.018,66.05606156869896,33.59930385412716,6,0.01,,,,,,,,,,,,,,,,,,,,,,,,,,,0.08,1054,False,,,,,,,,,,,,,,,,,,,,,,,,,,,0.12,0.001,75,0.5,,,,,,,,,,,674,-999918,,
True,True,4.0,8.0,80,2.2,,10,14,200,False,trend_bb_reversion,24,1,0.018,68.99132081760025,44.32814445804866,18,0.0,,,,,,,,,,,,,,,,,,,,,,,,,,,0.015,316,False,,,,,,,,,,,,,,,,,,,,,,,,,,,0.04,0.0,30,0.75,,,,,,,,,,,675,-999919,,
True,False,2.0,12.0,20,2.5,,20,80,400,False,trend_bb_reversion,120,8,0.025,67.4343290710677,30.657173327938978,6,0.001,,,,,,,,,,,,,,,,,,,,,,,,,,,0.01,435,False,,,,,,,,,,,,,,,,,,,,,,,,,,,0.05,0.0,100,0.0,,,,,,,,,,,676,-999919,,
True,False,5.0,1.3,80,2.5,,20,20,150,False,channel_reclaim,96,6,0.0,61.795990901624464,37.396139219080084,48,0.005,,,,,,,,,,,,,,,,,,,,,,,,,,,0.015,485,False,,,,,,,,,,,,,,,,,,,,,,,,,,,0.08,0.002,75,1.5,,,,,,,,,,,677,-999919,,
True,False,1.5,2.2,20,2.2,,10,14,100,False,channel_reclaim,24,3,0.025,77.61708869734044,28.96046948294967,12,0.001,,,,,,,,,,,,,,,,,,,,,,,,,,,0.006,416,False,,,,,,,,,,,,,,,,,,,,,,,,,,,0.05,0.003,150,1.5,,,,,,,,,,,678,-999920,,
True,False,1.5,8.0,14,1.5,,20,50,100,False,channel_reclaim,96,1,0.008,66.96626143805875,43.746186149983714,36,0.0025,,,,,,,,,,,,,,,,,,,,,,,,,,,0.08,618,False,,,,,,,,,,,,,,,,,,,,,,,,,,,0.03,0.0,75,1.0,,,,,,,,,,,679,-999920,,
True,False,1.5,12.0,55,2.5,,20,30,100,False,trend_bb_reversion,96,1,0.0025,60.58543316656121,22.42612996886337,24,0.0,,,,,,,,,,,,,,,,,,,,,,,,,,,0.006,944,True,,,,,,,,,,,,,,,,,,,,,,,,,,,0.2,0.001,100,0.0,,,,,,,,,,,680,-999920,,
True,False,1.5,6.0,14,2.5,,16,8,300,False,channel_reclaim,48,2,0.0,74.10874891252737,34.35308120398087,36,0.005,,,,,,,,,,,,,,,,,,,,,,,,,,,0.08,1196,False,,,,,,,,,,,,,,,,,,,,,,,,,,,0.03,0.0005,50,0.75,,,,,,,,,,,681,-999920,,
True,False,3.0,12.0,20,1.8,,16,30,150,False,trend_bb_reversion,48,1,0.0025,70.01276896713614,23.87840323594427,18,0.0025,,,,,,,,,,,,,,,,,,,,,,,,,,,0.08,547,False,,,,,,,,,,,,,,,,,,,,,,,,,,,0.04,0.002,100,0.25,,,,,,,,,,,682,-999921,,
True,False,4.0,2.2,30,1.5,,12,10,200,False,range_bb_reversion,120,4,0.012,67.55456310287737,33.38624732762177,3,0.0005,,,,,,,,,,,,,,,,,,,,,,,,,,,0.01,744,True,,,,,,,,,,,,,,,,,,,,,,,,,,,0.04,0.0005,150,1.25,,,,,,,,,,,683,-999921,,
True,False,4.0,4.0,14,1.5,,10,8,200,False,range_bb_reversion,18,6,0.018,68.7734745400539,25.365652218960165,48,0.01,,,,,,,,,,,,,,,,,,,,,,,,,,,0.01,905,False,,,,,,,,,,,,,,,,,,,,,,,,,,,0.2,0.0005,100,0.25,,,,,,,,,,,684,-999921,,
True,False,5.0,8.0,80,2.0,,16,50,300,False,range_bb_reversion,120,2,0.012,77.45714815175691,35.315605229649954,36,0.0005,,,,,,,,,,,,,,,,,,,,,,,,,,,0.025,1113,False,,,,,,,,,,,,,,,,,,,,,,,,,,,0.12,0.002,100,0.25,,,,,,,,,,,685,-999921,,
True,False,3.0,2.2,30,2.0,,55,50,300,False,channel_reclaim,36,8,0.0025,60.633610091771224,38.935554060432494,36,0.0025,,,,,,,,,,,,,,,,,,,,,,,,,,,0.01,160,False,,,,,,,,,,,,,,,,,,,,,,,,,,,0.12,0.0005,150,1.0,,,,,,,,,,,686,-999922,,
True,False,2.5,12.0,30,1.8,,16,30,200,False,trend_reclaim,18,2,0.0025,69.08549881341577,29.104178751002344,6,0.001,,,,,,,,,,,,,,,,,,,,,,,,,,,0.006,239,False,,,,,,,,,,,,,,,,,,,,,,,,,,,1.0,0.0005,100,0.75,,,,,,,,,,,687,-999922,,
True,False,2.0,1.7,80,1.8,,55,80,130,False,range_bb_reversion,120,4,0.0025,74.13113628428202,24.50132376550918,48,0.0005,,,,,,,,,,,,,,,,,,,,,,,,,,,0.015,303,True,,,,,,,,,,,,,,,,,,,,,,,,,,,0.04,0.003,10,1.5,,,,,,,,,,,688,-999922,,
False,True,4.0,1.7,14,2.2,,20,10,80,False,channel_reclaim,96,6,0.0,68.15653698736482,38.57948632111949,18,0.005,,,,,,,,,,,,,,,,,,,,,,,,,,,0.006,580,False,,,,,,,,,,,,,,,,,,,,,,,,,,,0.04,0.002,10,0.25,,,,,,,,,,,689,-999922,,
True,False,2.5,4.0,40,2.0,,30,50,100,False,channel_reclaim,18,6,0.012,66.34972501023937,32.05207762584843,3,0.0,,,,,,,,,,,,,,,,,,,,,,,,,,,0.015,684,False,,,,,,,,,,,,,,,,,,,,,,,,,,,0.12,0.0,150,0.5,,,,,,,,,,,690,-999922,,
True,True,1.0,4.0,30,2.0,,55,10,300,False,trend_reclaim,24,6,0.008,69.735617339328,26.178748540967415,18,0.0025,,,,,,,,,,,,,,,,,,,,,,,,,,,0.006,946,False,,,,,,,,,,,,,,,,,,,,,,,,,,,0.12,0.001,10,0.75,,,,,,,,,,,691,-999922,,
True,False,4.0,1.3,14,2.2,,20,50,100,False,range_bb_reversion,18,6,0.0025,71.7235277361538,27.222923039513383,3,0.005,,,,,,,,,,,,,,,,,,,,,,,,,,,0.006,7,False,,,,,,,,,,,,,,,,,,,,,,,,,,,0.08,0.001,30,1.25,,,,,,,,,,,692,-999923,,
True,False,5.0,4.0,30,2.0,,55,80,200,False,channel_reclaim,36,2,0.008,71.27849179841634,29.263284944601285,18,0.0,,,,,,,,,,,,,,,,,,,,,,,,,,,0.006,23,False,,,,,,,,,,,,,,,,,,,,,,,,,,,0.05,0.0,10,0.75,,,,,,,,,,,693,-999923,,
True,False,1.0,1.7,20,2.5,,16,80,400,False,range_bb_reversion,18,8,0.005,66.14838754778346,44.99120097790073,6,0.01,,,,,,,,,,,,,,,,,,,,,,,,,,,0.015,375,False,,,,,,,,,,,,,,,,,,,,,,,,,,,1.0,0.001,30,0.25,,,,,,,,,,,694,-999923,,
True,False,1.5,3.0,20,1.5,,20,30,300,False,range_bb_reversion,48,4,0.018,61.170477012773965,28.117195889025975,18,0.01,,,,,,,,,,,,,,,,,,,,,,,,,,,0.01,676,False,,,,,,,,,,,,,,,,,,,,,,,,,,,0.12,0.003,150,0.0,,,,,,,,,,,695,-999923,,
True,False,2.0,12.0,20,1.8,,16,80,400,False,range_bb_reversion,8,4,0.005,64.42290534587667,33.8506415792854,48,0.0,,,,,,,,,,,,,,,,,,,,,,,,,,,0.01,875,False,,,,,,,,,,,,,,,,,,,,,,,,,,,0.05,0.002,20,0.5,,,,,,,,,,,696,-999923,,
True,True,3.0,1.7,40,2.5,,16,30,200,False,range_bb_reversion,48,4,0.008,73.1289685323716,34.17623623565836,48,0.0025,,,,,,,,,,,,,,,,,,,,,,,,,,,0.01,81,False,,,,,,,,,,,,,,,,,,,,,,,,,,,0.03,0.0,50,0.75,,,,,,,,,,,697,-999924,,
False,True,5.0,6.0,40,1.8,,8,50,300,False,trend_reclaim,72,8,0.0,58.663153492692786,35.45558078329573,36,0.0,,,,,,,,,,,,,,,,,,,,,,,,,,,0.006,289,False,,,,,,,,,,,,,,,,,,,,,,,,,,,1.0,0.002,20,1.5,,,,,,,,,,,698,-999924,,
True,False,1.0,12.0,40,2.0,,12,50,400,False,range_bb_reversion,96,2,0.018,75.42380528779593,24.470101374913757,12,0.0005,,,,,,,,,,,,,,,,,,,,,,,,,,,0.025,840,False,,,,,,,,,,,,,,,,,,,,,,,,,,,0.08,0.001,50,1.5,,,,,,,,,,,699,-999924,,
True,False,1.0,4.0,20,2.5,,40,30,100,False,channel_reclaim,36,3,0.012,61.36917146604616,29.723291077388637,36,0.01,,,,,,,,,,,,,,,,,,,,,,,,,,,0.08,1122,False,,,,,,,,,,,,,,,,,,,,,,,,,,,0.05,0.001,100,0.75,,,,,,,,,,,700,-999924,,
True,True,2.0,1.7,14,2.5,,55,30,100,False,channel_reclaim,18,2,0.005,59.87773059618124,40.26017458748947,24,0.0,,,,,,,,,,,,,,,,,,,,,,,,,,,0.01,413,False,,,,,,,,,,,,,,,,,,,,,,,,,,,0.04,0.0,10,1.0,,,,,,,,,,,701,-999925,,
False,True,5.0,8.0,30,2.2,,55,8,200,False,trend_bb_reversion,18,4,0.0025,59.8257201130666,23.63731091062386,18,0.005,,,,,,,,,,,,,,,,,,,,,,,,,,,0.025,442,False,,,,,,,,,,,,,,,,,,,,,,,,,,,0.12,0.0005,10,0.5,,,,,,,,,,,702,-999925,,
True,False,4.0,6.0,55,2.0,,8,30,200,False,trend_bb_reversion,72,3,0.018,63.108642890826204,27.287581042438056,18,0.0,,,,,,,,,,,,,,,,,,,,,,,,,,,0.025,1189,False,,,,,,,,,,,,,,,,,,,,,,,,,,,0.05,0.001,50,0.25,,,,,,,,,,,703,-999926,,
True,False,3.0,8.0,55,2.0,,30,10,200,False,trend_bb_reversion,24,6,0.005,71.00493013113847,27.48466848056832,48,0.005,,,,,,,,,,,,,,,,,,,,,,,,,,,0.01,961,False,,,,,,,,,,,,,,,,,,,,,,,,,,,0.08,0.001,10,0.25,,,,,,,,,,,704,-999927,,
True,False,4.0,3.0,20,1.8,,8,10,400,False,trend_bb_reversion,24,4,0.008,70.33436305071426,34.27651379699629,6,0.0,,,,,,,,,,,,,,,,,,,,,,,,,,,0.015,1001,False,,,,,,,,,,,,,,,,,,,,,,,,,,,0.03,0.003,100,1.0,,,,,,,,,,,705,-999927,,
True,False,1.0,3.0,55,2.0,,8,8,400,False,range_bb_reversion,18,4,0.005,75.55558329768814,37.781521344494884,6,0.001,,,,,,,,,,,,,,,,,,,,,,,,,,,0.025,132,False,,,,,,,,,,,,,,,,,,,,,,,,,,,0.03,0.001,150,0.0,,,,,,,,,,,706,-999928,,
True,False,3.0,3.0,80,2.2,,8,20,100,True,trend_state_tp,12,8,0.008,72.81531899802538,44.311319069172384,36,0.01,,,,,,,,,,,,,,,,,,,,,,,,,,,0.015,201,False,,,,,,,,,,,,,,,,,,,,,,,,,,,0.03,0.0005,100,1.5,,,,,,,,,,,707,-999928,,
True,False,1.0,2.2,80,1.8,,10,10,400,False,range_bb_reversion,12,4,0.0,67.82603858464512,26.08697250015059,48,0.0025,,,,,,,,,,,,,,,,,,,,,,,,,,,0.025,660,False,,,,,,,,,,,,,,,,,,,,,,,,,,,1.0,0.003,10,1.0,,,,,,,,,,,708,-999928,,
True,True,4.0,12.0,14,2.5,,40,80,300,False,range_bb_reversion,24,4,0.012,68.84714738812428,37.95707674922053,24,0.0,,,,,,,,,,,,,,,,,,,,,,,,,,,0.01,1095,False,,,,,,,,,,,,,,,,,,,,,,,,,,,0.03,0.002,30,1.25,,,,,,,,,,,709,-999928,,
True,True,1.0,6.0,20,2.0,,10,20,50,False,trend_bb_reversion,12,6,0.025,68.89213399729515,24.8044730683753,3,0.0005,,,,,,,,,,,,,,,,,,,,,,,,,,,0.04,262,False,,,,,,,,,,,,,,,,,,,,,,,,,,,0.08,0.001,75,0.0,,,,,,,,,,,710,-999929,,
True,True,3.0,8.0,55,1.8,,40,20,400,False,range_bb_reversion,48,2,0.025,62.48011113192421,39.893319285663,18,0.005,,,,,,,,,,,,,,,,,,,,,,,,,,,0.01,263,False,,,,,,,,,,,,,,,,,,,,,,,,,,,0.03,0.001,30,0.25,,,,,,,,,,,711,-999929,,
True,False,2.5,2.2,14,2.2,,40,8,80,False,channel_reclaim,72,1,0.0025,65.382550936986,43.644856239336875,36,0.005,,,,,,,,,,,,,,,,,,,,,,,,,,,0.08,515,False,,,,,,,,,,,,,,,,,,,,,,,,,,,1.0,0.0005,50,0.0,,,,,,,,,,,712,-999929,,
True,False,2.5,1.3,20,2.0,,20,80,300,True,trend_state_tp,12,4,0.008,59.86226222847571,33.416758168113816,18,0.01,,,,,,,,,,,,,,,,,,,,,,,,,,,0.01,887,False,,,,,,,,,,,,,,,,,,,,,,,,,,,0.03,0.0005,100,0.5,,,,,,,,,,,713,-999929,,
True,False,1.5,2.2,80,2.5,,10,20,200,False,range_bb_reversion,12,6,0.005,63.04992043287727,25.339285387273904,36,0.01,,,,,,,,,,,,,,,,,,,,,,,,,,,0.025,959,False,,,,,,,,,,,,,,,,,,,,,,,,,,,0.2,0.0005,20,0.5,,,,,,,,,,,714,-999929,,
True,False,3.0,6.0,40,1.5,,12,14,80,False,trend_reclaim,48,4,0.0025,71.04542180289863,29.6743141800352,48,0.0,,,,,,,,,,,,,,,,,,,,,,,,,,,0.04,166,False,,,,,,,,,,,,,,,,,,,,,,,,,,,0.08,0.0005,100,1.0,,,,,,,,,,,715,-999930,,
True,False,2.0,1.7,80,1.5,,30,20,80,False,range_bb_reversion,8,3,0.012,73.73302540183413,25.04301574381353,3,0.001,,,,,,,,,,,,,,,,,,,,,,,,,,,0.006,656,False,,,,,,,,,,,,,,,,,,,,,,,,,,,0.2,0.0,30,1.25,,,,,,,,,,,716,-999931,,
True,False,5.0,12.0,20,2.0,,40,80,200,False,channel_reclaim,120,2,0.012,70.46375032274833,38.74934087575288,18,0.0005,,,,,,,,,,,,,,,,,,,,,,,,,,,0.025,927,False,,,,,,,,,,,,,,,,,,,,,,,,,,,0.04,0.0,20,0.0,,,,,,,,,,,717,-999931,,
True,False,1.5,12.0,14,2.5,,40,30,80,False,channel_reclaim,8,3,0.0025,64.71499899648032,39.23579750148154,18,0.0,,,,,,,,,,,,,,,,,,,,,,,,,,,0.025,212,False,,,,,,,,,,,,,,,,,,,,,,,,,,,0.03,0.0,75,0.5,,,,,,,,,,,718,-999932,,
True,True,2.0,2.2,20,1.8,,55,10,150,False,trend_bb_reversion,96,2,0.0,74.05995226873297,34.53927518903034,3,0.001,,,,,,,,,,,,,,,,,,,,,,,,,,,0.025,364,False,,,,,,,,,,,,,,,,,,,,,,,,,,,0.12,0.0005,10,1.5,,,,,,,,,,,719,-999932,,
True,False,1.5,8.0,20,1.8,,10,80,130,False,trend_bb_reversion,12,8,0.008,61.554729458792366,23.959595580520826,18,0.0025,,,,,,,,,,,,,,,,,,,,,,,,,,,0.01,751,False,,,,,,,,,,,,,,,,,,,,,,,,,,,0.08,0.001,30,1.0,,,,,,,,,,,720,-999932,,
True,True,1.5,3.0,80,2.2,,20,50,150,False,trend_bb_reversion,36,1,0.0025,75.77839281349075,37.80998351175841,48,0.005,,,,,,,,,,,,,,,,,,,,,,,,,,,0.006,151,False,,,,,,,,,,,,,,,,,,,,,,,,,,,0.05,0.003,20,1.5,,,,,,,,,,,721,-999933,,
True,False,4.0,3.0,80,2.0,,10,80,200,False,range_bb_reversion,8,1,0.0025,58.989823257242286,32.18074990606887,6,0.0005,,,,,,,,,,,,,,,,,,,,,,,,,,,0.006,344,False,,,,,,,,,,,,,,,,,,,,,,,,,,,0.04,0.0005,150,0.75,,,,,,,,,,,722,-999933,,
True,False,2.5,3.0,40,2.5,,16,8,200,False,channel_reclaim,18,6,0.025,69.41999180292238,44.10477048550551,18,0.005,,,,,,,,,,,,,,,,,,,,,,,,,,,0.025,790,False,,,,,,,,,,,,,,,,,,,,,,,,,,,1.0,0.0005,30,1.5,,,,,,,,,,,723,-999933,,
True,True,5.0,12.0,30,2.2,,12,30,80,False,trend_reclaim,72,8,0.0,66.76350287174735,38.29894083584647,12,0.005,,,,,,,,,,,,,,,,,,,,,,,,,,,0.025,903,False,,,,,,,,,,,,,,,,,,,,,,,,,,,0.04,0.0,30,0.5,,,,,,,,,,,724,-999933,,
True,False,2.0,4.0,30,2.0,,55,14,200,False,trend_reclaim,72,8,0.0,60.67448371461628,27.676389730104,18,0.01,,,,,,,,,,,,,,,,,,,,,,,,,,,0.006,1064,False,,,,,,,,,,,,,,,,,,,,,,,,,,,1.0,0.0005,10,1.0,,,,,,,,,,,725,-999933,,
False,True,5.0,3.0,14,1.8,,12,10,300,False,trend_bb_reversion,72,6,0.012,63.272435050066896,34.31537066912437,6,0.0005,,,,,,,,,,,,,,,,,,,,,,,,,,,0.04,455,False,,,,,,,,,,,,,,,,,,,,,,,,,,,0.08,0.003,50,1.5,,,,,,,,,,,726,-999934,,
False,True,5.0,12.0,20,1.5,,20,8,80,False,channel_reclaim,36,1,0.0,62.405467228093656,43.35805675396296,3,0.0005,,,,,,,,,,,,,,,,,,,,,,,,,,,0.01,737,False,,,,,,,,,,,,,,,,,,,,,,,,,,,1.0,0.003,20,0.75,,,,,,,,,,,727,-999934,,
True,False,1.5,4.0,55,1.8,,30,80,300,False,range_bb_reversion,12,2,0.0,71.41641629353306,27.085349724133042,12,0.001,,,,,,,,,,,,,,,,,,,,,,,,,,,0.01,872,False,,,,,,,,,,,,,,,,,,,,,,,,,,,0.08,0.0,20,1.0,,,,,,,,,,,728,-999934,,
True,False,1.5,8.0,40,2.2,,10,30,200,False,trend_reclaim,36,2,0.0,74.36114215264234,31.594132964197385,18,0.001,,,,,,,,,,,,,,,,,,,,,,,,,,,0.08,176,False,,,,,,,,,,,,,,,,,,,,,,,,,,,0.12,0.0005,75,1.25,,,,,,,,,,,729,-999935,,
True,False,5.0,12.0,20,2.5,,30,8,150,False,channel_reclaim,24,4,0.012,64.78668253861733,24.125962031542798,24,0.005,,,,,,,,,,,,,,,,,,,,,,,,,,,0.08,556,False,,,,,,,,,,,,,,,,,,,,,,,,,,,0.12,0.001,30,1.25,,,,,,,,,,,730,-999935,,
True,False,1.0,12.0,30,1.8,,20,8,400,False,trend_bb_reversion,18,1,0.025,59.105413366584756,43.51060946104493,6,0.0025,,,,,,,,,,,,,,,,,,,,,,,,,,,0.015,990,False,,,,,,,,,,,,,,,,,,,,,,,,,,,0.05,0.0,50,0.75,,,,,,,,,,,731,-999935,,
True,False,4.0,4.0,55,2.5,,30,10,80,False,range_bb_reversion,120,8,0.025,62.211383043323636,42.54605420842775,24,0.01,,,,,,,,,,,,,,,,,,,,,,,,,,,0.015,64,False,,,,,,,,,,,,,,,,,,,,,,,,,,,0.03,0.0,50,1.25,,,,,,,,,,,732,-999936,,
True,False,3.0,3.0,14,2.2,,12,8,400,False,trend_bb_reversion,120,2,0.0025,65.20441380578863,36.95018746541187,18,0.0025,,,,,,,,,,,,,,,,,,,,,,,,,,,0.01,419,False,,,,,,,,,,,,,,,,,,,,,,,,,,,0.04,0.001,50,1.5,,,,,,,,,,,733,-999936,,
True,False,1.5,8.0,30,2.0,,40,14,150,False,trend_bb_reversion,18,6,0.025,75.70102565981348,27.682960921182442,36,0.001,,,,,,,,,,,,,,,,,,,,,,,,,,,0.01,572,False,,,,,,,,,,,,,,,,,,,,,,,,,,,0.12,0.0,10,1.5,,,,,,,,,,,734,-999936,,
True,False,4.0,3.0,30,2.5,,20,80,130,False,trend_bb_reversion,36,4,0.008,65.89046189657486,34.377400050933915,36,0.001,,,,,,,,,,,,,,,,,,,,,,,,,,,0.015,932,True,,,,,,,,,,,,,,,,,,,,,,,,,,,0.04,0.0005,100,1.5,,,,,,,,,,,735,-999936,,
True,False,2.5,4.0,55,2.0,,55,50,150,False,trend_bb_reversion,18,8,0.012,61.55535737555264,42.21721244649709,18,0.001,,,,,,,,,,,,,,,,,,,,,,,,,,,0.025,174,True,,,,,,,,,,,,,,,,,,,,,,,,,,,1.0,0.001,30,1.5,,,,,,,,,,,736,-999937,,
True,False,1.0,1.7,80,2.5,,40,50,80,False,channel_reclaim,120,8,0.005,70.06947293236743,31.21542992174199,48,0.005,,,,,,,,,,,,,,,,,,,,,,,,,,,0.08,274,False,,,,,,,,,,,,,,,,,,,,,,,,,,,0.03,0.0,50,0.0,,,,,,,,,,,737,-999937,,
True,False,3.0,6.0,40,2.5,,8,80,130,False,trend_bb_reversion,36,1,0.0,60.3766352387053,35.34264882863363,36,0.001,,,,,,,,,,,,,,,,,,,,,,,,,,,0.01,479,False,,,,,,,,,,,,,,,,,,,,,,,,,,,0.03,0.0005,75,0.75,,,,,,,,,,,738,-999937,,
True,False,4.0,1.3,55,1.8,,12,30,150,False,trend_reclaim,72,4,0.005,58.06796252233325,37.61251559210829,12,0.0005,,,,,,,,,,,,,,,,,,,,,,,,,,,0.025,558,False,,,,,,,,,,,,,,,,,,,,,,,,,,,0.2,0.003,10,0.5,,,,,,,,,,,739,-999937,,
True,False,2.0,4.0,14,2.0,,55,80,400,False,range_bb_reversion,72,6,0.0025,72.77854836987504,33.7135594190892,12,0.005,,,,,,,,,,,,,,,,,,,,,,,,,,,0.01,701,False,,,,,,,,,,,,,,,,,,,,,,,,,,,0.08,0.0,10,0.0,,,,,,,,,,,740,-999937,,
True,False,3.0,8.0,55,2.5,,55,30,80,False,range_bb_reversion,72,4,0.012,67.39685461491973,33.08578598630006,36,0.0,,,,,,,,,,,,,,,,,,,,,,,,,,,0.01,1072,False,,,,,,,,,,,,,,,,,,,,,,,,,,,0.03,0.002,30,1.25,,,,,,,,,,,741,-999937,,
True,False,5.0,1.7,40,2.0,,12,50,400,False,range_bb_reversion,8,2,0.0,75.50330391787807,42.98748471137568,48,0.0025,,,,,,,,,,,,,,,,,,,,,,,,,,,0.01,726,False,,,,,,,,,,,,,,,,,,,,,,,,,,,1.0,0.0,75,1.25,,,,,,,,,,,742,-999938,,
True,False,1.5,2.2,20,2.0,,12,8,100,False,trend_bb_reversion,48,6,0.0,77.6764553821281,26.45065243894718,6,0.0,,,,,,,,,,,,,,,,,,,,,,,,,,,0.006,896,False,,,,,,,,,,,,,,,,,,,,,,,,,,,0.04,0.0005,10,1.0,,,,,,,,,,,743,-999938,,
True,False,1.0,6.0,14,2.5,,30,20,200,False,channel_reclaim,96,2,0.012,65.3917576799083,35.20289380181212,3,0.0,,,,,,,,,,,,,,,,,,,,,,,,,,,0.015,1011,False,,,,,,,,,,,,,,,,,,,,,,,,,,,0.12,0.003,100,1.25,,,,,,,,,,,744,-999938,,
True,True,3.0,8.0,80,1.5,,16,30,100,False,trend_bb_reversion,96,2,0.012,62.95376711205134,40.846103887758716,3,0.0,,,,,,,,,,,,,,,,,,,,,,,,,,,0.025,609,True,,,,,,,,,,,,,,,,,,,,,,,,,,,0.08,0.001,75,0.75,,,,,,,,,,,745,-999939,,
True,False,2.0,8.0,14,2.5,,55,10,150,False,trend_reclaim,18,8,0.0025,77.13343868459489,37.48314592223608,48,0.0025,,,,,,,,,,,,,,,,,,,,,,,,,,,0.025,336,False,,,,,,,,,,,,,,,,,,,,,,,,,,,0.2,0.0,10,1.25,,,,,,,,,,,746,-999940,,
True,False,2.5,4.0,30,2.5,,40,8,400,False,range_bb_reversion,96,1,0.005,73.45942014379114,32.06107112963186,12,0.0,,,,,,,,,,,,,,,,,,,,,,,,,,,0.025,450,False,,,,,,,,,,,,,,,,,,,,,,,,,,,0.04,0.002,10,0.75,,,,,,,,,,,747,-999940,,
True,False,2.0,1.3,20,1.5,,16,30,150,False,trend_bb_reversion,48,1,0.008,71.82519254756468,40.309068722560895,12,0.01,,,,,,,,,,,,,,,,,,,,,,,,,,,0.04,671,False,,,,,,,,,,,,,,,,,,,,,,,,,,,1.0,0.0005,100,0.75,,,,,,,,,,,748,-999940,,
True,False,1.0,1.3,30,2.5,,20,50,150,False,trend_bb_reversion,24,2,0.018,59.491511060228035,34.767351791222524,48,0.01,,,,,,,,,,,,,,,,,,,,,,,,,,,0.015,729,False,,,,,,,,,,,,,,,,,,,,,,,,,,,0.03,0.001,75,1.0,,,,,,,,,,,749,-999941,,
True,False,3.0,3.0,80,1.8,,8,50,100,False,trend_bb_reversion,120,2,0.025,63.669790030759565,29.396104145513178,48,0.0005,,,,,,,,,,,,,,,,,,,,,,,,,,,0.006,826,False,,,,,,,,,,,,,,,,,,,,,,,,,,,0.08,0.003,10,1.0,,,,,,,,,,,750,-999941,,
True,False,2.5,2.2,40,2.0,,20,14,150,False,channel_reclaim,72,8,0.0025,64.79022745287416,43.07909506441675,3,0.0,,,,,,,,,,,,,,,,,,,,,,,,,,,0.08,1027,False,,,,,,,,,,,,,,,,,,,,,,,,,,,0.03,0.0,30,1.0,,,,,,,,,,,751,-999941,,
True,False,2.0,3.0,20,2.5,,16,8,200,False,trend_reclaim,8,6,0.0,61.61891155457144,26.704289556849808,36,0.0,,,,,,,,,,,,,,,,,,,,,,,,,,,0.015,230,True,,,,,,,,,,,,,,,,,,,,,,,,,,,0.05,0.002,30,1.5,,,,,,,,,,,752,-999942,,
True,False,2.5,2.2,80,1.5,,10,14,200,False,trend_bb_reversion,24,4,0.008,63.90912562627544,38.46352476268765,36,0.0,,,,,,,,,,,,,,,,,,,,,,,,,,,0.08,397,False,,,,,,,,,,,,,,,,,,,,,,,,,,,0.03,0.001,20,0.5,,,,,,,,,,,753,-999942,,
True,False,1.5,6.0,20,2.5,,16,10,80,False,trend_reclaim,18,3,0.005,67.00448073921389,26.260075479867783,18,0.0025,,,,,,,,,,,,,,,,,,,,,,,,,,,0.04,650,False,,,,,,,,,,,,,,,,,,,,,,,,,,,0.05,0.0005,75,0.0,,,,,,,,,,,754,-999942,,
True,False,4.0,6.0,14,2.0,,30,50,80,False,channel_reclaim,18,8,0.025,63.09499927399587,33.55097406155978,18,0.001,,,,,,,,,,,,,,,,,,,,,,,,,,,0.08,668,False,,,,,,,,,,,,,,,,,,,,,,,,,,,0.05,0.0,75,1.25,,,,,,,,,,,755,-999942,,
True,False,2.0,2.2,40,1.5,,55,50,100,False,trend_reclaim,96,3,0.0,74.45038564027274,23.726582261390014,6,0.001,,,,,,,,,,,,,,,,,,,,,,,,,,,0.025,733,True,,,,,,,,,,,,,,,,,,,,,,,,,,,0.2,0.0005,150,0.75,,,,,,,,,,,756,-999942,,
True,False,1.5,4.0,40,1.5,,20,14,200,False,channel_reclaim,96,3,0.012,60.83725945316391,43.28589998683088,18,0.005,,,,,,,,,,,,,,,,,,,,,,,,,,,0.01,1124,True,,,,,,,,,,,,,,,,,,,,,,,,,,,1.0,0.0005,50,1.5,,,,,,,,,,,757,-999942,,
True,False,5.0,1.7,30,2.5,,12,80,100,True,trend_state_tp,72,4,0.0025,58.5310178599277,37.670362547109555,12,0.01,,,,,,,,,,,,,,,,,,,,,,,,,,,0.015,126,False,,,,,,,,,,,,,,,,,,,,,,,,,,,0.03,0.003,20,0.0,,,,,,,,,,,758,-999943,,
True,False,3.0,3.0,20,2.0,,40,10,80,False,trend_bb_reversion,96,1,0.012,64.57167464827485,44.20923424823258,48,0.0,,,,,,,,,,,,,,,,,,,,,,,,,,,0.01,285,True,,,,,,,,,,,,,,,,,,,,,,,,,,,0.04,0.0005,150,1.5,,,,,,,,,,,759,-999943,,
True,False,1.0,8.0,30,1.5,,10,14,80,False,channel_reclaim,18,6,0.008,68.77578285945658,35.635879305036894,6,0.005,,,,,,,,,,,,,,,,,,,,,,,,,,,0.025,429,False,,,,,,,,,,,,,,,,,,,,,,,,,,,0.08,0.003,50,1.0,,,,,,,,,,,760,-999943,,
False,True,1.0,6.0,40,2.5,,16,30,50,False,trend_bb_reversion,24,4,0.012,62.954793009805044,39.03418245012105,36,0.0,,,,,,,,,,,,,,,,,,,,,,,,,,,0.006,433,False,,,,,,,,,,,,,,,,,,,,,,,,,,,0.04,0.0005,10,0.75,,,,,,,,,,,761,-999943,,
True,False,1.0,1.3,20,2.5,,55,8,200,False,channel_reclaim,120,3,0.018,67.52256397135619,26.506981167324426,36,0.005,,,,,,,,,,,,,,,,,,,,,,,,,,,0.01,557,False,,,,,,,,,,,,,,,,,,,,,,,,,,,0.04,0.002,30,0.0,,,,,,,,,,,762,-999943,,
True,False,2.5,12.0,80,1.5,,8,14,50,False,range_bb_reversion,72,8,0.005,73.94575973337243,22.53108206670126,36,0.005,,,,,,,,,,,,,,,,,,,,,,,,,,,0.01,562,False,,,,,,,,,,,,,,,,,,,,,,,,,,,0.04,0.0005,150,0.75,,,,,,,,,,,763,-999943,,
True,False,2.0,8.0,14,2.5,,55,80,200,False,trend_reclaim,72,8,0.0025,60.08792218338611,42.677247218163586,18,0.0,,,,,,,,,,,,,,,,,,,,,,,,,,,0.04,1185,False,,,,,,,,,,,,,,,,,,,,,,,,,,,0.08,0.001,30,0.0,,,,,,,,,,,764,-999944,,
True,False,3.0,6.0,40,1.5,,16,14,50,False,trend_reclaim,96,1,0.005,67.31423952288944,44.39495861500962,18,0.01,,,,,,,,,,,,,,,,,,,,,,,,,,,0.08,687,False,,,,,,,,,,,,,,,,,,,,,,,,,,,1.0,0.002,30,0.25,,,,,,,,,,,765,-999945,,
True,False,1.5,3.0,20,2.5,,20,10,400,False,trend_bb_reversion,12,3,0.018,66.3443612352715,38.26994637819999,36,0.001,,,,,,,,,,,,,,,,,,,,,,,,,,,0.025,772,False,,,,,,,,,,,,,,,,,,,,,,,,,,,0.03,0.0005,150,1.5,,,,,,,,,,,766,-999945,,
True,False,1.5,1.7,30,2.5,,10,8,400,True,trend_state_tp,120,3,0.008,59.005431088088415,39.30429220040745,3,0.0025,,,,,,,,,,,,,,,,,,,,,,,,,,,0.025,426,False,,,,,,,,,,,,,,,,,,,,,,,,,,,0.2,0.003,10,1.5,,,,,,,,,,,767,-999946,,
True,False,4.0,2.2,14,1.5,,20,20,400,True,trend_state_tp,72,1,0.025,67.63961691493789,22.041111031601133,6,0.005,,,,,,,,,,,,,,,,,,,,,,,,,,,0.08,1130,False,,,,,,,,,,,,,,,,,,,,,,,,,,,0.08,0.0005,50,1.5,,,,,,,,,,,768,-999946,,
True,False,4.0,12.0,20,1.8,,55,14,150,False,channel_reclaim,12,8,0.0025,75.00953233046005,41.52985264531263,36,0.0025,,,,,,,,,,,,,,,,,,,,,,,,,,,0.08,1132,False,,,,,,,,,,,,,,,,,,,,,,,,,,,0.04,0.001,100,0.0,,,,,,,,,,,769,-999946,,
False,True,4.0,4.0,14,1.8,,10,80,150,False,channel_reclaim,72,6,0.012,68.23623059972982,23.735265017421113,3,0.0,,,,,,,,,,,,,,,,,,,,,,,,,,,0.006,30,False,,,,,,,,,,,,,,,,,,,,,,,,,,,0.05,0.001,30,1.5,,,,,,,,,,,770,-999947,,
True,False,2.0,8.0,30,1.5,,40,30,400,False,trend_reclaim,8,4,0.005,68.33356751849166,39.906862594784315,3,0.0005,,,,,,,,,,,,,,,,,,,,,,,,,,,0.08,480,False,,,,,,,,,,,,,,,,,,,,,,,,,,,0.12,0.001,10,1.0,,,,,,,,,,,771,-999947,,
True,False,2.5,8.0,20,2.5,,30,30,200,False,range_bb_reversion,48,3,0.0025,60.90554565746273,26.823006519323673,48,0.001,,,,,,,,,,,,,,,,,,,,,,,,,,,0.015,481,False,,,,,,,,,,,,,,,,,,,,,,,,,,,0.12,0.002,100,1.0,,,,,,,,,,,772,-999947,,
True,False,1.5,12.0,55,1.5,,10,80,300,False,channel_reclaim,18,2,0.012,66.54326643951184,32.82804578048544,12,0.005,,,,,,,,,,,,,,,,,,,,,,,,,,,0.015,692,False,,,,,,,,,,,,,,,,,,,,,,,,,,,0.03,0.0,50,0.25,,,,,,,,,,,773,-999947,,
True,False,4.0,8.0,40,2.0,,16,10,200,False,trend_bb_reversion,120,6,0.008,73.28953464684258,38.94508195170411,12,0.0005,,,,,,,,,,,,,,,,,,,,,,,,,,,0.01,287,False,,,,,,,,,,,,,,,,,,,,,,,,,,,1.0,0.002,150,1.5,,,,,,,,,,,774,-999948,,
True,False,2.5,3.0,20,2.5,,16,30,200,False,range_bb_reversion,12,6,0.025,58.490989691911615,39.641703622485196,24,0.0025,,,,,,,,,,,,,,,,,,,,,,,,,,,0.006,330,False,,,,,,,,,,,,,,,,,,,,,,,,,,,0.2,0.001,50,1.25,,,,,,,,,,,775,-999948,,
True,False,1.5,1.3,80,2.5,,16,8,300,False,range_bb_reversion,24,2,0.025,58.76235332534713,43.55799794469936,48,0.0025,,,,,,,,,,,,,,,,,,,,,,,,,,,0.015,1061,False,,,,,,,,,,,,,,,,,,,,,,,,,,,1.0,0.0,50,1.0,,,,,,,,,,,776,-999948,,
True,False,1.5,12.0,20,2.2,,20,10,100,False,channel_reclaim,36,2,0.0,62.50443354886462,32.17555385503912,3,0.0,,,,,,,,,,,,,,,,,,,,,,,,,,,0.015,1174,False,,,,,,,,,,,,,,,,,,,,,,,,,,,0.08,0.0005,30,1.5,,,,,,,,,,,777,-999948,,
True,False,4.0,6.0,30,2.0,,8,10,200,False,channel_reclaim,96,2,0.0,68.38022504892241,42.638481889066476,36,0.0005,,,,,,,,,,,,,,,,,,,,,,,,,,,0.015,205,False,,,,,,,,,,,,,,,,,,,,,,,,,,,0.03,0.001,20,1.5,,,,,,,,,,,778,-999949,,
True,False,2.0,1.3,14,1.8,,55,8,200,False,channel_reclaim,12,2,0.018,62.94880102252304,43.7154890031552,36,0.01,,,,,,,,,,,,,,,,,,,,,,,,,,,0.025,414,False,,,,,,,,,,,,,,,,,,,,,,,,,,,0.08,0.003,100,0.75,,,,,,,,,,,779,-999949,,
True,False,3.0,1.7,14,2.0,,8,30,80,False,trend_reclaim,72,1,0.005,59.68950437012238,43.30677538701405,36,0.01,,,,,,,,,,,,,,,,,,,,,,,,,,,0.04,493,False,,,,,,,,,,,,,,,,,,,,,,,,,,,0.08,0.001,30,0.25,,,,,,,,,,,780,-999949,,
True,False,2.0,1.3,55,2.2,,12,30,150,False,trend_bb_reversion,72,6,0.025,60.806976301446,44.82982145390748,48,0.0,,,,,,,,,,,,,,,,,,,,,,,,,,,0.015,716,False,,,,,,,,,,,,,,,,,,,,,,,,,,,0.03,0.0,150,1.0,,,,,,,,,,,781,-999949,,
True,True,5.0,1.7,80,2.2,,8,80,400,False,trend_bb_reversion,48,3,0.012,70.84206474562929,29.707402805273713,6,0.001,,,,,,,,,,,,,,,,,,,,,,,,,,,0.01,747,False,,,,,,,,,,,,,,,,,,,,,,,,,,,0.05,0.0,50,0.5,,,,,,,,,,,782,-999949,,
True,False,2.5,8.0,40,2.5,,55,10,300,False,range_bb_reversion,48,2,0.0,58.794205470080925,40.67925903641838,12,0.005,,,,,,,,,,,,,,,,,,,,,,,,,,,0.015,171,False,,,,,,,,,,,,,,,,,,,,,,,,,,,0.03,0.0,30,1.0,,,,,,,,,,,783,-999950,,
True,False,1.0,1.7,40,2.5,,55,80,130,False,channel_reclaim,72,8,0.0025,77.8748455314877,30.009156373982808,36,0.0025,,,,,,,,,,,,,,,,,,,,,,,,,,,0.08,264,False,,,,,,,,,,,,,,,,,,,,,,,,,,,0.2,0.002,10,1.25,,,,,,,,,,,784,-999950,,
True,False,1.5,1.7,30,2.2,,20,10,50,False,trend_bb_reversion,18,8,0.0025,66.12818731018179,40.269675066131455,6,0.0005,,,,,,,,,,,,,,,,,,,,,,,,,,,0.08,494,False,,,,,,,,,,,,,,,,,,,,,,,,,,,0.08,0.002,50,1.5,,,,,,,,,,,785,-999951,,
True,False,1.5,1.3,14,1.5,,16,8,400,False,trend_reclaim,120,1,0.0,72.61357727506028,39.66202840916271,24,0.001,,,,,,,,,,,,,,,,,,,,,,,,,,,0.08,708,False,,,,,,,,,,,,,,,,,,,,,,,,,,,0.03,0.003,100,1.0,,,,,,,,,,,786,-999951,,
True,False,3.0,2.2,30,2.2,,30,10,50,False,trend_bb_reversion,96,1,0.0025,59.23634932106759,27.020354451481598,24,0.01,,,,,,,,,,,,,,,,,,,,,,,,,,,0.006,981,True,,,,,,,,,,,,,,,,,,,,,,,,,,,0.08,0.0005,20,0.75,,,,,,,,,,,787,-999951,,
False,True,2.0,3.0,40,2.5,,55,8,300,False,channel_reclaim,8,3,0.025,71.00519369103979,29.917698590177057,36,0.0025,,,,,,,,,,,,,,,,,,,,,,,,,,,0.006,195,False,,,,,,,,,,,,,,,,,,,,,,,,,,,0.03,0.0,150,0.0,,,,,,,,,,,788,-999952,,
True,False,1.0,12.0,80,2.2,,16,10,400,False,trend_bb_reversion,48,8,0.025,70.14005131706917,40.65336668897542,18,0.0,,,,,,,,,,,,,,,,,,,,,,,,,,,0.04,802,True,,,,,,,,,,,,,,,,,,,,,,,,,,,0.12,0.001,20,1.5,,,,,,,,,,,789,-999952,,
True,True,1.5,4.0,14,2.0,,8,14,50,False,trend_reclaim,18,4,0.0025,67.74731453793262,27.314179980652703,36,0.005,,,,,,,,,,,,,,,,,,,,,,,,,,,0.025,978,False,,,,,,,,,,,,,,,,,,,,,,,,,,,0.05,0.001,30,1.5,,,,,,,,,,,790,-999952,,
True,False,1.0,3.0,55,1.5,,55,20,200,False,trend_bb_reversion,48,2,0.008,76.35613997056332,35.21519958733633,48,0.0,,,,,,,,,,,,,,,,,,,,,,,,,,,0.01,27,False,,,,,,,,,,,,,,,,,,,,,,,,,,,0.04,0.0,150,1.25,,,,,,,,,,,791,-999953,,
True,False,2.5,4.0,80,2.5,,55,80,150,False,trend_bb_reversion,120,6,0.0025,63.286735177907914,29.46293136305619,48,0.005,,,,,,,,,,,,,,,,,,,,,,,,,,,0.006,408,False,,,,,,,,,,,,,,,,,,,,,,,,,,,0.05,0.0,50,0.25,,,,,,,,,,,792,-999953,,
True,False,2.0,1.7,20,1.5,,10,30,150,False,trend_reclaim,8,1,0.005,62.17361819545211,40.781223440723466,24,0.01,,,,,,,,,,,,,,,,,,,,,,,,,,,0.015,969,True,,,,,,,,,,,,,,,,,,,,,,,,,,,0.12,0.0,100,0.5,,,,,,,,,,,793,-999953,,
True,False,4.0,1.3,55,2.5,,10,30,100,False,trend_bb_reversion,8,3,0.018,74.08872689784081,37.301477149523684,24,0.005,,,,,,,,,,,,,,,,,,,,,,,,,,,0.025,306,False,,,,,,,,,,,,,,,,,,,,,,,,,,,0.05,0.002,75,0.75,,,,,,,,,,,794,-999954,,
True,False,5.0,1.7,30,1.5,,30,8,100,False,channel_reclaim,18,4,0.018,68.9200611216336,23.897379055770887,24,0.0,,,,,,,,,,,,,,,,,,,,,,,,,,,0.04,1003,False,,,,,,,,,,,,,,,,,,,,,,,,,,,0.12,0.003,30,1.5,,,,,,,,,,,795,-999954,,
True,False,1.5,2.2,55,2.2,,20,50,300,False,range_bb_reversion,8,4,0.018,75.84052142242108,34.879039752693494,48,0.001,,,,,,,,,,,,,,,,,,,,,,,,,,,0.006,259,False,,,,,,,,,,,,,,,,,,,,,,,,,,,0.08,0.001,30,0.75,,,,,,,,,,,796,-999955,,
True,False,3.0,2.2,30,2.2,,10,50,100,False,trend_bb_reversion,12,1,0.025,72.6530396496157,25.730643286539486,12,0.0005,,,,,,,,,,,,,,,,,,,,,,,,,,,0.01,521,False,,,,,,,,,,,,,,,,,,,,,,,,,,,0.05,0.001,75,1.25,,,,,,,,,,,797,-999955,,
True,False,5.0,1.3,55,2.0,,40,10,300,False,channel_reclaim,24,1,0.018,70.20068949857561,39.73514680107541,18,0.0,,,,,,,,,,,,,,,,,,,,,,,,,,,0.015,808,False,,,,,,,,,,,,,,,,,,,,,,,,,,,0.08,0.001,10,1.5,,,,,,,,,,,798,-999955,,
True,False,4.0,4.0,14,1.5,,20,10,300,False,trend_reclaim,72,8,0.005,59.26303686380411,25.50805625952763,48,0.001,,,,,,,,,,,,,,,,,,,,,,,,,,,0.01,849,False,,,,,,,,,,,,,,,,,,,,,,,,,,,1.0,0.0,75,1.0,,,,,,,,,,,799,-999955,,
True,False,1.0,6.0,30,2.5,,10,14,100,False,channel_reclaim,96,6,0.018,76.38560310339281,26.193086025244273,24,0.0025,,,,,,,,,,,,,,,,,,,,,,,,,,,0.006,165,False,,,,,,,,,,,,,,,,,,,,,,,,,,,0.03,0.001,150,1.25,,,,,,,,,,,800,-999956,,
True,False,2.5,8.0,55,1.5,,40,30,200,False,trend_bb_reversion,8,6,0.0025,77.16552318489772,28.397379834008603,24,0.001,,,,,,,,,,,,,,,,,,,,,,,,,,,0.08,421,False,,,,,,,,,,,,,,,,,,,,,,,,,,,0.05,0.002,100,1.25,,,,,,,,,,,801,-999956,,
True,False,2.0,2.2,80,1.8,,55,20,100,False,trend_bb_reversion,96,1,0.0,75.27106603461533,24.886499032954788,36,0.005,,,,,,,,,,,,,,,,,,,,,,,,,,,0.01,752,False,,,,,,,,,,,,,,,,,,,,,,,,,,,0.2,0.0005,30,0.5,,,,,,,,,,,802,-999956,,
True,False,1.5,12.0,14,2.5,,55,80,150,False,channel_reclaim,36,2,0.008,76.98792705489288,34.55044584865508,48,0.0005,,,,,,,,,,,,,,,,,,,,,,,,,,,0.015,885,False,,,,,,,,,,,,,,,,,,,,,,,,,,,0.05,0.002,150,1.5,,,,,,,,,,,803,-999956,,
True,False,5.0,12.0,30,2.5,,10,30,300,False,range_bb_reversion,96,1,0.012,59.512239223866786,22.678095216358493,3,0.0,,,,,,,,,,,,,,,,,,,,,,,,,,,0.025,164,False,,,,,,,,,,,,,,,,,,,,,,,,,,,0.04,0.003,30,1.0,,,,,,,,,,,804,-999957,,
True,False,4.0,3.0,80,2.0,,8,80,200,False,range_bb_reversion,96,6,0.025,58.760815770296574,32.312757279394525,3,0.0,,,,,,,,,,,,,,,,,,,,,,,,,,,0.006,276,True,,,,,,,,,,,,,,,,,,,,,,,,,,,0.05,0.0005,20,1.5,,,,,,,,,,,805,-999957,,
True,False,1.5,4.0,40,2.2,,30,80,130,False,trend_bb_reversion,24,4,0.005,59.26617909320572,35.119294646823896,48,0.0025,,,,,,,,,,,,,,,,,,,,,,,,,,,0.08,298,False,,,,,,,,,,,,,,,,,,,,,,,,,,,0.03,0.0005,10,1.25,,,,,,,,,,,806,-999957,,
True,False,3.0,12.0,55,1.5,,12,50,400,False,range_bb_reversion,48,3,0.0025,67.77815467216475,37.7705173548829,24,0.001,,,,,,,,,,,,,,,,,,,,,,,,,,,0.006,454,True,,,,,,,,,,,,,,,,,,,,,,,,,,,1.0,0.003,150,1.25,,,,,,,,,,,807,-999957,,
True,False,2.5,6.0,55,2.5,,10,30,200,False,channel_reclaim,8,4,0.0025,63.67220053477803,42.018113194513354,18,0.01,,,,,,,,,,,,,,,,,,,,,,,,,,,0.01,1145,True,,,,,,,,,,,,,,,,,,,,,,,,,,,0.03,0.0,10,0.0,,,,,,,,,,,808,-999957,,
True,False,4.0,1.3,80,2.0,,16,30,200,False,trend_reclaim,36,6,0.008,69.58407992172428,43.72074597358723,48,0.0005,,,,,,,,,,,,,,,,,,,,,,,,,,,0.015,90,True,,,,,,,,,,,,,,,,,,,,,,,,,,,1.0,0.002,10,0.5,,,,,,,,,,,809,-999958,,
True,True,2.5,4.0,80,1.5,,8,8,50,False,range_bb_reversion,24,8,0.005,76.54061802822925,29.420573714207396,6,0.0005,,,,,,,,,,,,,,,,,,,,,,,,,,,0.006,642,False,,,,,,,,,,,,,,,,,,,,,,,,,,,0.08,0.003,100,1.0,,,,,,,,,,,810,-999958,,
True,False,4.0,6.0,20,2.5,,30,30,400,False,trend_reclaim,120,3,0.005,77.03605541960683,32.707133239403845,48,0.0025,,,,,,,,,,,,,,,,,,,,,,,,,,,0.01,69,True,,,,,,,,,,,,,,,,,,,,,,,,,,,0.04,0.002,30,0.0,,,,,,,,,,,811,-999959,,
True,False,2.5,12.0,30,2.5,,12,14,100,False,trend_reclaim,48,2,0.008,59.320242277894984,44.988627112835005,24,0.0025,,,,,,,,,,,,,,,,,,,,,,,,,,,0.04,197,False,,,,,,,,,,,,,,,,,,,,,,,,,,,0.12,0.001,150,0.0,,,,,,,,,,,812,-999959,,
True,False,5.0,1.7,30,1.5,,12,80,300,True,trend_state_tp,36,6,0.012,63.160304976379535,43.10225342488672,6,0.0025,,,,,,,,,,,,,,,,,,,,,,,,,,,0.04,260,False,,,,,,,,,,,,,,,,,,,,,,,,,,,0.03,0.0,75,1.5,,,,,,,,,,,813,-999959,,
True,False,1.5,1.7,80,1.8,,12,50,80,False,trend_reclaim,8,1,0.0025,66.25661790721223,42.50098787721531,24,0.005,,,,,,,,,,,,,,,,,,,,,,,,,,,0.01,418,False,,,,,,,,,,,,,,,,,,,,,,,,,,,0.05,0.003,30,0.25,,,,,,,,,,,814,-999959,,
True,False,2.5,4.0,14,1.8,,55,8,150,False,channel_reclaim,72,3,0.012,70.88592627729552,26.513839338609333,6,0.0,,,,,,,,,,,,,,,,,,,,,,,,,,,0.01,780,False,,,,,,,,,,,,,,,,,,,,,,,,,,,0.08,0.001,30,1.0,,,,,,,,,,,815,-999959,,
True,False,2.0,2.2,30,2.2,,10,80,150,False,trend_reclaim,36,4,0.0025,75.9529451691779,31.335102823114116,18,0.0005,,,,,,,,,,,,,,,,,,,,,,,,,,,0.015,845,False,,,,,,,,,,,,,,,,,,,,,,,,,,,0.08,0.003,150,0.25,,,,,,,,,,,816,-999959,,
False,True,2.5,3.0,80,2.5,,12,20,50,False,channel_reclaim,12,8,0.0,71.45735763963889,43.84322638278093,18,0.01,,,,,,,,,,,,,,,,,,,,,,,,,,,0.04,949,False,,,,,,,,,,,,,,,,,,,,,,,,,,,1.0,0.002,50,1.5,,,,,,,,,,,817,-999959,,
True,False,5.0,1.7,55,1.8,,8,14,150,False,channel_reclaim,18,2,0.0,68.76507522608989,30.082218722194483,12,0.01,,,,,,,,,,,,,,,,,,,,,,,,,,,0.006,1025,False,,,,,,,,,,,,,,,,,,,,,,,,,,,0.04,0.0,10,0.0,,,,,,,,,,,818,-999959,,
True,True,2.0,2.2,80,2.0,,40,10,150,False,channel_reclaim,24,3,0.012,76.9110442171498,37.52396234711996,18,0.005,,,,,,,,,,,,,,,,,,,,,,,,,,,0.015,243,True,,,,,,,,,,,,,,,,,,,,,,,,,,,0.08,0.0005,150,1.5,,,,,,,,,,,819,-999960,,
True,False,3.0,4.0,40,1.8,,10,10,50,False,range_bb_reversion,8,4,0.012,68.03985497397318,22.91192453190932,36,0.0005,,,,,,,,,,,,,,,,,,,,,,,,,,,0.01,319,False,,,,,,,,,,,,,,,,,,,,,,,,,,,0.03,0.003,75,1.25,,,,,,,,,,,820,-999960,,
True,False,3.0,1.7,20,1.8,,10,10,100,False,trend_bb_reversion,8,6,0.012,65.55851030260253,25.89263872343744,6,0.001,,,,,,,,,,,,,,,,,,,,,,,,,,,0.04,389,False,,,,,,,,,,,,,,,,,,,,,,,,,,,0.05,0.003,75,1.0,,,,,,,,,,,821,-999960,,
True,False,1.5,6.0,80,2.2,,30,20,150,False,trend_reclaim,120,4,0.008,58.13215058951053,33.07672161521084,18,0.0,,,,,,,,,,,,,,,,,,,,,,,,,,,0.01,544,False,,,,,,,,,,,,,,,,,,,,,,,,,,,0.08,0.001,100,0.25,,,,,,,,,,,822,-999960,,
True,True,1.5,8.0,80,2.0,,30,80,200,False,trend_reclaim,36,8,0.008,76.97172338870483,27.577364413102426,3,0.0,,,,,,,,,,,,,,,,,,,,,,,,,,,0.006,601,False,,,,,,,,,,,,,,,,,,,,,,,,,,,0.12,0.001,30,0.75,,,,,,,,,,,823,-999960,,
True,True,3.0,4.0,80,2.5,,16,50,100,False,trend_reclaim,48,1,0.0,65.12359027408064,28.81511349576214,36,0.0025,,,,,,,,,,,,,,,,,,,,,,,,,,,0.01,99,False,,,,,,,,,,,,,,,,,,,,,,,,,,,0.03,0.002,100,1.25,,,,,,,,,,,824,-999961,,
True,False,3.0,4.0,55,2.5,,10,10,400,False,trend_bb_reversion,120,3,0.0025,64.04253058411258,39.3014200018642,6,0.0,,,,,,,,,,,,,,,,,,,,,,,,,,,0.08,116,False,,,,,,,,,,,,,,,,,,,,,,,,,,,0.03,0.0005,30,0.25,,,,,,,,,,,825,-999961,,
True,False,2.0,3.0,30,1.8,,12,14,50,False,trend_bb_reversion,96,1,0.005,60.997082328215015,32.35696439162873,18,0.01,,,,,,,,,,,,,,,,,,,,,,,,,,,0.01,569,False,,,,,,,,,,,,,,,,,,,,,,,,,,,0.2,0.001,150,1.25,,,,,,,,,,,826,-999961,,
True,False,1.0,4.0,14,1.8,,8,80,150,False,trend_reclaim,18,2,0.0,67.77209474474465,26.54465687707577,24,0.001,,,,,,,,,,,,,,,,,,,,,,,,,,,0.015,680,False,,,,,,,,,,,,,,,,,,,,,,,,,,,0.08,0.0,50,1.0,,,,,,,,,,,827,-999961,,
True,False,2.5,4.0,30,1.5,,10,8,400,False,trend_bb_reversion,96,8,0.005,72.3429409192234,27.566161614347827,6,0.0,,,,,,,,,,,,,,,,,,,,,,,,,,,0.08,985,True,,,,,,,,,,,,,,,,,,,,,,,,,,,0.08,0.003,100,1.5,,,,,,,,,,,828,-999961,,
True,False,2.5,6.0,40,2.5,,8,20,50,False,trend_bb_reversion,18,4,0.0025,71.29012352953897,28.1375027252222,12,0.0005,,,,,,,,,,,,,,,,,,,,,,,,,,,0.006,394,False,,,,,,,,,,,,,,,,,,,,,,,,,,,1.0,0.0,75,1.0,,,,,,,,,,,829,-999962,,
True,False,3.0,4.0,40,1.5,,30,8,80,False,channel_reclaim,72,6,0.0025,77.16009192118527,35.77395611294445,12,0.0025,,,,,,,,,,,,,,,,,,,,,,,,,,,0.01,560,True,,,,,,,,,,,,,,,,,,,,,,,,,,,1.0,0.0,30,1.25,,,,,,,,,,,830,-999962,,
False,True,5.0,12.0,55,2.2,,10,10,300,False,trend_reclaim,8,1,0.008,73.21903821601506,36.07160371640328,12,0.001,,,,,,,,,,,,,,,,,,,,,,,,,,,0.015,565,False,,,,,,,,,,,,,,,,,,,,,,,,,,,0.08,0.003,10,0.75,,,,,,,,,,,831,-999962,,
True,False,1.5,6.0,55,1.8,,16,50,200,False,trend_bb_reversion,36,6,0.0025,67.25528481954977,42.457024051027716,12,0.001,,,,,,,,,,,,,,,,,,,,,,,,,,,0.006,750,False,,,,,,,,,,,,,,,,,,,,,,,,,,,0.03,0.001,75,0.5,,,,,,,,,,,832,-999962,,
True,True,3.0,8.0,40,2.0,,16,20,400,False,channel_reclaim,120,6,0.0,60.16521989990044,43.31620877952108,3,0.0005,,,,,,,,,,,,,,,,,,,,,,,,,,,0.025,828,False,,,,,,,,,,,,,,,,,,,,,,,,,,,0.03,0.003,100,1.0,,,,,,,,,,,833,-999962,,
False,True,4.0,8.0,14,2.5,,55,20,150,False,channel_reclaim,8,1,0.0,77.37892181170457,35.57019546679885,24,0.0,,,,,,,,,,,,,,,,,,,,,,,,,,,0.04,972,True,,,,,,,,,,,,,,,,,,,,,,,,,,,0.03,0.002,10,0.5,,,,,,,,,,,834,-999962,,
True,True,1.0,2.2,40,2.5,,12,8,300,False,trend_reclaim,12,8,0.012,70.29877679236618,42.54590498455364,24,0.0005,,,,,,,,,,,,,,,,,,,,,,,,,,,0.04,1080,False,,,,,,,,,,,,,,,,,,,,,,,,,,,1.0,0.002,75,0.75,,,,,,,,,,,835,-999962,,
True,False,5.0,2.2,80,2.2,,20,80,400,False,range_bb_reversion,24,6,0.0025,76.11964874682079,33.9762277753287,3,0.0025,,,,,,,,,,,,,,,,,,,,,,,,,,,0.01,1123,False,,,,,,,,,,,,,,,,,,,,,,,,,,,1.0,0.002,75,1.25,,,,,,,,,,,836,-999962,,
True,False,1.5,4.0,55,1.8,,12,20,400,False,range_bb_reversion,36,6,0.008,72.63474495633513,36.21019300174477,18,0.0005,,,,,,,,,,,,,,,,,,,,,,,,,,,0.01,1180,True,,,,,,,,,,,,,,,,,,,,,,,,,,,0.05,0.001,20,1.25,,,,,,,,,,,837,-999962,,
True,False,1.0,12.0,14,1.5,,55,80,100,False,channel_reclaim,8,6,0.005,74.88243901167056,36.09083847693771,6,0.0,,,,,,,,,,,,,,,,,,,,,,,,,,,0.01,1195,False,,,,,,,,,,,,,,,,,,,,,,,,,,,1.0,0.001,50,0.0,,,,,,,,,,,838,-999962,,
True,False,3.0,4.0,55,1.8,,20,30,300,False,trend_bb_reversion,8,1,0.0025,71.53613758869304,40.56436036563664,12,0.005,,,,,,,,,,,,,,,,,,,,,,,,,,,0.006,77,False,,,,,,,,,,,,,,,,,,,,,,,,,,,0.05,0.0,150,0.0,,,,,,,,,,,839,-999963,,
True,True,1.0,2.2,20,2.0,,40,10,80,False,trend_reclaim,96,2,0.012,70.12802382408108,22.399656285176857,36,0.0005,,,,,,,,,,,,,,,,,,,,,,,,,,,0.04,249,False,,,,,,,,,,,,,,,,,,,,,,,,,,,0.2,0.002,75,0.0,,,,,,,,,,,840,-999963,,
True,True,5.0,3.0,30,1.8,,16,14,400,False,trend_bb_reversion,8,6,0.008,74.00495260188484,31.233138649870476,18,0.01,,,,,,,,,,,,,,,,,,,,,,,,,,,0.015,334,False,,,,,,,,,,,,,,,,,,,,,,,,,,,0.2,0.001,100,1.25,,,,,,,,,,,841,-999963,,
True,False,1.0,6.0,80,2.0,,8,10,200,False,range_bb_reversion,12,6,0.005,70.1400977154624,30.649629609242876,36,0.005,,,,,,,,,,,,,,,,,,,,,,,,,,,0.006,534,True,,,,,,,,,,,,,,,,,,,,,,,,,,,0.05,0.002,100,0.0,,,,,,,,,,,842,-999963,,
True,False,3.0,3.0,14,1.8,,20,14,300,True,trend_state_tp,96,2,0.025,62.53921242491593,40.19305344398897,3,0.0025,,,,,,,,,,,,,,,,,,,,,,,,,,,0.025,864,False,,,,,,,,,,,,,,,,,,,,,,,,,,,0.05,0.0,100,1.5,,,,,,,,,,,843,-999963,,
True,False,2.0,12.0,80,2.5,,30,8,400,False,channel_reclaim,18,2,0.0,73.30947885093215,39.2097589700311,48,0.0,,,,,,,,,,,,,,,,,,,,,,,,,,,0.025,1051,False,,,,,,,,,,,,,,,,,,,,,,,,,,,0.04,0.0,100,1.5,,,,,,,,,,,844,-999963,,
True,False,2.0,3.0,30,2.5,,30,30,80,False,trend_bb_reversion,8,6,0.025,59.013683255004494,28.710638394951573,12,0.0005,,,,,,,,,,,,,,,,,,,,,,,,,,,0.006,87,False,,,,,,,,,,,,,,,,,,,,,,,,,,,0.03,0.0005,50,1.25,,,,,,,,,,,845,-999964,,
True,False,3.0,6.0,14,2.5,,40,30,300,False,range_bb_reversion,8,4,0.012,61.69436179295634,44.5843630970396,3,0.0005,,,,,,,,,,,,,,,,,,,,,,,,,,,0.006,586,False,,,,,,,,,,,,,,,,,,,,,,,,,,,1.0,0.0005,50,0.25,,,,,,,,,,,846,-999964,,
True,False,1.5,2.2,30,2.5,,10,10,150,False,trend_bb_reversion,18,2,0.0025,60.46148735905674,42.223564240882496,18,0.0025,,,,,,,,,,,,,,,,,,,,,,,,,,,0.04,679,False,,,,,,,,,,,,,,,,,,,,,,,,,,,0.03,0.002,75,1.5,,,,,,,,,,,847,-999964,,
True,False,5.0,1.3,20,2.5,,12,10,150,False,trend_bb_reversion,72,1,0.005,72.20837935857537,34.16219776115207,18,0.01,,,,,,,,,,,,,,,,,,,,,,,,,,,0.015,794,False,,,,,,,,,,,,,,,,,,,,,,,,,,,0.04,0.0005,10,1.25,,,,,,,,,,,848,-999964,,
True,False,5.0,8.0,55,1.8,,30,50,200,False,channel_reclaim,8,6,0.012,76.93221698573309,28.15727234443261,12,0.005,,,,,,,,,,,,,,,,,,,,,,,,,,,0.04,1036,False,,,,,,,,,,,,,,,,,,,,,,,,,,,0.04,0.0,20,0.25,,,,,,,,,,,849,-999964,,
True,False,1.0,12.0,80,2.5,,40,30,200,False,channel_reclaim,48,6,0.025,65.09768230001221,29.43581569112829,3,0.001,,,,,,,,,,,,,,,,,,,,,,,,,,,0.01,17,True,,,,,,,,,,,,,,,,,,,,,,,,,,,0.08,0.0,100,0.0,,,,,,,,,,,850,-999965,,
True,False,1.5,6.0,55,2.2,,55,10,50,False,range_bb_reversion,96,3,0.025,75.27520834254098,28.46084989606717,48,0.01,,,,,,,,,,,,,,,,,,,,,,,,,,,0.006,178,False,,,,,,,,,,,,,,,,,,,,,,,,,,,0.2,0.002,30,1.0,,,,,,,,,,,851,-999965,,
True,False,2.5,2.2,40,2.5,,20,14,300,False,channel_reclaim,48,4,0.018,59.23904604690789,38.59126493890465,36,0.005,,,,,,,,,,,,,,,,,,,,,,,,,,,0.006,638,True,,,,,,,,,,,,,,,,,,,,,,,,,,,0.03,0.002,50,1.25,,,,,,,,,,,852,-999965,,
True,False,1.5,4.0,80,2.2,,20,50,100,False,trend_reclaim,18,6,0.0025,67.62572465474301,38.71320193277436,48,0.005,,,,,,,,,,,,,,,,,,,,,,,,,,,0.04,718,False,,,,,,,,,,,,,,,,,,,,,,,,,,,0.05,0.0,100,1.0,,,,,,,,,,,853,-999965,,
True,False,1.0,12.0,30,1.8,,12,8,300,False,trend_reclaim,48,8,0.008,73.17434797666395,24.197037595198537,24,0.01,,,,,,,,,,,,,,,,,,,,,,,,,,,0.08,881,False,,,,,,,,,,,,,,,,,,,,,,,,,,,0.2,0.001,100,0.0,,,,,,,,,,,854,-999965,,
True,False,4.0,6.0,55,2.0,,8,30,50,False,trend_bb_reversion,96,6,0.0025,65.08536359711199,35.785300718232136,24,0.0005,,,,,,,,,,,,,,,,,,,,,,,,,,,0.08,1019,False,,,,,,,,,,,,,,,,,,,,,,,,,,,0.04,0.003,30,1.25,,,,,,,,,,,855,-999965,,
True,False,2.0,6.0,20,2.0,,40,8,80,False,trend_bb_reversion,24,6,0.018,67.947750437561,23.40086109939627,6,0.001,,,,,,,,,,,,,,,,,,,,,,,,,,,0.006,1099,False,,,,,,,,,,,,,,,,,,,,,,,,,,,0.08,0.001,75,0.75,,,,,,,,,,,856,-999965,,
True,False,5.0,3.0,14,2.0,,30,8,50,False,trend_reclaim,120,8,0.008,70.83023607496308,39.964850261539524,48,0.01,,,,,,,,,,,,,,,,,,,,,,,,,,,0.025,1078,False,,,,,,,,,,,,,,,,,,,,,,,,,,,0.12,0.001,20,0.0,,,,,,,,,,,857,-999966,,
True,False,1.5,4.0,80,1.8,,12,14,80,False,trend_bb_reversion,48,3,0.012,74.54889160419773,42.280489320754185,48,0.0025,,,,,,,,,,,,,,,,,,,,,,,,,,,0.025,1166,False,,,,,,,,,,,,,,,,,,,,,,,,,,,0.12,0.003,30,1.5,,,,,,,,,,,858,-999966,,
True,False,3.0,4.0,30,2.5,,20,14,400,False,channel_reclaim,48,6,0.025,67.12856349261676,41.40237546441398,18,0.001,,,,,,,,,,,,,,,,,,,,,,,,,,,0.025,14,True,,,,,,,,,,,,,,,,,,,,,,,,,,,0.03,0.003,100,1.25,,,,,,,,,,,859,-999967,,
True,False,2.0,1.7,30,2.0,,16,20,80,False,channel_reclaim,24,2,0.0025,59.815856896002366,28.74414032803794,3,0.0,,,,,,,,,,,,,,,,,,,,,,,,,,,0.04,619,False,,,,,,,,,,,,,,,,,,,,,,,,,,,0.03,0.0,50,1.25,,,,,,,,,,,860,-999967,,
True,False,1.0,2.2,20,2.2,,30,50,200,False,channel_reclaim,12,4,0.008,61.08327844321806,34.994802268604175,12,0.005,,,,,,,,,,,,,,,,,,,,,,,,,,,0.08,809,False,,,,,,,,,,,,,,,,,,,,,,,,,,,0.04,0.003,30,0.75,,,,,,,,,,,861,-999967,,
True,False,5.0,12.0,20,2.0,,55,80,300,False,channel_reclaim,12,8,0.008,66.2670567678201,39.44892207868645,3,0.0005,,,,,,,,,,,,,,,,,,,,,,,,,,,0.025,145,False,,,,,,,,,,,,,,,,,,,,,,,,,,,0.05,0.0,150,0.0,,,,,,,,,,,862,-999968,,
True,False,5.0,12.0,80,1.5,,8,10,80,False,trend_reclaim,36,2,0.0,69.3947869923206,44.71464262213931,36,0.005,,,,,,,,,,,,,,,,,,,,,,,,,,,0.08,202,False,,,,,,,,,,,,,,,,,,,,,,,,,,,0.05,0.002,150,1.5,,,,,,,,,,,863,-999968,,
True,False,2.0,8.0,30,2.5,,55,30,80,False,trend_bb_reversion,12,6,0.012,68.3633594552687,22.703451136883377,18,0.0005,,,,,,,,,,,,,,,,,,,,,,,,,,,0.08,370,False,,,,,,,,,,,,,,,,,,,,,,,,,,,0.03,0.001,20,1.25,,,,,,,,,,,864,-999968,,
True,False,4.0,2.2,14,1.5,,12,30,400,False,trend_reclaim,24,1,0.0025,69.26680002690478,37.70695188641902,3,0.0,,,,,,,,,,,,,,,,,,,,,,,,,,,0.01,727,False,,,,,,,,,,,,,,,,,,,,,,,,,,,0.04,0.001,75,1.25,,,,,,,,,,,865,-999968,,
True,False,1.5,4.0,40,2.2,,10,10,200,False,trend_reclaim,12,1,0.008,76.75495947641511,27.859923342949905,18,0.0,,,,,,,,,,,,,,,,,,,,,,,,,,,0.08,788,False,,,,,,,,,,,,,,,,,,,,,,,,,,,1.0,0.001,100,1.0,,,,,,,,,,,866,-999968,,
True,False,5.0,3.0,30,2.5,,55,8,80,False,trend_bb_reversion,18,4,0.018,73.1453483783331,25.19453953219844,48,0.001,,,,,,,,,,,,,,,,,,,,,,,,,,,0.04,1090,False,,,,,,,,,,,,,,,,,,,,,,,,,,,1.0,0.001,75,1.5,,,,,,,,,,,867,-999968,,
True,False,4.0,12.0,14,1.5,,30,30,100,False,channel_reclaim,12,1,0.005,66.44683737510252,38.49376339599154,24,0.0025,,,,,,,,,,,,,,,,,,,,,,,,,,,0.04,199,False,,,,,,,,,,,,,,,,,,,,,,,,,,,0.03,0.0,100,1.0,,,,,,,,,,,868,-999969,,
True,False,1.5,6.0,20,1.5,,30,14,200,False,range_bb_reversion,96,1,0.008,73.7769096618041,25.042666366184097,48,0.0005,,,,,,,,,,,,,,,,,,,,,,,,,,,0.006,469,False,,,,,,,,,,,,,,,,,,,,,,,,,,,0.03,0.0005,20,0.5,,,,,,,,,,,869,-999969,,
True,True,1.0,2.2,55,2.2,,30,10,150,False,trend_bb_reversion,24,2,0.018,62.82070367678541,24.856963982112234,24,0.005,,,,,,,,,,,,,,,,,,,,,,,,,,,0.006,504,False,,,,,,,,,,,,,,,,,,,,,,,,,,,0.03,0.001,100,0.5,,,,,,,,,,,870,-999969,,
True,True,1.0,8.0,40,2.5,,55,8,300,False,trend_bb_reversion,12,8,0.012,67.59409672407887,36.21208135142479,18,0.01,,,,,,,,,,,,,,,,,,,,,,,,,,,0.01,533,False,,,,,,,,,,,,,,,,,,,,,,,,,,,0.2,0.0,75,1.5,,,,,,,,,,,871,-999969,,
False,True,1.0,12.0,80,2.0,,8,10,150,False,channel_reclaim,24,3,0.025,73.74143430155596,41.075082443062115,18,0.01,,,,,,,,,,,,,,,,,,,,,,,,,,,0.006,730,False,,,,,,,,,,,,,,,,,,,,,,,,,,,0.12,0.0005,100,1.5,,,,,,,,,,,872,-999969,,
True,True,1.5,8.0,55,2.0,,12,80,300,False,channel_reclaim,48,3,0.0025,65.19299767365015,42.3488327399553,6,0.0025,,,,,,,,,,,,,,,,,,,,,,,,,,,0.025,924,False,,,,,,,,,,,,,,,,,,,,,,,,,,,0.04,0.0,10,1.25,,,,,,,,,,,873,-999969,,
True,True,1.0,6.0,14,1.8,,30,10,100,False,trend_reclaim,24,4,0.005,61.67206373888705,25.091869786818325,24,0.01,,,,,,,,,,,,,,,,,,,,,,,,,,,0.04,42,False,,,,,,,,,,,,,,,,,,,,,,,,,,,0.04,0.0005,20,0.75,,,,,,,,,,,874,-999970,,
True,False,2.5,1.7,40,1.8,,20,14,400,False,range_bb_reversion,18,1,0.025,75.34240869919175,26.81179187694371,24,0.0,,,,,,,,,,,,,,,,,,,,,,,,,,,0.006,1029,False,,,,,,,,,,,,,,,,,,,,,,,,,,,0.08,0.001,100,0.0,,,,,,,,,,,875,-999970,,
True,False,1.0,6.0,14,1.5,,40,50,80,False,trend_bb_reversion,18,2,0.025,62.397242745109644,27.391172573042265,6,0.0,,,,,,,,,,,,,,,,,,,,,,,,,,,0.01,894,False,,,,,,,,,,,,,,,,,,,,,,,,,,,1.0,0.0,150,1.25,,,,,,,,,,,876,-999971,,
True,False,2.0,1.3,30,1.5,,10,20,200,False,trend_reclaim,36,8,0.008,72.52863866283089,22.808812282905873,6,0.001,,,,,,,,,,,,,,,,,,,,,,,,,,,0.08,921,False,,,,,,,,,,,,,,,,,,,,,,,,,,,0.08,0.0,75,0.5,,,,,,,,,,,877,-999971,,
True,True,4.0,6.0,40,2.5,,40,10,400,False,range_bb_reversion,12,3,0.008,77.19518824405034,42.97854543876169,18,0.001,,,,,,,,,,,,,,,,,,,,,,,,,,,0.006,1162,False,,,,,,,,,,,,,,,,,,,,,,,,,,,0.03,0.0,150,0.5,,,,,,,,,,,878,-999971,,
True,False,2.0,12.0,80,2.5,,16,8,200,False,trend_bb_reversion,12,6,0.008,70.43757468704068,22.19466080075277,24,0.0005,,,,,,,,,,,,,,,,,,,,,,,,,,,0.04,773,False,,,,,,,,,,,,,,,,,,,,,,,,,,,0.08,0.0,10,0.75,,,,,,,,,,,879,-999972,,
True,False,4.0,3.0,80,1.5,,12,10,400,False,trend_bb_reversion,96,1,0.012,75.14407774146818,24.593247103852715,24,0.0,,,,,,,,,,,,,,,,,,,,,,,,,,,0.025,957,False,,,,,,,,,,,,,,,,,,,,,,,,,,,0.03,0.002,75,0.75,,,,,,,,,,,880,-999972,,
True,False,1.5,1.7,14,2.2,,10,10,200,True,trend_state_tp,24,6,0.012,67.6942242231073,39.6990135343134,6,0.005,,,,,,,,,,,,,,,,,,,,,,,,,,,0.025,1071,False,,,,,,,,,,,,,,,,,,,,,,,,,,,0.03,0.0,10,0.5,,,,,,,,,,,881,-999972,,
True,False,5.0,4.0,40,1.8,,10,10,300,False,trend_bb_reversion,12,8,0.008,70.4328359358851,25.0944656264111,12,0.005,,,,,,,,,,,,,,,,,,,,,,,,,,,0.08,1082,False,,,,,,,,,,,,,,,,,,,,,,,,,,,0.2,0.003,75,0.75,,,,,,,,,,,882,-999972,,
True,True,5.0,4.0,30,1.8,,10,30,50,False,trend_reclaim,12,8,0.005,68.67608571059398,23.4402208059839,36,0.01,,,,,,,,,,,,,,,,,,,,,,,,,,,0.015,1171,False,,,,,,,,,,,,,,,,,,,,,,,,,,,0.05,0.0,150,1.0,,,,,,,,,,,883,-999972,,
True,False,1.0,6.0,14,2.5,,30,10,200,False,trend_reclaim,96,3,0.005,71.47745784023387,41.707560060579425,24,0.005,,,,,,,,,,,,,,,,,,,,,,,,,,,0.025,1194,True,,,,,,,,,,,,,,,,,,,,,,,,,,,0.08,0.002,100,1.25,,,,,,,,,,,884,-999972,,
True,True,2.0,4.0,20,2.2,,20,50,200,False,trend_reclaim,36,3,0.008,73.02502563175139,25.34753627150709,24,0.0,,,,,,,,,,,,,,,,,,,,,,,,,,,0.015,131,False,,,,,,,,,,,,,,,,,,,,,,,,,,,0.05,0.0005,150,0.5,,,,,,,,,,,885,-999973,,
True,True,2.0,3.0,55,2.2,,30,50,100,True,trend_state_tp,18,1,0.0025,61.9640130800954,26.586044304889697,6,0.01,,,,,,,,,,,,,,,,,,,,,,,,,,,0.006,365,False,,,,,,,,,,,,,,,,,,,,,,,,,,,0.05,0.002,30,1.25,,,,,,,,,,,886,-999973,,
True,False,3.0,6.0,80,2.5,,12,14,100,False,trend_bb_reversion,24,3,0.0025,71.57053196964723,39.025786154778444,12,0.0,,,,,,,,,,,,,,,,,,,,,,,,,,,0.08,441,False,,,,,,,,,,,,,,,,,,,,,,,,,,,0.12,0.003,150,0.0,,,,,,,,,,,887,-999973,,
True,False,1.5,1.7,55,2.2,,55,8,100,False,trend_bb_reversion,18,6,0.018,65.20899041436418,39.95589362635615,18,0.005,,,,,,,,,,,,,,,,,,,,,,,,,,,0.01,984,False,,,,,,,,,,,,,,,,,,,,,,,,,,,0.08,0.002,150,1.0,,,,,,,,,,,888,-999973,,
True,False,5.0,12.0,40,2.2,,40,14,200,False,trend_bb_reversion,72,6,0.025,72.09944877614805,29.969461769448642,12,0.005,,,,,,,,,,,,,,,,,,,,,,,,,,,0.015,988,False,,,,,,,,,,,,,,,,,,,,,,,,,,,0.12,0.002,50,1.0,,,,,,,,,,,889,-999973,,
True,True,1.0,3.0,80,2.2,,12,10,100,False,trend_bb_reversion,96,4,0.0025,65.70108235757367,22.49581067977138,48,0.01,,,,,,,,,,,,,,,,,,,,,,,,,,,0.025,238,False,,,,,,,,,,,,,,,,,,,,,,,,,,,1.0,0.0005,20,0.0,,,,,,,,,,,890,-999974,,
True,False,5.0,3.0,55,2.0,,55,10,400,False,range_bb_reversion,24,6,0.005,75.16340684118774,23.79554667956348,18,0.0,,,,,,,,,,,,,,,,,,,,,,,,,,,0.006,318,False,,,,,,,,,,,,,,,,,,,,,,,,,,,1.0,0.001,150,0.0,,,,,,,,,,,891,-999974,,
True,False,4.0,4.0,40,1.5,,20,50,80,False,trend_bb_reversion,12,8,0.018,66.48577016804877,26.454756356255437,3,0.0005,,,,,,,,,,,,,,,,,,,,,,,,,,,0.08,843,False,,,,,,,,,,,,,,,,,,,,,,,,,,,0.08,0.002,75,0.25,,,,,,,,,,,892,-999974,,
True,False,5.0,6.0,14,2.0,,55,14,80,False,channel_reclaim,48,6,0.0,71.27178201215528,44.47840482674014,12,0.001,,,,,,,,,,,,,,,,,,,,,,,,,,,0.08,874,False,,,,,,,,,,,,,,,,,,,,,,,,,,,0.08,0.002,30,0.75,,,,,,,,,,,893,-999974,,
True,True,3.0,3.0,20,2.0,,30,80,150,False,channel_reclaim,48,2,0.025,70.05479637109079,26.682873086784998,24,0.005,,,,,,,,,,,,,,,,,,,,,,,,,,,0.006,951,False,,,,,,,,,,,,,,,,,,,,,,,,,,,0.03,0.0,20,1.5,,,,,,,,,,,894,-999974,,
True,False,2.5,12.0,40,1.8,,40,8,50,False,channel_reclaim,120,4,0.012,75.8261089439874,37.30361284647405,36,0.0,,,,,,,,,,,,,,,,,,,,,,,,,,,0.01,1186,True,,,,,,,,,,,,,,,,,,,,,,,,,,,0.2,0.002,150,0.5,,,,,,,,,,,895,-999974,,
True,False,4.0,2.2,30,2.5,,10,30,150,False,range_bb_reversion,96,3,0.008,76.58373282224484,22.06652191099459,6,0.0025,,,,,,,,,,,,,,,,,,,,,,,,,,,0.006,112,True,,,,,,,,,,,,,,,,,,,,,,,,,,,0.04,0.0,100,0.5,,,,,,,,,,,896,-999975,,
True,False,3.0,2.2,30,2.2,,8,30,300,False,trend_reclaim,48,8,0.0,67.56990450020086,41.26368642539195,48,0.0,,,,,,,,,,,,,,,,,,,,,,,,,,,0.015,811,True,,,,,,,,,,,,,,,,,,,,,,,,,,,0.03,0.0005,150,1.25,,,,,,,,,,,897,-999975,,
True,False,2.0,1.3,80,2.2,,40,30,400,False,range_bb_reversion,120,2,0.025,60.91230960288482,41.1739034755838,48,0.0,,,,,,,,,,,,,,,,,,,,,,,,,,,0.006,367,False,,,,,,,,,,,,,,,,,,,,,,,,,,,0.05,0.002,100,0.5,,,,,,,,,,,898,-999976,,
True,False,4.0,6.0,30,2.0,,55,14,80,False,channel_reclaim,96,6,0.0,71.74944635831828,34.30425336537376,24,0.001,,,,,,,,,,,,,,,,,,,,,,,,,,,0.015,661,False,,,,,,,,,,,,,,,,,,,,,,,,,,,0.08,0.0,100,1.25,,,,,,,,,,,899,-999976,,
True,False,2.0,6.0,80,2.0,,30,30,400,False,range_bb_reversion,48,8,0.018,64.75117596453899,43.27398004719896,3,0.001,,,,,,,,,,,,,,,,,,,,,,,,,,,0.01,838,False,,,,,,,,,,,,,,,,,,,,,,,,,,,0.03,0.003,30,1.25,,,,,,,,,,,900,-999976,,
True,False,3.0,12.0,14,2.2,,55,30,400,False,trend_bb_reversion,120,6,0.0025,73.6534310123283,24.42490917302709,3,0.001,,,,,,,,,,,,,,,,,,,,,,,,,,,0.01,602,False,,,,,,,,,,,,,,,,,,,,,,,,,,,0.04,0.002,20,0.25,,,,,,,,,,,901,-999977,,
True,False,3.0,3.0,20,2.5,,8,20,300,False,range_bb_reversion,12,4,0.005,72.97827964181225,28.15372899453818,12,0.005,,,,,,,,,,,,,,,,,,,,,,,,,,,0.006,659,False,,,,,,,,,,,,,,,,,,,,,,,,,,,0.08,0.0,150,0.0,,,,,,,,,,,902,-999977,,
True,False,4.0,1.3,80,2.5,,40,8,200,False,channel_reclaim,18,6,0.018,66.27152317106405,37.46994064630296,18,0.005,,,,,,,,,,,,,,,,,,,,,,,,,,,0.04,851,False,,,,,,,,,,,,,,,,,,,,,,,,,,,0.04,0.002,30,1.25,,,,,,,,,,,903,-999977,,
True,False,3.0,3.0,30,2.0,,40,20,400,False,trend_bb_reversion,24,3,0.008,66.24795101600554,26.02376000372609,24,0.01,,,,,,,,,,,,,,,,,,,,,,,,,,,0.08,911,False,,,,,,,,,,,,,,,,,,,,,,,,,,,0.2,0.0,50,1.5,,,,,,,,,,,904,-999977,,
True,False,2.5,3.0,30,2.2,,8,8,50,False,channel_reclaim,72,1,0.0025,63.183504911677495,44.33202412389268,12,0.0025,,,,,,,,,,,,,,,,,,,,,,,,,,,0.006,1167,False,,,,,,,,,,,,,,,,,,,,,,,,,,,0.03,0.003,75,1.5,,,,,,,,,,,905,-999977,,
True,False,3.0,1.7,14,2.2,,8,14,400,False,trend_reclaim,36,2,0.0025,72.48760870024945,27.517916199888393,12,0.001,,,,,,,,,,,,,,,,,,,,,,,,,,,0.025,144,False,,,,,,,,,,,,,,,,,,,,,,,,,,,0.03,0.0,50,1.0,,,,,,,,,,,906,-999978,,
True,False,4.0,1.3,80,2.2,,12,14,50,False,trend_reclaim,18,2,0.008,71.15510448324017,27.692655209773548,3,0.0,,,,,,,,,,,,,,,,,,,,,,,,,,,0.04,869,False,,,,,,,,,,,,,,,,,,,,,,,,,,,0.08,0.003,100,0.75,,,,,,,,,,,907,-999978,,
True,False,4.0,6.0,80,1.5,,30,8,300,False,range_bb_reversion,120,3,0.0,61.26226416826835,30.654840178412112,18,0.0025,,,,,,,,,,,,,,,,,,,,,,,,,,,0.006,1022,False,,,,,,,,,,,,,,,,,,,,,,,,,,,0.03,0.0005,75,0.0,,,,,,,,,,,908,-999978,,
True,True,1.0,4.0,55,1.8,,16,14,400,False,trend_bb_reversion,18,2,0.025,68.20438254341192,26.537043243092967,3,0.001,,,,,,,,,,,,,,,,,,,,,,,,,,,0.025,124,False,,,,,,,,,,,,,,,,,,,,,,,,,,,0.08,0.0005,75,1.5,,,,,,,,,,,909,-999979,,
True,False,4.0,1.3,40,2.2,,12,30,150,False,trend_reclaim,12,6,0.008,74.69065738101474,22.12130767296055,48,0.01,,,,,,,,,,,,,,,,,,,,,,,,,,,0.025,157,False,,,,,,,,,,,,,,,,,,,,,,,,,,,0.08,0.0,100,0.75,,,,,,,,,,,910,-999979,,
True,False,2.5,12.0,14,1.8,,10,50,300,False,range_bb_reversion,14,8,0.0025,58.61153843782566,23.258405368538046,18,0.0005,,,,,,,,,,,,,,,,,,,,,,,,,,,0.006,158,True,,,,,,,,,,,,,,,,,,,,,,,,,,,0.04,0.0,75,0.0,,,,,,,,,,,911,-999979,,
True,False,2.0,8.0,40,1.8,,12,8,400,False,trend_reclaim,24,6,0.005,77.35621978365661,43.88895870515513,24,0.0005,,,,,,,,,,,,,,,,,,,,,,,,,,,0.025,183,True,,,,,,,,,,,,,,,,,,,,,,,,,,,0.08,0.003,30,1.5,,,,,,,,,,,912,-999979,,
True,True,1.5,3.0,80,2.2,,8,50,200,False,trend_bb_reversion,36,8,0.012,70.03500386092753,26.93653655217581,24,0.01,,,,,,,,,,,,,,,,,,,,,,,,,,,0.08,275,False,,,,,,,,,,,,,,,,,,,,,,,,,,,0.08,0.003,75,1.0,,,,,,,,,,,913,-999979,,
True,False,5.0,2.2,14,2.5,,12,80,300,False,range_bb_reversion,24,4,0.0025,61.55005430633051,31.861752869524928,12,0.0005,,,,,,,,,,,,,,,,,,,,,,,,,,,0.006,425,False,,,,,,,,,,,,,,,,,,,,,,,,,,,0.04,0.003,50,0.25,,,,,,,,,,,914,-999979,,
True,False,1.0,12.0,80,2.2,,10,50,400,False,range_bb_reversion,12,3,0.025,59.9718807877526,32.59611759164401,24,0.01,,,,,,,,,,,,,,,,,,,,,,,,,,,0.01,830,False,,,,,,,,,,,,,,,,,,,,,,,,,,,0.03,0.0005,10,1.5,,,,,,,,,,,915,-999979,,
True,False,2.5,2.2,55,2.2,,16,50,400,False,channel_reclaim,96,3,0.005,59.88367201820637,30.199708658921086,24,0.005,,,,,,,,,,,,,,,,,,,,,,,,,,,0.006,1023,False,,,,,,,,,,,,,,,,,,,,,,,,,,,0.03,0.002,75,1.25,,,,,,,,,,,916,-999979,,
True,False,3.0,1.3,80,1.8,,16,8,300,False,trend_bb_reversion,96,8,0.025,62.77790282380854,42.78930135934549,24,0.005,,,,,,,,,,,,,,,,,,,,,,,,,,,0.015,1074,False,,,,,,,,,,,,,,,,,,,,,,,,,,,0.03,0.0005,75,0.0,,,,,,,,,,,917,-999979,,
True,False,3.0,3.0,55,2.5,,30,80,400,True,trend_state_tp,36,3,0.0025,58.02293172692656,25.13534760234504,6,0.005,,,,,,,,,,,,,,,,,,,,,,,,,,,0.025,1131,False,,,,,,,,,,,,,,,,,,,,,,,,,,,0.04,0.0,10,1.0,,,,,,,,,,,918,-999979,,
True,False,2.5,1.7,14,2.2,,16,30,150,False,channel_reclaim,8,6,0.005,72.87895655758761,30.970774944371726,3,0.001,,,,,,,,,,,,,,,,,,,,,,,,,,,0.015,104,False,,,,,,,,,,,,,,,,,,,,,,,,,,,0.04,0.0005,10,1.25,,,,,,,,,,,919,-999980,,
True,False,4.0,1.3,80,1.5,,8,80,130,False,trend_reclaim,18,1,0.005,66.5107871626425,35.995700371038694,48,0.005,,,,,,,,,,,,,,,,,,,,,,,,,,,0.025,860,False,,,,,,,,,,,,,,,,,,,,,,,,,,,0.2,0.003,75,0.75,,,,,,,,,,,920,-999980,,
True,False,2.0,6.0,20,2.5,,30,30,400,False,trend_reclaim,48,6,0.012,70.63282241367432,34.69911272955056,18,0.0005,,,,,,,,,,,,,,,,,,,,,,,,,,,0.006,1088,False,,,,,,,,,,,,,,,,,,,,,,,,,,,0.12,0.003,30,0.5,,,,,,,,,,,921,-999980,,
True,False,1.0,1.7,14,1.8,,8,10,50,False,trend_reclaim,14,8,0.008,75.96796549608405,23.081003673715674,24,0.0005,,,,,,,,,,,,,,,,,,,,,,,,,,,0.006,67,True,,,,,,,,,,,,,,,,,,,,,,,,,,,0.2,0.0,75,1.25,,,,,,,,,,,922,-999981,,
True,False,2.0,1.3,20,1.8,,55,8,400,False,trend_reclaim,120,6,0.0025,71.51213384728665,34.62821225358495,36,0.0,,,,,,,,,,,,,,,,,,,,,,,,,,,0.01,895,False,,,,,,,,,,,,,,,,,,,,,,,,,,,0.03,0.001,100,1.0,,,,,,,,,,,923,-999981,,
True,False,1.5,1.7,80,2.5,,20,8,300,False,range_bb_reversion,96,6,0.0,63.11076309427961,23.55669568139337,36,0.0,,,,,,,,,,,,,,,,,,,,,,,,,,,0.01,1050,False,,,,,,,,,,,,,,,,,,,,,,,,,,,1.0,0.003,75,0.25,,,,,,,,,,,924,-999981,,
True,False,2.5,1.7,30,1.8,,16,50,300,False,trend_reclaim,18,8,0.0025,65.9614456280578,42.8935315336184,36,0.001,,,,,,,,,,,,,,,,,,,,,,,,,,,0.006,38,False,,,,,,,,,,,,,,,,,,,,,,,,,,,0.03,0.003,10,1.25,,,,,,,,,,,925,-999982,,
True,False,4.0,4.0,14,2.5,,55,10,300,False,trend_reclaim,120,2,0.008,64.93977727661057,34.33192176694439,18,0.001,,,,,,,,,,,,,,,,,,,,,,,,,,,0.006,329,False,,,,,,,,,,,,,,,,,,,,,,,,,,,0.08,0.003,20,1.25,,,,,,,,,,,926,-999982,,
True,False,2.0,6.0,80,2.2,,20,10,200,False,trend_reclaim,18,2,0.008,76.85749699658494,39.456413471040875,18,0.001,,,,,,,,,,,,,,,,,,,,,,,,,,,0.015,439,False,,,,,,,,,,,,,,,,,,,,,,,,,,,0.08,0.0,20,1.25,,,,,,,,,,,927,-999982,,
True,False,1.0,6.0,80,2.2,,55,8,200,False,channel_reclaim,72,4,0.012,68.7713252649631,34.22988627551305,18,0.001,,,,,,,,,,,,,,,,,,,,,,,,,,,0.015,1006,False,,,,,,,,,,,,,,,,,,,,,,,,,,,0.03,0.003,30,1.25,,,,,,,,,,,928,-999982,,
True,False,4.0,8.0,40,2.2,,8,8,400,False,trend_reclaim,14,8,0.0,67.76824364657739,35.01318501241855,6,0.0025,,,,,,,,,,,,,,,,,,,,,,,,,,,0.015,57,False,,,,,,,,,,,,,,,,,,,,,,,,,,,0.03,0.0005,20,1.0,,,,,,,,,,,929,-999983,,
True,False,4.0,12.0,55,2.2,,10,20,400,True,trend_state_tp,120,8,0.012,63.55782110786718,42.588139723406144,6,0.005,,,,,,,,,,,,,,,,,,,,,,,,,,,0.015,108,True,,,,,,,,,,,,,,,,,,,,,,,,,,,0.04,0.0,150,0.0,,,,,,,,,,,930,-999983,,
True,False,1.0,8.0,14,2.2,,8,8,200,False,trend_bb_reversion,120,6,0.018,71.44354227117373,30.107684929723092,18,0.01,,,,,,,,,,,,,,,,,,,,,,,,,,,0.08,141,False,,,,,,,,,,,,,,,,,,,,,,,,,,,0.03,0.002,100,0.5,,,,,,,,,,,931,-999983,,
True,False,2.0,12.0,80,2.5,,20,50,100,False,channel_reclaim,120,3,0.008,63.75829812771794,36.19661910975302,3,0.0005,,,,,,,,,,,,,,,,,,,,,,,,,,,0.01,227,False,,,,,,,,,,,,,,,,,,,,,,,,,,,0.04,0.001,50,1.25,,,,,,,,,,,932,-999983,,
True,False,2.5,12.0,40,2.2,,8,30,400,False,trend_reclaim,120,3,0.005,77.92463277126083,42.464783188273344,36,0.0025,,,,,,,,,,,,,,,,,,,,,,,,,,,0.04,535,True,,,,,,,,,,,,,,,,,,,,,,,,,,,0.03,0.003,50,0.25,,,,,,,,,,,933,-999983,,
True,False,2.0,3.0,80,2.2,,20,10,150,False,trend_reclaim,18,3,0.012,64.07734922643559,40.65208210917937,18,0.0005,,,,,,,,,,,,,,,,,,,,,,,,,,,0.01,854,False,,,,,,,,,,,,,,,,,,,,,,,,,,,0.2,0.0005,100,0.25,,,,,,,,,,,934,-999983,,
True,False,3.0,3.0,40,1.5,,10,20,400,False,trend_reclaim,96,8,0.005,74.36234362661271,31.035735077996836,18,0.001,,,,,,,,,,,,,,,,,,,,,,,,,,,0.006,1158,False,,,,,,,,,,,,,,,,,,,,,,,,,,,0.03,0.003,10,0.0,,,,,,,,,,,935,-999983,,
True,False,4.0,4.0,30,2.5,,8,30,150,False,trend_reclaim,120,2,0.012,75.52924696581412,37.87985693256163,48,0.0,,,,,,,,,,,,,,,,,,,,,,,,,,,0.015,8,False,,,,,,,,,,,,,,,,,,,,,,,,,,,0.12,0.0,50,0.75,,,,,,,,,,,936,-999984,,
True,False,5.0,12.0,80,2.0,,16,80,130,False,trend_reclaim,120,4,0.0025,76.45186392658844,27.34035669781652,48,0.001,,,,,,,,,,,,,,,,,,,,,,,,,,,0.025,245,False,,,,,,,,,,,,,,,,,,,,,,,,,,,0.04,0.003,100,1.25,,,,,,,,,,,937,-999984,,
True,True,1.0,8.0,40,1.5,,55,30,150,False,trend_reclaim,48,4,0.012,75.38604018098587,27.899050152461204,36,0.005,,,,,,,,,,,,,,,,,,,,,,,,,,,0.015,588,False,,,,,,,,,,,,,,,,,,,,,,,,,,,1.0,0.001,20,1.5,,,,,,,,,,,938,-999984,,
True,False,2.5,1.7,14,1.8,,8,20,300,False,trend_reclaim,24,2,0.005,62.062145416855486,22.96314819920445,12,0.0,,,,,,,,,,,,,,,,,,,,,,,,,,,0.015,815,False,,,,,,,,,,,,,,,,,,,,,,,,,,,0.03,0.002,50,0.5,,,,,,,,,,,939,-999984,,
True,False,1.5,2.2,14,1.8,,55,10,100,False,trend_reclaim,12,8,0.005,77.42630928323258,26.445896047284776,3,0.001,,,,,,,,,,,,,,,,,,,,,,,,,,,0.006,28,True,,,,,,,,,,,,,,,,,,,,,,,,,,,0.2,0.001,50,1.5,,,,,,,,,,,940,-999985,,
False,True,3.0,1.7,40,2.5,,12,14,50,False,trend_reclaim,18,8,0.012,72.72175473115242,43.00580849242432,3,0.0,,,,,,,,,,,,,,,,,,,,,,,,,,,0.04,242,False,,,,,,,,,,,,,,,,,,,,,,,,,,,0.12,0.001,100,0.25,,,,,,,,,,,941,-999985,,
True,False,3.0,8.0,30,2.2,,30,30,100,False,channel_reclaim,24,8,0.0,58.66132690252062,38.209161851247885,3,0.0005,,,,,,,,,,,,,,,,,,,,,,,,,,,0.01,386,False,,,,,,,,,,,,,,,,,,,,,,,,,,,0.12,0.0,150,1.25,,,,,,,,,,,942,-999985,,
True,False,2.5,12.0,80,1.8,,30,30,100,False,channel_reclaim,24,4,0.0,70.36259273133173,44.30295436197298,3,0.0005,,,,,,,,,,,,,,,,,,,,,,,,,,,0.08,447,False,,,,,,,,,,,,,,,,,,,,,,,,,,,0.05,0.0005,75,1.0,,,,,,,,,,,943,-999985,,
True,False,4.0,8.0,20,1.5,,12,30,300,False,range_bb_reversion,12,8,0.0025,74.99999862682759,23.795678798185044,12,0.0005,,,,,,,,,,,,,,,,,,,,,,,,,,,0.006,451,False,,,,,,,,,,,,,,,,,,,,,,,,,,,0.03,0.002,150,0.75,,,,,,,,,,,944,-999985,,
True,False,2.5,1.3,30,2.5,,16,30,150,False,trend_bb_reversion,96,6,0.005,67.43112618623867,40.421033307638645,12,0.01,,,,,,,,,,,,,,,,,,,,,,,,,,,0.025,616,False,,,,,,,,,,,,,,,,,,,,,,,,,,,1.0,0.002,30,1.5,,,,,,,,,,,945,-999985,,
True,True,1.5,1.3,30,2.2,,55,80,300,False,trend_bb_reversion,36,8,0.008,58.97533977563211,42.880668365631244,18,0.01,,,,,,,,,,,,,,,,,,,,,,,,,,,0.015,678,False,,,,,,,,,,,,,,,,,,,,,,,,,,,0.03,0.001,50,0.5,,,,,,,,,,,946,-999985,,
True,False,4.0,1.3,30,2.2,,12,50,150,False,trend_bb_reversion,8,1,0.025,67.59747856885112,30.729561332630492,6,0.0025,,,,,,,,,,,,,,,,,,,,,,,,,,,0.01,685,False,,,,,,,,,,,,,,,,,,,,,,,,,,,0.03,0.0005,30,0.25,,,,,,,,,,,947,-999985,,
True,False,3.0,1.3,40,2.2,,8,14,80,False,trend_bb_reversion,48,6,0.025,70.22495422140614,44.25877203441374,6,0.0025,,,,,,,,,,,,,,,,,,,,,,,,,,,0.01,1008,True,,,,,,,,,,,,,,,,,,,,,,,,,,,0.2,0.001,50,1.25,,,,,,,,,,,948,-999985,,
True,True,2.0,8.0,55,2.5,,40,14,100,False,channel_reclaim,48,2,0.025,63.691238239485195,38.82091938560969,18,0.01,,,,,,,,,,,,,,,,,,,,,,,,,,,0.08,1141,False,,,,,,,,,,,,,,,,,,,,,,,,,,,0.12,0.0,75,1.5,,,,,,,,,,,949,-999985,,
False,True,3.0,3.0,30,1.5,,55,30,400,False,trend_reclaim,24,1,0.005,61.51404400132872,28.555631467652823,18,0.0005,,,,,,,,,,,,,,,,,,,,,,,,,,,0.08,89,False,,,,,,,,,,,,,,,,,,,,,,,,,,,0.03,0.001,10,1.0,,,,,,,,,,,950,-999986,,
False,True,3.0,6.0,55,1.5,,16,8,100,False,channel_reclaim,24,2,0.008,61.21259110140956,25.910309274684877,36,0.01,,,,,,,,,,,,,,,,,,,,,,,,,,,0.006,111,False,,,,,,,,,,,,,,,,,,,,,,,,,,,0.03,0.0,75,1.25,,,,,,,,,,,951,-999986,,
True,False,1.5,12.0,30,2.0,,55,50,100,False,trend_reclaim,48,8,0.005,64.9203329824266,28.43485244242245,24,0.005,,,,,,,,,,,,,,,,,,,,,,,,,,,0.015,216,False,,,,,,,,,,,,,,,,,,,,,,,,,,,0.05,0.0005,10,0.75,,,,,,,,,,,952,-999986,,
True,True,2.0,3.0,20,2.5,,10,50,400,False,channel_reclaim,8,4,0.005,76.37401711362757,27.7256530433621,12,0.01,,,,,,,,,,,,,,,,,,,,,,,,,,,0.01,251,False,,,,,,,,,,,,,,,,,,,,,,,,,,,0.05,0.001,100,0.25,,,,,,,,,,,953,-999986,,
True,True,1.0,1.3,40,2.2,,8,50,150,False,trend_reclaim,24,6,0.008,77.92083674737388,31.944564251826996,18,0.01,,,,,,,,,,,,,,,,,,,,,,,,,,,0.006,358,False,,,,,,,,,,,,,,,,,,,,,,,,,,,1.0,0.0,10,0.0,,,,,,,,,,,954,-999986,,
True,True,4.0,1.7,80,2.5,,12,8,100,False,trend_bb_reversion,18,4,0.005,76.86828117948204,28.934172485804815,36,0.005,,,,,,,,,,,,,,,,,,,,,,,,,,,0.04,549,False,,,,,,,,,,,,,,,,,,,,,,,,,,,0.04,0.001,100,1.0,,,,,,,,,,,955,-999986,,
True,False,4.0,3.0,40,2.5,,30,14,50,False,trend_bb_reversion,96,2,0.012,60.0633857609246,39.133001684904414,12,0.005,,,,,,,,,,,,,,,,,,,,,,,,,,,0.025,623,False,,,,,,,,,,,,,,,,,,,,,,,,,,,0.12,0.002,30,0.75,,,,,,,,,,,956,-999986,,
True,False,5.0,1.3,55,1.8,,12,8,50,False,trend_bb_reversion,72,4,0.008,69.20346509561372,36.19583981292136,18,0.001,,,,,,,,,,,,,,,,,,,,,,,,,,,0.015,873,False,,,,,,,,,,,,,,,,,,,,,,,,,,,1.0,0.0,100,1.5,,,,,,,,,,,957,-999986,,
True,False,4.0,6.0,30,2.5,,55,30,300,False,trend_bb_reversion,18,2,0.012,75.88049387192154,41.5271627621999,6,0.005,,,,,,,,,,,,,,,,,,,,,,,,,,,0.006,94,True,,,,,,,,,,,,,,,,,,,,,,,,,,,0.2,0.002,150,0.5,,,,,,,,,,,958,-999987,,
True,True,5.0,8.0,55,1.5,,20,30,100,False,trend_bb_reversion,72,4,0.0,61.47512833808732,37.770966239938275,3,0.0005,,,,,,,,,,,,,,,,,,,,,,,,,,,0.006,293,False,,,,,,,,,,,,,,,,,,,,,,,,,,,0.03,0.0005,100,1.0,,,,,,,,,,,959,-999987,,
True,False,5.0,2.2,14,2.0,,30,30,100,False,trend_reclaim,24,1,0.008,65.1114410845982,43.47633835417731,6,0.001,,,,,,,,,,,,,,,,,,,,,,,,,,,0.006,1103,False,,,,,,,,,,,,,,,,,,,,,,,,,,,0.08,0.0005,20,1.0,,,,,,,,,,,960,-999987,,
True,False,2.0,1.7,20,2.5,,30,30,400,False,trend_reclaim,18,2,0.008,72.36409147901331,42.253189493761596,36,0.01,,,,,,,,,,,,,,,,,,,,,,,,,,,0.08,1149,False,,,,,,,,,,,,,,,,,,,,,,,,,,,0.05,0.002,20,0.25,,,,,,,,,,,961,-999987,,
True,True,1.5,8.0,30,2.5,,16,50,150,False,trend_reclaim,72,2,0.012,75.53396036992497,34.05897167012262,6,0.001,,,,,,,,,,,,,,,,,,,,,,,,,,,0.025,26,False,,,,,,,,,,,,,,,,,,,,,,,,,,,0.12,0.0005,50,0.0,,,,,,,,,,,962,-999988,,
True,True,1.0,2.2,55,2.0,,40,8,50,False,trend_bb_reversion,12,4,0.0,71.27019611464623,31.754420297522305,36,0.001,,,,,,,,,,,,,,,,,,,,,,,,,,,0.025,294,False,,,,,,,,,,,,,,,,,,,,,,,,,,,0.12,0.003,10,1.25,,,,,,,,,,,963,-999988,,
True,False,2.0,8.0,80,1.5,,16,80,130,False,trend_reclaim,8,6,0.008,60.98658860752511,35.44971089113213,12,0.001,,,,,,,,,,,,,,,,,,,,,,,,,,,0.01,584,False,,,,,,,,,,,,,,,,,,,,,,,,,,,0.12,0.002,10,0.25,,,,,,,,,,,964,-999988,,
True,False,1.5,8.0,40,2.5,,16,30,200,False,trend_reclaim,72,6,0.0025,77.39559985347422,25.248692146357,18,0.01,,,,,,,,,,,,,,,,,,,,,,,,,,,0.015,592,False,,,,,,,,,,,,,,,,,,,,,,,,,,,1.0,0.003,30,1.5,,,,,,,,,,,965,-999988,,
True,False,2.5,6.0,80,2.0,,16,50,100,False,trend_reclaim,96,6,0.0025,63.21624378234254,33.3293701906942,24,0.005,,,,,,,,,,,,,,,,,,,,,,,,,,,0.04,765,False,,,,,,,,,,,,,,,,,,,,,,,,,,,0.05,0.002,75,1.25,,,,,,,,,,,966,-999988,,
True,False,1.0,3.0,80,1.5,,20,20,400,False,channel_reclaim,72,1,0.012,69.03722182029706,27.007343458374276,3,0.0025,,,,,,,,,,,,,,,,,,,,,,,,,,,0.025,59,False,,,,,,,,,,,,,,,,,,,,,,,,,,,0.12,0.001,50,0.5,,,,,,,,,,,967,-999989,,
True,False,1.0,2.2,30,2.2,,55,8,100,False,trend_bb_reversion,24,1,0.005,61.678015881160334,33.76123167453991,6,0.0025,,,,,,,,,,,,,,,,,,,,,,,,,,,0.08,598,False,,,,,,,,,,,,,,,,,,,,,,,,,,,0.03,0.002,10,1.25,,,,,,,,,,,968,-999989,,
True,False,2.0,1.7,80,2.2,,8,8,400,False,channel_reclaim,12,4,0.012,62.795122424176135,22.524005745510426,6,0.005,,,,,,,,,,,,,,,,,,,,,,,,,,,0.08,648,False,,,,,,,,,,,,,,,,,,,,,,,,,,,0.05,0.0005,20,0.0,,,,,,,,,,,969,-999989,,
True,False,2.5,2.2,55,2.5,,55,30,400,False,range_bb_reversion,12,1,0.025,64.04953858886685,33.8986944843568,6,0.001,,,,,,,,,,,,,,,,,,,,,,,,,,,0.006,760,False,,,,,,,,,,,,,,,,,,,,,,,,,,,0.03,0.002,20,0.0,,,,,,,,,,,970,-999989,,
True,True,1.0,12.0,30,1.8,,30,20,80,False,trend_reclaim,8,2,0.008,60.997475287834874,35.83055960150699,6,0.01,,,,,,,,,,,,,,,,,,,,,,,,,,,0.01,1140,False,,,,,,,,,,,,,,,,,,,,,,,,,,,0.2,0.003,10,0.5,,,,,,,,,,,971,-999989,,
True,False,2.5,12.0,40,2.0,,16,30,100,False,trend_reclaim,36,1,0.012,64.00127938802123,25.615452151560238,6,0.0005,,,,,,,,,,,,,,,,,,,,,,,,,,,0.025,1144,True,,,,,,,,,,,,,,,,,,,,,,,,,,,1.0,0.0005,50,0.0,,,,,,,,,,,972,-999989,,
True,False,4.0,1.3,20,1.8,,40,30,400,False,trend_bb_reversion,18,2,0.0025,76.75509075833448,25.47279026302622,12,0.01,,,,,,,,,,,,,,,,,,,,,,,,,,,0.025,106,False,,,,,,,,,,,,,,,,,,,,,,,,,,,1.0,0.0,150,0.0,,,,,,,,,,,973,-999990,,
True,False,4.0,12.0,20,2.2,,16,10,50,False,trend_reclaim,8,6,0.008,59.53807666812384,30.588652681251357,3,0.001,,,,,,,,,,,,,,,,,,,,,,,,,,,0.025,179,False,,,,,,,,,,,,,,,,,,,,,,,,,,,0.05,0.003,75,0.25,,,,,,,,,,,974,-999990,,
True,False,2.0,1.3,14,1.5,,20,20,400,False,trend_reclaim,12,4,0.012,64.54932571355883,37.22866245343948,24,0.005,,,,,,,,,,,,,,,,,,,,,,,,,,,0.04,605,True,,,,,,,,,,,,,,,,,,,,,,,,,,,1.0,0.0005,10,0.75,,,,,,,,,,,975,-999990,,
True,False,4.0,8.0,80,2.0,,8,30,400,False,range_bb_reversion,8,4,0.008,63.80952250974636,25.554456219263304,48,0.0,,,,,,,,,,,,,,,,,,,,,,,,,,,0.006,1007,False,,,,,,,,,,,,,,,,,,,,,,,,,,,0.04,0.003,50,0.0,,,,,,,,,,,976,-999990,,
True,False,1.5,3.0,14,2.0,,40,8,100,False,trend_reclaim,120,6,0.008,64.20140890740201,39.903041412103164,3,0.0005,,,,,,,,,,,,,,,,,,,,,,,,,,,0.01,1101,False,,,,,,,,,,,,,,,,,,,,,,,,,,,1.0,0.002,150,1.5,,,,,,,,,,,977,-999990,,
True,False,2.5,8.0,80,2.5,,16,50,100,False,trend_reclaim,72,6,0.0025,58.000117456451406,34.27257321583746,6,0.001,,,,,,,,,,,,,,,,,,,,,,,,,,,0.015,406,False,,,,,,,,,,,,,,,,,,,,,,,,,,,0.03,0.0005,100,0.0,,,,,,,,,,,978,-999991,,
False,True,1.5,3.0,80,1.5,,40,8,400,False,channel_reclaim,120,8,0.0025,58.776170924873824,42.16071807391231,18,0.005,,,,,,,,,,,,,,,,,,,,,,,,,,,0.015,662,False,,,,,,,,,,,,,,,,,,,,,,,,,,,0.03,0.0,20,0.5,,,,,,,,,,,979,-999991,,
True,False,2.5,3.0,80,1.8,,8,80,300,False,trend_reclaim,72,4,0.008,72.64846321552945,30.860147126219537,48,0.01,,,,,,,,,,,,,,,,,,,,,,,,,,,0.01,806,False,,,,,,,,,,,,,,,,,,,,,,,,,,,0.08,0.002,10,1.0,,,,,,,,,,,980,-999991,,
True,True,5.0,4.0,80,2.2,,55,10,100,False,trend_bb_reversion,36,6,0.012,72.30006444964512,34.14128823660646,48,0.005,,,,,,,,,,,,,,,,,,,,,,,,,,,0.01,1179,False,,,,,,,,,,,,,,,,,,,,,,,,,,,0.03,0.001,50,1.5,,,,,,,,,,,981,-999991,,
True,False,2.5,1.7,14,2.5,,20,50,150,False,channel_reclaim,12,4,0.005,58.93749924022606,43.13453946176745,3,0.001,,,,,,,,,,,,,,,,,,,,,,,,,,,0.015,46,False,,,,,,,,,,,,,,,,,,,,,,,,,,,0.03,0.001,20,1.25,,,,,,,,,,,982,-999992,,
True,False,2.5,6.0,40,1.8,,30,14,50,False,trend_bb_reversion,18,6,0.0,66.51340404480503,31.41620416440206,3,0.0005,,,,,,,,,,,,,,,,,,,,,,,,,,,0.006,186,False,,,,,,,,,,,,,,,,,,,,,,,,,,,1.0,0.002,20,1.0,,,,,,,,,,,983,-999992,,
True,False,1.0,6.0,30,1.5,,40,50,100,False,channel_reclaim,72,2,0.018,72.50241227425354,37.70669885815546,6,0.0025,,,,,,,,,,,,,,,,,,,,,,,,,,,0.025,312,False,,,,,,,,,,,,,,,,,,,,,,,,,,,0.08,0.003,150,1.5,,,,,,,,,,,984,-999992,,
True,False,2.5,3.0,14,2.5,,40,10,400,False,trend_bb_reversion,18,3,0.012,62.109584171509816,43.74917079401863,18,0.01,,,,,,,,,,,,,,,,,,,,,,,,,,,0.006,449,False,,,,,,,,,,,,,,,,,,,,,,,,,,,0.03,0.001,10,1.0,,,,,,,,,,,985,-999992,,
True,True,3.0,3.0,40,2.0,,55,14,100,False,channel_reclaim,36,6,0.012,60.9463170481536,22.86593050533339,12,0.005,,,,,,,,,,,,,,,,,,,,,,,,,,,0.025,523,False,,,,,,,,,,,,,,,,,,,,,,,,,,,0.2,0.0,10,0.75,,,,,,,,,,,986,-999992,,
True,False,1.5,2.2,30,2.5,,10,50,150,False,trend_reclaim,96,3,0.012,58.56151698905968,23.091370201688964,36,0.0025,,,,,,,,,,,,,,,,,,,,,,,,,,,0.04,891,False,,,,,,,,,,,,,,,,,,,,,,,,,,,0.12,0.0005,50,0.25,,,,,,,,,,,987,-999992,,
True,False,4.0,8.0,20,1.5,,16,30,100,False,trend_reclaim,96,6,0.012,74.05676852260326,28.23479503546322,36,0.0025,,,,,,,,,,,,,,,,,,,,,,,,,,,0.08,1073,False,,,,,,,,,,,,,,,,,,,,,,,,,,,1.0,0.0005,20,1.5,,,,,,,,,,,988,-999992,,
True,True,1.0,3.0,55,1.5,,40,20,50,False,channel_reclaim,12,4,0.0025,63.3019517753641,38.480136551600715,3,0.0,,,,,,,,,,,,,,,,,,,,,,,,,,,0.015,250,False,,,,,,,,,,,,,,,,,,,,,,,,,,,0.03,0.0005,75,1.5,,,,,,,,,,,989,-999993,,
True,False,2.5,3.0,14,2.5,,40,14,150,False,channel_reclaim,18,1,0.012,59.09243961223822,41.4693243983459,18,0.01,,,,,,,,,,,,,,,,,,,,,,,,,,,0.01,359,False,,,,,,,,,,,,,,,,,,,,,,,,,,,0.04,0.0005,50,1.25,,,,,,,,,,,990,-999993,,
True,False,2.5,6.0,14,2.5,,30,14,100,False,trend_reclaim,72,3,0.008,70.74057723854536,43.54283516078754,18,0.0005,,,,,,,,,,,,,,,,,,,,,,,,,,,0.01,637,False,,,,,,,,,,,,,,,,,,,,,,,,,,,0.04,0.002,30,1.0,,,,,,,,,,,991,-999993,,
True,True,3.0,12.0,20,2.0,,40,50,80,False,channel_reclaim,8,2,0.018,70.37818590556178,27.703630923480087,3,0.0005,,,,,,,,,,,,,,,,,,,,,,,,,,,0.04,723,False,,,,,,,,,,,,,,,,,,,,,,,,,,,0.04,0.003,10,1.5,,,,,,,,,,,992,-999993,,
True,False,1.5,6.0,80,2.5,,12,8,100,False,trend_bb_reversion,72,3,0.005,63.69936264245115,25.070945954513515,24,0.001,,,,,,,,,,,,,,,,,,,,,,,,,,,0.025,912,False,,,,,,,,,,,,,,,,,,,,,,,,,,,0.04,0.001,10,1.5,,,,,,,,,,,993,-999993,,
True,False,4.0,6.0,55,2.5,,20,50,80,False,trend_bb_reversion,18,4,0.0025,66.11938125085743,38.75766732057827,3,0.0005,,,,,,,,,,,,,,,,,,,,,,,,,,,0.04,1114,True,,,,,,,,,,,,,,,,,,,,,,,,,,,0.08,0.0005,100,0.25,,,,,,,,,,,994,-999993,,
True,False,5.0,8.0,80,1.8,,16,14,300,True,trend_state_tp,96,8,0.0,69.03443205566742,37.89224322917521,6,0.01,,,,,,,,,,,,,,,,,,,,,,,,,,,0.006,1133,True,,,,,,,,,,,,,,,,,,,,,,,,,,,0.08,0.0,50,0.25,,,,,,,,,,,995,-999993,,
True,False,5.0,1.3,14,1.8,,8,50,150,False,trend_bb_reversion,120,6,0.0025,68.33931392998163,40.264597427729015,6,0.005,,,,,,,,,,,,,,,,,,,,,,,,,,,0.025,1190,False,,,,,,,,,,,,,,,,,,,,,,,,,,,0.03,0.0,20,0.75,,,,,,,,,,,996,-999993,,
True,False,2.5,1.3,14,1.8,,40,50,100,False,trend_reclaim,48,8,0.005,75.54302142818126,43.588157413222575,12,0.01,,,,,,,,,,,,,,,,,,,,,,,,,,,0.04,0,False,,,,,,,,,,,,,,,,,,,,,,,,,,,0.2,0.002,75,0.0,,,,,,,,,,,997,-999994,,
True,True,4.0,1.3,30,2.5,,30,30,100,False,trend_bb_reversion,24,2,0.018,63.07875485323694,33.1620706506003,3,0.0025,,,,,,,,,,,,,,,,,,,,,,,,,,,0.015,35,True,,,,,,,,,,,,,,,,,,,,,,,,,,,0.12,0.002,75,1.25,,,,,,,,,,,998,-999994,,
False,True,2.5,12.0,80,2.0,,55,10,80,False,channel_reclaim,120,3,0.008,69.64882462076687,24.96887595618538,48,0.01,,,,,,,,,,,,,,,,,,,,,,,,,,,0.025,191,False,,,,,,,,,,,,,,,,,,,,,,,,,,,0.2,0.002,10,1.5,,,,,,,,,,,999,-999994,,
True,False,3.0,2.2,14,2.2,,20,80,300,False,trend_reclaim,24,3,0.008,73.42510860138133,37.71036913823187,48,0.0025,,,,,,,,,,,,,,,,,,,,,,,,,,,0.04,247,False,,,,,,,,,,,,,,,,,,,,,,,,,,,0.04,0.002,10,1.25,,,,,,,,,,,1000,-999994,,
True,False,1.5,1.7,55,1.5,,12,10,80,False,trend_reclaim,36,4,0.018,71.52296801634941,41.10412822206541,48,0.0005,,,,,,,,,,,,,,,,,,,,,,,,,,,0.006,457,False,,,,,,,,,,,,,,,,,,,,,,,,,,,1.0,0.0,50,0.5,,,,,,,,,,,1001,-999994,,
True,False,3.0,3.0,80,1.8,,12,20,150,False,trend_reclaim,8,6,0.012,69.69236825792615,22.8609916960392,3,0.0005,,,,,,,,,,,,,,,,,,,,,,,,,,,0.015,536,False,,,,,,,,,,,,,,,,,,,,,,,,,,,0.08,0.003,20,0.0,,,,,,,,,,,1002,-999994,,
True,False,2.0,3.0,80,2.5,,30,8,400,False,channel_reclaim,18,6,0.0025,75.38170295271928,43.87594152382891,3,0.0025,,,,,,,,,,,,,,,,,,,,,,,,,,,0.025,939,False,,,,,,,,,,,,,,,,,,,,,,,,,,,0.2,0.001,50,0.5,,,,,,,,,,,1003,-999994,,
True,True,3.0,4.0,80,1.8,,30,50,80,False,trend_bb_reversion,36,3,0.0,64.96520042553485,24.819872638759726,6,0.0005,,,,,,,,,,,,,,,,,,,,,,,,,,,0.015,1063,False,,,,,,,,,,,,,,,,,,,,,,,,,,,0.03,0.002,10,1.0,,,,,,,,,,,1004,-999994,,
True,False,2.5,2.2,30,1.5,,40,10,150,False,trend_reclaim,12,8,0.018,62.04566254312689,40.60471889633517,48,0.005,,,,,,,,,,,,,,,,,,,,,,,,,,,0.015,1126,False,,,,,,,,,,,,,,,,,,,,,,,,,,,1.0,0.002,30,0.0,,,,,,,,,,,1005,-999994,,
True,False,4.0,1.7,80,2.5,,55,10,80,False,trend_bb_reversion,120,1,0.0025,77.871551281248,41.23021491691109,24,0.0025,,,,,,,,,,,,,,,,,,,,,,,,,,,0.04,1160,False,,,,,,,,,,,,,,,,,,,,,,,,,,,0.04,0.002,50,0.0,,,,,,,,,,,1006,-999994,,
True,False,1.0,1.7,55,2.0,,8,50,150,False,trend_reclaim,96,3,0.005,61.34675318613054,28.395456519645943,12,0.01,,,,,,,,,,,,,,,,,,,,,,,,,,,0.006,1164,False,,,,,,,,,,,,,,,,,,,,,,,,,,,0.2,0.0005,20,0.5,,,,,,,,,,,1007,-999994,,
True,False,4.0,3.0,55,2.0,,55,14,80,False,trend_reclaim,36,8,0.018,77.45620283653062,39.94434473517419,18,0.0005,,,,,,,,,,,,,,,,,,,,,,,,,,,0.025,180,False,,,,,,,,,,,,,,,,,,,,,,,,,,,1.0,0.0,75,0.25,,,,,,,,,,,1008,-999995,,
True,False,1.0,1.7,40,1.5,,40,80,150,False,trend_reclaim,48,4,0.008,58.722943331228954,23.48988601586107,18,0.0005,,,,,,,,,,,,,,,,,,,,,,,,,,,0.04,188,False,,,,,,,,,,,,,,,,,,,,,,,,,,,0.2,0.002,150,1.25,,,,,,,,,,,1009,-999995,,
True,False,2.5,2.2,55,2.0,,30,80,130,False,trend_reclaim,18,3,0.008,70.7205413631038,40.20090990434404,24,0.0,,,,,,,,,,,,,,,,,,,,,,,,,,,0.025,482,False,,,,,,,,,,,,,,,,,,,,,,,,,,,0.05,0.001,150,1.25,,,,,,,,,,,1010,-999995,,
True,False,3.0,6.0,55,2.0,,30,20,50,False,trend_reclaim,72,1,0.018,77.17524917468576,31.677642041068943,36,0.0025,,,,,,,,,,,,,,,,,,,,,,,,,,,0.04,696,False,,,,,,,,,,,,,,,,,,,,,,,,,,,1.0,0.0005,75,0.25,,,,,,,,,,,1011,-999995,,
True,False,2.5,4.0,80,1.5,,20,14,50,False,channel_reclaim,36,2,0.0025,58.670774928999926,32.771396503704786,12,0.01,,,,,,,,,,,,,,,,,,,,,,,,,,,0.015,725,False,,,,,,,,,,,,,,,,,,,,,,,,,,,0.03,0.0,100,0.25,,,,,,,,,,,1012,-999995,,
True,False,2.5,2.2,55,2.2,,12,50,400,False,trend_reclaim,120,1,0.018,70.27222466575776,38.1084758783433,18,0.0005,,,,,,,,,,,,,,,,,,,,,,,,,,,0.04,915,False,,,,,,,,,,,,,,,,,,,,,,,,,,,0.2,0.0,20,0.25,,,,,,,,,,,1013,-999995,,
True,True,3.0,1.7,40,2.0,,10,80,200,False,trend_reclaim,72,3,0.018,72.51031793715858,44.346458658334114,36,0.001,,,,,,,,,,,,,,,,,,,,,,,,,,,0.08,29,False,,,,,,,,,,,,,,,,,,,,,,,,,,,0.2,0.001,100,1.25,,,,,,,,,,,1014,-999996,,
True,False,1.5,1.3,20,2.2,,10,10,80,False,trend_bb_reversion,48,1,0.008,64.28118737872143,40.31709241449864,6,0.01,,,,,,,,,,,,,,,,,,,,,,,,,,,0.025,66,True,,,,,,,,,,,,,,,,,,,,,,,,,,,0.2,0.002,50,0.0,,,,,,,,,,,1015,-999996,,
True,False,1.5,8.0,40,1.5,,30,50,100,True,trend_state_tp,120,8,0.012,71.48931955996828,39.85543169751427,3,0.01,,,,,,,,,,,,,,,,,,,,,,,,,,,0.015,79,False,,,,,,,,,,,,,,,,,,,,,,,,,,,0.12,0.002,75,0.0,,,,,,,,,,,1016,-999996,,
True,False,2.0,1.3,20,2.2,,12,30,50,False,channel_reclaim,8,1,0.0025,76.17754883833221,26.99060557290836,3,0.001,,,,,,,,,,,,,,,,,,,,,,,,,,,0.025,122,False,,,,,,,,,,,,,,,,,,,,,,,,,,,0.03,0.002,20,1.5,,,,,,,,,,,1017,-999996,,
True,False,3.0,4.0,20,2.5,,16,80,300,False,trend_reclaim,24,6,0.008,60.27644957907995,42.725587930250036,12,0.0005,,,,,,,,,,,,,,,,,,,,,,,,,,,0.015,261,False,,,,,,,,,,,,,,,,,,,,,,,,,,,0.04,0.003,150,1.5,,,,,,,,,,,1018,-999996,,
True,False,2.5,4.0,30,2.0,,8,80,130,False,trend_reclaim,36,4,0.0025,69.88367124270387,41.45983512047284,18,0.0025,,,,,,,,,,,,,,,,,,,,,,,,,,,0.015,315,False,,,,,,,,,,,,,,,,,,,,,,,,,,,0.12,0.002,150,1.5,,,,,,,,,,,1019,-999996,,
True,False,1.0,1.3,55,1.5,,30,20,300,False,trend_reclaim,8,4,0.018,66.37890670674194,27.340690838683866,36,0.0005,,,,,,,,,,,,,,,,,,,,,,,,,,,0.01,412,False,,,,,,,,,,,,,,,,,,,,,,,,,,,0.12,0.0005,10,0.5,,,,,,,,,,,1020,-999996,,
True,False,2.0,3.0,40,1.5,,16,80,130,False,trend_reclaim,48,3,0.012,72.92285183943387,23.55633803748576,3,0.0,,,,,,,,,,,,,,,,,,,,,,,,,,,0.08,478,False,,,,,,,,,,,,,,,,,,,,,,,,,,,0.12,0.003,75,1.0,,,,,,,,,,,1021,-999996,,
True,True,5.0,1.3,55,1.8,,40,8,100,False,trend_reclaim,72,8,0.025,64.47086253715173,35.700383459219275,24,0.0005,,,,,,,,,,,,,,,,,,,,,,,,,,,0.08,500,False,,,,,,,,,,,,,,,,,,,,,,,,,,,1.0,0.0005,10,0.5,,,,,,,,,,,1022,-999996,,
True,False,5.0,2.2,40,2.5,,10,30,400,False,trend_bb_reversion,96,6,0.0025,63.93668900818967,27.273771850992492,6,0.005,,,,,,,,,,,,,,,,,,,,,,,,,,,0.04,550,False,,,,,,,,,,,,,,,,,,,,,,,,,,,0.2,0.0005,150,0.0,,,,,,,,,,,1023,-999996,,
True,True,2.0,8.0,20,2.0,,10,30,50,False,trend_bb_reversion,96,6,0.018,71.67027841289226,34.19231670796339,6,0.01,,,,,,,,,,,,,,,,,,,,,,,,,,,0.01,604,False,,,,,,,,,,,,,,,,,,,,,,,,,,,1.0,0.0005,100,0.75,,,,,,,,,,,1024,-999996,,
True,False,2.5,3.0,30,2.5,,55,10,80,False,trend_reclaim,36,6,0.018,63.85060954557193,25.350323758844453,12,0.01,,,,,,,,,,,,,,,,,,,,,,,,,,,0.025,633,False,,,,,,,,,,,,,,,,,,,,,,,,,,,1.0,0.002,50,1.0,,,,,,,,,,,1025,-999996,,
True,False,5.0,12.0,80,2.2,,16,10,300,False,trend_bb_reversion,48,3,0.005,58.70199460192741,23.993278078007002,3,0.0,,,,,,,,,,,,,,,,,,,,,,,,,,,0.006,786,False,,,,,,,,,,,,,,,,,,,,,,,,,,,0.03,0.0,150,1.5,,,,,,,,,,,1026,-999996,,
True,False,1.0,6.0,55,2.0,,40,30,300,False,channel_reclaim,72,6,0.012,72.08533506574167,26.561361299235802,6,0.005,,,,,,,,,,,,,,,,,,,,,,,,,,,0.01,800,False,,,,,,,,,,,,,,,,,,,,,,,,,,,0.08,0.002,50,1.0,,,,,,,,,,,1027,-999996,,
True,False,2.0,6.0,14,2.2,,8,20,80,False,trend_reclaim,8,1,0.008,58.891059446577515,27.17550981197427,12,0.01,,,,,,,,,,,,,,,,,,,,,,,,,,,0.04,871,False,,,,,,,,,,,,,,,,,,,,,,,,,,,0.08,0.0005,30,1.25,,,,,,,,,,,1028,-999996,,
True,False,5.0,1.3,30,2.5,,30,8,150,False,trend_reclaim,8,2,0.008,76.13123604797475,35.847378414588306,24,0.005,,,,,,,,,,,,,,,,,,,,,,,,,,,0.015,963,False,,,,,,,,,,,,,,,,,,,,,,,,,,,0.04,0.0005,150,0.75,,,,,,,,,,,1029,-999996,,
True,False,4.0,4.0,30,2.2,,12,8,300,False,trend_reclaim,12,8,0.012,71.94410760113183,32.13318465994013,48,0.001,,,,,,,,,,,,,,,,,,,,,,,,,,,0.006,1033,False,,,,,,,,,,,,,,,,,,,,,,,,,,,0.05,0.0005,50,1.5,,,,,,,,,,,1030,-999996,,
True,True,1.0,1.7,14,2.0,,55,50,200,True,trend_state_tp,36,6,0.018,77.08914781819328,36.2450272302797,3,0.005,,,,,,,,,,,,,,,,,,,,,,,,,,,0.025,1121,False,,,,,,,,,,,,,,,,,,,,,,,,,,,0.05,0.0005,100,1.25,,,,,,,,,,,1031,-999996,,
True,False,3.0,6.0,14,1.5,,30,50,100,False,trend_reclaim,36,4,0.018,60.96011735450192,28.73453100900542,24,0.0005,,,,,,,,,,,,,,,,,,,,,,,,,,,0.006,1168,True,,,,,,,,,,,,,,,,,,,,,,,,,,,0.2,0.0005,100,0.25,,,,,,,,,,,1032,-999996,,
True,False,2.0,2.2,30,1.8,,16,30,150,False,trend_bb_reversion,24,2,0.012,75.2243057221696,23.97198084525217,6,0.0025,,,,,,,,,,,,,,,,,,,,,,,,,,,0.025,101,False,,,,,,,,,,,,,,,,,,,,,,,,,,,0.05,0.0,50,1.5,,,,,,,,,,,1033,-999997,,
True,False,5.0,3.0,40,2.5,,55,80,200,False,trend_reclaim,18,3,0.008,76.01016862293045,39.35306442607195,24,0.0025,,,,,,,,,,,,,,,,,,,,,,,,,,,0.006,428,True,,,,,,,,,,,,,,,,,,,,,,,,,,,1.0,0.002,150,1.5,,,,,,,,,,,1034,-999997,,
True,True,2.5,1.3,20,2.0,,20,8,300,False,trend_reclaim,18,8,0.018,60.502798162287135,25.566357819123773,48,0.001,,,,,,,,,,,,,,,,,,,,,,,,,,,0.08,492,False,,,,,,,,,,,,,,,,,,,,,,,,,,,0.12,0.001,30,0.0,,,,,,,,,,,1035,-999997,,
True,False,1.5,6.0,14,2.2,,20,20,100,False,trend_bb_reversion,18,6,0.008,62.33867945531146,34.04587456613291,6,0.01,,,,,,,,,,,,,,,,,,,,,,,,,,,0.08,525,True,,,,,,,,,,,,,,,,,,,,,,,,,,,0.12,0.001,10,0.75,,,,,,,,,,,1036,-999997,,
True,False,3.0,2.2,14,2.5,,8,50,200,False,trend_bb_reversion,8,3,0.0025,74.99905777920708,25.97308330647455,3,0.0025,,,,,,,,,,,,,,,,,,,,,,,,,,,0.04,593,False,,,,,,,,,,,,,,,,,,,,,,,,,,,0.2,0.0005,50,1.0,,,,,,,,,,,1037,-999997,,
True,True,3.0,3.0,14,2.2,,30,14,150,False,channel_reclaim,18,4,0.012,59.59226933496636,38.225164372186626,6,0.005,,,,,,,,,,,,,,,,,,,,,,,,,,,0.01,643,False,,,,,,,,,,,,,,,,,,,,,,,,,,,0.2,0.003,50,1.5,,,,,,,,,,,1038,-999997,,
True,False,4.0,12.0,30,1.8,,30,20,400,False,trend_reclaim,120,8,0.005,62.471436733206325,42.68839569024783,24,0.005,,,,,,,,,,,,,,,,,,,,,,,,,,,0.04,654,True,,,,,,,,,,,,,,,,,,,,,,,,,,,0.03,0.003,100,1.25,,,,,,,,,,,1039,-999997,,
True,True,2.5,3.0,30,2.5,,12,10,80,False,trend_reclaim,18,4,0.025,71.00617735265902,34.961221820303855,24,0.005,,,,,,,,,,,,,,,,,,,,,,,,,,,0.08,870,False,,,,,,,,,,,,,,,,,,,,,,,,,,,0.2,0.0,30,0.0,,,,,,,,,,,1040,-999997,,
True,False,4.0,2.2,80,1.8,,8,50,200,False,trend_reclaim,18,4,0.008,73.98732084468004,36.452244700255406,6,0.005,,,,,,,,,,,,,,,,,,,,,,,,,,,0.01,1004,False,,,,,,,,,,,,,,,,,,,,,,,,,,,1.0,0.0005,10,0.75,,,,,,,,,,,1041,-999997,,
True,False,2.5,4.0,80,2.5,,40,20,80,False,trend_bb_reversion,24,1,0.005,65.91712430172026,44.6914116130562,18,0.005,,,,,,,,,,,,,,,,,,,,,,,,,,,0.04,1137,True,,,,,,,,,,,,,,,,,,,,,,,,,,,0.04,0.002,100,0.75,,,,,,,,,,,1042,-999997,,
True,True,2.5,1.3,40,1.5,,40,30,100,False,channel_reclaim,96,4,0.0025,75.45815917848971,44.71732107073024,6,0.0025,,,,,,,,,,,,,,,,,,,,,,,,,,,0.01,1172,True,,,,,,,,,,,,,,,,,,,,,,,,,,,0.03,0.002,10,1.0,,,,,,,,,,,1043,-999997,,
True,False,3.0,6.0,55,1.8,,8,80,400,False,trend_bb_reversion,12,1,0.025,77.3178888990692,41.28860148316514,12,0.01,,,,,,,,,,,,,,,,,,,,,,,,,,,0.015,39,True,,,,,,,,,,,,,,,,,,,,,,,,,,,0.08,0.003,10,1.0,,,,,,,,,,,1044,-999998,,
True,False,1.5,3.0,20,1.8,,20,8,300,False,trend_reclaim,96,3,0.025,73.32157390086141,38.59130462909244,36,0.0025,,,,,,,,,,,,,,,,,,,,,,,,,,,0.015,118,True,,,,,,,,,,,,,,,,,,,,,,,,,,,0.08,0.003,75,1.25,,,,,,,,,,,1045,-999998,,
True,True,2.0,6.0,40,2.2,,20,80,130,False,trend_reclaim,72,8,0.0025,58.96163129872739,23.742013737126268,18,0.01,,,,,,,,,,,,,,,,,,,,,,,,,,,0.04,134,False,,,,,,,,,,,,,,,,,,,,,,,,,,,1.0,0.003,50,1.25,,,,,,,,,,,1046,-999998,,
True,False,5.0,1.7,40,1.5,,55,30,200,False,channel_reclaim,8,4,0.005,74.86836541156107,26.37978812271834,3,0.001,,,,,,,,,,,,,,,,,,,,,,,,,,,0.015,277,True,,,,,,,,,,,,,,,,,,,,,,,,,,,0.04,0.0,50,1.25,,,,,,,,,,,1047,-999998,,
True,False,2.5,8.0,14,1.8,,55,30,80,False,trend_reclaim,36,1,0.018,59.66939189232265,38.874239277395596,24,0.0025,,,,,,,,,,,,,,,,,,,,,,,,,,,0.01,355,True,,,,,,,,,,,,,,,,,,,,,,,,,,,0.12,0.002,10,0.0,,,,,,,,,,,1048,-999998,,
True,True,2.5,12.0,20,2.2,,8,8,80,False,trend_reclaim,14,8,0.025,65.63913566851124,41.47741151221661,12,0.0,,,,,,,,,,,,,,,,,,,,,,,,,,,0.01,459,False,,,,,,,,,,,,,,,,,,,,,,,,,,,0.12,0.0,50,0.0,,,,,,,,,,,1049,-999998,,
True,False,2.5,3.0,55,1.8,,10,80,130,False,channel_reclaim,48,4,0.012,65.66778843626939,23.27853543671585,6,0.01,,,,,,,,,,,,,,,,,,,,,,,,,,,0.01,491,False,,,,,,,,,,,,,,,,,,,,,,,,,,,0.08,0.001,75,0.75,,,,,,,,,,,1050,-999998,,
True,False,1.5,2.2,55,2.2,,8,8,100,False,trend_reclaim,12,3,0.012,77.6363208722258,40.32765912172544,3,0.005,,,,,,,,,,,,,,,,,,,,,,,,,,,0.015,627,False,,,,,,,,,,,,,,,,,,,,,,,,,,,0.12,0.0005,75,1.25,,,,,,,,,,,1051,-999998,,
False,True,2.0,8.0,30,1.5,,55,30,200,False,channel_reclaim,8,4,0.025,60.604276701394326,36.21335196797736,12,0.01,,,,,,,,,,,,,,,,,,,,,,,,,,,0.025,742,False,,,,,,,,,,,,,,,,,,,,,,,,,,,1.0,0.0,30,0.0,,,,,,,,,,,1052,-999998,,
True,False,2.0,2.2,80,1.8,,55,8,400,False,trend_reclaim,72,2,0.0025,60.46740347668117,43.81807014387036,3,0.0025,,,,,,,,,,,,,,,,,,,,,,,,,,,0.015,759,False,,,,,,,,,,,,,,,,,,,,,,,,,,,0.08,0.0,50,1.5,,,,,,,,,,,1053,-999998,,
True,False,3.0,3.0,14,2.5,,12,14,400,False,trend_bb_reversion,8,4,0.008,75.55562453606562,40.04441358724118,6,0.01,,,,,,,,,,,,,,,,,,,,,,,,,,,0.015,803,True,,,,,,,,,,,,,,,,,,,,,,,,,,,0.12,0.002,30,0.5,,,,,,,,,,,1054,-999998,,
True,False,2.0,3.0,55,1.8,,20,30,400,False,trend_reclaim,96,6,0.025,67.48417405952068,32.7102043214409,36,0.0,,,,,,,,,,,,,,,,,,,,,,,,,,,0.025,823,False,,,,,,,,,,,,,,,,,,,,,,,,,,,1.0,0.002,100,0.25,,,,,,,,,,,1055,-999998,,
True,False,1.5,6.0,80,1.8,,12,10,300,False,trend_reclaim,24,8,0.005,71.93944514014791,42.8395389015077,6,0.01,,,,,,,,,,,,,,,,,,,,,,,,,,,0.025,834,False,,,,,,,,,,,,,,,,,,,,,,,,,,,0.2,0.0005,50,1.25,,,,,,,,,,,1056,-999998,,
True,False,2.0,8.0,20,2.5,,55,80,150,False,trend_reclaim,96,4,0.008,62.86090475478783,25.490710790484854,3,0.0005,,,,,,,,,,,,,,,,,,,,,,,,,,,0.04,962,True,,,,,,,,,,,,,,,,,,,,,,,,,,,1.0,0.0005,20,1.0,,,,,,,,,,,1057,-999998,,
True,False,2.0,4.0,20,1.5,,40,14,150,False,trend_reclaim,120,1,0.018,70.28845059693239,41.15895678941593,3,0.0005,,,,,,,,,,,,,,,,,,,,,,,,,,,0.04,973,True,,,,,,,,,,,,,,,,,,,,,,,,,,,0.08,0.003,10,0.25,,,,,,,,,,,1058,-999998,,
True,False,2.5,1.7,80,2.2,,12,8,80,False,trend_bb_reversion,12,2,0.008,64.9249793511548,33.67734451482213,24,0.01,,,,,,,,,,,,,,,,,,,,,,,,,,,0.08,986,True,,,,,,,,,,,,,,,,,,,,,,,,,,,0.05,0.001,10,0.25,,,,,,,,,,,1059,-999998,,
True,False,1.0,2.2,55,1.8,,40,80,100,False,trend_bb_reversion,12,3,0.018,68.82476776409202,28.63416700738485,12,0.01,,,,,,,,,,,,,,,,,,,,,,,,,,,0.04,1041,True,,,,,,,,,,,,,,,,,,,,,,,,,,,1.0,0.003,75,0.25,,,,,,,,,,,1060,-999998,,
True,False,2.5,6.0,55,2.0,,8,30,50,False,trend_reclaim,36,2,0.012,63.27291720600129,29.33270007022987,24,0.0025,,,,,,,,,,,,,,,,,,,,,,,,,,,0.015,1067,True,,,,,,,,,,,,,,,,,,,,,,,,,,,1.0,0.0005,100,1.5,,,,,,,,,,,1061,-999998,,
True,True,5.0,3.0,20,1.5,,40,20,300,False,trend_reclaim,18,6,0.025,63.93834730407392,23.342276118897963,18,0.0025,,,,,,,,,,,,,,,,,,,,,,,,,,,0.025,1068,True,,,,,,,,,,,,,,,,,,,,,,,,,,,1.0,0.0005,10,0.25,,,,,,,,,,,1062,-999998,,
True,True,2.5,12.0,80,1.8,,16,30,50,False,channel_reclaim,96,4,0.005,75.32723799222637,23.58091081494108,12,0.01,,,,,,,,,,,,,,,,,,,,,,,,,,,0.025,1094,False,,,,,,,,,,,,,,,,,,,,,,,,,,,0.03,0.002,100,1.25,,,,,,,,,,,1063,-999998,,
True,False,2.5,3.0,30,2.2,,20,14,50,False,channel_reclaim,48,1,0.0025,68.3245069491486,22.211269603022433,6,0.01,,,,,,,,,,,,,,,,,,,,,,,,,,,0.025,1109,False,,,,,,,,,,,,,,,,,,,,,,,,,,,0.2,0.003,20,0.0,,,,,,,,,,,1064,-999998,,
True,False,2.0,2.2,80,2.0,,12,8,50,False,trend_bb_reversion,120,1,0.0,74.48872743918125,29.149782275032337,48,0.0005,,,,,,,,,,,,,,,,,,,,,,,,,,,0.025,1191,False,,,,,,,,,,,,,,,,,,,,,,,,,,,0.2,0.002,100,0.25,,,,,,,,,,,1065,-999998,,
True,False,4.0,1.3,30,2.5,,8,20,50,False,trend_reclaim,72,2,0.018,65.95278655054474,34.91636661465923,6,0.005,,,,,,,,,,,,,,,,,,,,,,,,,,,0.01,62,False,,,,,,,,,,,,,,,,,,,,,,,,,,,0.12,0.0005,30,0.75,,,,,,,,,,,1066,-999999,,
True,False,4.0,3.0,40,2.2,,40,30,150,False,trend_reclaim,12,3,0.012,66.73488699227863,38.37090330521945,6,0.01,,,,,,,,,,,,,,,,,,,,,,,,,,,0.04,98,False,,,,,,,,,,,,,,,,,,,,,,,,,,,0.12,0.001,50,1.25,,,,,,,,,,,1067,-999999,,
True,False,1.0,1.7,20,2.0,,16,80,150,False,trend_reclaim,120,3,0.008,65.12161568054987,27.220406456868563,24,0.001,,,,,,,,,,,,,,,,,,,,,,,,,,,0.015,110,False,,,,,,,,,,,,,,,,,,,,,,,,,,,0.03,0.0005,20,0.25,,,,,,,,,,,1068,-999999,,
True,False,4.0,4.0,14,1.8,,20,30,50,False,trend_reclaim,24,3,0.025,59.45269718472159,38.27701045219664,24,0.0,,,,,,,,,,,,,,,,,,,,,,,,,,,0.08,127,True,,,,,,,,,,,,,,,,,,,,,,,,,,,0.12,0.003,10,1.0,,,,,,,,,,,1069,-999999,,
True,False,3.0,12.0,55,2.2,,8,10,50,True,trend_state_tp,72,2,0.025,74.25312395801578,39.405012039661045,3,0.01,,,,,,,,,,,,,,,,,,,,,,,,,,,0.04,133,False,,,,,,,,,,,,,,,,,,,,,,,,,,,0.04,0.003,20,1.25,,,,,,,,,,,1070,-999999,,
True,False,1.0,8.0,30,1.5,,8,30,80,False,trend_reclaim,12,4,0.025,75.81330249586271,22.121453937223357,18,0.001,,,,,,,,,,,,,,,,,,,,,,,,,,,0.025,210,False,,,,,,,,,,,,,,,,,,,,,,,,,,,0.05,0.003,10,0.25,,,,,,,,,,,1071,-999999,,
True,True,1.5,4.0,40,2.5,,40,30,400,False,trend_reclaim,24,6,0.012,74.95329293760118,42.37300940195133,18,0.005,,,,,,,,,,,,,,,,,,,,,,,,,,,0.01,217,False,,,,,,,,,,,,,,,,,,,,,,,,,,,0.04,0.0,150,1.25,,,,,,,,,,,1072,-999999,,
True,False,2.0,6.0,14,1.5,,12,10,300,False,trend_bb_reversion,12,3,0.005,67.20502348514535,34.37921970218541,6,0.01,,,,,,,,,,,,,,,,,,,,,,,,,,,0.08,246,False,,,,,,,,,,,,,,,,,,,,,,,,,,,1.0,0.001,10,1.0,,,,,,,,,,,1073,-999999,,
True,True,1.5,2.2,40,2.2,,10,8,150,False,trend_bb_reversion,120,8,0.025,77.14757951654123,26.849603990017485,6,0.005,,,,,,,,,,,,,,,,,,,,,,,,,,,0.01,265,False,,,,,,,,,,,,,,,,,,,,,,,,,,,0.03,0.0005,10,0.75,,,,,,,,,,,1074,-999999,,
True,False,1.0,6.0,40,2.0,,40,80,400,False,trend_reclaim,24,8,0.012,64.72979592608468,27.18648489914124,3,0.001,,,,,,,,,,,,,,,,,,,,,,,,,,,0.015,269,False,,,,,,,,,,,,,,,,,,,,,,,,,,,0.05,0.003,50,1.0,,,,,,,,,,,1075,-999999,,
True,True,1.5,1.3,30,2.5,,16,10,300,False,trend_bb_reversion,24,8,0.0,70.75999702662021,22.66555911158699,6,0.01,,,,,,,,,,,,,,,,,,,,,,,,,,,0.015,311,False,,,,,,,,,,,,,,,,,,,,,,,,,,,0.12,0.001,75,0.5,,,,,,,,,,,1076,-999999,,
True,False,3.0,12.0,20,1.5,,16,20,100,False,trend_reclaim,120,8,0.025,70.20692808901502,40.4535007514258,48,0.01,,,,,,,,,,,,,,,,,,,,,,,,,,,0.006,361,False,,,,,,,,,,,,,,,,,,,,,,,,,,,1.0,0.001,100,0.5,,,,,,,,,,,1077,-999999,,
True,True,5.0,2.2,20,1.5,,8,10,100,False,trend_reclaim,120,4,0.025,77.95481945533356,22.52353048278063,24,0.01,,,,,,,,,,,,,,,,,,,,,,,,,,,0.006,362,False,,,,,,,,,,,,,,,,,,,,,,,,,,,0.08,0.002,30,1.25,,,,,,,,,,,1078,-999999,,
True,False,4.0,6.0,80,2.5,,16,14,300,False,trend_reclaim,48,6,0.012,69.16316042898136,36.63598315185216,6,0.0025,,,,,,,,,,,,,,,,,,,,,,,,,,,0.08,399,False,,,,,,,,,,,,,,,,,,,,,,,,,,,0.05,0.003,30,0.0,,,,,,,,,,,1079,-999999,,
True,False,5.0,12.0,30,1.8,,20,50,200,False,trend_reclaim,24,1,0.018,71.85061943804332,25.574571458302707,12,0.0,,,,,,,,,,,,,,,,,,,,,,,,,,,0.08,452,False,,,,,,,,,,,,,,,,,,,,,,,,,,,0.05,0.0,100,1.25,,,,,,,,,,,1080,-999999,,
True,False,1.0,1.7,40,2.2,,55,14,300,False,trend_bb_reversion,8,4,0.005,73.23845371795365,39.338318672894715,6,0.01,,,,,,,,,,,,,,,,,,,,,,,,,,,0.015,511,False,,,,,,,,,,,,,,,,,,,,,,,,,,,0.2,0.0,150,0.0,,,,,,,,,,,1081,-999999,,
False,True,5.0,1.7,80,1.8,,40,8,50,False,trend_bb_reversion,36,2,0.018,60.17121681137046,44.70263450106113,36,0.005,,,,,,,,,,,,,,,,,,,,,,,,,,,0.015,561,False,,,,,,,,,,,,,,,,,,,,,,,,,,,0.05,0.001,10,1.5,,,,,,,,,,,1082,-999999,,
True,False,1.5,1.3,55,2.0,,12,30,50,False,trend_reclaim,12,3,0.012,73.57505739144796,38.70691147699357,36,0.0025,,,,,,,,,,,,,,,,,,,,,,,,,,,0.04,575,False,,,,,,,,,,,,,,,,,,,,,,,,,,,0.04,0.001,75,1.0,,,,,,,,,,,1083,-999999,,
True,True,3.0,4.0,30,1.8,,8,50,100,False,trend_reclaim,18,6,0.025,71.92362702598997,43.63706772587812,6,0.005,,,,,,,,,,,,,,,,,,,,,,,,,,,0.025,636,False,,,,,,,,,,,,,,,,,,,,,,,,,,,1.0,0.001,20,0.75,,,,,,,,,,,1084,-999999,,
False,True,5.0,8.0,20,2.5,,8,14,80,False,trend_bb_reversion,36,1,0.005,77.47346827835736,34.97523676590729,6,0.005,,,,,,,,,,,,,,,,,,,,,,,,,,,0.006,647,False,,,,,,,,,,,,,,,,,,,,,,,,,,,0.05,0.0005,30,0.25,,,,,,,,,,,1085,-999999,,
True,False,3.0,1.7,55,2.2,,55,30,100,False,trend_reclaim,72,6,0.0,63.552325712206844,31.858177056780114,3,0.005,,,,,,,,,,,,,,,,,,,,,,,,,,,0.01,653,False,,,,,,,,,,,,,,,,,,,,,,,,,,,1.0,0.003,150,1.5,,,,,,,,,,,1086,-999999,,
True,False,2.0,8.0,30,1.8,,16,30,400,False,channel_reclaim,48,3,0.012,75.67927909678926,29.32425059736913,6,0.005,,,,,,,,,,,,,,,,,,,,,,,,,,,0.025,681,False,,,,,,,,,,,,,,,,,,,,,,,,,,,0.04,0.003,100,0.25,,,,,,,,,,,1087,-999999,,
False,True,2.0,3.0,55,2.2,,20,10,80,False,trend_reclaim,96,1,0.018,65.06794461431042,40.97367996067773,24,0.001,,,,,,,,,,,,,,,,,,,,,,,,,,,0.01,693,False,,,,,,,,,,,,,,,,,,,,,,,,,,,0.08,0.003,20,0.25,,,,,,,,,,,1088,-999999,,
True,False,4.0,1.7,30,1.8,,16,14,300,False,channel_reclaim,36,6,0.012,61.654096956593165,34.2208572835054,6,0.01,,,,,,,,,,,,,,,,,,,,,,,,,,,0.025,754,False,,,,,,,,,,,,,,,,,,,,,,,,,,,0.08,0.002,100,1.0,,,,,,,,,,,1089,-999999,,
True,False,5.0,6.0,55,2.0,,20,20,100,False,trend_reclaim,12,3,0.025,66.10692830839297,31.74096354294476,18,0.001,,,,,,,,,,,,,,,,,,,,,,,,,,,0.025,768,False,,,,,,,,,,,,,,,,,,,,,,,,,,,0.2,0.001,20,0.75,,,,,,,,,,,1090,-999999,,
True,False,1.0,8.0,14,1.5,,40,30,50,False,trend_reclaim,12,8,0.012,72.4040791546959,36.04461774622074,12,0.0025,,,,,,,,,,,,,,,,,,,,,,,,,,,0.01,793,False,,,,,,,,,,,,,,,,,,,,,,,,,,,0.05,0.002,20,0.5,,,,,,,,,,,1091,-999999,,
True,False,2.0,1.3,40,1.8,,55,50,100,False,trend_reclaim,120,8,0.018,63.98985550731422,24.08244089015452,3,0.001,,,,,,,,,,,,,,,,,,,,,,,,,,,0.01,813,False,,,,,,,,,,,,,,,,,,,,,,,,,,,1.0,0.001,20,0.25,,,,,,,,,,,1092,-999999,,
True,False,2.0,1.7,80,2.0,,55,10,150,False,trend_reclaim,24,3,0.025,67.56455347585266,25.354853116098496,6,0.0,,,,,,,,,,,,,,,,,,,,,,,,,,,0.015,853,False,,,,,,,,,,,,,,,,,,,,,,,,,,,1.0,0.001,100,1.0,,,,,,,,,,,1093,-999999,,
True,False,5.0,12.0,40,2.5,,12,10,400,False,trend_reclaim,8,4,0.008,60.758793113957125,35.361219529918955,12,0.0025,,,,,,,,,,,,,,,,,,,,,,,,,,,0.04,965,False,,,,,,,,,,,,,,,,,,,,,,,,,,,0.03,0.002,75,0.25,,,,,,,,,,,1094,-999999,,
True,True,3.0,1.3,80,1.8,,20,20,200,False,trend_reclaim,96,8,0.025,63.86995275680929,26.62413031342903,12,0.001,,,,,,,,,,,,,,,,,,,,,,,,,,,0.01,999,False,,,,,,,,,,,,,,,,,,,,,,,,,,,1.0,0.0005,50,1.25,,,,,,,,,,,1095,-999999,,
True,False,1.5,2.2,14,2.5,,10,30,100,False,trend_reclaim,24,8,0.018,68.80668323467783,38.906456345801864,18,0.0005,,,,,,,,,,,,,,,,,,,,,,,,,,,0.006,1002,False,,,,,,,,,,,,,,,,,,,,,,,,,,,0.2,0.003,30,1.5,,,,,,,,,,,1096,-999999,,
False,True,3.0,6.0,20,1.5,,30,14,80,False,channel_reclaim,12,6,0.0025,60.352158631675216,27.895733143378994,18,0.01,,,,,,,,,,,,,,,,,,,,,,,,,,,0.025,1024,False,,,,,,,,,,,,,,,,,,,,,,,,,,,0.03,0.001,30,1.5,,,,,,,,,,,1097,-999999,,
True,False,3.0,1.7,20,1.8,,40,30,50,False,trend_reclaim,48,3,0.025,75.54389036511066,38.03401337225628,24,0.0,,,,,,,,,,,,,,,,,,,,,,,,,,,0.006,1065,False,,,,,,,,,,,,,,,,,,,,,,,,,,,0.12,0.0,10,0.0,,,,,,,,,,,1098,-999999,,
True,False,1.0,8.0,14,2.5,,10,8,150,False,trend_reclaim,120,4,0.018,74.92976668801829,39.937556017671625,36,0.01,,,,,,,,,,,,,,,,,,,,,,,,,,,0.006,1105,False,,,,,,,,,,,,,,,,,,,,,,,,,,,0.12,0.002,10,0.0,,,,,,,,,,,1099,-999999,,
True,False,2.0,4.0,14,2.0,,8,80,130,False,trend_reclaim,12,1,0.012,77.33057265713737,23.710195402177867,18,0.001,,,,,,,,,,,,,,,,,,,,,,,,,,,0.006,1148,False,,,,,,,,,,,,,,,,,,,,,,,,,,,0.05,0.0,100,1.5,,,,,,,,,,,1100,-999999,,
True,False,4.0,6.0,40,2.0,,10,30,80,False,trend_reclaim,36,1,0.025,67.58585349226598,33.12641959337706,24,0.005,,,,,,,,,,,,,,,,,,,,,,,,,,,0.01,1151,False,,,,,,,,,,,,,,,,,,,,,,,,,,,0.12,0.0005,50,0.5,,,,,,,,,,,1101,-999999,,
True,False,2.0,2.2,14,2.0,,20,30,50,False,trend_bb_reversion,12,3,0.018,60.381497950052996,33.033752646901526,3,0.005,,,,,,,,,,,,,,,,,,,,,,,,,,,0.006,1175,False,,,,,,,,,,,,,,,,,,,,,,,,,,,0.12,0.002,30,0.75,,,,,,,,,,,1102,-999999,,
True,False,2.5,8.0,30,1.8,,8,30,100,False,trend_reclaim,72,6,0.025,65.53840502147031,34.867169057940934,12,0.01,,,,,,,,,,,,,,,,,,,,,,,,,,,0.006,45,True,,,,,,,,,,,,,,,,,,,,,,,,,,,0.05,0.0,75,1.5,,,,,,,,,,,1103,-1000000,,
True,False,4.0,4.0,20,2.0,,40,30,100,False,trend_reclaim,18,1,0.018,62.927330798962814,43.01043725084964,6,0.01,,,,,,,,,,,,,,,,,,,,,,,,,,,0.01,58,False,,,,,,,,,,,,,,,,,,,,,,,,,,,0.2,0.001,50,0.5,,,,,,,,,,,1104,-1000000,,
True,False,1.5,4.0,40,2.2,,40,20,100,False,trend_bb_reversion,24,4,0.018,76.54250468928545,23.961532444362998,6,0.005,,,,,,,,,,,,,,,,,,,,,,,,,,,0.04,75,False,,,,,,,,,,,,,,,,,,,,,,,,,,,0.05,0.0005,50,0.0,,,,,,,,,,,1105,-1000000,,
True,False,2.0,2.2,80,2.2,,12,14,50,False,trend_bb_reversion,120,3,0.005,75.71829493800578,42.9699540912492,12,0.01,,,,,,,,,,,,,,,,,,,,,,,,,,,0.015,88,True,,,,,,,,,,,,,,,,,,,,,,,,,,,0.04,0.0,50,0.75,,,,,,,,,,,1106,-1000000,,
True,False,3.0,4.0,55,1.8,,30,80,130,False,trend_reclaim,120,6,0.025,65.41881234149402,44.21888116278101,18,0.0025,,,,,,,,,,,,,,,,,,,,,,,,,,,0.04,97,False,,,,,,,,,,,,,,,,,,,,,,,,,,,0.04,0.001,10,0.5,,,,,,,,,,,1107,-1000000,,
True,False,1.0,6.0,55,1.8,,10,14,150,False,trend_reclaim,72,8,0.025,69.10655590919751,25.267746394310425,48,0.001,,,,,,,,,,,,,,,,,,,,,,,,,,,0.006,136,False,,,,,,,,,,,,,,,,,,,,,,,,,,,1.0,0.0005,30,1.0,,,,,,,,,,,1108,-1000000,,
True,False,1.0,6.0,30,2.2,,10,8,150,True,trend_state_tp,48,3,0.018,59.47766877131823,23.32213926369627,3,0.005,,,,,,,,,,,,,,,,,,,,,,,,,,,0.006,149,False,,,,,,,,,,,,,,,,,,,,,,,,,,,0.03,0.0,75,1.0,,,,,,,,,,,1109,-1000000,,
True,True,1.0,4.0,40,2.2,,30,30,150,False,trend_reclaim,96,6,0.025,74.92641245880989,35.85526394426554,6,0.0005,,,,,,,,,,,,,,,,,,,,,,,,,,,0.01,156,False,,,,,,,,,,,,,,,,,,,,,,,,,,,0.05,0.001,75,0.0,,,,,,,,,,,1110,-1000000,,
True,False,1.0,3.0,20,1.8,,8,20,100,False,trend_reclaim,24,8,0.0025,67.9429656914227,24.685910345913904,3,0.01,,,,,,,,,,,,,,,,,,,,,,,,,,,0.04,170,True,,,,,,,,,,,,,,,,,,,,,,,,,,,0.08,0.0005,30,1.0,,,,,,,,,,,1111,-1000000,,
True,False,2.5,2.2,14,1.8,,16,20,200,False,trend_reclaim,8,6,0.025,75.75347021197332,43.1212233023864,12,0.005,,,,,,,,,,,,,,,,,,,,,,,,,,,0.025,173,False,,,,,,,,,,,,,,,,,,,,,,,,,,,0.2,0.001,30,0.25,,,,,,,,,,,1112,-1000000,,
True,False,1.0,1.3,30,1.5,,55,8,400,False,trend_reclaim,14,8,0.018,68.8767849603128,36.62992410951082,24,0.01,,,,,,,,,,,,,,,,,,,,,,,,,,,0.08,222,True,,,,,,,,,,,,,,,,,,,,,,,,,,,0.04,0.0005,150,0.5,,,,,,,,,,,1113,-1000000,,
True,False,4.0,12.0,20,2.5,,30,10,400,False,channel_reclaim,120,2,0.0,76.92484863069491,26.166292288852855,3,0.005,,,,,,,,,,,,,,,,,,,,,,,,,,,0.08,231,False,,,,,,,,,,,,,,,,,,,,,,,,,,,0.04,0.002,75,0.0,,,,,,,,,,,1114,-1000000,,
True,False,1.0,4.0,30,2.0,,20,30,150,False,trend_reclaim,14,8,0.018,58.88219527905104,29.674528657590656,24,0.01,,,,,,,,,,,,,,,,,,,,,,,,,,,0.08,232,False,,,,,,,,,,,,,,,,,,,,,,,,,,,0.08,0.001,100,1.25,,,,,,,,,,,1115,-1000000,,
True,False,3.0,1.7,30,1.5,,20,30,100,False,channel_reclaim,48,3,0.018,69.70832705009487,39.72907484565862,3,0.005,,,,,,,,,,,,,,,,,,,,,,,,,,,0.01,240,False,,,,,,,,,,,,,,,,,,,,,,,,,,,0.03,0.002,150,0.75,,,,,,,,,,,1116,-1000000,,
True,False,1.0,12.0,55,2.0,,20,80,400,False,trend_reclaim,24,6,0.025,58.34345366657117,32.14038365906118,36,0.005,,,,,,,,,,,,,,,,,,,,,,,,,,,0.006,241,False,,,,,,,,,,,,,,,,,,,,,,,,,,,0.04,0.003,150,1.0,,,,,,,,,,,1117,-1000000,,
True,False,3.0,1.3,20,1.8,,55,80,130,False,trend_reclaim,18,3,0.025,77.16110142409134,33.37734624630674,12,0.005,,,,,,,,,,,,,,,,,,,,,,,,,,,0.04,257,False,,,,,,,,,,,,,,,,,,,,,,,,,,,0.08,0.0005,20,0.0,,,,,,,,,,,1118,-1000000,,
True,False,5.0,4.0,55,2.2,,12,8,150,False,trend_reclaim,18,6,0.025,65.26194292898471,29.60903878889494,36,0.0005,,,,,,,,,,,,,,,,,,,,,,,,,,,0.006,267,False,,,,,,,,,,,,,,,,,,,,,,,,,,,0.03,0.0,10,1.5,,,,,,,,,,,1119,-1000000,,
True,False,1.0,1.7,80,1.5,,12,10,100,False,trend_reclaim,8,3,0.008,74.08295005668872,31.2500748657554,3,0.01,,,,,,,,,,,,,,,,,,,,,,,,,,,0.006,271,False,,,,,,,,,,,,,,,,,,,,,,,,,,,0.03,0.0005,20,1.0,,,,,,,,,,,1120,-1000000,,
True,False,2.0,3.0,30,2.2,,10,10,300,False,trend_reclaim,48,8,0.012,75.3266472165293,43.862649869706445,3,0.005,,,,,,,,,,,,,,,,,,,,,,,,,,,0.01,290,False,,,,,,,,,,,,,,,,,,,,,,,,,,,0.04,0.003,20,1.25,,,,,,,,,,,1121,-1000000,,
True,True,4.0,3.0,14,2.5,,12,80,130,False,trend_reclaim,48,4,0.025,58.26211490830599,32.58982539120592,36,0.0025,,,,,,,,,,,,,,,,,,,,,,,,,,,0.006,295,False,,,,,,,,,,,,,,,,,,,,,,,,,,,0.08,0.002,50,0.25,,,,,,,,,,,1122,-1000000,,
True,False,5.0,3.0,80,2.0,,16,50,100,False,trend_bb_reversion,18,3,0.0,77.66204941426449,38.111440932415036,12,0.01,,,,,,,,,,,,,,,,,,,,,,,,,,,0.01,297,False,,,,,,,,,,,,,,,,,,,,,,,,,,,1.0,0.001,150,0.5,,,,,,,,,,,1123,-1000000,,
True,False,3.0,6.0,14,1.5,,16,8,400,False,channel_reclaim,120,4,0.005,73.58278977452514,44.485552540631105,6,0.005,,,,,,,,,,,,,,,,,,,,,,,,,,,0.006,309,False,,,,,,,,,,,,,,,,,,,,,,,,,,,0.03,0.001,150,0.25,,,,,,,,,,,1124,-1000000,,
True,False,5.0,8.0,14,2.0,,30,14,300,False,trend_reclaim,18,8,0.025,66.8344189070351,36.46459006274572,12,0.005,,,,,,,,,,,,,,,,,,,,,,,,,,,0.025,342,True,,,,,,,,,,,,,,,,,,,,,,,,,,,1.0,0.002,150,0.25,,,,,,,,,,,1125,-1000000,,
False,True,1.5,4.0,55,2.0,,12,8,200,False,trend_bb_reversion,18,3,0.025,69.59479484836942,27.989672783361144,3,0.01,,,,,,,,,,,,,,,,,,,,,,,,,,,0.015,360,False,,,,,,,,,,,,,,,,,,,,,,,,,,,0.03,0.001,50,1.0,,,,,,,,,,,1126,-1000000,,
True,True,3.0,4.0,55,1.8,,10,10,300,False,channel_reclaim,120,2,0.0025,64.4212678158414,22.155791619129438,3,0.005,,,,,,,,,,,,,,,,,,,,,,,,,,,0.025,371,False,,,,,,,,,,,,,,,,,,,,,,,,,,,0.03,0.001,75,0.5,,,,,,,,,,,1127,-1000000,,
False,True,1.0,12.0,20,1.5,,40,10,50,False,channel_reclaim,8,4,0.0025,66.57938130997046,29.385584795430326,3,0.005,,,,,,,,,,,,,,,,,,,,,,,,,,,0.01,387,False,,,,,,,,,,,,,,,,,,,,,,,,,,,0.12,0.0,10,0.5,,,,,,,,,,,1128,-1000000,,
True,False,3.0,2.2,20,1.8,,55,80,300,False,trend_reclaim,18,6,0.018,62.64896636244258,34.359588309432965,6,0.01,,,,,,,,,,,,,,,,,,,,,,,,,,,0.006,395,False,,,,,,,,,,,,,,,,,,,,,,,,,,,0.04,0.001,10,1.25,,,,,,,,,,,1129,-1000000,,
True,False,1.0,4.0,14,2.5,,10,30,300,False,trend_reclaim,18,1,0.025,61.53363199195255,42.6687333978016,6,0.01,,,,,,,,,,,,,,,,,,,,,,,,,,,0.04,398,False,,,,,,,,,,,,,,,,,,,,,,,,,,,0.05,0.0,50,0.75,,,,,,,,,,,1130,-1000000,,
True,False,3.0,3.0,40,1.5,,20,80,300,False,trend_reclaim,96,6,0.018,61.657566385656644,27.88695192562346,48,0.0025,,,,,,,,,,,,,,,,,,,,,,,,,,,0.01,417,False,,,,,,,,,,,,,,,,,,,,,,,,,,,0.12,0.0005,75,1.0,,,,,,,,,,,1131,-1000000,,
True,False,5.0,1.3,30,2.5,,16,80,200,False,trend_bb_reversion,120,4,0.012,65.10356315468364,28.9956474275146,6,0.01,,,,,,,,,,,,,,,,,,,,,,,,,,,0.01,434,False,,,,,,,,,,,,,,,,,,,,,,,,,,,0.2,0.002,20,1.25,,,,,,,,,,,1132,-1000000,,
True,False,1.5,12.0,40,1.5,,55,8,400,False,trend_reclaim,120,2,0.008,69.78914089902864,44.409468104099425,36,0.0,,,,,,,,,,,,,,,,,,,,,,,,,,,0.04,437,False,,,,,,,,,,,,,,,,,,,,,,,,,,,0.03,0.002,75,1.25,,,,,,,,,,,1133,-1000000,,
True,False,1.0,3.0,80,1.8,,20,10,150,False,trend_bb_reversion,48,1,0.025,68.269929238533,30.669074822838553,18,0.01,,,,,,,,,,,,,,,,,,,,,,,,,,,0.025,463,False,,,,,,,,,,,,,,,,,,,,,,,,,,,0.03,0.001,150,0.5,,,,,,,,,,,1134,-1000000,,
True,False,2.5,4.0,80,1.8,,30,50,100,False,trend_bb_reversion,36,6,0.025,74.35746387379996,43.05537205629686,3,0.01,,,,,,,,,,,,,,,,,,,,,,,,,,,0.01,467,False,,,,,,,,,,,,,,,,,,,,,,,,,,,0.05,0.002,150,0.75,,,,,,,,,,,1135,-1000000,,
True,False,1.5,12.0,40,2.0,,20,30,200,False,trend_reclaim,48,4,0.018,60.204148089674526,44.07764325120581,18,0.001,,,,,,,,,,,,,,,,,,,,,,,,,,,0.01,484,False,,,,,,,,,,,,,,,,,,,,,,,,,,,0.03,0.0005,30,1.25,,,,,,,,,,,1136,-1000000,,
True,False,2.5,8.0,80,1.8,,55,20,200,False,channel_reclaim,72,6,0.0025,64.91014594197135,44.19718828362624,6,0.005,,,,,,,,,,,,,,,,,,,,,,,,,,,0.08,486,True,,,,,,,,,,,,,,,,,,,,,,,,,,,0.04,0.0,10,0.5,,,,,,,,,,,1137,-1000000,,
True,False,1.0,2.2,30,2.2,,10,80,100,False,trend_reclaim,96,8,0.008,77.78257014732256,31.36738760219699,3,0.0,,,,,,,,,,,,,,,,,,,,,,,,,,,0.01,489,False,,,,,,,,,,,,,,,,,,,,,,,,,,,0.03,0.0005,10,0.0,,,,,,,,,,,1138,-1000000,,
False,True,4.0,8.0,55,2.2,,16,80,300,True,trend_state_tp,48,3,0.0,75.44605758209451,32.77596474184472,3,0.01,,,,,,,,,,,,,,,,,,,,,,,,,,,0.01,541,False,,,,,,,,,,,,,,,,,,,,,,,,,,,0.03,0.003,75,0.0,,,,,,,,,,,1139,-1000000,,
True,True,4.0,6.0,55,1.8,,8,50,100,False,trend_reclaim,12,3,0.012,59.15123157213437,42.47307405177215,3,0.0025,,,,,,,,,,,,,,,,,,,,,,,,,,,0.08,543,False,,,,,,,,,,,,,,,,,,,,,,,,,,,1.0,0.001,100,0.0,,,,,,,,,,,1140,-1000000,,
True,True,5.0,1.3,14,1.8,,40,8,100,False,trend_reclaim,24,1,0.025,60.11659587295971,37.033559492355494,18,0.005,,,,,,,,,,,,,,,,,,,,,,,,,,,0.006,546,False,,,,,,,,,,,,,,,,,,,,,,,,,,,0.03,0.0,10,0.75,,,,,,,,,,,1141,-1000000,,
True,False,3.0,6.0,80,1.8,,20,30,50,False,trend_reclaim,36,2,0.025,60.55528776441712,25.86429953795807,6,0.001,,,,,,,,,,,,,,,,,,,,,,,,,,,0.015,579,False,,,,,,,,,,,,,,,,,,,,,,,,,,,0.05,0.002,100,1.25,,,,,,,,,,,1142,-1000000,,
True,False,1.0,2.2,80,2.0,,30,10,80,False,trend_bb_reversion,72,1,0.025,70.4314572214103,29.19231573054307,3,0.005,,,,,,,,,,,,,,,,,,,,,,,,,,,0.08,583,False,,,,,,,,,,,,,,,,,,,,,,,,,,,0.08,0.001,10,1.25,,,,,,,,,,,1143,-1000000,,
True,False,2.5,6.0,55,1.5,,10,80,300,False,trend_reclaim,8,1,0.025,66.4300984284925,25.5357449769137,18,0.0025,,,,,,,,,,,,,,,,,,,,,,,,,,,0.006,589,True,,,,,,,,,,,,,,,,,,,,,,,,,,,0.2,0.001,20,0.5,,,,,,,,,,,1144,-1000000,,
True,False,2.0,1.3,14,1.8,,40,10,150,False,trend_reclaim,36,4,0.008,64.96193230370473,35.87225072556784,6,0.01,,,,,,,,,,,,,,,,,,,,,,,,,,,0.006,599,False,,,,,,,,,,,,,,,,,,,,,,,,,,,0.04,0.0,10,0.5,,,,,,,,,,,1145,-1000000,,
True,False,1.5,8.0,20,1.5,,12,14,100,False,trend_reclaim,8,3,0.0025,71.27684892891612,23.20808693208491,3,0.005,,,,,,,,,,,,,,,,,,,,,,,,,,,0.006,606,False,,,,,,,,,,,,,,,,,,,,,,,,,,,0.04,0.001,75,0.5,,,,,,,,,,,1146,-1000000,,
False,True,2.0,3.0,80,2.0,,12,50,400,False,trend_bb_reversion,24,8,0.0,74.95900179199215,31.057657272064283,3,0.01,,,,,,,,,,,,,,,,,,,,,,,,,,,0.025,620,False,,,,,,,,,,,,,,,,,,,,,,,,,,,0.04,0.002,20,1.0,,,,,,,,,,,1147,-1000000,,
True,False,1.5,2.2,80,2.2,,20,10,200,False,trend_reclaim,96,1,0.018,69.79961864697441,28.783703640154062,18,0.0025,,,,,,,,,,,,,,,,,,,,,,,,,,,0.04,626,False,,,,,,,,,,,,,,,,,,,,,,,,,,,0.04,0.001,30,1.0,,,,,,,,,,,1148,-1000000,,
True,False,5.0,1.7,30,2.2,,55,50,80,False,trend_reclaim,24,2,0.018,66.73754780354955,35.34473438340293,18,0.01,,,,,,,,,,,,,,,,,,,,,,,,,,,0.04,632,False,,,,,,,,,,,,,,,,,,,,,,,,,,,0.2,0.003,50,1.5,,,,,,,,,,,1149,-1000000,,
True,False,1.5,6.0,20,2.5,,55,80,130,False,trend_reclaim,8,1,0.005,70.87127560354661,27.30150185795226,18,0.01,,,,,,,,,,,,,,,,,,,,,,,,,,,0.01,677,False,,,,,,,,,,,,,,,,,,,,,,,,,,,0.03,0.0005,75,0.75,,,,,,,,,,,1150,-1000000,,
True,False,4.0,6.0,20,1.8,,40,50,400,False,trend_reclaim,12,8,0.018,64.52699804712555,34.691172241256155,48,0.001,,,,,,,,,,,,,,,,,,,,,,,,,,,0.08,689,True,,,,,,,,,,,,,,,,,,,,,,,,,,,0.03,0.002,30,1.0,,,,,,,,,,,1151,-1000000,,
True,False,4.0,1.7,40,1.8,,12,80,200,False,trend_bb_reversion,48,3,0.008,75.28304745205037,41.38210260617556,3,0.0025,,,,,,,,,,,,,,,,,,,,,,,,,,,0.01,702,False,,,,,,,,,,,,,,,,,,,,,,,,,,,0.03,0.0005,100,0.5,,,,,,,,,,,1152,-1000000,,
True,False,5.0,8.0,40,2.2,,55,30,80,False,channel_reclaim,120,6,0.012,72.95101335274617,23.325879250638454,3,0.005,,,,,,,,,,,,,,,,,,,,,,,,,,,0.01,706,False,,,,,,,,,,,,,,,,,,,,,,,,,,,0.03,0.0,150,0.0,,,,,,,,,,,1153,-1000000,,
True,False,2.5,1.3,14,2.2,,40,80,400,False,trend_reclaim,24,1,0.005,69.6596211656597,36.34105838129017,6,0.005,,,,,,,,,,,,,,,,,,,,,,,,,,,0.006,712,False,,,,,,,,,,,,,,,,,,,,,,,,,,,1.0,0.001,30,1.0,,,,,,,,,,,1154,-1000000,,
True,True,4.0,2.2,80,1.8,,55,8,200,False,channel_reclaim,8,3,0.008,77.2694159050724,34.824049660597076,18,0.01,,,,,,,,,,,,,,,,,,,,,,,,,,,0.04,717,False,,,,,,,,,,,,,,,,,,,,,,,,,,,0.03,0.003,30,1.25,,,,,,,,,,,1155,-1000000,,
True,True,4.0,1.7,20,1.8,,10,50,100,False,trend_reclaim,36,6,0.0,66.52011433548634,23.195267680188053,6,0.005,,,,,,,,,,,,,,,,,,,,,,,,,,,0.01,731,False,,,,,,,,,,,,,,,,,,,,,,,,,,,0.04,0.003,100,1.0,,,,,,,,,,,1156,-1000000,,
True,True,5.0,1.7,14,2.5,,40,20,100,False,channel_reclaim,48,2,0.0,59.98787037637277,44.99551177461967,3,0.01,,,,,,,,,,,,,,,,,,,,,,,,,,,0.01,736,False,,,,,,,,,,,,,,,,,,,,,,,,,,,0.2,0.003,10,0.0,,,,,,,,,,,1157,-1000000,,
True,False,1.0,8.0,40,2.2,,8,30,80,False,trend_reclaim,24,2,0.025,76.19671334812233,39.90296031494148,24,0.01,,,,,,,,,,,,,,,,,,,,,,,,,,,0.015,745,False,,,,,,,,,,,,,,,,,,,,,,,,,,,0.04,0.0,10,0.75,,,,,,,,,,,1158,-1000000,,
True,False,5.0,1.7,55,2.2,,20,50,80,False,trend_reclaim,24,3,0.018,73.51071248307505,37.45316002742355,24,0.0005,,,,,,,,,,,,,,,,,,,,,,,,,,,0.08,755,False,,,,,,,,,,,,,,,,,,,,,,,,,,,0.04,0.0,20,0.75,,,,,,,,,,,1159,-1000000,,
True,False,1.0,12.0,40,2.0,,10,10,200,False,trend_reclaim,18,6,0.005,62.104819827755236,43.77203446558298,6,0.01,,,,,,,,,,,,,,,,,,,,,,,,,,,0.015,769,False,,,,,,,,,,,,,,,,,,,,,,,,,,,0.03,0.0,50,0.0,,,,,,,,,,,1160,-1000000,,
True,False,3.0,8.0,20,2.0,,40,10,400,False,trend_reclaim,12,6,0.025,68.86779311309384,33.8729781893563,3,0.005,,,,,,,,,,,,,,,,,,,,,,,,,,,0.04,784,False,,,,,,,,,,,,,,,,,,,,,,,,,,,0.04,0.002,150,1.0,,,,,,,,,,,1161,-1000000,,
True,False,3.0,4.0,14,2.5,,30,50,100,False,trend_reclaim,12,8,0.008,66.88187906779338,30.316402245170956,12,0.001,,,,,,,,,,,,,,,,,,,,,,,,,,,0.01,787,False,,,,,,,,,,,,,,,,,,,,,,,,,,,0.03,0.0,10,0.75,,,,,,,,,,,1162,-1000000,,
True,True,2.5,8.0,80,2.5,,40,20,200,False,trend_reclaim,12,3,0.008,72.33605198513197,40.680460371505866,12,0.005,,,,,,,,,,,,,,,,,,,,,,,,,,,0.025,792,False,,,,,,,,,,,,,,,,,,,,,,,,,,,0.03,0.003,10,0.0,,,,,,,,,,,1163,-1000000,,
True,False,5.0,4.0,14,1.8,,55,50,100,False,trend_bb_reversion,18,1,0.005,63.9136077311467,36.688322795580646,3,0.0025,,,,,,,,,,,,,,,,,,,,,,,,,,,0.025,805,False,,,,,,,,,,,,,,,,,,,,,,,,,,,0.03,0.001,100,1.5,,,,,,,,,,,1164,-1000000,,
True,False,4.0,1.7,20,1.8,,55,8,200,False,channel_reclaim,12,8,0.005,64.29613351261315,34.34467736774786,6,0.01,,,,,,,,,,,,,,,,,,,,,,,,,,,0.08,812,False,,,,,,,,,,,,,,,,,,,,,,,,,,,0.03,0.0005,20,1.0,,,,,,,,,,,1165,-1000000,,
True,False,2.5,1.7,40,1.5,,12,80,400,False,trend_reclaim,12,8,0.0025,68.60832770192341,27.86640289143109,24,0.01,,,,,,,,,,,,,,,,,,,,,,,,,,,0.04,816,False,,,,,,,,,,,,,,,,,,,,,,,,,,,0.03,0.0005,75,1.5,,,,,,,,,,,1166,-1000000,,
True,False,2.5,4.0,30,2.2,,8,80,130,False,trend_reclaim,36,4,0.025,62.1717577474215,34.85809836999451,3,0.0025,,,,,,,,,,,,,,,,,,,,,,,,,,,0.015,819,False,,,,,,,,,,,,,,,,,,,,,,,,,,,0.03,0.0,30,1.25,,,,,,,,,,,1167,-1000000,,
True,False,1.5,12.0,55,1.5,,10,20,50,False,trend_reclaim,72,1,0.025,58.7110725777367,42.15495022481588,24,0.005,,,,,,,,,,,,,,,,,,,,,,,,,,,0.08,821,True,,,,,,,,,,,,,,,,,,,,,,,,,,,0.03,0.003,10,1.25,,,,,,,,,,,1168,-1000000,,
True,True,2.5,8.0,40,1.8,,30,8,400,False,trend_bb_reversion,48,6,0.018,70.32711458590715,24.646914453560374,3,0.005,,,,,,,,,,,,,,,,,,,,,,,,,,,0.01,822,False,,,,,,,,,,,,,,,,,,,,,,,,,,,1.0,0.002,100,1.25,,,,,,,,,,,1169,-1000000,,
True,True,3.0,2.2,80,2.0,,40,8,200,False,trend_reclaim,72,8,0.025,72.29766845869422,32.35934181856882,12,0.001,,,,,,,,,,,,,,,,,,,,,,,,,,,0.025,835,False,,,,,,,,,,,,,,,,,,,,,,,,,,,0.04,0.003,75,1.25,,,,,,,,,,,1170,-1000000,,
True,False,3.0,2.2,55,1.8,,16,10,400,False,trend_bb_reversion,96,8,0.0025,76.93687770546957,40.00465159286733,3,0.005,,,,,,,,,,,,,,,,,,,,,,,,,,,0.025,839,False,,,,,,,,,,,,,,,,,,,,,,,,,,,0.03,0.0,30,1.0,,,,,,,,,,,1171,-1000000,,
False,True,2.0,2.2,55,2.2,,12,10,300,False,trend_reclaim,96,3,0.025,68.54304356176878,29.310812191834177,12,0.0025,,,,,,,,,,,,,,,,,,,,,,,,,,,0.08,846,True,,,,,,,,,,,,,,,,,,,,,,,,,,,0.03,0.001,75,1.0,,,,,,,,,,,1172,-1000000,,
True,False,2.5,12.0,80,2.2,,20,10,80,False,trend_bb_reversion,120,3,0.012,75.2413642747122,33.61955600004211,6,0.005,,,,,,,,,,,,,,,,,,,,,,,,,,,0.01,850,False,,,,,,,,,,,,,,,,,,,,,,,,,,,0.08,0.0,50,1.5,,,,,,,,,,,1173,-1000000,,
True,True,2.0,1.7,20,1.8,,10,20,400,False,trend_reclaim,12,4,0.0025,58.40784569747582,23.213431378020147,3,0.01,,,,,,,,,,,,,,,,,,,,,,,,,,,0.08,863,False,,,,,,,,,,,,,,,,,,,,,,,,,,,1.0,0.001,30,0.0,,,,,,,,,,,1174,-1000000,,
True,True,2.0,2.2,20,2.5,,55,14,200,True,trend_state_tp,12,6,0.008,74.63525584947102,39.26667590744621,3,0.01,,,,,,,,,,,,,,,,,,,,,,,,,,,0.015,892,False,,,,,,,,,,,,,,,,,,,,,,,,,,,0.04,0.003,50,0.75,,,,,,,,,,,1175,-1000000,,
True,False,1.5,1.3,40,2.5,,40,80,150,False,trend_reclaim,8,2,0.018,64.19403956226591,22.929406411504687,24,0.001,,,,,,,,,,,,,,,,,,,,,,,,,,,0.025,898,False,,,,,,,,,,,,,,,,,,,,,,,,,,,0.03,0.002,150,1.0,,,,,,,,,,,1176,-1000000,,
True,False,5.0,4.0,80,2.0,,55,8,100,True,trend_state_tp,96,8,0.0025,65.40985772764118,39.54015208238964,3,0.01,,,,,,,,,,,,,,,,,,,,,,,,,,,0.015,909,False,,,,,,,,,,,,,,,,,,,,,,,,,,,0.04,0.003,150,1.0,,,,,,,,,,,1177,-1000000,,
True,False,5.0,1.7,14,2.0,,30,30,400,False,trend_reclaim,72,2,0.025,58.02558358592691,24.900334764911353,18,0.005,,,,,,,,,,,,,,,,,,,,,,,,,,,0.025,910,False,,,,,,,,,,,,,,,,,,,,,,,,,,,0.12,0.002,50,1.0,,,,,,,,,,,1178,-1000000,,
True,False,5.0,1.3,30,2.5,,16,30,50,False,channel_reclaim,12,1,0.008,76.15997834883295,29.56380850241055,3,0.01,,,,,,,,,,,,,,,,,,,,,,,,,,,0.08,958,False,,,,,,,,,,,,,,,,,,,,,,,,,,,1.0,0.0,50,1.25,,,,,,,,,,,1179,-1000000,,
True,True,1.0,3.0,14,2.5,,10,80,130,False,trend_reclaim,18,3,0.018,73.67985373197808,23.087696963125357,18,0.005,,,,,,,,,,,,,,,,,,,,,,,,,,,0.025,966,False,,,,,,,,,,,,,,,,,,,,,,,,,,,0.08,0.002,75,0.5,,,,,,,,,,,1180,-1000000,,
True,True,2.0,12.0,30,2.5,,20,10,200,False,channel_reclaim,36,8,0.012,62.858164850206244,23.71941128895921,3,0.01,,,,,,,,,,,,,,,,,,,,,,,,,,,0.04,977,False,,,,,,,,,,,,,,,,,,,,,,,,,,,0.08,0.002,20,1.5,,,,,,,,,,,1181,-1000000,,
True,False,2.5,8.0,55,2.0,,12,14,50,False,trend_reclaim,8,6,0.025,75.74216388375467,33.20252059023873,18,0.01,,,,,,,,,,,,,,,,,,,,,,,,,,,0.015,982,False,,,,,,,,,,,,,,,,,,,,,,,,,,,0.05,0.0,75,1.25,,,,,,,,,,,1182,-1000000,,
True,False,2.0,12.0,20,2.2,,8,80,400,False,trend_reclaim,24,6,0.018,64.72931406383226,36.58411402475965,36,0.0025,,,,,,,,,,,,,,,,,,,,,,,,,,,0.04,997,False,,,,,,,,,,,,,,,,,,,,,,,,,,,0.03,0.002,75,1.5,,,,,,,,,,,1183,-1000000,,
True,False,1.5,8.0,20,2.0,,8,50,100,False,trend_reclaim,72,3,0.012,66.10288670008835,39.98192173769671,24,0.001,,,,,,,,,,,,,,,,,,,,,,,,,,,0.01,1012,True,,,,,,,,,,,,,,,,,,,,,,,,,,,0.03,0.001,50,0.0,,,,,,,,,,,1184,-1000000,,
True,False,1.0,2.2,40,2.5,,20,80,130,True,trend_state_tp,14,8,0.0,77.31144021753363,43.52483090498302,3,0.01,,,,,,,,,,,,,,,,,,,,,,,,,,,0.006,1020,False,,,,,,,,,,,,,,,,,,,,,,,,,,,0.03,0.002,10,0.0,,,,,,,,,,,1185,-1000000,,
True,False,2.5,1.3,40,2.2,,40,10,80,False,trend_reclaim,120,6,0.025,62.13994403869515,32.606994519297366,3,0.005,,,,,,,,,,,,,,,,,,,,,,,,,,,0.01,1034,False,,,,,,,,,,,,,,,,,,,,,,,,,,,1.0,0.001,75,0.75,,,,,,,,,,,1186,-1000000,,
True,False,2.0,6.0,80,2.0,,8,50,400,False,trend_reclaim,48,3,0.012,76.54155471705617,26.532697638818128,36,0.01,,,,,,,,,,,,,,,,,,,,,,,,,,,0.015,1037,False,,,,,,,,,,,,,,,,,,,,,,,,,,,0.12,0.0,50,1.5,,,,,,,,,,,1187,-1000000,,
True,False,2.5,1.3,14,2.5,,40,14,80,False,channel_reclaim,8,4,0.008,77.77411552668889,27.691587815811896,6,0.005,,,,,,,,,,,,,,,,,,,,,,,,,,,0.015,1055,False,,,,,,,,,,,,,,,,,,,,,,,,,,,0.03,0.0,150,0.5,,,,,,,,,,,1188,-1000000,,
True,True,2.5,2.2,20,2.2,,40,8,50,False,trend_bb_reversion,12,4,0.0,75.21393921290728,39.87497030896507,3,0.01,,,,,,,,,,,,,,,,,,,,,,,,,,,0.01,1062,False,,,,,,,,,,,,,,,,,,,,,,,,,,,0.08,0.001,30,0.0,,,,,,,,,,,1189,-1000000,,
False,True,1.5,8.0,20,2.2,,40,14,50,False,trend_reclaim,96,3,0.012,70.60982952000731,42.54318404667457,48,0.0005,,,,,,,,,,,,,,,,,,,,,,,,,,,0.006,1066,False,,,,,,,,,,,,,,,,,,,,,,,,,,,0.03,0.003,100,0.5,,,,,,,,,,,1190,-1000000,,
True,False,2.5,6.0,14,1.8,,12,14,400,False,trend_bb_reversion,18,2,0.005,75.52153670874887,28.515919238027944,6,0.01,,,,,,,,,,,,,,,,,,,,,,,,,,,0.025,1069,False,,,,,,,,,,,,,,,,,,,,,,,,,,,0.05,0.0,50,1.25,,,,,,,,,,,1191,-1000000,,
True,False,2.5,1.3,30,2.2,,10,8,100,False,trend_bb_reversion,72,2,0.025,71.16828954708885,44.86587749266612,3,0.01,,,,,,,,,,,,,,,,,,,,,,,,,,,0.04,1075,False,,,,,,,,,,,,,,,,,,,,,,,,,,,0.08,0.001,20,1.25,,,,,,,,,,,1192,-1000000,,
True,True,3.0,1.7,55,1.5,,10,14,150,False,trend_reclaim,120,3,0.018,66.47247932848796,30.635087239726136,6,0.01,,,,,,,,,,,,,,,,,,,,,,,,,,,0.08,1083,True,,,,,,,,,,,,,,,,,,,,,,,,,,,0.12,0.0,20,1.5,,,,,,,,,,,1193,-1000000,,
True,False,1.5,4.0,14,2.0,,16,14,400,False,channel_reclaim,24,2,0.005,70.95046833422833,44.80599876217805,3,0.005,,,,,,,,,,,,,,,,,,,,,,,,,,,0.08,1092,False,,,,,,,,,,,,,,,,,,,,,,,,,,,0.05,0.002,75,0.75,,,,,,,,,,,1194,-1000000,,
True,False,3.0,4.0,20,1.8,,10,14,80,False,trend_reclaim,120,3,0.012,73.33677392411259,25.04681461896378,6,0.005,,,,,,,,,,,,,,,,,,,,,,,,,,,0.04,1096,False,,,,,,,,,,,,,,,,,,,,,,,,,,,0.2,0.0,10,1.5,,,,,,,,,,,1195,-1000000,,
True,False,3.0,1.7,20,2.5,,12,20,150,False,trend_reclaim,12,2,0.025,64.7938542664645,32.85867026214524,6,0.005,,,,,,,,,,,,,,,,,,,,,,,,,,,0.04,1147,False,,,,,,,,,,,,,,,,,,,,,,,,,,,0.03,0.0,30,0.0,,,,,,,,,,,1196,-1000000,,
True,False,1.0,2.2,80,1.8,,55,50,100,False,channel_reclaim,8,1,0.008,69.9161506085922,35.5049585803621,6,0.005,,,,,,,,,,,,,,,,,,,,,,,,,,,0.015,1150,False,,,,,,,,,,,,,,,,,,,,,,,,,,,1.0,0.001,100,1.0,,,,,,,,,,,1197,-1000000,,
True,True,5.0,1.7,14,1.8,,40,80,200,False,trend_reclaim,72,1,0.018,58.90939307931792,25.42022158756381,18,0.001,,,,,,,,,,,,,,,,,,,,,,,,,,,0.006,1169,True,,,,,,,,,,,,,,,,,,,,,,,,,,,0.04,0.001,150,0.25,,,,,,,,,,,1198,-1000000,,
True,True,1.0,8.0,20,1.5,,8,14,400,False,trend_bb_reversion,24,8,0.005,77.65061874789242,42.41427345990383,3,0.01,,,,,,,,,,,,,,,,,,,,,,,,,,,0.01,1173,False,,,,,,,,,,,,,,,,,,,,,,,,,,,0.2,0.001,20,0.75,,,,,,,,,,,1199,-1000000,,
True,False,4.0,2.2,30,1.8,,8,10,50,False,trend_reclaim,18,8,0.025,66.31268887364553,44.43803644456059,6,0.0005,,,,,,,,,,,,,,,,,,,,,,,,,,,0.01,1198,False,,,,,,,,,,,,,,,,,,,,,,,,,,,0.05,0.003,50,1.25,,,,,,,,,,,1200,-1000000,,
