allow_long,allow_short,atr_stop_mult,atr_tp_mult,bb_lookback,bb_std,break_even_atr,deploy_score,donchian_lookback,ema_fast,ema_slow,exit_on_flat_signal,family,max_holding_bars,min_holding_bars,move_stop_after_partial,partial_exit_atr,partial_exit_fraction,pullback_depth,rsi_high,rsi_low,slope_bars,slope_min,stress_alpha,stress_avg_drawdown,stress_avg_drawdown_r,stress_avg_holding_bars,stress_avg_loss,stress_avg_loss_r,stress_avg_pnl,stress_avg_r_multiple,stress_avg_trade_return,stress_avg_win,stress_avg_win_r,stress_best_month,stress_best_trade,stress_best_trade_r,stress_beta,stress_cagr,stress_cagr_pct,stress_calmar_ratio,stress_cvar_95,stress_expectancy,stress_expectancy_r,stress_exposure_pct,stress_gross_loss,stress_gross_profit,stress_losing_trades,stress_max_consecutive_losses,stress_max_consecutive_wins,stress_max_drawdown,stress_max_drawdown_duration,stress_max_drawdown_pct,stress_max_drawdown_r,stress_median_pnl,stress_median_r_multiple,stress_median_trade_return,stress_pass,stress_payoff_ratio,stress_profit_factor,stress_profitable_months,stress_recovery_factor,stress_sharpe_ratio,stress_sortino_ratio,stress_total_fees,stress_total_months,stress_total_return,stress_total_return_pct,stress_total_slippage,stress_total_trades,stress_trades_per_day,stress_trades_per_week,stress_ulcer_index,stress_var_95,stress_win_rate,stress_winning_trades,stress_worst_month,stress_worst_trade,stress_worst_trade_r,trail_atr_mult,trend_strength_max,trial,use_break_even,use_mid_target,use_partial_exit,use_trailing_stop,validation_alpha,validation_avg_drawdown,validation_avg_drawdown_r,validation_avg_holding_bars,validation_avg_loss,validation_avg_loss_r,validation_avg_pnl,validation_avg_r_multiple,validation_avg_trade_return,validation_avg_win,validation_avg_win_r,validation_best_month,validation_best_trade,validation_best_trade_r,validation_beta,validation_cagr,validation_cagr_pct,validation_calmar_ratio,validation_cvar_95,validation_expectancy,validation_expectancy_r,validation_exposure_pct,validation_gross_loss,validation_gross_profit,validation_losing_trades,validation_max_consecutive_losses,validation_max_consecutive_wins,validation_max_drawdown,validation_max_drawdown_duration,validation_max_drawdown_pct,validation_max_drawdown_r,validation_median_pnl,validation_median_r_multiple,validation_median_trade_return,validation_pass,validation_payoff_ratio,validation_profit_factor,validation_profitable_months,validation_recovery_factor,validation_sharpe_ratio,validation_sortino_ratio,validation_total_fees,validation_total_months,validation_total_return,validation_total_return_pct,validation_total_slippage,validation_total_trades,validation_trades_per_day,validation_trades_per_week,validation_ulcer_index,validation_var_95,validation_win_rate,validation_winning_trades,validation_worst_month,validation_worst_trade,validation_worst_trade_r,volatility_max,volatility_min,volume_lookback,volume_min,wf_gate_windows,wf_max_dd_r,wf_mean_exp_r,wf_mean_pf,wf_mean_win_rate,wf_positive_exp,wf_rank,wf_score,wf_total_trades,wf_windows
True,True,1.0,4.0,55,2.0,0.75,512.8180594265178,12,80,200,True,trend_state_tp,24,8,True,0.8,0.25,0.005,73.64609198359769,24.06827618348186,36,0.0005,0.0,-0.01877643205589336,2.3459678049574473,8,-763.1418894682438,-0.6652240722119583,161.37018741922577,0.1527256482557003,0.0029284417417258474,844.0867980438186,0.7567500572164327,0.06991406859212779,3947.210461099528,3.4740252547626707,0.0,0.1256235554749927,12.562355547499271,2.235581525008069,-0.00010513913554881117,161.37018741922572,0.1527256482557003,0.2913309700290042,36630.81069447571,54865.64187284821,48,5,7,-0.056192786561223396,1338,5.61927865612234,5.681587258449291,201.89054384389541,0.18037748471090614,0.00493306000000004,False,1.1060679667734883,1.497800371672432,11,3.2450483939794035,2.3795730500870422,2.1446217976759554,9664.728144933,17,0.18234831178372538,18.234831178372538,48325.546352306344,113,0.218568665377176,1.5299806576402322,0.02557146183760163,0.0,0.5752212389380531,65,-0.031588111452475975,-1044.0091139747626,-0.8792520155007291,1.0,0.04,339,True,True,True,True,0.0,-0.007229311417143181,1.1736252084809247,8,-939.7100254749096,-0.6819325793111335,553.9419112228558,0.4395642796298572,0.0074320953300134945,1437.5106625088574,1.1029849567498797,0.10561277389011892,7802.1134802966835,5.420169017617734,0.0,0.4097553855935079,40.97553855935079,12.848809916166962,-9.4494121844499e-05,553.9419112228554,0.4395642796298572,0.2913309700290042,39467.82106994621,102063.25703812887,42,4,11,-0.031890532140096094,675,3.1890532140096095,3.2275278524286364,137.0159442082064,0.10749835711305204,0.002016011999999938,True,1.5297385614060783,2.585986615710275,14,19.62821933895583,4.721672989193634,5.03692086108236,15030.877641411518,17,0.6259543596818266,62.595435968182656,30062.186036821622,113,0.218568665377176,1.5299806576402322,0.010706520153599974,0.0,0.6283185840707964,71,-0.022241228512003164,-1496.3430069914853,-0.9429995675810704,1.0,0.002,50,1.5,0,4.109601629825061,0.43333351846905616,3.424394916472067,0.628516701736516,9,1,353.0754761157938,189,11
True,False,1.0,8.0,55,2.2,0.75,147.02002579969508,16,80,200,True,trend_state_tp,120,8,True,1.0,0.5,0.0,58.91986354866437,34.05839273767415,6,0.001,0.0,-0.04236058702358268,3.930813217308958,8,-832.3818394771314,-0.7824861085353966,71.80789465592078,0.0737368150255525,0.0008344056370685911,685.365214246206,0.6547452274419108,0.05320558875368797,4233.520866317019,4.1803806429907695,0.0,0.04722781127248221,4.722781127248221,0.7246327788582746,-9.761809627165165e-05,71.80789465592068,0.0737368150255525,0.25265871737028683,31630.509900130986,38380.45199778753,38,4,6,-0.06517482047512943,2661,6.517482047512943,6.685248644816257,195.65827572543253,0.1860186001704579,0.004933059999999943,False,0.8233783844644241,1.213399724473888,7,1.0356671561883795,1.078255369749807,0.611153681958544,7990.084559435857,17,0.06749942097656546,6.749942097656546,39951.7900925976,94,0.18181818181818182,1.2727272727272727,0.046412538637474375,0.0,0.5957446808510638,56,-0.026594021668568724,-1095.8488730365996,-0.9990912083728555,1.5,0.01,191,True,False,True,True,0.0,-0.010970385744007879,1.2811683555206859,8,-956.7362796702637,-0.7898886491095856,361.8561373627652,0.3196229709250668,0.004790879536447183,1075.1930187085024,0.9198505686487312,0.10110504674102949,6829.596786669657,6.521599810747647,0.0,0.22978758565240343,22.97875856524034,5.974001060726772,-8.571629536539405e-05,361.8561373627654,0.3196229709250668,0.2542700612310667,31572.297229118696,65586.77414121864,33,4,6,-0.038464604093064625,1287,3.8464604093064625,3.903188509954007,127.43157786570144,0.10816729912155215,0.0019840119999999873,False,1.1238133658724268,2.0773519793399404,9,8.84305914856222,3.3579376249871813,2.4530862890187906,12084.964379931302,17,0.34014476912099895,34.014476912099894,24170.20983846724,94,0.18181818181818182,1.2727272727272727,0.013270146016664172,0.0,0.648936170212766,61,-0.014749639403888293,-1352.482643084335,-0.999184379778973,0.08,0.002,30,0.75,0,4.640115628390459,0.15754171838716394,1.827388087408216,0.6072767145135566,9,2,199.48264323610223,121,11
True,True,4.0,6.0,30,2.0,0.5,164.94899178174475,16,30,80,True,trend_state_tp,36,8,True,1.5,0.5,0.012,64.33104618570498,35.16179223735383,3,0.001,0.0,-0.010573723248418791,1.3751731148636774,8,-538.0152830309206,-0.5195330655244617,49.41307821260746,0.049444303950344645,0.0011801002413428913,277.3703527250213,0.27024149210474707,0.013927458040164042,1237.310019141904,1.2083064462694948,0.0,0.032250953796237214,3.2250953796237214,1.0035820092138878,-4.450695124756498e-05,49.41307821260747,0.049444303950344645,0.2600708991298743,13988.397358803935,18583.81363257643,26,4,12,-0.03213584291083455,1133,3.213584291083455,3.2482821565261135,80.08600163759765,0.07706014798944096,0.0049330600000000455,False,0.515543631330414,1.3285162807360673,10,1.4299971177115858,1.3976043480760203,0.44852427189068567,3228.6086998530827,17,0.04595416273772571,4.595416273772571,16143.642690956885,93,0.17988394584139264,1.2591876208897486,0.014115720487342219,0.0,0.7204301075268817,67,-0.012945963405150418,-971.0003649954614,-0.9363750014462883,4.0,0.01,212,True,False,False,True,0.0,-0.007405996677998114,1.1728876821645242,9,-549.9704257745582,-0.5026351640981563,133.93324894995527,0.12763424328794903,0.0048193564883310626,318.77207995658057,0.29797732636527474,0.02532779291618459,1777.2431923471854,1.6689724962327943,0.0,0.0873837234783037,8.73837234783037,3.0131068480891834,-3.319915218613982e-05,133.93324894995533,0.12763424328794903,0.2781179503706091,10999.408515491165,23589.13391678697,20,4,12,-0.029001203038557917,993,2.900120303855792,2.9266537421108634,38.98900433495518,0.03618437811890071,0.00198401200000009,False,0.5796167666791058,2.144582036712692,12,4.341104534373076,3.165226319079286,1.0283518402291116,3827.2097523486123,17,0.125897254012958,12.589725401295802,7654.515790501028,94,0.18181818181818182,1.2727272727272727,0.010819196999109054,0.0,0.7872340425531915,74,-0.017668584621529648,-1072.723556190814,-0.9718765594978006,0.05,0.001,30,0.0,0,1.961113862865175,0.05017072989297535,2.09371856449092,0.6807949626131444,9,3,176.1472693709096,129,11
True,False,1.0,2.2,40,2.5,0.5,50.87499264836412,8,10,80,True,trend_state_tp,24,8,False,2.0,0.25,0.0025,72.2433920208598,22.755567431501973,3,0.0,0.0,-0.09059860471764078,9.148445446718611,8,-767.1029546480961,-0.8259031513978682,-123.17075689452658,-0.13071303405442788,-0.003560554180241359,312.4304357034764,0.3395626335602523,0.013834685806452418,884.1093839679875,0.9314549401992495,0.0,-0.10137910626002467,-10.137910626002466,-0.6867752559869409,-0.00012521933079862217,-123.17075689452659,-0.13071303405442788,0.29745407669996776,35286.73591381243,21245.26962783639,46,4,7,-0.1476161311524485,3032,14.76161311524485,15.746754899382784,161.73623819060947,0.17343205097774475,0.004933059999999934,False,0.4072861847427012,0.602075229619645,5,0.9512148961196475,-3.0804695715187753,-1.4888651099552206,8305.098012293021,17,-0.14041466285976056,-14.041466285976057,41526.38481187813,114,0.2205029013539652,1.5435203094777563,0.09640931268601775,0.0,0.5964912280701754,68,-0.032821713915080486,-1007.495377224063,-0.999119215335603,2.0,0.01,345,True,False,True,False,0.0,-0.024979938813072363,2.349556875990594,8,-875.4955241546486,-0.8328536045298615,58.52710001409337,0.05950005701699283,0.0008446158935147371,507.34316617309946,0.48829337490314356,0.025876494578126907,1483.8386993716135,1.3844509164105936,0.0,0.046688184667834864,4.668818466783486,0.7925848052594014,-0.00010186969708299145,58.52710001409349,0.05950005701699283,0.2977763454721237,32393.33439372199,39065.423795328665,37,4,7,-0.058906232314855575,1437,5.8906232314855576,6.013860623395788,103.1592578269238,0.09840279542847558,0.001984011999999957,False,0.5794925869700754,1.2059710593701574,9,1.132662731838652,1.175609108533869,0.6099391085613725,12467.018920533874,17,0.0667208940160666,6.67208940160666,24934.214134357713,114,0.2205029013539652,1.5435203094777563,0.029447144894352108,0.0,0.6754385964912281,77,-0.01988259697644179,-1087.3943965703647,-0.999184379778973,1.0,0.003,150,0.75,1,3.9134811450389075,0.09430833185561327,1.5847543706752136,0.7013617960986381,6,4,163.3067435706695,184,11
True,True,1.5,1.7,80,1.8,0.5,96.85565760524636,10,20,400,False,channel_reclaim,24,8,True,1.2,0.5,0.008,59.45526264224213,40.574263142586986,24,0.01,0.0,-0.03481790407632732,4.555973048035124,8,-986.1370151205115,-0.9994999266525307,-97.15307880303055,-0.09829120381380888,-0.0020010754526149665,191.76670050015068,0.1946016311087757,0.011971083994297471,646.3515796149884,0.6380976741345518,0.0,-0.036658627284729906,-3.6658627284729906,-0.48616845948798004,-4.243468009955219e-05,-97.15307880303055,-0.09829120381380888,0.14792136641959394,12819.78119656665,7670.668020006029,13,3,11,-0.07540313767647086,2651,7.540313767647086,7.7789358773694826,118.91085103671377,0.11903897128083875,0.0049330599999999865,False,0.19446253163584545,0.598346251187217,6,0.6828778397331023,-1.8589488559296463,-158.52275408591078,2920.077982030576,17,-0.051491131765606116,-5.149113176560611,14600.699201752925,53,0.10251450676982592,0.7176015473887815,0.043607986176299005,0.0,0.7547169811320755,40,-0.026345394547826806,-1020.0503803572786,-1.0009583211969693,3.0,0.04,719,True,False,True,False,0.0,-0.01998744021015168,2.878597536927678,9,-1016.633043962753,-0.9996398469369374,31.28215929587563,0.03252659113366484,0.0024668450432930008,274.98336935602185,0.27256529766171195,0.018483520544358978,798.6326636869618,0.7813792830148765,0.0,0.011684812704313208,1.1684812704313208,0.21301993807017985,-3.267864815092966e-05,31.282159295875715,0.03252659113366484,0.15694489203996131,10166.33043962753,11824.284882308943,10,3,11,-0.05485314102599928,1927,5.485314102599928,5.603405931101552,81.08770319752966,0.07971276054298958,0.0019840120000000744,False,0.2704843905960001,1.1630828795628008,9,0.30225332800825166,0.6042374257601697,48.41622561738324,3668.7373250251076,17,0.016579544426814245,1.6579544426814246,7337.525306918517,53,0.10251450676982592,0.7176015473887815,0.026594865610601617,0.0,0.8113207547169812,43,-0.014656240208529403,-1040.2774809513091,-1.0009520714892743,1.0,0.0005,30,0.5,0,2.9328333695421174,0.030613850004294865,1.9533035771145715,0.8286245917824865,6,5,137.92241798812918,142,11
True,True,2.0,12.0,30,1.8,1.0,8.45662157549436,40,10,200,True,trend_state_tp,8,6,True,1.2,0.33,0.0,63.98937726107197,41.422089961026,48,0.0,0.0,-0.0832385147570861,9.898062827962978,6,-592.6565415952238,-0.6260864365525366,-105.46328523563432,-0.11126315316515814,-0.005974484932400154,389.3423657545736,0.41160424402514795,0.023270292389365732,2010.7802437633445,2.2140181766825364,0.0,-0.09815618539862858,-9.815618539862857,-0.6009849499937348,-0.00013395529419326808,-105.46328523563437,-0.11126315316515814,0.2558814050918466,38522.67520368951,24917.911408292715,65,7,7,-0.16332552986501883,2571,16.332552986501884,17.61094832752621,-178.04911105640141,-0.20146463239196138,-0.008307311040470692,False,0.6569443487565334,0.6468375126218181,3,0.832984519115941,-2.721755543265323,-1.599919144197167,6316.693238613786,17,-0.13604763795396896,-13.604763795396895,31584.07359314452,129,0.2495164410058027,1.746615087040619,0.098610211010532,0.0,0.49612403100775193,64,-0.038429083018588495,-920.3001483497167,-0.9129707063220933,2.0,0.015,692,True,False,True,True,0.0,-0.026026139711355922,2.769999757924676,6,-647.8587748373369,-0.6229797082641679,29.769932198456623,0.03229930305453839,-0.0006628298357594409,556.814482115185,0.5419607563024211,0.043099575497141274,3208.786342555761,3.1695787764201326,0.0,0.026772641082724036,2.6772641082724036,0.4576369450621755,-0.00011513816390360887,29.769932198456672,0.03229930305453839,0.2545923300032227,36280.09139089087,40090.6427122933,56,5,7,-0.058501922477186906,2571,5.850192247718691,5.8807685552942495,59.609237387594845,0.05746790000176351,0.001984011999999959,False,0.8594689209156562,1.1050314697487003,10,0.651354888873672,0.647266968021626,0.39440814409738,8300.67038124195,17,0.03810551321402425,3.810551321402425,16601.455613193164,128,0.24758220502901354,1.7330754352030948,0.031055557841427363,0.0,0.5625,72,-0.03582168771311667,-998.4054316215146,-0.9614413081726385,0.08,0.001,30,1.25,0,4.979218463028075,0.029499640790154092,2.021226274329461,0.5517302921635145,5,6,113.8087915503586,202,11
True,True,5.0,2.2,40,1.5,0.75,32.765972435632946,8,30,80,True,range_bb_reversion,12,8,True,0.8,0.25,0.008,59.964401747388884,39.89523233300778,3,0.001,0.0,-0.05405007325598437,5.789972074728535,8,-281.51820797483765,-0.29731215838575265,-76.8170616542922,-0.08021384152133576,-0.005388667037497164,127.88408466625326,0.13688447534308118,0.01243965452653728,817.5556653024605,0.8896675831352749,0.0,-0.0660416405894223,-6.60416405894223,-0.7164385008484669,-5.8641451358136606e-05,-76.81706165429219,-0.08021384152133576,0.31002255881405094,16891.092478490267,7673.045079975197,60,5,5,-0.09218047398515046,3090,9.218047398515045,9.625660982560293,-0.11510541772990823,-4.67492529339069e-05,-3.095187014487947e-05,False,0.45426576698613985,0.45426576698613974,4,1.0,-4.473677023104465,-1.620576456179915,2903.8637214123,17,-0.09218047398515046,-9.218047398515045,14519.523740562929,120,0.23210831721470018,1.6247582205029012,0.060201695490466216,0.0,0.5,60,-0.014131153600835278,-444.0273793894826,-0.45609675118692894,2.0,0.04,537,True,False,True,True,0.0,-0.02378011666430133,2.4423320412030805,8,-301.251708791115,-0.3081146778374739,-25.10754305604682,-0.025110335253283045,-0.0008244092772150794,146.54964104953612,0.15081128310986264,0.020273687316077593,1004.764084378841,1.0532275098783266,0.0,-0.021380926655108157,-2.1380926655108157,-0.4404895444034812,-4.680738170582483e-05,-25.107543056046794,-0.025110335253283045,0.31002255881405094,13857.578604391289,10844.673437665671,46,5,10,-0.04853901057756681,3090,4.853901057756681,4.955970353449846,25.983314634494363,0.026495241979202895,0.001987452914268674,False,0.4864690780929386,0.782580690845162,5,0.6207182904791425,-1.3871554481070247,-0.5549283367199587,3281.913005677479,17,-0.030129051667256282,-3.0129051667256284,6563.853342799692,120,0.23210831721470018,1.6247582205029012,0.026033152864779138,0.0,0.6166666666666667,74,-0.013666139473358707,-439.41370081499565,-0.447475610401849,0.12,0.002,20,0.75,0,2.1706439797969557,0.0010335787338402057,1.3598548352480118,0.6586373332420763,5,7,83.94048337546457,202,11
True,False,2.0,12.0,20,2.5,1.25,-40.181460377602306,30,10,150,True,trend_state_tp,24,4,True,1.2,0.33,0.005,64.97944389705236,22.23382386754252,18,0.001,0.0,-0.07555156694614008,8.072458579237002,4,-357.8091377123744,-0.3826847881663075,-125.38364075737339,-0.13493208904062953,-0.005607223097287682,459.0004658723435,0.4879889830467893,0.0010211745467778588,1941.419289470028,2.0220691060199925,0.0,-0.11160080348812829,-11.160080348812828,-0.6873292611301768,-0.00010980196073894702,-125.38364075737337,-0.13493208904062953,0.1675797615211086,31487.204118688955,16065.016305532023,88,8,4,-0.16236876530561623,3069,16.236876530561624,17.56925719342654,-265.51015510036723,-0.2960134177925626,-0.011524768027465233,False,1.2828081161004667,0.5102077734490492,2,0.9498247882915647,-4.186023583110358,-2.834385593494747,6138.8323593565165,17,-0.15422187813156968,-15.422187813156969,30694.697080322916,123,0.2379110251450677,1.6653771760154739,0.08696785812978042,0.0,0.2845528455284553,35,-0.03412837857671491,-527.3587150945702,-0.5469876344844088,1.0,0.006,702,True,False,True,True,0.0,-0.023351617003899802,2.382840861827996,4,-335.6671509690423,-0.3279281955471968,6.708929192260597,0.00842913875253195,-0.00031465986913383967,592.5524441349347,0.5839739107765123,0.022347179067124356,2773.0490188187764,2.8077665236958587,0.0,0.005775539520218809,0.5775539520218809,0.11391266796844321,-8.259885854476322e-05,6.708929192260712,0.00842913875253195,0.1679020302932646,25846.37062461626,26664.85998607206,77,6,6,-0.05070146826706565,2247,5.070146826706565,5.190628901774445,-169.91214693886093,-0.16718202765807302,-0.0056601497967824965,False,1.765297683804586,1.0316674775481347,7,0.16143306879092184,0.2189769799458603,0.15666294537953682,7990.9770827507955,17,0.00818489361455795,0.818489361455795,15982.05333158074,122,0.23597678916827852,1.6518375241779497,0.0267240999335141,0.0,0.36885245901639346,45,-0.01634487824380748,-582.7124686630215,-0.5635024491744138,0.08,0.0,100,0.75,0,3.588480483956202,0.01947889142122082,1.6241591391408585,0.44521002654973946,5,8,82.70157898619757,157,11
True,False,1.5,6.0,80,2.5,0.5,14.959162228612627,30,10,80,True,trend_state_tp,8,6,True,0.8,0.25,0.008,72.42992079487959,28.02028392692171,36,0.005,0.0,-0.07846378772123855,8.156851630758647,6,-713.9029834011172,-0.7671810556926565,-127.68708659266686,-0.13500291966431285,-0.004607302549928886,295.1571668429366,0.32099442435613174,0.016717921358728738,1571.0403826160077,1.7530916709592588,0.0,-0.09669929867316729,-9.669929867316728,-0.7036792537119091,-0.0001110028492287961,-127.6870865926669,-0.13500291966431285,0.2133419271672575,31411.731269649157,18004.58717741913,44,6,8,-0.13741956745644887,3084,13.741956745644886,14.568967654346922,123.09481878640645,0.13473344596920997,0.004933059999999927,False,0.41344156517846914,0.5731803517246958,5,0.9756357366267393,-2.987870168546601,-1.3143486960028654,6228.6591006370645,17,-0.1340714409223004,-13.40714409223004,31143.894638426154,105,0.20309477756286268,1.4216634429400388,0.08656607142275308,0.0,0.580952380952381,61,-0.029796601179154503,-999.0598983302092,-0.9990896867798047,1.0,0.08,143,True,False,True,False,0.0,-0.020061742078057113,2.52232413022897,6,-739.7140339886774,-0.7188071898832895,51.485519218541825,0.053174596221644624,0.0011254947653166444,475.7519463006739,0.4671358438431309,0.028554334993598385,2319.1975884483995,2.297439552052198,0.0,0.03825412033947462,3.8254120339474618,0.5158851507408814,-8.768831528414676e-05,51.48551921854181,0.053174596221644624,0.21849822752175313,27369.419257581067,32826.8842947465,37,5,14,-0.07415239668080481,1031,7.415239668080481,7.66269069165145,80.02715508530706,0.07760426795040228,0.001984011999999968,False,0.6431565773266864,1.19940010366328,9,0.7359795881794007,0.9770316921420258,0.4383412711702084,8796.208993651926,17,0.05457465037165428,5.457465037165428,17592.54537218152,106,0.20502901353965183,1.435203094777563,0.027282124922017818,0.0,0.6509433962264151,69,-0.017815497766160093,-1073.6868298922182,-0.9991219223535205,0.2,0.0,50,0.5,0,3.0643388122986686,-0.0009501732244691783,1.4369351887764066,0.6869557874342563,4,9,77.3033090219321,150,11
True,True,1.5,1.3,20,1.5,1.0,-78.59975084896683,55,8,150,True,trend_state_tp,96,6,True,0.8,0.33,0.018,72.32256652838018,44.5233706200755,12,0.0025,0.0,-0.16728053582348298,18.399766760063738,6,-509.0417479620887,-0.6026671066456605,-161.4825841398367,-0.18914507673940809,-0.007379957670704381,281.6553497335347,0.33809551139106375,0.009214574861196034,2385.8777348302656,2.84255455917186,0.0,-0.21796212815096538,-21.79621281509654,-0.7416243163922434,-0.00020341510548596076,-161.48258413983666,-0.18914507673940809,0.3644859813084112,51922.258292133054,22532.427978682772,102,6,4,-0.29389830313450205,3090,29.389830313450204,34.42440396657227,-205.1790008616985,-0.24047427573821772,-0.009121937641603194,False,0.5533050105637135,0.43396471416761834,2,1.0,-5.553674477695996,-3.4620800958675844,9101.007857952416,17,-0.29389830313450205,-29.389830313450204,45505.66971094307,182,0.3520309477756286,2.4642166344294,0.18672123069361357,0.0,0.43956043956043955,80,-0.04590536661001132,-864.1614890322584,-0.9093814616457879,1.5,0.01,469,True,False,False,True,0.0,-0.05853701335350926,5.694436694718301,6,-567.1937496698527,-0.5965022686894739,-53.43802432340149,-0.0532404610392454,-0.002720451838586954,449.149098298127,0.47821130731423883,0.041351079105639066,3981.8829452338045,4.274101168241139,0.0,-0.06973455220804481,-6.973455220804481,-0.6935094677391028,-0.00017835616007326488,-53.438024323401436,-0.0532404610392454,0.3631969062197873,51047.43747028673,41321.7170434277,90,5,7,-0.10055313654964958,2958,10.055313654964957,10.120341378472341,13.37433598184344,0.014286584318660586,0.0004855255011379972,False,0.7918794919012487,0.8094768139434992,6,0.9672219843740985,-1.29286884558381,-0.8739287481153561,12753.945324784585,17,-0.09725720426859175,-9.725720426859175,25508.00479448792,182,0.3520309477756286,2.4642166344294,0.0652111630474608,0.0,0.5054945054945055,92,-0.033307797853365795,-937.849786900366,-0.9591847671568579,0.2,0.0005,75,0.5,0,7.115092834077434,0.0053757805201003995,1.0406302765553894,0.5565149408341449,7,10,69.27852373574686,356,11
True,False,2.5,2.2,55,2.2,1.25,19.8838369707271,12,8,80,True,trend_state_tp,48,6,False,0.8,0.67,0.0,73.74925029424887,36.07207350383353,36,0.0005,0.0,-0.046099400200209355,5.569880875741933,6,-397.9490986964335,-0.40925793185246107,-94.16797416357626,-0.09732419720176287,-0.004775124562234404,277.9639033891738,0.2847946277453424,0.023223611065921634,1806.5994739720563,1.8273538751036031,0.0,-0.059965636821928237,-5.996563682192823,-0.5658361332637861,-6.549196166156314e-05,-94.16797416357629,-0.09732419720176287,0.17466967450854012,19499.50583612524,11118.556135566954,49,4,4,-0.10597703698426231,2211,10.59770369842623,11.152125714296686,-83.91066943238015,-0.08228934301313291,-0.005403119756664827,False,0.6984910992378257,0.5701968157043475,4,0.7908269507292284,-2.830281207404849,-1.15471292823991,3913.721215092461,17,-0.08380949700558282,-8.380949700558283,19568.983619340437,89,0.172147001934236,1.205029013539652,0.05776412930012009,0.0,0.449438202247191,40,-0.021599459351267503,-609.5084773508995,-0.597430892895506,1.5,0.08,486,True,False,True,True,0.0,-0.02233345198264489,2.6981828216048065,6,-430.1277392203505,-0.4198370792539315,16.39479816690326,0.017649062115821935,0.0003018599895954939,364.6823773289613,0.35888825238422956,0.04018700956793486,2447.3277618340326,2.447450814077932,0.0,0.01028656959000429,1.028656959000429,0.1967928287211641,-5.364890593349721e-05,16.394798166903342,0.017649062115821935,0.17434740573638413,16774.98182959367,18234.118866448065,39,4,6,-0.052271059148091915,2211,5.227105914809192,5.338591966809054,48.492316126083225,0.04674195871989169,0.0019840119999999114,False,0.8478466838478833,1.0869829280101067,6,0.27914816738655374,0.44236797486617235,0.23823682138778393,4815.220239634783,17,0.014591370368544012,1.4591370368544012,9630.504098715075,89,0.172147001934236,1.205029013539652,0.026339223723814465,0.0,0.5617977528089888,50,-0.013537335908401782,-647.8811446950485,-0.6218151949372847,0.2,0.0,30,1.25,0,2.399353129767132,-0.0348359853106556,1.15759685436614,0.4968707216103782,5,11,56.56365596873131,120,11
True,False,2.5,1.3,30,2.0,1.25,-8.13460404035572,12,14,80,True,trend_state_tp,96,4,True,2.0,0.25,0.0025,61.32805953402773,38.13704308928484,24,0.0,0.0,-0.04568405641627526,4.8188997364079045,4,-298.3901078556066,-0.3069800391185543,-67.40856485106522,-0.06964678380135712,-0.003702350134239221,394.55452115801745,0.4050197268330372,0.007071126193701316,1727.1789307449521,1.7627242878471199,0.0,-0.06371616531471769,-6.371616531471769,-0.6017488815720197,-8.833957960246168e-05,-67.40856485106528,-0.06964678380135712,0.17080244924266838,26258.32949129338,17360.398930952764,88,8,4,-0.10588497505514996,2707,10.588497505514995,11.11505342114494,-183.90353236667892,-0.19140782984352211,-0.008865084500860827,False,1.3222774843090497,0.6611387421545246,5,0.8403392979699109,-2.557736826418715,-1.566149085873087,5677.4531041016835,17,-0.08897930560340625,-8.897930560340624,28387.894705939365,132,0.2553191489361702,1.7872340425531914,0.05258848418010536,0.0,0.3333333333333333,44,-0.026312986186563303,-483.07288770550383,-0.4920268462835772,1.0,0.025,177,True,False,True,True,0.0,-0.010402751931470638,1.0535790574879018,4,-288.0909823277128,-0.27156000115555495,57.04235280582533,0.056371521785073736,0.001720642354957842,511.1651621920597,0.48786036775958525,0.029152057700622125,2379.5570685768225,2.36864162203971,0.0,0.05262549881192413,5.262549881192413,1.854414664489919,-6.688669979200857e-05,57.042352805825345,0.056371521785073736,0.17080244924266838,21606.823674578463,29136.4142449474,75,7,4,-0.028378495823855803,1029,2.8378495823855805,2.864428037119409,-67.61691011950631,-0.06422820625410029,-0.0028943029554142088,False,1.7743185089028326,1.3484820667661523,10,2.653273315507913,1.7185027897062828,1.2086269565809162,7208.751240829155,17,0.07529590570368935,7.529590570368935,14417.619105502014,132,0.2553191489361702,1.7872340425531914,0.012548726732178793,0.0,0.4318181818181818,57,-0.016936619153806176,-509.73143007791055,-0.48804995812553664,0.2,0.002,50,1.0,0,4.090578794362684,-0.018574954577851237,1.045573665364549,0.3944881588999236,5,12,48.69040443971672,202,11
True,False,5.0,1.7,40,2.5,0.5,36.966735578604656,12,14,300,True,trend_state_tp,96,8,True,1.2,0.5,0.005,77.27908430306805,24.611955185630304,18,0.0,0.0,-0.050115218216914996,4.821633283352398,8,-397.0168620175633,-0.4148010745076567,-96.10466012390062,-0.10039558615065956,-0.008524868191256156,84.44266101229704,0.08824770686353874,0.0036640026173315743,527.887647418639,0.542575073127142,0.0,-0.06609978685589402,-6.609978685589402,-0.7077363977051817,-4.908888455711902e-05,-96.1046601239006,-0.10039558615065956,0.2584595552690944,14292.60703263228,5066.559660737822,36,3,8,-0.09339605405377056,2991,9.339605405377057,9.76337135116462,52.02050509513664,0.054292525653972704,0.0049330599999999345,False,0.21269288307598747,0.35448813845997906,2,0.9878412386226486,-4.669789588243073,-1.209923847909011,2411.509955168477,17,-0.09226047371894455,-9.226047371894456,12057.6808544282,96,0.18568665377176016,1.2998065764023212,0.05659855436039928,0.0,0.625,60,-0.015275550032364693,-762.1923624981208,-0.7612388613745623,4.0,0.01,499,True,False,True,True,0.0,-0.02265523534674638,2.1398090705023103,8,-401.2356125717678,-0.4074762694915648,-40.79682800143551,-0.04123231465511145,-0.003508790686418032,95.02068502506647,0.09677265383398694,0.007155710709920715,723.7090505079555,0.730862848965517,0.0,-0.027539428622812112,-2.753942862281211,-0.6631353901861562,-3.493037588783608e-05,-40.796828001435514,-0.04123231465511145,0.25942636158556237,10432.125926865961,6556.42726672959,26,2,13,-0.04152911913671386,2991,4.152911913671386,4.206236069653865,28.967941549241996,0.029124912077841774,0.001984012000000008,False,0.23682016762176217,0.6284842909962154,5,0.9332484629345401,-2.0492070978738894,-0.4228861609780298,2681.9880179005354,17,-0.038756986601363605,-3.8756986601363606,5363.99271692938,95,0.18375241779497098,1.2862669245647969,0.025333441186250426,0.0,0.7263157894736842,69,-0.015746622505815155,-788.6587228061293,-0.7863843067902991,0.2,0.002,100,0.25,0,1.6490953950139002,-0.04018823492187238,2.041016194977661,0.762941555460737,3,13,39.73656764372656,126,11
True,True,2.5,6.0,40,2.2,2.0,46.62415905811074,16,20,80,True,trend_state_tp,96,6,True,1.0,0.33,0.018,70.98950291414168,40.28792936304234,48,0.0,0.0,-0.02913859539449978,3.1171748207856034,6,-431.35609280515473,-0.4394171397711011,-42.64048534778426,-0.04215087079453425,-0.0030081171079355774,419.4176895543731,0.4300712979889319,0.018837505249256425,1841.1452827775522,1.9407896909779463,0.0,-0.03520381685975149,-3.520381685975149,-0.571123010028125,-9.079462054962077e-05,-42.64048534778425,-0.04215087079453425,0.2326780534966162,27175.433846724754,22229.13754638177,63,4,6,-0.061639640220445456,2487,6.163964022044546,6.252768382761779,-94.59700029081304,-0.09752026140061329,-0.004598559224386593,False,0.972323554831126,0.8179864826357088,6,0.8024537915298159,-1.125671414781301,-0.5054234888260527,4830.142588587161,17,-0.04946296300343019,-4.946296300343019,24151.313821938296,116,0.22437137330754353,1.5705996131528046,0.0331689228362302,0.0,0.45689655172413796,53,-0.016007950302109664,-765.8690029085135,-0.7680201693488033,2.0,0.025,717,True,False,True,True,0.0,-0.009255096303727815,1.1612925260425877,6,-462.9280618032354,-0.44400816019843237,76.3310629974646,0.07539897184243408,0.0019370380898068031,546.0083652432356,0.5277858287812532,0.03485534423918346,2768.87435290615,2.634760938219657,0.0,0.06177122593746609,6.177122593746609,1.930273305257911,-7.886987056156349e-05,76.33106299746461,0.07539897184243408,0.2323557847244602,24998.11533737472,33852.51864508061,54,4,6,-0.03200128487981789,513,3.200128487981789,3.2331431897540686,49.3471061231302,0.046308662324376054,0.0020000119999999955,False,1.179466984819151,1.3542028344219876,9,2.766889936125684,1.68058791361721,0.8426655975881698,5957.602791433615,17,0.08854403307705914,8.854403307705914,11915.312492141618,116,0.22437137330754353,1.5705996131528046,0.012313091271429513,0.0,0.5344827586206896,62,-0.009775881601217007,-851.3254985965328,-0.7830737936163515,0.08,0.0,150,1.25,0,5.836904480509977,-0.02974733487698611,1.128794213914068,0.3741004593805044,4,14,31.708359500886253,177,11
True,True,5.0,12.0,30,2.5,0.5,5.161415821978052,10,14,150,False,channel_reclaim,48,8,True,2.0,0.5,0.012,58.19721431978608,28.79236386528434,36,0.0005,0.0,-0.05737849203125697,6.414301790958121,27,-664.5903662013586,-0.6933849319850804,-136.37124075355524,-0.14202851298532856,-0.008974693755368463,266.08142625429497,0.27805256815733953,0.011764194294577424,926.4792669278812,1.024051027989574,0.0,-0.07239887680719603,-7.239887680719603,-0.581729043134405,-7.251084256053132e-05,-136.37124075355524,-0.14202851298532856,0.6667740895907187,21266.891718443472,11175.419902680389,32,5,5,-0.12445463684794693,2634,12.445463684794692,13.17820775763484,130.25499493307103,0.13649826966543654,0.007544859904283489,False,0.40036906910816883,0.5254844032044717,3,0.8108554306491959,-2.9125490037430324,-0.6661494983854208,1740.1347430252767,17,-0.10091471815763128,-10.091471815763128,8700.682448760697,74,0.14313346228239845,1.001934235976789,0.0705306075093044,0.0,0.5675675675675675,42,-0.03149926363337552,-1015.5672417820392,-1.0009835094421604,1.0,0.01,272,False,False,True,False,0.0,-0.03478026766653371,3.7986092799321,28,-699.0375349846288,-0.702375893805449,-33.05926927271483,-0.03151843204004069,0.00032850774835589073,372.31880550845017,0.3768295881649904,0.02053364924975365,1220.0585482960823,1.2080074822422997,0.0,-0.01734593587540212,-1.7345935875402119,-0.239710206626139,-6.435381225966152e-05,-33.05926927271486,-0.03151843204004069,0.6893329036416371,19573.05097956961,17126.66505338871,28,5,5,-0.07236210806182103,2634,7.236210806182103,7.394029496766532,163.84097483370442,0.16719503795064466,0.011791743730360408,False,0.5326163287020591,0.8750125400105256,7,0.3380755469548977,-0.606434507814007,-0.14825712096176014,1961.1259079289462,17,-0.024463859261809558,-2.4463859261809557,3922.2655638800666,74,0.14313346228239845,1.001934235976789,0.04108106676511104,0.0,0.6216216216216216,46,-0.03129524080305779,-1027.068278267174,-1.0009825458387749,1.0,0.001,100,0.25,0,4.2513875968182155,-0.060274309065667005,1.0495912132962333,0.6081499605563777,3,15,29.203697373257043,145,11
True,True,5.0,1.3,55,1.5,0.5,68.36223125028991,55,14,100,True,trend_state_tp,72,6,True,0.6,0.67,0.008,73.52042612951328,23.772177002746528,12,0.01,0.0,-0.020156955642151052,1.9019849610996964,6,-274.5358890443856,-0.2793090727808512,-48.27272528150243,-0.049222518457909474,-0.005297662025909572,86.75529180279877,0.08808719944449127,0.003281029714071959,924.6672623763927,0.9336810324620897,0.0,-0.03400448062414385,-3.400448062414385,-0.711539695057776,-3.3994854252932444e-05,-48.27272528150246,-0.049222518457909474,0.2001289075088624,10157.827894642265,5378.8280917735265,37,2,6,-0.04778999802868726,3083,4.778999802868726,4.873029327333039,36.681482029249324,0.037254076326276066,0.004933059999999892,False,0.3160071060464251,0.5295254209426588,5,1.0,-3.1115588154552243,-1.38417440725299,2249.0960743127443,17,-0.04778999802868726,-4.778999802868726,11245.698266427054,99,0.19148936170212766,1.3404255319148937,0.025991402622970537,0.0,0.6262626262626263,62,-0.013012284259262041,-361.09290940613334,-0.3615753783125557,1.5,0.025,683,True,False,True,True,0.0,-0.012344528734089153,1.3344701414872626,6,-267.36333269827793,-0.26719626722373585,-14.341686170755693,-0.014196546126997011,-0.0020640826610224365,99.33470574740645,0.09946999523530597,0.007536639747489637,1167.1524136871978,1.1697383766695812,0.0,-0.010153568921049905,-1.0153568921049905,-0.3610321785820292,-2.7309872350596086e-05,-14.341686170755722,-0.014196546126997011,0.20238478891395423,8288.263313646616,6854.094696571046,31,2,9,-0.0281237228241774,1959,2.81237228241774,2.8445497087938048,27.153955116324475,0.027195848740388988,0.0019840120000000406,False,0.3715345135209943,0.8269639171918908,7,0.5099497765788886,-0.8874268536670132,-0.46535094033097685,2484.2478009590573,17,-0.014341686170755857,-1.4341686170755856,4968.519676313561,100,0.19342359767891681,1.3539651837524178,0.015844020185355103,0.0,0.69,69,-0.012061057787250973,-349.18000135006736,-0.3451867668590326,0.2,0.001,10,0.5,0,2.5685013628492492,-0.02594095010014644,0.8365019798859369,0.655662519298883,2,16,27.188225567348415,224,11
True,True,1.5,8.0,20,2.5,0.75,-56.98348008048944,12,50,100,False,channel_reclaim,96,4,True,1.2,0.67,0.012,63.99483055356899,22.602641674883525,18,0.0025,0.0,-0.11066501086004303,13.884495672371939,7,-883.5969610772746,-0.9830687298195684,-198.49206936235925,-0.2216680383469408,-0.0074189807848856855,254.8861678019229,0.2822000663040628,0.03161534605944771,2656.003618908575,3.1337082127681217,0.0,-0.16425753272898036,-16.425753272898035,-0.6209663262160071,-0.00014580782083678485,-198.49206936235922,-0.2216680383469408,0.28069610054785693,39761.86324847737,17332.259410530754,45,4,9,-0.2645192272017699,2550,26.45192272017699,30.531819190721183,105.40981345226606,0.11710070730117951,0.0049330599999999674,False,0.2884642874859683,0.43590158997879636,4,0.8479385062182152,-4.182136505153886,-5.5837864811470475,6346.1247896209925,17,-0.22429603837946546,-22.429603837946548,31731.01513650687,113,0.218568665377176,1.5299806576402322,0.13994857655768708,0.0,0.6017699115044248,68,-0.053996305129557,-1031.9060623245894,-1.0009559835488737,4.0,0.025,437,True,False,False,False,0.0,-0.07465247976696476,9.551046258209936,11,-934.978950553046,-0.9750688488462186,-83.18351645924268,-0.0818066580066382,-0.003051708896313337,349.0708829316426,0.3714905731656863,0.060473777235066306,3637.801956056633,4.000793909849878,0.0,-0.06011485872076616,-6.011485872076616,-0.2897871443535191,-0.00010923341305031777,-83.18351645924264,-0.0818066580066382,0.35836287463744765,31789.28431880356,23387.749156420046,34,4,12,-0.20744487770454867,1935,20.744487770454867,23.122843554186936,58.189340127384426,0.058877678340524424,0.001984012000000002,False,0.37334624776864217,0.735711723544089,6,0.40500084915807394,-1.1312262023753326,-1.4357628553200286,7479.355103087625,17,-0.08401535162383501,-8.401535162383501,14958.766352520453,101,0.195357833655706,1.367504835589942,0.09927547897244852,0.0,0.6633663366336634,67,-0.046948588047972195,-1050.5169188261307,-1.0009434464032354,0.12,0.001,10,0.5,0,7.775937653334873,-0.08446736484859432,0.8437767341470291,0.6434932747962766,4,17,23.477597881115315,193,11
True,False,5.0,4.0,14,1.8,0.5,-1.4818884521228197,55,10,80,True,trend_state_tp,18,2,True,2.0,0.33,0.012,67.56422039278733,40.84028542222286,24,0.0025,0.0,-0.05383130789918704,5.566248379823522,2,-224.01914555089076,-0.236006913668048,-77.45085824406509,-0.08142583297800876,-0.006920044553091779,127.74474398549086,0.13498767998804612,0.0027173349228835075,430.57594928454733,0.46392690879887727,0.0,-0.07336151718166373,-7.336151718166373,-0.7110580332593999,-5.96407363060048e-05,-77.45085824406506,-0.08142583297800876,0.0941024814695456,17249.47420741858,7025.960919201996,77,5,4,-0.10317233439496329,3042,10.317233439496329,10.85372486194905,-98.6035689293875,-0.10244652018057049,-0.010116832175085615,False,0.5702402965217582,0.40731449751554166,1,0.9909161548171472,-5.571012073166029,-2.269651943266068,3225.8562767606395,17,-0.10223513288216593,-10.223513288216592,16129.509680119743,132,0.2553191489361702,1.7872340425531914,0.06209632273266435,0.0,0.4166666666666667,55,-0.012642869908108256,-443.4073467322772,-0.4611196644982051,2.0,0.08,626,True,False,True,True,0.0,-0.01926939734945765,2.0218531946720266,2,-190.10153753203994,-0.19111045931260295,-18.432244160713914,-0.0183964606429923,-0.001703947689311092,145.66340391481833,0.14669780279119438,0.007187183259799834,549.8163167822241,0.5567821276157764,0.0,-0.017382247638545567,-1.7382247638545567,-0.4578513448384603,-4.0943242766378246e-05,-18.432244160713907,-0.0183964606429923,0.09829197550757332,12356.599939582597,9905.111466207643,65,5,6,-0.03796482817950091,2587,3.7964828179500913,3.844940771175013,13.981270907184363,0.01408000943074967,0.001984011999999864,False,0.7662400094489927,0.8016049329620228,4,0.6457262131634209,-1.285170507684066,-0.5161052765379459,3714.872164909513,17,-0.02451488473374906,-2.451488473374906,7429.779102470208,133,0.2572533849129594,1.8007736943907158,0.02245114240633134,0.0,0.5112781954887218,68,-0.01004575508032024,-451.81340142341253,-0.4525800461294836,0.12,0.002,75,1.0,0,3.2918413060301734,-0.04439945966078715,0.8561684918107251,0.48161023187338975,3,18,21.599762189073168,207,11
True,True,1.5,3.0,40,1.8,0.75,-60.381063380671854,12,20,80,True,trend_state_tp,24,3,True,2.0,0.25,0.008,58.122271061291244,42.02255180461212,3,0.0005,0.0,-0.08793191603894206,10.571786722627783,3,-637.1445825609113,-0.7067982343996496,-182.6178835376326,-0.20430358274335145,-0.006300560458151049,287.3165001982997,0.315224785918245,0.008157324841963964,825.4753812892817,0.9090504734820178,0.0,-0.16033788769970914,-16.033788769970915,-0.727062007942666,-0.00014168482516719908,-182.61788353763257,-0.20430358274335145,0.12890750886239125,38865.8195362156,16951.673511699675,61,6,6,-0.22052849130902866,3090,22.052849130902867,24.694374991773955,-100.73054519326078,-0.11243094532881247,-0.00301558062527284,False,0.45094395850227936,0.43615891068253226,1,0.9937104223783686,-5.1849836699368375,-2.238134888202333,7639.8059479258845,17,-0.21914146024515926,-21.914146024515926,38199.6278718239,120,0.23210831721470018,1.6247582205029012,0.09981079746644689,0.0,0.49166666666666664,59,-0.046369952852229,-1001.0921594004556,-1.0009492612494706,1.5,0.04,433,True,False,True,False,0.0,-0.02830302912012432,3.3241897532434512,3,-659.1231476757588,-0.6691370119500862,-55.93500637970942,-0.055793559141862584,-0.001888079661939008,389.89970675215324,0.3975472538033463,0.013448273082021123,1261.0044650024238,1.2736184668140111,0.0,-0.047901528944677474,-4.790152894467747,-0.580618770992624,-0.00011251562020921328,-55.93500637970939,-0.055793559141862584,0.1295520464067032,33615.28053146369,26903.079765898576,51,4,7,-0.08250082728600931,1473,8.250082728600932,8.50234890641283,83.42716267073652,0.08372675863491996,0.0019840119999999604,False,0.5915430342979789,0.8003229287560893,7,0.8135919343324447,-1.314773636593215,-0.5376622520286032,10604.62323149204,17,-0.06712200765565125,-6.712200765565125,21209.346870061436,120,0.23210831721470018,1.6247582205029012,0.03264176035641131,0.0,0.575,69,-0.02340551918618794,-1012.7650477000668,-1.0009397801759141,0.04,0.0,10,0.75,0,11.716208097289718,0.10834718855534181,1.7879308074268048,0.5414274322169059,5,19,20.703815381882126,162,11
True,True,2.0,2.2,80,1.8,1.5,-67.77117413320717,40,10,100,True,trend_reclaim,18,8,True,1.5,0.5,0.0,59.09692624003193,34.710600934085065,6,0.0025,0.0,-0.07253153348603442,7.347747801312772,8,-451.92789051878475,-0.48236324070718894,-187.74328125573416,-0.20065990833531033,-0.008834025333236396,236.83912648845396,0.25207759011949477,0.001363041682688193,1404.9458456752404,1.4659263955880373,0.0,-0.09889743252545136,-9.889743252545136,-0.7176574747040783,-7.061270602414919e-05,-187.74328125573433,-0.20065990833531033,0.18884950048340315,20336.755073345314,6631.495541676712,45,10,4,-0.13780589767595067,3005,13.780589767595067,14.735893805677401,-177.70088640795626,-0.20487450916398367,-0.009477308863086452,False,0.5240639744906594,0.3260842507941882,1,0.9945335985471628,-4.7835848778175,-1.2276974357668082,3161.247177177608,17,-0.13705259531668532,-13.705259531668531,15806.367444765147,73,0.14119922630560927,0.988394584139265,0.0828867624570871,0.0,0.3835616438356164,28,-0.02324962027305766,-974.837627489662,-1.0009543195553896,2.5,0.04,752,True,False,True,True,0.0,-0.041519033386063324,4.166115416960766,8,-453.1289654273994,-0.46741761995502645,-99.63169594606782,-0.10199891033024239,-0.003948244928535848,305.85046610604775,0.3171578448275981,0.008675941283087907,2053.0971702271745,2.1026681675160837,0.0,-0.05194948973595592,-5.194948973595592,-0.601407396738834,-5.941749406207968e-05,-99.63169594606788,-0.10199891033024239,0.18884950048340315,17672.029651668578,10398.915847605624,39,6,4,-0.08637986499277361,2981,8.63798649927736,8.935459284679503,-58.83024239260837,-0.06100349102050439,-0.003510211753966554,False,0.6749744320969728,0.5884392484947968,5,0.8419918003659055,-2.266186305417515,-0.5818110555235195,3842.002048550738,17,-0.0727311380406293,-7.27311380406293,7684.021108738894,73,0.14119922630560927,0.988394584139265,0.04810780343851853,0.0,0.4657534246575342,34,-0.01838745313457657,-993.9183952246076,-1.0009467381800798,0.2,0.003,100,0.5,0,6.675836530729399,-0.08918373409577957,0.9084767064296361,0.4693296602387511,5,20,17.049815820367776,183,11
True,False,2.5,2.2,80,2.0,1.0,-89.18656442677528,20,14,50,True,trend_state_tp,24,4,True,1.5,0.25,0.0025,77.19896410363772,35.70176108300807,24,0.001,0.0,-0.09868275892316987,10.8989227748976,4,-373.07590022523976,-0.4127077191830565,-155.99006444382647,-0.1756123255252345,-0.008374897857376553,235.61575696578183,0.25208916891632654,0.0022823388840460535,1590.1304354723206,1.6345953962165791,0.0,-0.16332133592139264,-16.332133592139265,-0.7173547534490118,-0.00012444808313615598,-155.99006444382647,-0.1756123255252345,0.2117305833064776,34322.982820722056,12016.403605254874,92,8,5,-0.22767164382218205,2915,22.767164382218205,25.716826985330517,-252.41360495815238,-0.2635476782750491,-0.013185554440333412,False,0.6315491213008716,0.35009788246026585,1,0.9797697614415799,-6.9744571491761524,-4.065618002352313,5879.671036669393,17,-0.22306579215467165,-22.306579215467163,29398.679477629117,143,0.2765957446808511,1.9361702127659575,0.1184797961084152,0.0,0.35664335664335667,51,-0.030779735833846078,-599.2782344304283,-0.5974308928955061,1.5,0.01,286,True,False,True,True,0.0,-0.05346245369023976,5.786523611670761,4,-351.5587226566369,-0.3598641532491903,-68.21853225127057,-0.07071728510773086,-0.0034653195886486968,347.0214019634905,0.353032435444408,0.02174642517538916,2214.3483273966062,2.2124015026949393,0.0,-0.06994954416243393,-6.994954416243393,-0.5422816131037544,-0.0001004876906247739,-68.21853225127052,-0.07071728510773086,0.21430873348372542,29882.491425814136,20127.24131388244,85,6,5,-0.12899117814833697,2734,12.899117814833696,13.716729607780085,-139.80252398639166,-0.14052315392145914,-0.006424071824309907,False,0.9870937046907582,0.6735462926125171,3,0.7562726577094607,-2.558725866869268,-1.4104363631183066,7397.253967547333,17,-0.0975525011193173,-9.75525011193173,14794.557681340832,143,0.2765957446808511,1.9361702127659575,0.06445375853902882,0.0,0.40559440559440557,58,-0.023379996655908286,-628.6541001938511,-0.6218151949372845,0.12,0.0,10,0.5,0,4.143580432050015,-0.07805110031371915,0.8530899955575727,0.4692871920742734,4,21,15.078354801487963,180,11
True,True,2.0,1.7,20,2.0,0.5,-26.119120651678273,10,8,100,False,channel_reclaim,120,2,True,0.6,0.67,0.012,69.23952420114357,28.255719180843162,24,0.01,0.0,-0.08566732127260182,9.426532848336828,4,-799.8686161467408,-0.8780860126352443,-199.64329747333355,-0.2201216883434377,-0.007621720922773014,100.4693618633701,0.1088604738024656,0.004367666200078002,241.9738702044694,0.2419738702044694,0.0,-0.1395651123435292,-13.95651123435292,-0.7177279115924782,-9.249095590627982e-05,-199.64329747333358,-0.2201216883434377,0.15082178536899774,25595.795716695706,6430.039159255687,32,3,11,-0.1944540683026599,2931,19.44540683026599,21.478584391805786,70.81134177917129,0.07724476928335103,0.0032401382944513887,False,0.12560733079810996,0.2512146615962199,2,0.9856186977589658,-5.504724593881558,-1.6233065266225482,4655.429105385395,17,-0.19165756557440064,-19.165756557440066,23277.364702858,96,0.18568665377176016,1.2998065764023212,0.10524355482682982,0.0,0.6666666666666666,64,-0.037574000891457016,-1004.4234617432227,-1.0009519048563145,1.0,0.006,47,True,False,True,False,0.0,-0.05966703937773,6.667998615361464,4,-941.7583015842152,-0.999442223809803,-141.51235712984263,-0.15109699048143052,-0.004144682661949576,128.84100248312106,0.13550612888626282,0.004961622816341826,322.8024754360498,0.32550590282551123,0.0,-0.10114467761673618,-10.114467761673618,-0.701542828010794,-8.251669615338516e-05,-141.5123571298426,-0.15109699048143052,0.1395423783435385,23543.95753960538,9534.234183750956,25,3,13,-0.14417462994173744,2795,14.417462994173743,15.434106948878155,80.29448275707807,0.08302028033723101,0.0020160119999999963,False,0.1368089904451983,0.4049546117177868,3,0.9717190438786546,-4.036901836421872,-491.9296600967897,5952.178151837994,17,-0.14009723355854395,-14.009723355854394,11904.371690981918,99,0.19148936170212766,1.3404255319148937,0.07815020131329248,0.0,0.7474747474747475,74,-0.034448706251803185,-1003.8229887342702,-1.000943447437132,0.08,0.0,150,0.0,0,4.457393775645271,-0.10726679373381826,0.7702088455416626,0.7679212617447913,3,22,13.820077565633941,165,11
True,True,2.0,4.0,55,1.5,1.25,-139.79301863199612,20,80,130,True,range_bb_reversion,24,6,True,2.0,0.33,0.008,61.344732472158896,34.57310484101193,3,0.0005,0.0,-0.14464522678758615,15.526750248471284,6,-532.2958104071265,-0.6216608370590673,-244.41462405679897,-0.28542563933075116,-0.010315607807558599,262.80460903663544,0.30698875666675823,0.008110318520656579,1184.0735764425244,1.3022424138810846,0.0,-0.20985971490709876,-20.985971490709876,-0.7401911732240027,-0.00015033628085742149,-244.4146240567989,-0.28542563933075116,0.23009990331936836,39389.88997012736,11037.793579538687,74,9,3,-0.28352096390588716,3091,28.352096390588716,33.10937416236714,-232.67681919099024,-0.24424040686780146,-0.011106309291148284,False,0.4937191011058857,0.28021894927631347,1,1.0,-6.836491367311857,-2.331294905806832,5035.392610761497,17,-0.28352096390588716,-28.352096390588716,25177.009561451738,116,0.22437137330754353,1.5705996131528046,0.16456370842403978,0.0,0.3620689655172414,42,-0.03711172492823911,-1000.9403066729475,-1.0009589124308782,3.0,0.08,72,True,True,True,True,0.0,-0.09457367327980765,9.753507358957133,6,-586.4392073532341,-0.6460116448813275,-154.2025452204191,-0.1678343503347163,-0.00447357080946435,308.90816420759694,0.3444984652509386,0.01607612310170259,1415.0187248188272,1.6498306615491074,0.0,-0.1299746462115473,-12.99746462115473,-0.7266229532262006,-0.00012725114475666335,-154.20254522041907,-0.1678343503347163,0.2294553657750564,35186.352441194045,17298.857195625427,60,5,6,-0.17887495245568671,3091,17.887495245568672,19.468784638827092,-27.431091929304273,-0.03013596841473288,-0.0012612438582962826,False,0.5267522367779378,0.49163542099274193,3,1.0,-3.9396989929589705,-1.270157455461566,6366.614207432771,17,-0.17887495245568671,-17.887495245568672,12733.233264274504,116,0.22437137330754353,1.5705996131528046,0.10516807744244044,0.0,0.4827586206896552,56,-0.03215924225719047,-1000.9268310663285,-1.0009528470760767,0.08,0.003,30,0.75,0,6.274436817986868,-0.0832073938468456,0.9233676878275369,0.5239116264165518,3,23,8.85259949300186,184,11
True,False,5.0,4.0,14,2.0,1.25,-74.23675126496931,40,30,50,True,trend_state_tp,96,2,True,1.5,0.25,0.018,67.77211133126289,35.73006315674034,18,0.001,0.0,-0.0515725468793971,5.524326718478931,2,-168.5835696112742,-0.17828838970038507,-88.0375159769488,-0.09331726787717938,-0.007560949494896322,171.7884634886171,0.18078312510090347,0.0,668.4180550414636,0.6857959370914829,0.0,-0.08293025555941635,-8.293025555941636,-0.7120759887958724,-5.805548345828227e-05,-88.03751597694878,-0.09331726787717938,0.09023525620367387,16858.35696112741,5325.442368147131,100,12,5,-0.1164626484592638,3037,11.64626484592638,12.353673878569042,-134.53818182038663,-0.1500146258778488,-0.01107495006780979,False,1.019010713112392,0.31589332106484175,0,0.9902672440953675,-7.067037292900474,-3.67384964305292,3158.2165994284555,17,-0.11532914592980276,-11.532914592980276,15791.268411402563,131,0.25338491295938104,1.7736943907156673,0.0602286332632424,0.0,0.2366412213740458,31,-0.021408227584474582,-270.50451319384246,-0.28841189928163496,1.0,0.015,519,True,False,False,True,0.0,-0.01615480593439576,1.7981168072943974,2,-150.0867747796585,-0.1509046167295703,-23.811091894971224,-0.023945595828999314,-0.001980522129692263,189.27912297293855,0.19029775194071422,0.005367472692056063,887.9510596269703,0.8835664418017767,0.0,-0.02179959113807184,-2.179959113807184,-0.4960102853188228,-4.0023817796644415e-05,-23.811091894971227,-0.023945595828999314,0.08926844988720593,12157.028757152335,9085.397902701052,81,8,6,-0.04394987721687992,2244,4.3949877216879925,4.473891725452499,-67.1416225435057,-0.06849575263806487,-0.004608330769528287,False,1.2611312572398075,0.7473370413272936,5,0.6988940695542221,-1.7361076444738432,-0.961557033509437,3544.747333601058,17,-0.030716308544513595,-3.0716308544513593,7089.524917767701,129,0.2495164410058027,1.746615087040619,0.019834441986284857,0.0,0.37209302325581395,48,-0.011167537349495271,-255.8414970425055,-0.2603219325490799,0.08,0.002,75,1.25,0,1.3274209136234072,-0.041866138764809685,0.7325941254749071,0.33906046107003046,3,24,0.5605526215838177,160,11
True,True,3.0,1.7,30,2.5,2.0,-42.33077857894933,30,30,100,True,trend_state_tp,72,4,False,1.0,0.33,0.005,66.69087226347726,37.79514765782453,6,0.0025,0.0,-0.05931175233332359,6.077890696423106,4,-265.41775192279255,-0.2811369745166142,-90.87848254857609,-0.09609252485004179,-0.0069561051115382905,325.3305444207094,0.3451673166625539,0.009810216622122336,1514.5856897241702,1.5623426713974322,0.0,-0.08632399000437352,-8.632399000437353,-0.7196088698946954,-8.535990411376135e-05,-90.87848254857609,-0.09609252485004179,0.19013857557202707,24683.850928819706,12687.891232407666,93,8,3,-0.11995959696412,3092,11.995959696412,12.684213280205517,-201.82835701015298,-0.2060060147844776,-0.013378370383731932,False,1.2257301633514885,0.5140158749538501,4,1.0,-4.072565598016113,-2.8119466172128775,4562.9758196160155,17,-0.11995959696412,-11.995959696412,22815.263655074326,132,0.2553191489361702,1.7872340425531914,0.06742833912241429,0.0,0.29545454545454547,39,-0.02351647018695502,-390.1085457349612,-0.41594399780540053,1.0,0.025,456,True,False,True,True,0.0,-0.011291949171988117,1.1977094620392084,4,-241.20072151818502,-0.23898419744313107,6.120121245320377,0.007072528914472005,-0.0016397353811904414,448.1403508652025,0.4468334866599753,0.02147072247127979,2021.1284653731693,2.048295363703075,0.0,0.00565745957440833,0.565745957440833,0.2134416186167196,-6.571087589271055e-05,6.1201212453204334,0.007072528914472005,0.19207218820496294,20260.860607527542,21062.596490664517,84,8,4,-0.02650588770396985,2028,2.650588770396985,2.655560506195842,-123.67373097632681,-0.1235425479206056,-0.007356422432185087,False,1.8579560958378623,1.0395706726711849,9,0.30247463963139937,0.25488169538825656,0.19820177521319873,5506.847915449419,17,0.00801735883136862,0.8017358831368621,11013.765120294507,131,0.25338491295938104,1.7736943907156673,0.013067090574941848,0.0,0.35877862595419846,47,-0.01779236894061953,-404.007032104032,-0.3985635343065727,1.0,0.001,10,0.0,0,2.9637779785292704,-0.031336684837942816,0.829542652845337,0.3378142753334569,3,25,-1.4219511441848685,260,11
True,False,4.0,3.0,20,2.0,0.75,-36.78923996496148,16,14,400,True,trend_state_tp,8,6,True,1.0,0.33,0.0,70.98626582607609,27.95118012350534,48,0.001,0.0,-0.07774703759571869,7.605853951718659,6,-355.47252137266634,-0.3791260928566978,-129.77091255054103,-0.1390821406135843,-0.009640470935299161,147.65398162665457,0.15597188401857598,0.003961793010578862,1100.7651209768235,1.1345526339363203,0.0,-0.10022741319492279,-10.02274131949228,-0.7037688995516056,-7.324308932071123e-05,-129.77091255054103,-0.1390821406135843,0.22236545278762487,20972.87876098731,7087.39111807942,59,6,4,-0.14241523497099826,3007,14.241523497099825,15.296892014229918,-114.70311326621692,-0.11923249758199839,-0.00786224106714833,False,0.415373827086507,0.33793124915512446,3,0.975000156811566,-5.678158320697442,-1.8462232047695413,3166.7403345225653,17,-0.13885487642907932,-13.88548764290793,15833.829549668682,107,0.20696324951644102,1.448742746615087,0.08691592485688136,0.0,0.4485981308411215,48,-0.025200951194918275,-617.1429473572466,-0.6206335265166583,2.5,0.08,263,True,False,True,True,0.0,-0.048514411648777823,4.5476100052242225,6,-372.73678159757554,-0.38438533463986096,-65.9943034803189,-0.06776553311824081,-0.004682481813982888,183.55889905575427,0.18982345795019592,0.013410405925383229,1425.8485455492776,1.4531621048504655,0.0,-0.050420696372637464,-5.042069637263746,-0.648317104200724,-6.063258646964606e-05,-65.99430348031893,-0.06776553311824081,0.2249436029648727,17891.36551668362,10829.975044289507,48,5,10,-0.077771658415211,2993,7.7771658415211,8.028838739037656,24.213112912245446,0.02553973284819751,0.001984011999999937,False,0.49246253151891306,0.6053185283253312,5,0.9079644971301034,-2.666144167750568,-0.8686194717824601,3638.14769699622,17,-0.07061390472394123,-7.061390472394123,7276.310806264569,107,0.20696324951644102,1.448742746615087,0.05415609113082857,0.0,0.5514018691588785,59,-0.022677086841429328,-634.2498533848491,-0.6344776437371819,0.2,0.003,75,0.25,0,2.418145658674944,-0.01242311619490169,2.3216403591311656,0.5558643984603063,4,26,-5.077160110634954,132,11
True,True,3.0,8.0,14,2.2,1.5,-68.70744291449587,10,20,200,True,trend_state_tp,24,4,True,0.8,0.33,0.012,60.91585458168538,30.5950341456405,6,0.0025,0.0,-0.06984082604756099,7.655298225670322,4,-325.9018914247818,-0.3476133146244925,-136.7281685229613,-0.14704818282314167,-0.009569069625244155,206.77148621981806,0.2171358722898376,0.007417615868868799,1287.2204807451897,1.3010598788948493,0.0,-0.10572953938983765,-10.572953938983765,-0.6869853545502438,-7.828106628293055e-05,-136.72816852296125,-0.14704818282314167,0.1456654850145021,22487.23050830995,7857.316476353087,69,9,4,-0.1539036293707553,2508,15.39036293707553,16.65431818764442,-146.60678963833723,-0.16008458169364628,-0.010311197677907736,False,0.6344593009750633,0.3494123686529334,3,0.9505892805629133,-5.398312945532898,-1.738222388825518,3408.684039478285,17,-0.14629914031956753,-14.629914031956753,17043.565755785316,107,0.20696324951644102,1.448742746615087,0.08272075192611654,0.0,0.35514018691588783,38,-0.04062044316551261,-982.8857063213225,-0.9990603588449993,2.5,0.015,27,True,True,True,False,0.0,-0.04879777037753222,5.48797894151167,4,-280.68507814700615,-0.28519123716844785,-58.48447984373174,-0.059553540987475465,-0.004409945403331892,280.10690804697214,0.28427532938353006,0.02518176696017438,1561.7716080791868,1.5513020657362735,0.0,-0.04420670383713765,-4.420670383713765,-0.4694221217552782,-5.964784045353175e-05,-58.484479843731734,-0.059553540987475465,0.14727682887528198,17963.845001408397,11764.490137972829,64,9,5,-0.09417260454585849,2508,9.417260454585849,9.839930277255387,-67.51198368314067,-0.07001216283603168,-0.0040248973093569805,False,0.9979401466445922,0.6548982212355134,4,0.6582970592489837,-2.1096367193799512,-0.695268658712437,3955.90774147447,17,-0.06199354863435612,-6.1993548634356115,7911.8381565130885,106,0.20502901353965183,1.435203094777563,0.05649064844754665,0.0,0.39622641509433965,42,-0.0202018619844907,-1011.4072861332032,-0.9990566522849077,0.12,0.0,100,1.5,0,5.863194970577852,-0.08322587365492878,0.782281007037176,0.41812583551713983,3,27,-7.073569253854382,177,11
True,False,5.0,6.0,40,1.8,1.25,-46.06713065498911,40,14,50,True,trend_state_tp,18,6,True,1.2,0.25,0.012,64.21446199236267,42.739234713925825,3,0.0,0.0,-0.05382089053351572,5.657836369444182,8,-321.4392202365571,-0.3381477411652812,-107.9371917283795,-0.11411037656499225,-0.008859157269861112,246.16373360225646,0.25746378911353585,0.007063595190026195,670.7009832079945,0.6874339742462348,0.0,-0.0846317225519767,-8.463172255197671,-0.690841222470048,-7.511939365971643e-05,-107.93719172837953,-0.11411037656499225,0.29519819529487595,21857.866976085872,10092.713077692513,68,9,5,-0.12250531641609733,3038,12.250531641609733,12.99173632259394,-134.80740319877546,-0.15032631667227347,-0.010206908933455347,False,0.7658173555208879,0.46174281729935907,2,0.9603790466066177,-4.384183929181365,-1.482424253928403,2789.738307736571,17,-0.11765153898393357,-11.765153898393358,13948.815873689795,109,0.21083172147001933,1.4758220502901354,0.06354926388707069,0.0,0.3761467889908257,41,-0.019337944808182184,-738.9176108230845,-0.7767023314062353,4.0,0.006,599,False,False,True,True,0.0,-0.028062201852898903,3.005618466091317,9,-311.3416588621455,-0.3147137844147328,-38.11782638975629,-0.03811692527593715,-0.003048294300992145,309.10412737723834,0.31339158321294897,0.011009184882171619,810.7770125729967,0.8113139952054098,0.0,-0.029535392683498807,-2.9535392683498807,-0.4823631588180285,-6.286031712278564e-05,-38.11782638975629,-0.03811692527593715,0.31711247180148244,18991.84119059088,14836.998114107437,61,9,7,-0.061230614617981294,2584,6.123061461798129,6.252947625477351,-48.01955567492643,-0.0501728602298431,-0.0034745800148440293,False,0.9928132602200277,0.7812301064026443,6,0.6785564872091454,-1.3756864071206107,-0.47817461567912933,3166.9236169442815,17,-0.04154843076483434,-4.154843076483434,6333.868617685204,109,0.21083172147001933,1.4758220502901354,0.03294924874561672,0.0,0.44036697247706424,48,-0.014008068768911475,-786.6410456762231,-0.7918939217191406,0.12,0.0005,150,0.25,0,3.8925958373957834,-0.09160024334299059,0.7297883876364591,0.43718005303637164,3,28,-9.502223966284436,165,11
True,False,1.5,2.2,55,1.5,0.5,-167.84220946016563,16,80,100,True,trend_state_tp,18,1,True,0.8,0.67,0.0025,71.11469937801616,38.84740924343269,6,0.0025,0.0,-0.1881844597079866,21.684507540084553,2,-508.8942608828536,-0.61848551743475,-270.70989265076247,-0.32696413059235246,-0.01003339464502853,166.88464433377692,0.2086216731413547,0.0,475.39422882743935,0.6002985603477882,0.0,-0.24663834337926227,-24.663834337926225,-0.7467868076811855,-0.0001597265638357148,-270.70989265076247,-0.32696413059235246,0.08185626812761844,40202.64660974545,7176.039706352407,79,7,3,-0.3302660690339295,3089,33.02660690339295,39.889623932267,-290.8191796628029,-0.36294968668511984,-0.011418873206704549,False,0.32793579562924846,0.17849669888680605,0,1.0,-8.93423619215718,-3.4221619302058195,6527.156777154294,17,-0.3302660690339295,-33.02660690339295,32635.937297950462,122,0.23597678916827852,1.6518375241779497,0.20679085948559858,0.0,0.3524590163934426,43,-0.04521022055952495,-999.0675605691283,-0.9990887204993912,4.0,0.006,30,True,False,False,True,0.0,-0.13008443454623614,14.371522609976344,1,-510.03325556572736,-0.57906224298993,-179.80538786424475,-0.2013950256240468,-0.005167310753933823,222.47219642665206,0.2586723118943928,0.009888450070455246,834.596141700821,0.9419864106742852,0.0,-0.16050587022343954,-16.050587022343954,-0.7295253040126136,-0.00012732907870142857,-179.80538786424484,-0.2013950256240468,0.07444408636803093,34172.22812290374,12235.970803465865,67,7,5,-0.22001412334926268,3052,22.00141233492627,24.65372670980349,-139.057838989995,-0.16060922832307276,-0.0043130899516279925,False,0.43619155025467227,0.35806769050756676,2,0.9970385985001056,-5.526271154537801,-1.8496096809606568,8792.85348138214,17,-0.2193625731943782,-21.93625731943782,17585.724732047907,122,0.23597678916827852,1.6518375241779497,0.14216194990405864,0.0,0.45081967213114754,55,-0.034295988929172294,-999.9039337784739,-0.9991201329753316,0.08,0.0,75,0.5,0,4.992645156762256,-0.16600430639522748,1.353038269625487,0.5172647527910686,3,29,-9.54086861664178,127,11
True,True,3.0,1.7,30,2.5,2.0,-174.19176643995613,20,50,300,True,trend_state_tp,120,1,True,2.0,0.67,0.008,72.07995761169681,29.19031319108972,36,0.0005,0.0,-0.12107788284585404,14.595116165823995,1,-311.8614973976947,-0.35921732318607996,-209.0173184299639,-0.24127259259921274,-0.01083225703621902,127.88602646432685,0.1450980765646626,0.0,211.48993780194792,0.24750144321959788,0.0,-0.190989689132682,-19.098968913268198,-0.7345988945144059,-0.00011104993720363672,-209.01731842996384,-0.24127259259921274,0.06316467934257171,29626.842252780985,3708.694767465479,95,14,3,-0.25999180036737257,3090,25.999180036737258,30.027303716820793,-258.0897399997856,-0.2990231030764807,-0.013434882746994701,False,0.41007314955986035,0.12518022460248374,0,0.9968832651142375,-10.414653391880222,-3.9291077411037376,4911.863557910898,17,-0.2591814748531554,-25.91814748531554,24559.406617621476,124,0.23984526112185686,1.678916827852998,0.13918715656707595,0.0,0.23387096774193547,29,-0.049516187475758255,-858.6917914985743,-0.9990474207420579,1.0,0.04,293,True,False,False,True,0.0,-0.06540550722638583,7.548125376505072,1,-288.04412536550683,-0.30921201043248886,-118.55927648874781,-0.12764116273955362,-0.0050910791177574705,250.83077875547062,0.2680901719758179,0.005389968465198569,365.56864688052394,0.38923195651666564,0.0,-0.10625827049776593,-10.625827049776593,-0.7104703076207957,-8.580809953235938e-05,-118.55927648874783,-0.12764116273955362,0.06348694811472769,24483.750656068085,9782.400371463355,85,8,4,-0.14956046629675607,3090,14.956046629675606,16.12699207387827,-171.5806191093193,-0.1840860314610624,-0.007434226265879815,False,0.8708067850270677,0.399546642541831,1,0.9829703429403994,-5.780634507766539,-1.9953212871151398,6122.218394511147,17,-0.14701350284604836,-14.701350284604835,12244.451450300548,124,0.23984526112185686,1.678916827852998,0.07622388531892448,0.0,0.31451612903225806,39,-0.02972100143632339,-934.6116358629516,-0.9990549461055782,0.04,0.0,100,0.5,0,11.456755361336729,-0.03859904654068044,2.953459529698094,0.4042566643882433,4,30,-10.422042039182168,133,11
True,False,2.5,4.0,20,2.2,2.0,-76.89028470475542,20,8,200,True,trend_state_tp,18,6,True,1.5,0.5,0.018,74.07571846042731,30.95297770785058,48,0.0025,0.0,-0.06902871402356735,6.955411052549121,7,-416.373561305627,-0.441342815442384,-138.23902085910993,-0.14771256822543644,-0.0075438335000810545,426.2104876941158,0.4481841099501337,0.013480367631731882,1667.205457439987,1.6992249834730668,0.0,-0.10283569379280266,-10.283569379280266,-0.6903862380609083,-9.925897739740687e-05,-138.23902085910996,-0.14771256822543644,0.2326780534966162,28729.77573008825,14491.156581599937,69,11,4,-0.14895385817892004,2841,14.895385817892004,15.98967346865605,-236.1283038416984,-0.2562284595747172,-0.011055299727242708,False,1.0236252425769856,0.5043950470669206,2,0.9559080457912758,-3.9386596455964686,-1.6409948968704866,4360.818731344561,17,-0.1423861914848823,-14.23861914848823,21804.391821507685,103,0.19922630560928434,1.3945841392649903,0.08088363116222969,0.0,0.3300970873786408,34,-0.02223093637683904,-752.8647137845594,-0.7527602163299747,2.0,0.025,528,True,False,False,True,0.0,-0.039638782626720166,3.9474391203546304,7,-443.7562018005267,-0.4401134768725012,-34.67791642379379,-0.033352671010902606,-0.002237209333012531,583.9282712190707,0.5817490354139538,0.01850458560927204,2309.032890088064,2.2912106947331665,0.0,-0.025368579089302234,-2.5368579089302234,-0.32568126164748096,-8.914418675627285e-05,-34.67791642379376,-0.033352671010902606,0.23332259104092815,27512.88451163265,23941.059119981903,62,8,4,-0.07789388606815614,2584,7.789388606815614,7.982284827408007,-151.38971761772936,-0.15076738330565817,-0.0060167798056917415,False,1.315876305164413,0.8701762663184025,5,0.4585501599606284,-0.7535076792927822,-0.3521819269752576,5431.796546697992,17,-0.035718253916507965,-3.5718253916507967,10863.64398785656,103,0.19922630560928434,1.3945841392649903,0.04604858863884461,0.0,0.39805825242718446,41,-0.01802169042067925,-805.0145602193896,-0.7813112123300767,0.2,0.002,150,0.5,0,3.6034497343932723,-0.0950282699829618,0.8064579188634876,0.3893366437484085,2,31,-15.328263836626103,148,11
True,False,1.0,12.0,40,1.5,0.75,-85.76528727722452,40,14,300,True,trend_state_tp,96,4,True,0.6,0.5,0.0,74.07007235753838,36.25106328960628,3,0.0,0.0,-0.10144437924228689,11.284041287828488,4,-645.1413563229175,-0.7017450210598253,-174.71324073618243,-0.19232246068130632,-0.005242017321749635,491.72658967835895,0.5293594998549289,0.023576468705622355,2602.090048376903,2.6568913072823324,0.0,-0.14786121027119603,-14.786121027119602,-0.6708241225398981,-0.00015624970999367406,-174.71324073618246,-0.19232246068130632,0.15501127940702547,43869.61222995841,23602.876304561225,68,8,5,-0.22041725290283043,2663,22.041725290283043,24.65555370512886,-318.472585211014,-0.3686508966767635,-0.009161948943082402,False,0.7621997642207133,0.5380233629793267,1,0.9194713961130594,-3.7850080399870785,-1.9571186911869924,8496.24849792036,17,-0.20266735925397078,-20.26673592539708,42482.0102776726,116,0.22437137330754353,1.5705996131528046,0.1200423927557816,0.0,0.41379310344827586,48,-0.04410098396824458,-1019.019125778814,-0.9990912083728556,1.5,0.01,690,True,True,True,True,0.0,-0.04125460947697993,4.363257131216861,4,-723.1923069361696,-0.6965023169539777,-4.728170423386678,-0.00018529209748816634,-0.00037605033754135945,713.7359660893964,0.6961317327590014,0.06205533322221002,4207.56247099706,4.167968985192937,0.0,-0.0038110256315214697,-0.38110256315214697,-0.0450012840511831,-0.00013037974406035054,-4.7281704233866435,-0.00018529209748816634,0.15372220431840156,41221.96149536167,40682.95006709559,57,5,7,-0.08468704197833386,2213,8.468704197833386,8.578032628040098,27.958462847227914,0.028021102960789634,0.0007889816838355833,False,0.9869241683628586,0.9869241683628585,3,0.0636474501499255,-0.00287986827142028,-0.0016176079905211827,12424.822466449536,17,-0.005390114282660652,-0.5390114282660652,24849.791875310777,114,0.2205029013539652,1.5435203094777563,0.04674284685507783,0.0,0.5,57,-0.032772749715483274,-1085.684920025904,-0.9991843797789729,0.08,0.0005,30,1.25,0,6.81038432894883,-0.19766170837417327,1.0063334522892915,0.4508597883597884,3,32,-18.88857785757444,122,11
True,True,2.0,2.2,14,2.5,0.75,-123.24912916985186,8,10,300,True,trend_state_tp,24,4,False,1.0,0.5,0.0,65.56378244678595,24.45801349991266,48,0.0,0.0,-0.1295906940681936,16.402126049918053,4,-446.52116177816447,-0.5132723021972772,-182.71862827372112,-0.21119918174459862,-0.009987020710174137,151.15645319284,0.17111211132832269,0.0,415.1999531520259,0.5051249888736808,0.0,-0.19543909280428395,-19.543909280428394,-0.7080642783221728,-0.0001368500871559557,-182.71862827372115,-0.21119918174459862,0.19046084434418306,36168.21410403133,9674.013004341756,81,9,6,-0.27601885702721213,2838,27.601885702721212,32.14415499893574,-173.38671382047093,-0.17818552952162808,-0.008011116515626596,False,0.3385202452463738,0.2674727863675051,0,0.9598692417263917,-7.692697660000012,-2.5306914550191557,6087.9704705197,17,-0.2649420109968954,-26.49420109968954,30440.10319941241,145,0.2804642166344294,1.9632495164410058,0.15449312405460264,0.0,0.4413793103448276,64,-0.034980508917657915,-1005.414323594587,-1.000976425625594,1.5,0.006,520,True,False,True,False,0.0,-0.08763322841797361,10.886946103872544,4,-463.23726558270573,-0.49614277593549194,-112.61662975091511,-0.121839669599227,-0.005609252993654514,223.78965597958685,0.2372889864801623,0.009300602238242917,587.5557691175298,0.6330206082960357,0.0,-0.11834378545737989,-11.834378545737989,-0.6242119870356452,-0.00011633466674841452,-112.61662975091501,-0.121839669599227,0.19046084434418306,32889.84585637211,16560.434542489427,71,5,6,-0.18958909459491358,2619,18.95890945949136,20.87607336120257,15.87293446104852,0.015449328054226918,0.0011306155318154569,False,0.48309942357094704,0.503512075271128,4,0.8613054115149935,-4.354458504822442,-1.3377252674543794,7675.144565936783,17,-0.16329411313882708,-16.32941131388271,15350.315916070263,145,0.2804642166344294,1.9632495164410058,0.10431879760935837,0.0,0.5103448275862069,74,-0.031566507996059534,-1025.3717005653539,-1.0009744768465503,0.2,0.003,150,1.25,0,4.772253476104753,-0.09246018742761103,0.7687485637271071,0.5262288915272795,2,33,-20.426254077529556,261,11
True,False,5.0,2.2,40,1.5,2.0,-125.14194012677517,40,14,200,True,trend_state_tp,18,4,True,1.0,0.25,0.018,74.6368057632667,24.91124211147572,24,0.0005,0.0,-0.07217940943896516,7.4052572825336815,4,-212.56085163534811,-0.22661345346140324,-107.40485420673724,-0.11522390180049566,-0.009481246067979971,183.32055044883384,0.19273544690907243,0.0,979.1616000650482,0.9959237154743573,0.0,-0.09921144079042443,-9.921144079042444,-0.6962527679354705,-6.943176214267228e-05,-107.40485420673727,-0.11522390180049566,0.18788269416693523,19980.720053722715,6232.898715260352,94,19,3,-0.14249342388197078,2922,14.249342388197078,15.334494096368802,-154.99091811685565,-0.1673734992489752,-0.012680373211209347,False,0.862437975000794,0.3119456505322023,0,0.9648039161336948,-7.237570321758324,-3.6127429701192812,3199.8638541628716,17,-0.13747821338462396,-13.747821338462396,15999.455558266023,128,0.24758220502901354,1.7330754352030948,0.08269698020976228,0.0,0.265625,34,-0.018905826235930623,-377.0508364888989,-0.394307313227759,1.5,0.08,673,True,False,False,True,0.0,-0.03488561051671504,3.4692331372659813,4,-181.7742158136573,-0.18526741878769065,-42.22407571413443,-0.04307540255959216,-0.0037901661946808394,253.89451425314576,0.2586491196805193,0.005735028643782503,1238.573866302536,1.2415393553174412,0.0,-0.03849312741949651,-3.849312741949651,-0.5808920045924113,-5.2656861922669534e-05,-42.22407571413444,-0.04307540255959216,0.1885272317112472,15814.356775788185,10409.67508437898,87,9,3,-0.06626554869954802,2706,6.626554869954802,6.830269227829628,-94.58038058027674,-0.09455009521696925,-0.006732552510166587,False,1.3967575825683733,0.6582420791414175,2,0.8156095886135902,-2.6374603938169283,-1.325641627658263,3657.4941211923647,17,-0.054046816914092195,-5.40468169140922,7315.010513676519,128,0.24758220502901354,1.7330754352030948,0.040191182191442736,0.0,0.3203125,41,-0.011860767538602102,-369.0601896913905,-0.3724569056894211,0.12,0.0005,75,0.5,0,1.783486600552853,-0.06117121609539808,0.6306196530641004,0.3248595501455913,2,34,-20.637510940688728,159,11
True,True,5.0,2.2,40,1.8,1.0,-137.2713302911604,30,8,300,True,trend_state_tp,18,6,True,1.2,0.33,0.018,69.57639816769537,43.284167873265346,36,0.01,0.0,-0.11388363069770337,13.251573698972916,6,-315.82927546505226,-0.35417291105830656,-159.68910561808664,-0.17942332934655686,-0.015480717341424444,100.5445107935227,0.11182597350635924,0.0,277.7210701318158,0.3330028429572324,0.0,-0.15884621229286,-15.884621229286001,-0.7210160290623038,-9.867157469667648e-05,-159.68910561808664,-0.17942332934655686,0.2955204640670319,26845.488414529456,5127.770050469658,85,15,5,-0.22030885013671994,2841,22.030885013671995,24.8028830281632,-122.84545206809116,-0.1492540679543657,-0.01318811317382677,False,0.31835082623506933,0.1910104957410415,0,0.985785108069065,-8.410886497718785,-2.5150362110225086,2887.186931709094,17,-0.21717718364059793,-21.71771836405979,14435.824790879276,136,0.26305609284332687,1.841392649903288,0.1360325991067445,0.0,0.375,51,-0.03384033291072075,-937.5812951877081,-0.999060298939311,2.0,0.04,119,True,False,False,False,0.0,-0.07845730149071149,9.03848257118725,6,-304.38660585705304,-0.32646001972222005,-107.85234143103713,-0.11609655674746504,-0.009871224714604917,126.72081288388513,0.1349824151901458,0.003884205855016809,357.4618755453448,0.38447866670116176,0.0,-0.10601081050666128,-10.601081050666128,-0.6805071567725094,-7.946724164290896e-05,-107.85234143103713,-0.11609655674746504,0.2922977763454721,22524.608833421924,7856.690398800875,74,12,6,-0.15578206555452911,2502,15.578206555452912,16.870598337984745,-46.82637682761772,-0.049540934565135586,-0.004362646085901231,False,0.4163153386039468,0.34880474315465804,1,0.941566564957814,-5.8007129470566525,-1.63014055482258,3278.831956511621,17,-0.14667918434621097,-14.667918434621097,6557.644587255679,136,0.26305609284332687,1.841392649903288,0.09614789527022219,0.0,0.45588235294117646,62,-0.03268422324922615,-901.4723185644198,-0.9990352915251705,0.2,0.002,10,0.5,0,3.7157283018323346,-0.07435114416423319,0.6055143293948952,0.5030263618182279,1,35,-24.17283091742343,285,11
True,False,5.0,12.0,55,1.5,1.5,-65.51290446517588,40,20,100,True,trend_state_tp,48,3,True,2.0,0.5,0.012,70.3249768624528,22.632559474904923,24,0.0025,0.0,-0.04368810238468309,4.7277368430733135,3,-199.2255160084404,-0.20822126238448987,-83.99710039686971,-0.08860194834534665,-0.007781610626963801,287.70746609206793,0.29726680661963145,0.003139029198374388,978.1101695633562,0.9959237154743573,0.0,-0.07905734793959873,-7.905734793959873,-0.6925561456256659,-6.780242995261797e-05,-83.99710039686971,-0.08860194834534665,0.14179825974863036,19922.551600844043,8918.931448854108,100,10,2,-0.11415298014311476,2665,11.415298014311476,12.087189732345074,-156.17728090752303,-0.16273917506557442,-0.012926476726811615,False,1.4441296067712477,0.4476801780990868,3,0.9639363018113609,-5.1025350356476125,-2.871429145324932,3161.227872971339,17,-0.11003620151989976,-11.003620151989976,15806.338463511122,131,0.25338491295938104,1.7736943907156673,0.05426333003524561,0.0,0.2366412213740458,31,-0.02530869849850237,-387.80403832460826,-0.3943073132277589,1.5,0.01,663,True,False,True,True,0.0,-0.02215343945593209,2.358266897668848,3,-169.66465613865225,-0.16908214918578837,-18.893442522012183,-0.01870744732536852,-0.002042782880819476,312.06775809988073,0.31138336163652874,0.014039518694598518,1237.651120987923,1.2415393553174414,0.0,-0.017549863837588386,-1.7549863837588386,-0.32846617007565715,-4.971379753910815e-05,-18.89344252201215,-0.01870744732536852,0.14276506606509828,15269.8190524787,12794.778082095107,90,7,4,-0.053429745393706894,2244,5.342974539370689,5.463024348544819,-87.75102904118441,-0.08786311639246679,-0.006980137104910622,False,1.8393209593685484,0.8379128814901163,5,0.4632327839381943,-1.025387888466695,-0.6203846205420885,3590.670328923747,17,-0.024750409703835758,-2.4750409703835756,7181.373845860305,131,0.25338491295938104,1.7736943907156673,0.0266782778154947,0.0,0.31297709923664124,41,-0.01163298874662888,-378.59433923477746,-0.3724569056894211,0.12,0.001,150,1.0,0,2.8599978978392846,-0.07239636689221601,0.6348483719598955,0.2940598323503462,2,36,-24.56245788110597,186,11
True,True,3.0,2.2,40,1.8,2.0,-175.71570896489754,12,30,50,True,trend_state_tp,24,3,True,1.5,0.33,0.005,64.10939889636846,35.867579703403166,18,0.01,0.0,-0.16798884279231724,18.07929068110195,3,-281.488038689497,-0.3333523166950954,-160.94334924238024,-0.19057287444550913,-0.011037848402949775,216.76334435858564,0.2568027112698612,0.0,710.9548137171805,0.8124722713353753,0.0,-0.22223632428786788,-22.22363242878679,-0.7423847915485121,-0.00015375425794572574,-160.94334924238024,-0.19057287444550913,0.19046084434418306,39689.8134552191,9754.350496136352,141,13,3,-0.29935462959082665,3089,29.935462959082663,35.446554646864676,-193.68396382396162,-0.23239829057412714,-0.01270182905205732,False,0.7700623634586915,0.24576458408256094,0,1.0,-9.83959778563252,-4.485842163745739,5706.276301407739,17,-0.29935462959082665,-29.935462959082663,28531.489064598536,186,0.3597678916827853,2.518375241779497,0.1854978991305949,0.0,0.24193548387096775,45,-0.03915435459718408,-641.098918520331,-0.6530054309728005,2.0,0.006,113,False,False,False,True,0.0,-0.09026403099790432,9.188993747997213,3,-284.3267131792455,-0.30947461676387505,-87.08552261455208,-0.09428377870376765,-0.005218951764246041,288.90549689939473,0.31592375634831205,0.006703553802329676,979.9598237174133,1.0744654735514447,0.0,-0.1173650499827904,-11.73650499827904,-0.7245692205045755,-0.00012427881252532192,-87.08552261455206,-0.09428377870376765,0.19046084434418306,34687.859007867955,18489.95180156125,122,9,5,-0.16197907206306628,3089,16.197907206306628,17.53678283890078,-124.05819300556269,-0.13279882463593912,-0.006703273600041739,False,1.016103951925413,0.5330381387149702,5,1.0,-4.7317567678112695,-2.1393706127088,7041.824415691652,17,-0.16197907206306628,-16.197907206306628,14083.668541726325,186,0.3597678916827853,2.518375241779497,0.09895342246973717,0.0,0.34408602150537637,64,-0.03331979758238046,-658.6799031217456,-0.6672086270163005,0.08,0.003,20,1.0,0,8.345108207622102,-0.08662584515609924,0.6893511727241828,0.36196606309517515,3,37,-25.689820438392125,300,11
True,True,5.0,8.0,55,2.0,1.25,-50.484527797086315,12,80,200,True,trend_state_tp,8,3,False,1.2,0.25,0.018,77.83825425598111,28.934310301708518,18,0.005,0.0,-0.041396897786242025,4.598785873385033,3,-174.2063393834732,-0.1811726106668886,-65.85535596502388,-0.06906751104793925,-0.006851592053319407,227.4851113385827,0.23443653913994797,0.009669796365369132,985.098621649528,0.9959237154743573,0.0,-0.07180522126944655,-7.1805221269446555,-0.6624440688422754,-6.569800648162247e-05,-65.8553559650239,-0.06906751104793925,0.1559780857234934,19336.903671565517,9326.88956488189,111,9,4,-0.1083943907822096,2708,10.839439078220959,11.435207676045408,-110.10814953533836,-0.11424660921141008,-0.010950171618871619,False,1.3058371592197293,0.4823362480000804,4,0.9234808216964138,-4.691590281586408,-2.363402787334617,3415.5150257923306,17,-0.1001001410668371,-10.010014106683709,17077.837212414746,152,0.2940038684719536,2.0580270793036752,0.05106057546068307,0.0,0.26973684210526316,41,-0.02854099266848842,-368.5202936964574,-0.38590027907944063,1.5,0.01,416,False,False,True,True,0.0,-0.014056018073925732,1.6704150913203655,3,-159.04372429032892,-0.1566796429871962,-3.3202448416855064,-0.002951100922984001,-0.001157865961357804,256.21888757272023,0.253263135850703,0.019104657210058162,1240.425502139892,1.2415393553174412,0.0,-0.0035680885947820817,-0.3568088594782082,-0.09190971129247016,-4.888199042293458e-05,-3.3202448416854793,-0.002951100922984001,0.1559780857234934,15109.153807581242,14604.476591645049,95,9,6,-0.0388216712315405,1965,3.8821671231540495,3.933065546271814,-53.66855149552913,-0.052935865597894295,-0.004991938366495382,False,1.6109965276278448,0.966597916576707,7,0.1299988382587141,-0.1845441817549082,-0.10646745720327691,3887.5841433014716,17,-0.005046772159362008,-0.5046772159362007,7775.212919082316,152,0.2940038684719536,2.0580270793036752,0.01698970448607673,0.0,0.375,57,-0.015246377870412275,-361.7301911835165,-0.3583933469056285,0.12,0.001,100,1.25,0,4.818522001257205,-0.06217714569617921,0.6448387764991321,0.3241140419394875,2,38,-26.656475043184734,282,11
True,False,2.5,1.7,20,2.0,0.5,-122.4335930883042,12,8,100,True,trend_state_tp,36,2,True,0.6,0.33,0.0,72.24186786343584,36.18071518687275,18,0.0,0.0,-0.1380556872731616,15.375029913843525,2,-383.81877825815826,-0.4446657644297668,-164.0867198928155,-0.18946664202881716,-0.008549766120733448,115.28689717169159,0.13500081359524738,0.0,552.4785689213969,0.681224548164065,0.0,-0.19231436821836845,-19.231436821836844,-0.7371250575351231,-0.00013052524087813072,-164.08671989281555,-0.18946664202881716,0.13760876571060265,34159.87126497609,8070.082802018409,89,10,4,-0.2608978846295764,3094,26.089788462957642,30.125196082581926,-226.9539725437338,-0.26624693397553556,-0.01199771593629986,False,0.30036804789720084,0.23624453205397808,0,1.0,-9.18019562513006,-5.277766000809973,6272.017074047471,17,-0.2608978846295764,-26.089788462957642,31360.373935300697,159,0.30754352030947774,2.1528046421663443,0.15464604804524887,0.0,0.44025157232704404,70,-0.04225931224071844,-587.3489825608776,-0.5960713815597367,1.5,0.01,648,True,False,False,True,0.0,-0.08424513055062727,9.055518348349828,2,-369.08275062886537,-0.40179784067988294,-100.64607242835991,-0.1091359993918836,-0.00427286539961191,115.93352021068425,0.12698889528366128,0.0038260061319681515,625.7033264323453,0.7405013009579021,0.0,-0.11591321690565792,-11.591321690565792,-0.7177394690123602,-9.465045351118665e-05,-100.64607242835993,-0.1091359993918836,0.13148565903963905,26204.875294649435,10202.14977854021,71,10,9,-0.16149762122620817,3042,16.149762122620817,17.529002446687276,32.8447617599753,0.036333135504774045,0.0019840119999998975,False,0.314112539838694,0.3893225845888038,3,0.9908954320568153,-5.865871876465037,-2.4491258687323176,7804.156114900942,17,-0.16002725516109145,-16.002725516109145,15608.341868891734,159,0.30754352030947774,2.1528046421663443,0.09579262586845981,0.0,0.5534591194968553,88,-0.02785557867960764,-611.23022145777,-0.6237859027436977,0.2,0.003,150,0.0,0,5.845757394154546,-0.12118105357537622,0.6028148087830975,0.5116572191614723,2,39,-30.175855255019513,239,11
True,False,4.0,3.0,14,2.0,0.5,-58.58815027921159,20,14,200,True,trend_state_tp,24,4,True,1.0,0.67,0.025,58.8535532685163,28.58512002018472,18,0.0,0.0,-0.0919133768792502,9.9129808972138,4,-333.1209864727451,-0.3645788964023262,-119.2741187739866,-0.1305594807598532,-0.008221884499186089,106.62045978103995,0.1166441273131817,0.0016065486403751272,252.7681714011496,0.25909496528384013,0.0,-0.12643343707891408,-12.643343707891407,-0.6967125650644259,-9.021252797814064e-05,-119.2741187739866,-0.1305594807598532,0.19658395101514664,24984.073985455878,7570.052644453839,75,7,6,-0.18147144664632625,2923,18.147144664632624,19.953835620545878,-33.00590553466722,-0.033702392680147915,-0.004489909087343268,False,0.3200652739114151,0.3029951259694731,1,0.9596011748856919,-7.085861320375557,-2.357014830557285,4246.868689495827,17,-0.1741402134100208,-17.41402134100208,21234.545132290936,146,0.28239845261121854,1.97678916827853,0.10776223673614377,0.0,0.4863013698630137,71,-0.023753918204125757,-686.3127008375093,-0.7197249219922547,3.0,0.01,793,True,False,True,True,0.0,-0.05078273803727476,5.343627692605683,4,-303.0938003901967,-0.31586699631506504,-58.403100466401916,-0.060665335052613546,-0.003281290743060465,112.31134134089682,0.11738233559560846,0.006722755649435586,471.2734452093726,0.512765326433241,0.0,-0.061023484920109006,-6.102348492010901,-0.6237323438786944,-6.28382618663923e-05,-58.40310046640188,-0.060665335052613546,0.1972284885594586,18185.628023411802,9658.775355317126,60,5,14,-0.09783601174284633,2585,9.783601174284632,10.248023209075622,25.88411077471053,0.026241977857963075,0.001984011999999923,False,0.37054978094672186,0.5311213526903013,4,0.871545407074326,-3.7260498361881464,-1.0329933215632365,4945.481729210786,17,-0.08526852668094755,-8.526852668094755,9890.988696892664,146,0.28239845261121854,1.97678916827853,0.060808521314964385,0.0,0.589041095890411,86,-0.0209290820666177,-735.6080036355244,-0.7406488845906141,0.12,0.0005,10,1.0,0,2.8376809733215866,-0.06963003423884247,1.385552759445907,0.6200082955764774,1,40,-30.62310224431191,195,11
True,False,4.0,2.2,30,2.2,0.75,-87.79712507313981,55,20,200,True,trend_state_tp,24,2,True,0.8,0.5,0.0,73.79103272108945,41.271417690647915,24,0.005,0.0,-0.09812801856844332,10.176984156616998,2,-289.0498470116763,-0.3189779009176386,-144.84688452845194,-0.15994212360823862,-0.010345814244642664,82.99379619504253,0.09133440454061337,0.0,191.25444049687243,0.2054740839129725,0.0,-0.135954795866158,-13.595479586615799,-0.7209056672102115,-8.256636360581087e-05,-144.84688452845194,-0.15994212360823862,0.10892684498872059,22834.937913922426,4149.689809752126,79,8,4,-0.1885888848568511,3071,18.85888848568511,20.84641776224259,-144.77998621930195,-0.14759614557649547,-0.011867559489711655,False,0.2871262415568411,0.18172546933977285,0,0.9907926502854814,-9.026920938166624,-3.399819068677783,3761.4086220293443,17,-0.186852481041703,-18.6852481041703,18807.1401926643,129,0.2495164410058027,1.746615087040619,0.11153629303434734,0.0,0.3875968992248062,50,-0.02947818557920434,-504.76397507992385,-0.5323222724132262,2.0,0.04,236,True,False,True,True,0.0,-0.0574632866651853,5.626141864505381,2,-267.36924167084044,-0.2812650548998683,-80.32402838714853,-0.08444663840643987,-0.004987706411284112,112.65912817539069,0.11861998178519263,0.003941980349553953,272.25827120263665,0.28051095034088946,0.0,-0.0737842193913203,-7.378421939132029,-0.6913577470705928,-6.01586988104357e-05,-80.32402838714856,-0.08444663840643987,0.1102159200773445,17379.00070860462,7097.525075049614,65,5,4,-0.10672364590395828,3071,10.672364590395828,11.246282288850434,-38.51177440183808,-0.03859270221658206,-0.0022682141282297863,False,0.42136158771054855,0.40839661578099345,1,0.9633737253323755,-5.345316615296174,-1.746450872756401,4352.74643424278,17,-0.10281475633554961,-10.281475633554962,8705.503975584703,128,0.24758220502901354,1.7330754352030948,0.06549474160382689,0.0,0.4921875,63,-0.02237565025078514,-515.0718221986228,-0.5390467496916526,0.2,0.003,75,0.5,0,3.1202078117861234,-0.10398069110897167,0.5114901368109335,0.45883316790757805,2,41,-31.13436290265962,156,11
True,True,4.0,3.0,20,1.8,0.75,-134.00716816048546,55,14,100,True,trend_state_tp,72,3,True,1.2,0.25,0.012,63.63960741569653,26.728684292241173,48,0.01,0.0,-0.11229735637588135,13.17068040986836,3,-267.53402011175734,-0.30326468712038546,-145.5765225761441,-0.16515135046593668,-0.011658525426167918,197.06597050010276,0.22288135727751493,0.0042359660295523405,497.5009670167145,0.5714265124123709,0.0,-0.17083437251285816,-17.083437251285815,-0.7245819441315868,-0.00011694520614446257,-145.57652257614407,-0.16515135046593668,0.1604898485336771,31569.014373187372,8276.770761004316,118,11,3,-0.23576956877886815,3048,23.576956877886815,26.796765052021104,-167.04113969407666,-0.20343876613637485,-0.014621699348567122,False,0.7366015373214297,0.26218020819915294,1,0.9879240876089963,-8.639445349456842,-3.413857586464777,4298.377801311703,17,-0.2329224361218298,-23.29224361218298,21491.951458699474,160,0.30947775628626695,2.166344294003869,0.13204294194228397,0.0,0.2625,42,-0.035364802446195,-869.9547013854407,-0.9270526960952034,4.0,0.04,744,False,False,False,True,0.0,-0.06096886711752361,7.055798057687527,3,-256.3289011622195,-0.27184623164147226,-78.85199807727145,-0.08369574809729723,-0.0057280718315872664,269.5285894598488,0.2856366825634907,0.01425391354061012,617.271003349714,0.6559774054289962,0.0,-0.09087893892689192,-9.087893892689191,-0.6813314932312031,-9.453969998030192e-05,-78.85199807727145,-0.08369574809729723,0.1604898485336771,27170.863523195272,14554.543830831833,106,7,4,-0.13338432147896184,2574,13.338432147896185,14.23458337093376,-108.60951274344654,-0.11418031589259021,-0.008658136353003002,False,1.0514951230149259,0.5356673268189244,3,0.945862268703999,-4.301877380861962,-1.6378619270127497,5089.882118582978,17,-0.1261631969236344,-12.61631969236344,10179.774850515058,160,0.30947775628626695,2.166344294003869,0.07370522672170557,0.0,0.3375,54,-0.024436315493137184,-951.3522582899145,-0.9685539359097958,0.2,0.0005,20,1.25,0,5.327152201564161,-0.07917317773921856,0.7112779309791002,0.3330585901553644,2,42,-31.886457358413026,288,11
True,True,1.0,12.0,40,2.5,1.25,-161.07299730643015,55,14,100,True,trend_state_tp,8,4,True,1.2,0.33,0.0025,68.84367328137246,30.971785432515684,6,0.0,0.0,-0.17295800244922227,20.064932229258805,5,-664.1035140141554,-0.7783700043061563,-188.03770964676787,-0.231331062434266,-0.007019527150469483,508.20852924053645,0.5687133900533734,0.014043914488735876,2550.426373151134,2.6062656668231265,0.0,-0.27884836043858885,-27.884836043858886,-0.7154185708507633,-0.0003013543696354079,-188.03770964676784,-0.231331062434266,0.3267805349661618,77700.11113965619,40656.68233924293,117,6,5,-0.3897695304540211,2706,38.976953045402105,48.86764871770601,-408.10192592895885,-0.4471614964745759,-0.013102113079630565,False,0.7652549919043252,0.5232512765157781,2,0.9503931402042481,-5.383795872296151,-4.264488655475059,12903.788697160664,17,-0.3704342880041324,-37.04342880041324,64519.95299362494,197,0.38104448742746616,2.667311411992263,0.20425935140151022,0.0,0.40609137055837563,80,-0.07552523577486858,-1021.2127094217277,-1.0009557022982043,2.5,0.04,77,True,False,False,True,0.0,-0.04692129715362368,5.2597633789629565,5,-791.4688028370541,-0.7479331187921974,-20.51600363367596,-0.0149861609780693,-0.001514873315913052,896.0612131970071,0.8564063333120606,0.0622216216173026,4285.8796461468255,4.022095958477278,0.0,-0.028725843174221555,-2.8725843174221555,-0.19141981212706033,-0.00026570001231993745,-20.516003633675894,-0.0149861609780693,0.3367708669029971,84687.16190356477,80645.50918773063,107,6,6,-0.15006724149929665,1347,15.006724149929665,15.979974070067374,-232.27586410885095,-0.23436299653527606,-0.00430217372362858,False,1.1321497574952253,0.9522754969586007,6,0.26932278327066606,-0.267607649106593,-0.24330569961305187,21071.98903178748,17,-0.04041652715834178,-4.041652715834178,42144.214761779265,197,0.38104448742746616,2.667311411992263,0.059935453131036175,0.0,0.45685279187817257,90,-0.055381466116492195,-1123.1518297464997,-1.0009485977901291,0.12,0.002,20,0.0,0,14.747551250321106,-0.0900021875997453,0.8355149407151958,0.44107814828671194,2,43,-32.91739686733851,371,11
True,False,3.0,12.0,40,2.5,1.25,-94.37056397087653,16,10,50,True,trend_state_tp,72,2,False,1.2,0.67,0.0025,76.19897867243006,43.665063739597635,12,0.0025,0.0,-0.07353712271529332,7.710102404075415,2,-257.17989274285554,-0.2787461413401661,-133.80941924746676,-0.1458789324095973,-0.0077292632887258576,206.39400766405993,0.22051246191409257,0.006072167643414561,768.6058351698365,0.7901166298871495,0.0,-0.12030222812420455,-12.030222812420455,-0.7250455644470881,-8.26520002018738e-05,-133.80941924746674,-0.1458789324095973,0.08475668707702223,23403.370239599863,6811.002252913976,91,9,3,-0.16592367986685874,3094,16.592367986685876,18.088987618790068,-191.16152647751022,-0.20860297874035333,-0.009935222901679482,False,0.8025277772023395,0.2910265565678812,1,1.0,-7.723330423805813,-3.7300499708492163,4512.31506330774,17,-0.16592367986685874,-16.592367986685876,22561.837361149395,124,0.23984526112185686,1.678916827852998,0.08518113694716163,0.0,0.2661290322580645,33,-0.027413513753209218,-406.65768065295185,-0.4386604623532544,1.0,0.006,21,True,False,True,True,0.0,-0.024141908919604025,2.4828227809177315,2,-233.9910585130477,-0.2381618388966309,-51.07216081052581,-0.05230775460038567,-0.002581437318769808,270.0521262672349,0.27396941560857807,0.010510571193002471,955.6382252706393,0.9616954880431547,0.0,-0.04516860978816162,-4.516860978816162,-0.6342542669641102,-6.154656615254753e-05,-51.07216081052579,-0.05230775460038567,0.08507895584917821,18485.293622530768,12152.345682025569,79,6,4,-0.07121530297992858,2592,7.121530297992858,7.345473616184563,-90.667949403991,-0.09576004843319158,-0.003970881571686521,False,1.1541130160414927,0.6574061483780654,4,0.8892678505194389,-2.701581600079387,-1.2277933955556155,5456.0387843040635,17,-0.06332947940505168,-6.332947940505168,10912.11770944235,124,0.23984526112185686,1.678916827852998,0.03017967989236584,0.0,0.3629032258064516,45,-0.014661258384533804,-408.8061987280711,-0.4116873097357977,0.2,0.0,20,1.25,0,3.253471191450415,-0.07971641813260931,0.5671225803306585,0.3176457759147762,2,44,-36.55602210540799,198,11
True,False,3.0,6.0,40,1.8,1.25,-92.74824552471468,40,30,400,True,trend_state_tp,72,1,True,2.0,0.25,0.012,69.07108009399316,24.847075422570224,36,0.0005,0.0,-0.10367426089990553,9.943784580050547,5,-414.0526930078655,-0.4499542861263801,-171.2825271506905,-0.18677135266580902,-0.010375222686889889,242.0828903899049,0.2613509394427311,0.0017587089907700193,1046.10291674143,1.0904582392509514,0.0,-0.12429899862433369,-12.42989986243337,-0.6946433076033329,-9.248652537018587e-05,-171.28252715069044,-0.18677135266580902,0.161778923622301,26085.319659495523,8957.066944426482,63,9,5,-0.17893931642873184,3038,17.893931642873184,19.61033059446811,-259.12662326307776,-0.27461991648483575,-0.0163749240838415,False,0.58466686602448,0.3433757784588218,1,0.9572101345257438,-5.565395732963991,-2.1738942170583413,3566.677231010268,17,-0.17128252715069103,-17.128252715069102,17833.49295298786,100,0.19342359767891681,1.3539651837524178,0.11536279102009409,0.0,0.37,37,-0.027593732397590665,-943.1986195285995,-0.9990523971185402,4.0,0.015,391,True,False,True,True,0.0,-0.04170447373107125,3.6197356470437403,6,-392.5720246048591,-0.3962642444339538,-41.1423945361977,-0.04048058367504245,-0.0024019534819285184,444.16518984433475,0.45083970975393034,0.018481726379121044,1334.220792571564,1.3690192291508778,0.0,-0.029244958989897762,-2.9244958989897762,-0.42892936089474465,-7.510890907571661e-05,-41.14239453619771,-0.04048058367504245,0.21882049629390912,22769.177427081835,18654.937973462067,58,9,6,-0.06818129430191702,3038,6.818129430191703,6.999870526409989,-186.97216524660644,-0.18518214792660254,-0.00901290548706585,False,1.1314234382630968,0.8193066277077599,5,0.603426423001197,-1.0194770847843742,-0.45597201800541487,4393.140937897302,17,-0.04114239453619768,-4.114239453619768,8786.318136673099,100,0.19342359767891681,1.3539651837524178,0.0464883825120488,0.0,0.42,42,-0.025754658995467583,-1003.0827574497575,-0.9990617863697547,1.0,0.003,20,0.0,0,6.211353719472099,-0.06177765373727897,0.9266825081172744,0.35665300628008195,3,45,-39.05520835841158,138,11
True,False,3.0,8.0,80,1.8,1.0,-92.19200712514998,40,20,50,True,trend_state_tp,120,2,True,1.5,0.67,0.005,69.71292842652115,34.34499812802955,24,0.001,0.0,-0.09168700028546335,9.672822705520176,2,-306.8330342172711,-0.33910868219203016,-155.647888772382,-0.1725873848145365,-0.009594017997607302,181.6112818354477,0.19888320164294923,0.002725958032477882,579.7847715370951,0.5983601221792144,0.0,-0.14292086597209952,-14.292086597209952,-0.7287555237828738,-9.631882256188897e-05,-155.64788877238198,-0.1725873848145365,0.09313567515307766,26694.473976902595,7082.83999158246,87,6,4,-0.19611633985320093,3092,19.611633985320093,21.746010486631608,-181.24083588983382,-0.21164622254512044,-0.011978504698052667,False,0.5918895998233592,0.26532982061047133,1,1.0,-7.450190896257769,-2.4344341322563112,4285.375334163721,17,-0.19611633985320093,-19.611633985320093,21427.029190081867,126,0.2437137330754352,1.7059961315280465,0.10578482003037408,0.0,0.30952380952380953,39,-0.04262225845838463,-953.9701648607303,-0.9990486784197132,2.0,0.04,488,True,False,True,False,0.0,-0.037065772132936485,3.9016771905952417,2,-274.5946296916456,-0.28162674776732277,-58.436374465264024,-0.06010568720582773,-0.003340116360176341,220.60428228151935,0.2258578637008295,0.011293980831672545,829.6242746979024,0.8384957859217224,0.0,-0.05259872038596314,-5.259872038596313,-0.6207034882259621,-6.562356117978331e-05,-58.436374465264066,-0.06010568720582773,0.09893651305188528,19496.218708106833,12133.235525483567,71,5,4,-0.08474049426771547,2575,8.474049426771547,8.79850816162598,-67.43865526689727,-0.07045674091115592,-0.003693568431239241,False,0.8033816339716681,0.6223378854710108,4,0.8688860321444267,-2.7362939852108252,-0.8610009098660314,5196.681869922538,17,-0.07362983182623284,-7.362983182623283,10393.396648226404,126,0.2437137330754352,1.7059961315280465,0.04382155503145252,0.0,0.4365079365079365,55,-0.0227665213120255,-998.7938788947336,-0.9990566522849077,0.2,0.0,50,1.25,0,4.032353376393502,-0.09383970921055938,0.604078638687622,0.3617221682061254,1,46,-41.05882420954078,195,11
True,True,3.0,3.0,14,1.8,2.0,-111.74077261567516,12,50,300,True,trend_state_tp,24,3,True,0.8,0.25,0.0,65.49263285447545,27.429400006466327,18,0.001,0.0,-0.08928444031919638,9.932761433843945,3,-279.277474571064,-0.30651009972063165,-118.49074247021473,-0.13045586606350376,-0.00804446095733861,311.520285241359,0.3403868518567217,0.007161203356667922,1416.2529388597925,1.4487791174069558,0.0,-0.13622723702630046,-13.622723702630047,-0.7172414824219611,-0.00011522936079722992,-118.49074247021468,-0.13045586606350376,0.15630035449564939,32116.90957567237,13395.372265378435,115,12,4,-0.18993217816444766,2664,18.993217816444766,20.970239721837235,-191.09337305295043,-0.22039246773134008,-0.011912529846916035,False,1.1154508100584053,0.4170816072392296,3,0.9856959200501761,-5.966807602044966,-3.3012708832025606,5268.387737283062,17,-0.1872153731029392,-18.72153731029392,26342.260914198538,158,0.3056092843326886,2.13926499032882,0.1058043614480118,0.0,0.2721518987341772,43,-0.03594581135533159,-517.8282664795369,-0.5271538972924983,1.5,0.025,536,True,True,False,True,0.0,-0.04144537107928585,4.657527729322374,3,-263.83979337311877,-0.26592046057513186,-26.73938326474405,-0.026406184348690076,-0.00228823802970803,412.97410457260537,0.41778392792580193,0.02802848469415875,1912.6478844973626,1.9131858945877238,0.0,-0.029844724519835775,-2.9844724519835775,-0.3744724027334327,-8.901833599823915e-05,-26.739383264744077,-0.026406184348690076,0.1559780857234934,26911.658924058116,22713.57575149329,102,9,6,-0.07969806133105267,2531,7.969806133105267,8.198549507891824,-124.97173084724807,-0.12903649391706304,-0.005905289733574223,False,1.5652457094998662,0.844005039436202,4,0.5267484682126365,-1.0803033151906216,-0.6344635801402405,6427.590393255105,17,-0.04198083172564875,-4.198083172564875,12855.241125503593,157,0.3036750483558994,2.125725338491296,0.04753827823752487,0.0,0.3503184713375796,55,-0.01939625926731381,-540.051480941409,-0.5316571937262955,0.08,0.001,150,1.25,0,4.619588792560163,-0.08463749625167095,0.788115259634133,0.2928675539040059,1,47,-42.013605534023554,240,11
True,True,5.0,1.7,30,2.0,0.75,-118.32789306752763,40,8,80,True,trend_state_tp,18,2,True,0.6,0.25,0.0025,59.76409874220134,30.516998575326802,48,0.0025,0.0,-0.12892699278588737,14.548583166816236,2,-219.97233054098191,-0.2535499460041082,-111.50613030313475,-0.12857860978978813,-0.010995024958244478,66.77739422574041,0.07683404628662298,0.0,416.9849467716559,0.49099323947286166,0.0,-0.18889433217385854,-18.889433217385854,-0.736533231734476,-0.00012025751999531494,-111.50613030313477,-0.12857860978978813,0.19787302610377056,31456.04326736042,5809.633297639415,143,9,5,-0.25646409969720946,3089,25.646409969720946,29.573080251651266,-126.00851012966993,-0.14710312513272666,-0.012380831404898887,False,0.3035717904225207,0.18469052983747758,0,1.0,-11.99813805722733,-6.060575391441387,5054.792062962268,17,-0.25646409969720946,-25.646409969720946,25274.07737629785,230,0.4448742746615087,3.114119922630561,0.14633924705852006,0.0,0.3782608695652174,87,-0.026410935287432546,-433.99358830051307,-0.46652219280475316,2.0,0.08,770,True,True,True,True,0.0,-0.07525274585009428,8.171065149964805,2,-197.7609426671042,-0.21433650362391762,-67.13625050736452,-0.0726976151604752,-0.0063074619916823746,76.67075003546815,0.08323510608368158,0.0009461646698436521,548.9875457847485,0.5991508407791043,0.0,-0.11124473476117569,-11.124473476117569,-0.7235805757419316,-8.593511672191802e-05,-67.13625050736451,-0.0726976151604752,0.20045117628101836,23731.313120052513,8357.11175386603,120,9,7,-0.15374201366186432,3089,15.374201366186432,16.64775387174883,-30.075956242030145,-0.030224829135498663,-0.0024936489686957736,False,0.38769409672834076,0.3521554711949094,1,1.0,-7.7617175022463405,-3.2883212498686456,5807.617894984422,17,-0.15374201366186432,-15.374201366186432,11615.24398461089,229,0.44294003868471954,3.1005802707930368,0.08508378392871016,0.0,0.4759825327510917,109,-0.018039129343957683,-429.2462982240741,-0.43679626184770165,1.0,0.0,75,0.25,0,3.980015474921878,-0.06272949234244826,0.4548222193241063,0.4712256025959492,0,48,-44.399918141832536,449,11
True,False,2.0,1.3,30,2.0,0.75,-238.3451306789432,10,10,150,True,trend_state_tp,24,1,True,2.0,0.67,0.018,64.61808994945473,42.86029984915903,48,0.0,0.0,-0.19890746938875065,21.7848585599787,2,-408.2732694519627,-0.5030837243995233,-261.049392131235,-0.3224080763313016,-0.012193773181707047,140.8320027172379,0.170787611638709,0.0,436.2995524871088,0.4824854308712725,0.0,-0.2706246280851511,-27.062462808515107,-0.7512172365514199,-0.000165779628594949,-261.049392131235,-0.3224080763313016,0.10377054463422494,41235.60021464821,5210.784100537805,101,14,3,-0.3602481611411044,3100,36.02481611411044,44.49231453371962,-278.94039589778015,-0.35467061697401137,-0.013894521753046188,False,0.3449454403573393,0.1263661514180353,0,1.0,-10.616885494022199,-4.00791650235602,5950.331089808725,17,-0.3602481611411044,-36.02481611411044,29751.64737810214,138,0.26692456479690524,1.8684719535783367,0.2210210396130966,0.0,0.26811594202898553,37,-0.06235246408717088,-946.382931283369,-0.9990925819563071,2.5,0.006,720,True,True,True,True,0.0,-0.12909152724677614,13.236544111057459,2,-418.98558709418876,-0.4754445293895413,-171.86568205341493,-0.1949700026090877,-0.006317556941974633,249.6918030161406,0.2834865430752155,0.0016184867720030471,611.8992259397066,0.6472244399524483,0.0,-0.17408427192278797,-17.408427192278797,-0.733991926865591,-0.0001355741529232713,-171.8656820534149,-0.1949700026090877,0.10151466322913309,36451.74607719442,12734.28195382317,87,7,4,-0.2371746412337126,3100,23.71746412337126,26.905860360054103,-192.25110892583206,-0.2240007481131867,-0.007507139041172049,False,0.5959436570308787,0.34934628170775656,2,1.0,-6.5399064021100966,-2.2575719755235952,7771.569599761479,17,-0.2371746412337126,-23.71746412337126,15543.137588495227,138,0.26692456479690524,1.8684719535783367,0.1444547955523441,0.0,0.3695652173913043,51,-0.05138528973767553,-967.97184794937,-0.9991273695758537,0.2,0.003,20,0.25,1,7.467888979248484,-0.17977286877124377,0.5924268648552995,0.3798875820986208,1,49,-44.771538937531815,183,11
True,False,1.0,1.7,30,2.0,2.0,-379.60308432023305,16,20,50,True,trend_state_tp,12,2,True,2.0,0.67,0.012,65.86973794457194,32.676800564640146,24,0.005,0.0,-0.30334669958574906,38.36741145293422,3,-494.8984618041486,-0.7032270549031213,-355.2625499293752,-0.5049593949115837,-0.012721982656975639,227.3562547895065,0.32229532436345254,0.0,549.9130721513995,0.6202262201028889,0.0,-0.41595159596898956,-41.59515959689896,-0.780552478820108,-0.0002768970831216325,-355.26254992937527,-0.5049593949115837,0.1453432162423461,59882.71387830197,6593.331388895688,121,15,3,-0.5328938248940631,3089,53.289382489406314,75.74390923673758,-417.30968265849793,-0.598361053287684,-0.015163046542808816,False,0.45939980084133014,0.11010408449916179,0,1.0,-12.382940720804381,-6.207551309352035,8460.08633935054,17,-0.5328938248940631,-53.289382489406314,42300.36847356032,150,0.2901353965183752,2.0309477756286265,0.3355883334347636,0.0,0.19333333333333333,29,-0.09196165072472273,-999.079166271547,-0.9991187529440843,3.0,0.01,623,False,False,False,True,0.0,-0.22647422396315858,26.584313656450387,3,-540.3769170274611,-0.6911080179769709,-270.1100627770626,-0.34355736783114116,-0.006774412366342799,473.12378641153344,0.6122069200698899,0.0025659849459731543,945.9622109904151,1.0262166578533019,0.0,-0.3071875702513184,-30.718757025131836,-0.7581787638541443,-0.00024827525139603816,-270.1100627770626,-0.34355736783114116,0.1453432162423461,59441.46087302071,18924.951456461335,110,10,4,-0.4051650941655945,3089,40.51650941655945,51.53360517467119,-390.24237050893726,-0.4898975204350115,-0.00923016685420303,False,0.875544035104464,0.318379649128896,1,1.0,-7.966757885552083,-3.9671503106361845,12501.281938162063,17,-0.4051650941655945,-40.51650941655945,25002.551825621544,150,0.2901353965183752,2.0309477756286265,0.2521848171853657,0.0,0.26666666666666666,40,-0.07866089895026374,-999.103171648307,-0.999183269473269,0.08,0.001,10,0.5,0,12.349537362640511,-0.20668092637286636,1.140488675844586,0.3677312392198466,3,50,-45.10769494468644,156,11
True,False,4.0,6.0,80,1.8,1.5,-188.40793362262596,40,8,100,True,trend_state_tp,8,1,True,1.5,0.33,0.0,73.55764841282226,28.24229718912103,3,0.0,0.0,-0.13818475896135363,15.473899489119312,2,-268.6189989098285,-0.3114239107672428,-153.6380358660504,-0.17961101572512397,-0.011492863725351502,196.41511828945187,0.22168602029199333,0.006183647852711305,698.4193561849638,0.7381444698619147,0.0,-0.20682379956673125,-20.682379956673124,-0.7277191718873341,-0.0001395651808148917,-153.6380358660504,-0.17961101572512397,0.17531421205285208,36800.80285064651,8838.680323025334,137,16,3,-0.28420825993952487,3043,28.420825993952487,33.33133803841318,-195.50996920739573,-0.22628493249994205,-0.01440645628140514,False,0.7312033738737355,0.2401762906884532,1,0.9838603048894906,-9.88166043131318,-4.566962301311335,5068.669503895833,17,-0.2796212252762125,-27.962122527621254,25343.40876837251,182,0.3520309477756286,2.4642166344294,0.15683853995169833,0.0,0.24725274725274726,45,-0.042852435511049,-965.7405444886299,-0.9990400466121461,2.0,0.006,632,False,True,True,True,0.0,-0.06763443346547753,7.100237612014343,3,-242.24196149435167,-0.2576982688636999,-80.7153725228408,-0.08669146395902981,-0.005281000504224262,292.264205647739,0.30817879463902653,0.012112021718349686,891.7646597159762,0.9094379098426446,0.0,-0.10617571749147081,-10.617571749147082,-0.6798947231247655,-0.0001074095180363956,-80.71537252284077,-0.08669146395902981,0.19013857557202707,30764.729109782667,16074.531310625642,127,13,3,-0.15616493830617187,3043,15.616493830617188,16.87479331264388,-132.88996783147857,-0.1376542145466984,-0.0083326812093003,False,1.206497024069687,0.5224987112112816,3,0.9406847630776056,-4.700209626435662,-2.132039341559637,6150.269796969688,17,-0.14690197799157018,-14.690197799157017,12300.554636445913,182,0.3520309477756286,2.4642166344294,0.0774932508113122,0.0,0.3021978021978022,55,-0.03074968473739459,-1000.389396138068,-0.9990452363751782,0.12,0.0005,150,0.0,0,4.398118271715911,-0.10517832820661231,0.5535344734579282,0.2995214767407281,2,51,-47.20145507096554,259,11
True,False,3.0,1.3,55,2.0,2.0,-188.76188891807794,20,8,150,True,trend_state_tp,8,4,True,0.8,0.25,0.018,63.114826547474024,41.692830412294235,12,0.001,0.0,-0.12524084811264838,13.855773614615876,4,-302.80280929322265,-0.3476703053334729,-211.21246736451175,-0.24287234723034348,-0.012487168553526459,76.19170903247735,0.08597641785189009,0.0013498307172388202,207.09609388749521,0.20867950653769485,0.0,-0.18657661825605154,-18.657661825605153,-0.7353176221061998,-0.00010295476012152976,-211.2124673645118,-0.24287234723034348,0.15791169835642926,27555.05564568326,2209.5595619418427,91,15,2,-0.25373608988403223,3069,25.373608988403223,29.18235319949568,-169.35593839078456,-0.2047429541245499,-0.01129938713827105,False,0.2516215394775159,0.08018708400931825,1,0.9988920415430614,-9.955984689533098,-2.9070499172014546,3995.4589554516538,17,-0.2534549608374147,-25.34549608374147,19977.260457841283,120,0.23210831721470018,1.6247582205029012,0.1428483062401853,0.0,0.24166666666666667,29,-0.04349744272159006,-931.5079565711604,-0.9990700777863705,4.0,0.006,757,False,False,True,True,0.0,-0.07934543462680524,8.537082509768055,4,-290.19521717153447,-0.31509163254483263,-139.4955106614426,-0.1520412853695918,-0.006727906191709665,161.90390235874102,0.17405940898088984,0.0024709073295756667,290.6630176033007,0.29172482996575577,0.0,-0.1213985364849195,-12.13985364849195,-0.7180616652462893,-8.232309145521449e-05,-139.49551066144267,-0.1520412853695918,0.15791169835642926,23215.617373722762,6476.1560943496415,80,7,4,-0.16906422158503723,3047,16.906422158503723,18.44617920364719,-91.24071314447377,-0.09813284667758812,-0.005343255504884399,False,0.5579137517729645,0.27895687588648227,2,0.9901244108561065,-6.631945748644599,-1.7349353257458704,4788.303662623513,17,-0.16739461279373122,-16.73946127937312,9576.597827007912,120,0.23210831721470018,1.6247582205029012,0.09161155205159342,0.0,0.3333333333333333,40,-0.030453910705726894,-963.636417627925,-0.9990972881063259,1.0,0.002,150,1.0,0,3.518820886378278,-0.16196548040872571,0.4951082450232988,0.3740441376805013,2,52,-47.68118252818407,164,11
True,True,2.5,1.7,14,2.0,0.5,-48.7202818829312,10,8,150,True,trend_bb_reversion,12,3,True,0.6,0.5,0.025,60.67868268190746,37.49118024526602,48,0.0005,0.0,-0.05908663436911318,6.352190084971894,3,-435.2787591465307,-0.4638906225715699,-138.6744705656316,-0.14802208365604272,-0.006351296744150725,117.21942546494803,0.12449194991813763,0.0012479527645663513,294.3786282240291,0.32554456532450227,0.0,-0.09498232429104447,-9.498232429104448,-0.7102346106091769,-6.689999145574915e-05,-138.67447056563162,-0.14802208365604272,0.0924911376087657,19152.265402447352,5978.190698712349,44,8,5,-0.1337337308999585,2944,13.37337308999585,14.292045831064122,57.94193280666053,0.05844832567969688,0.004058850556792681,False,0.2692973709417502,0.312140134500665,2,0.9850973733463025,-5.494745791489813,-1.4790077095913885,4034.1290811223807,17,-0.13174074703735036,-13.174074703735036,20170.921180000598,95,0.18375241779497098,1.2862669245647969,0.07341282954320955,0.0,0.5368421052631579,51,-0.024180822773386068,-718.6007325131392,-0.7571617061571526,2.0,0.08,422,True,False,True,True,0.0,-0.03739107859601759,4.283414792784804,3,-471.74208852929416,-0.4839419903966532,-78.8768410178032,-0.08134150650801428,-0.0026331070472925574,140.09723136565077,0.1430587632004074,0.007448873415501822,445.86670063989504,0.4701763903880254,0.0,-0.053540477512315054,-5.354047751231505,-0.6028912020835596,-5.410729257969799e-05,-78.87684101780322,-0.08134150650801428,0.0924911376087657,16039.231009996,8545.931113304696,34,4,7,-0.08880620139634156,2481,8.880620139634155,9.246027474367246,48.47858348934648,0.048216311987077605,0.0019840120000000116,False,0.29697844388322164,0.5328142669669566,4,0.8437811525400931,-3.0848128720981363,-0.7287124890034814,4874.7648712848595,17,-0.0749329989669127,-7.49329989669127,9749.558266662709,95,0.18375241779497098,1.2862669245647969,0.04802549014171063,0.0,0.6421052631578947,61,-0.017772239595838957,-779.9059024144616,-0.7858916533431637,0.12,0.0005,10,0.75,0,4.823266688607181,-0.1101276980443465,0.4282147736767446,0.5328058151671693,1,53,-48.48708890251123,189,11
True,False,4.0,1.3,55,2.5,1.25,-289.38008754802894,8,50,100,True,trend_state_tp,18,1,True,0.6,0.25,0.008,73.4426212805424,43.64562928803389,48,0.001,0.0,-0.1406861186371744,15.036023588307648,1,-208.03214612818695,-0.2407874383209416,-149.94993399034894,-0.1737167576968641,-0.01133361909063927,68.25080890585323,0.07825147491791369,0.0,212.72868833781143,0.21996551367844036,0.0,-0.19464267937980106,-19.464267937980107,-0.7368765497481857,-0.00010919887088616953,-149.94993399034894,-0.1737167576968641,0.06864324846922333,28916.468311817975,2525.2799295165696,139,36,5,-0.26414557424349666,3087,26.414557424349667,30.605907051864026,-127.8849749715207,-0.1547895515065677,-0.01023861256705097,False,0.32807818491569996,0.08733016433007844,0,0.9991152968542019,-11.869455669615318,-4.0839670376572155,4590.209088492109,17,-0.2639118838230148,-26.39118838230148,22951.07419483284,176,0.3404255319148936,2.382978723404255,0.16002896223960872,0.0,0.21022727272727273,37,-0.03428097926516738,-949.858565276147,-0.9990358174710735,1.5,0.04,138,False,False,False,False,0.0,-0.07992115834680226,7.99158006041391,1,-199.67653657609893,-0.21534897871509961,-85.27961111795315,-0.09209268587154774,-0.005377693469062261,119.90852502126074,0.12898606160974382,0.0011597282749828963,268.41237628510265,0.27032347906771564,0.0,-0.10853837608881567,-10.853837608881566,-0.7166449823350843,-8.007382229288025e-05,-85.27961111795315,-0.09209268587154774,0.06864324846922333,22563.448633099175,7554.2370763394265,113,10,6,-0.15145347942737145,3087,15.145347942737144,16.36874750709763,-69.51612477981274,-0.07796102338353347,-0.004276097070809684,False,0.600513846430636,0.33479975508964666,1,0.991011339819192,-6.896505688465261,-2.097060848086124,5437.815885538833,17,-0.1500921155675978,-15.00921155675978,10875.636988042957,176,0.3404255319148936,2.382978723404255,0.09249199117949725,0.0,0.35795454545454547,63,-0.027484844713018153,-982.8793712224347,-0.9990398846820316,1.0,0.0,50,1.0,0,3.471007325510276,-0.09674470406888612,0.4288131672165845,0.33274190512047397,1,54,-48.59059495275599,253,11
True,False,3.0,3.0,14,1.8,1.25,-111.08342796524414,10,8,80,True,trend_state_tp,48,2,True,0.8,0.25,0.018,65.65286161087661,31.2967643792854,18,0.005,0.0,-0.09413553615079512,10.24479726184612,2,-329.9695483515551,-0.3643739107808627,-179.42810039707535,-0.19830768611058153,-0.010410230897857366,168.69899799765903,0.1857204584394436,0.0033680888587350744,435.77148978783794,0.48762746280771296,0.0,-0.13846463139225396,-13.846463139225396,-0.7231851860993442,-8.782954201232532e-05,-179.42810039707535,-0.19830768611058153,0.07186593619078312,24417.746578015074,5398.367935925087,74,8,3,-0.19146497197915918,3049,19.146497197915917,21.178546877970998,-216.16419874057254,-0.23812580185083593,-0.012926849768722146,False,0.5112562624049305,0.22108378914807797,1,0.9933607408962633,-7.605641092918477,-2.3563573118720376,3791.8908786780207,17,-0.19019378642089985,-19.019378642089986,18959.5476948882,106,0.20502901353965183,1.435203094777563,0.10494282476217576,0.0,0.3018867924528302,32,-0.038223901844370856,-901.0010621387003,-0.9312039837223028,3.0,0.025,568,True,False,True,True,0.0,-0.04158062673338373,4.285782324690283,2,-299.46455343095954,-0.31088479856081996,-81.91625388130761,-0.08501066624913795,-0.004271611283065885,262.9773917461893,0.27308247034255306,0.00471313634750925,605.8418267856824,0.6326727398677402,0.0,-0.06215704888422391,-6.21570488842239,-0.6833284097858588,-6.60160467378416e-05,-81.91625388130763,-0.08501066624913795,0.0721882049629391,19465.195973012374,10782.073061593765,65,7,4,-0.09096219035251682,3049,9.096219035251682,9.466076177379755,-112.74368004321886,-0.11718308149488343,-0.005539232144334395,False,0.87815866263056,0.5539154641208148,2,0.9545859524454999,-3.3137802899149555,-0.9683534216947369,4594.426907493499,17,-0.08683122911418613,-8.683122911418613,9188.874215699843,106,0.20502901353965183,1.435203094777563,0.0462158136270216,0.0,0.3867924528301887,41,-0.024644415748993342,-923.728669166525,-0.9478625291015405,0.08,0.001,20,1.25,0,3.7900497642430566,-0.125180410266848,0.6822103009236795,0.36498899496225695,2,55,-52.722505153162714,123,11
True,True,3.0,1.7,14,1.5,0.5,-143.63997843843453,55,80,130,True,trend_state_tp,24,2,False,0.6,0.67,0.012,59.55043169642008,30.14481990645268,48,0.0005,0.0,-0.14600320150163856,16.427455768797653,2,-326.68731933416325,-0.385283661098256,-162.60531513020678,-0.19217165473950779,-0.011743180345876158,93.91725482245752,0.10973584815938038,0.0,256.3653975248424,0.29476399090477245,0.0,-0.2195616565256303,-21.95616565256303,-0.7395184167391371,-0.00014109695276115608,-162.6053151302068,-0.19217165473950779,0.12246213341927167,36262.292446092106,6668.125092394486,111,8,5,-0.29689815906651046,3086,29.689815906651045,35.11127914085337,-156.9613730148302,-0.1816863548696428,-0.009930473277083178,False,0.28748362505736275,0.18388592233398893,0,0.9967784053207241,-10.328259923415036,-4.048307264910167,5633.602048321086,17,-0.295941673536975,-29.594167353697497,28168.115430358255,182,0.3520309477756286,2.4642166344294,0.17086832202590585,0.0,0.3901098901098901,71,-0.041254852816886456,-957.1711478169493,-1.0009565546530126,3.0,0.01,611,True,False,False,False,0.0,-0.09209627516232961,10.278340978545135,2,-319.4117001969267,-0.3487290550434336,-99.49424568896495,-0.10932959791806965,-0.00634600126845039,140.41570468335695,0.15183344621869097,0.009617800665101983,418.7217640381607,0.4176274963394662,0.0,-0.13311677864101912,-13.311677864101911,-0.6903457857582435,-0.00011107494785723201,-99.49424568896495,-0.10932959791806965,0.1221398646471157,30663.523218904975,12356.582012135408,96,5,5,-0.19282623489156217,2587,19.28262348915622,21.329125768732766,-24.987972394004856,-0.027592061921364985,-0.0013766678706882323,False,0.4396072673505277,0.4029733284046501,3,0.9494009576583139,-6.2031037635427735,-2.148819134628082,6926.961567708769,17,-0.1830694120676961,-18.30694120676961,13853.933031231141,184,0.35589941972920697,2.491295938104449,0.10861496977083501,0.0,0.4782608695652174,88,-0.04140202954487748,-1007.9393315096299,-1.0009497352484193,1.0,0.002,30,1.5,0,5.457482111862443,-0.10105277873914792,0.462410876370862,0.48686825736614503,0,56,-56.5481241921315,323,11
True,True,2.0,8.0,80,2.2,1.25,-258.88591826761643,20,14,50,True,trend_state_tp,12,1,True,2.0,0.25,0.008,73.01496163687492,35.90595770672917,12,0.001,0.0,-0.2500073263788768,31.40879403568662,1,-416.2646583634341,-0.5443757199696252,-207.204241539018,-0.27575912200425556,-0.010230700863920862,286.93856186414723,0.35915283682298177,0.0,1794.4840202141636,1.9515441627408978,0.0,-0.3529387877471115,-35.29387877471115,-0.7569398782335687,-0.005443757199696255,-207.20424153901797,-0.27575912200425556,0.14147599097647437,64937.28670469572,18937.94508303372,156,10,4,-0.4662705690321753,2966,46.62705690321753,62.406669870530465,-261.70344336912353,-0.3549817060950202,-0.013110921536214837,False,0.6893176158462766,0.2916343759349632,0,0.9865375315697401,-9.650791901864228,-5.260836544732057,9444.63476160963,17,-0.4599934162166203,-45.99934162166203,47223.44052638921,222,0.42940038684719534,3.0058027079303673,0.2799956828617955,-0.0004067704335507412,0.2972972972972973,66,-0.06389450972123878,-960.8296389855154,-1.0009555821416123,3.0,0.015,763,True,False,False,True,0.0,-0.13118580693923962,14.765237623128371,2,-447.5021748289552,-0.4969697691229033,-106.15701043813026,-0.1184895657302929,-0.0040865375526209936,465.49332510795006,0.5153507748910666,0.03696308754649458,2773.2442175664705,2.9742711534765816,0.0,-0.17293259138371464,-17.293259138371464,-0.6733055153266397,-0.00022881350747957452,-106.1570104381303,-0.1184895657302929,0.14631002255881406,62202.80230122475,38635.94598395986,139,10,4,-0.2568411923669155,2966,25.68411923669155,29.147692822841403,-182.44002260514344,-0.20346864877439574,-0.006438061383966624,False,1.0402034923872079,0.6211287040873258,3,0.9175652900566681,-3.4307793888527347,-2.026274886006174,13540.566543582823,17,-0.2356685631726493,-23.566856317264932,27081.201306811796,222,0.42940038684719534,3.0058027079303673,0.14832516494036183,0.0,0.3738738738738739,83,-0.042463433635608006,-1018.1886905071706,-1.000948436902081,0.05,0.0005,10,0.75,0,12.85242131614431,-0.10937539707565329,0.5776457168724183,0.30973719722779625,2,57,-59.7071517621947,295,11
True,True,5.0,1.7,40,2.5,1.5,-188.23633834798375,55,10,80,True,trend_state_tp,12,4,True,1.0,0.25,0.0,77.82799020037865,41.303338480461626,12,0.0,0.0,-0.15872823436604433,17.651752895535378,4,-230.38936901725546,-0.2743412043209273,-130.76544036187212,-0.15597744120164828,-0.012686112036830535,83.09392648501748,0.0981101036277373,0.0,197.24096075702806,0.21151257089597433,0.0,-0.22950610656773995,-22.950610656773996,-0.7404527620466891,-0.0028281971926616255,-130.7654403618721,-0.15597744120164828,0.3515952304221721,37092.68841177811,6232.044486376308,161,15,4,-0.3099537449672833,3069,30.995374496728328,37.005831830153305,-124.43990150676726,-0.14948033290763382,-0.01237830566200537,False,0.36066736429489504,0.16801274734234242,0,0.995653203953357,-12.017343553823448,-4.881256901490342,4990.700136690634,17,-0.3086064392540173,-30.86064392540173,24953.477771802474,236,0.4564796905222437,3.195357833655706,0.1829735874701318,-0.00014525285844078624,0.3177966101694915,75,-0.04312560764697693,-826.9367296237256,-0.9990411494828995,2.0,0.08,689,False,False,True,False,0.0,-0.100332624781406,10.809222624296371,4,-223.6206109284582,-0.24796640776844578,-85.64956253922769,-0.0953379952398427,-0.007300490958999225,126.49946885496549,0.139348703594461,0.0,247.61798681670336,0.25549731481595056,0.0,-0.14745776239085795,-14.745776239085796,-0.7116451895736912,-0.00011784378966729137,-85.64956253922767,-0.0953379952398427,0.35062842410570416,31977.74736276953,11764.450603511794,143,9,5,-0.20720685610085002,3015,20.720685610085003,23.13864913971636,-72.28677992560252,-0.07474647451576016,-0.006358286372148194,False,0.5656878779185333,0.36789491361135385,0,0.9755129313587868,-7.827728268298559,-2.959334892023408,5841.478023983045,17,-0.2021329675925785,-20.21329675925785,11682.94529247233,236,0.4564796905222437,3.195357833655706,0.11761130317373769,0.0,0.3940677966101695,93,-0.03363556786752564,-897.1603575298801,-0.9990466574233678,0.2,0.003,100,0.5,0,6.490985484670195,-0.07915158651141334,0.4772107117828684,0.40115350215488677,0,58,-60.529809395160285,462,11
True,False,2.5,1.7,55,2.0,0.75,-195.0988953339312,55,30,50,True,trend_state_tp,96,1,False,0.6,0.67,0.008,72.33700097811902,23.7800826087609,24,0.005,0.0,-0.13171481691204392,15.428715192014803,1,-297.4331577084115,-0.3481061356769735,-214.2358141061393,-0.25149701179438494,-0.011110735759057364,71.40839892832886,0.0801943135358354,0.0,200.34682342140505,0.20035888888991743,0.0,-0.21096066219824516,-21.096066219824515,-0.7367990408352778,-0.00011671527335523506,-214.23581410613923,-0.25149701179438494,0.04995165968417661,30635.615243966393,2142.2519678498666,103,12,6,-0.2863204897214416,3038,28.63204897214416,33.643616601559025,-196.7162721852888,-0.23610908508388184,-0.012191988221142949,False,0.24008217334778142,0.06992684660614994,0,0.9951562776327123,-11.212142966149232,-3.7982504702628423,5024.2829111101255,17,-0.28493363276116507,-28.493363276116508,25121.455864937856,133,0.2572533849129594,1.8007736943907158,0.1526566817513691,0.0,0.22556390977443608,30,-0.059677062684490245,-926.1231455955924,-0.9990675576583969,2.0,0.025,66,True,False,True,False,0.0,-0.08068382229027404,9.291816092158424,1,-280.232626365802,-0.30609197640406566,-136.7287560104795,-0.15039237798614913,-0.00556533572688944,125.85279400138714,0.13450475954450675,0.006062326010871644,280.2792813403026,0.2795158235495438,0.0,-0.13220224623771093,-13.220224623771093,-0.7094218378218379,-8.616664474877146e-05,-136.72875601047954,-0.15039237798614913,0.04962939091202063,24100.005867458978,5915.081318065197,86,9,7,-0.1863520957342052,3038,18.635209573420518,20.554715056028954,-117.97768852105067,-0.12586986259629945,-0.005899467886227576,False,0.4491011472629352,0.24543899908555758,3,0.9758368682545425,-7.584448603080872,-2.1766274092984172,6187.442728078208,17,-0.1818492454939375,-18.18492454939375,12374.886965776996,133,0.2572533849129594,1.8007736943907158,0.09504092029701924,0.0,0.3533834586466165,47,-0.040426101883456744,-956.9184800151505,-0.9990842021833476,0.08,0.002,100,1.25,0,4.548751119289016,-0.17195212240659605,0.6648584217980549,0.3706690969848864,1,59,-61.37897403470804,148,11
True,False,3.0,1.3,20,2.2,2.0,-215.03967560176716,55,8,150,True,trend_state_tp,72,2,True,1.5,0.25,0.025,67.53148467437804,32.067453334586446,12,0.001,0.0,-0.16906143747218363,19.23278055293141,2,-339.3262330164732,-0.4083762950638943,-217.2155614336859,-0.2616590198304974,-0.012364928174453083,93.87591140817693,0.11212070516887097,0.0,186.78715339473368,0.2152000430407219,0.0,-0.24138911201985058,-24.13891120198506,-0.7449239021532202,-0.00014279824696678683,-217.2155614336859,-0.2616590198304974,0.12020625201417982,36307.90693276265,3942.7882791434317,107,14,4,-0.32404533043188655,3071,32.40453304318866,39.04550317479079,-236.15114378109214,-0.2888241873685826,-0.013640574675576058,False,0.27665385777473783,0.10859310305176623,0,0.9987836766690358,-11.372160237227419,-4.540884931025151,5183.262754523821,17,-0.32365118653619224,-32.36511865361923,25916.282133274697,149,0.28820116054158607,2.0174081237911023,0.18819669534602154,0.0,0.28187919463087246,42,-0.05630104603699382,-762.243719522746,-0.7914493765437298,2.5,0.006,22,True,False,True,True,0.0,-0.10952065604325273,11.953105082132263,2,-325.1728939668189,-0.36355106546866384,-141.60244795264305,-0.15835793293392078,-0.006511852154586741,190.90251086548662,0.21331264675165174,0.0019143718950513922,296.83846680137043,0.31960414640580975,0.0,-0.15415303254524415,-15.415303254524416,-0.7247371172511627,-0.00011446671789108483,-141.60244795264308,-0.15835793293392078,0.12020625201417982,31216.597820814608,10117.833075870794,96,10,4,-0.21270199756006333,3071,21.270199756006335,23.81308311350928,-172.61134838094625,-0.1921329982498696,-0.007627006881139856,False,0.587080025449374,0.32411709738350875,3,0.9919401315911935,-7.33773385800016,-2.606933535678597,6405.432098166978,17,-0.21098764744943896,-21.098764744943896,12810.856666430058,149,0.28820116054158607,2.0174081237911023,0.12173463157866313,0.0,0.35570469798657717,53,-0.03946653290102753,-801.6341116489881,-0.8113342055227333,0.08,0.0005,30,0.5,0,5.016627447975577,-0.13876973903946235,0.5027880584289581,0.36846922302200896,1,60,-61.4360149014059,187,11
True,False,1.5,3.0,20,2.5,1.5,-237.73024924996793,55,8,50,True,trend_state_tp,12,3,True,1.0,0.25,0.0025,66.21104023812057,37.61528416206934,36,0.005,0.0,-0.21313607881495175,23.611259804388805,3,-485.6592891064172,-0.6013125930081851,-274.84531347781535,-0.3398965691474618,-0.011279392665041079,390.53629709995903,0.48519775616294597,0.0,1528.8878330799503,1.6815504551327423,0.0,-0.27489558405508907,-27.48955840550891,-0.7520172217914138,-0.00019782596708086854,-274.84531347781547,-0.3398965691474618,0.14308733483725428,49051.58819974811,12497.161507198687,101,12,3,-0.3655442669254941,3087,36.554426692549406,45.20624369661241,-354.06177726618444,-0.44857813679262004,-0.014396011458488019,False,0.8041363685610162,0.25477587914804484,0,1.0,-8.310297297096335,-3.748558978094131,6603.6280329109095,17,-0.3655442669254941,-36.554426692549406,33018.21685000896,133,0.2572533849129594,1.8007736943907158,0.23462990611648207,0.0,0.24060150375939848,32,-0.05742799787006336,-999.0598983302092,-0.9990873111840999,3.0,0.006,384,True,False,False,True,0.0,-0.1226210990297173,12.551056095127723,3,-496.2759651630494,-0.5543821798095144,-152.32255717011353,-0.1675071132770565,-0.005007432248776299,592.9098268145809,0.6707221975432689,0.0,2410.532387840289,2.537344970508738,0.0,-0.14780204746585401,-14.780204746585401,-0.7295660016577437,-0.00016486528876688203,-152.32255717011353,-0.1675071132770565,0.1440541411537222,45161.11282983749,24902.212726212394,91,7,3,-0.20258900103625085,3087,20.258900103625084,22.280106605854968,-263.6916682360602,-0.27761462330918657,-0.008036587361804235,False,1.1947179965078156,0.5514083060805303,0,1.0,-3.6667642279934096,-1.6415262942830515,9120.16157728379,17,-0.20258900103625085,-20.258900103625084,18240.351561019743,133,0.2572533849129594,1.8007736943907158,0.13816033492558635,0.0,0.3157894736842105,42,-0.041993194319506766,-999.0725670815893,-0.999117548342526,0.12,0.0005,30,0.75,0,8.181295553086224,-0.1749795893308086,0.6368548257883164,0.3602271939280468,2,61,-62.39823978298986,195,11
True,True,2.0,2.2,80,1.8,0.75,-260.8108150666419,30,30,400,True,trend_state_tp,96,1,True,2.0,0.5,0.005,75.68386475643457,27.671239873052023,48,0.001,0.0,-0.18571190271202703,22.09439179117168,1,-360.33954717707167,-0.4481458588279532,-225.09322383426235,-0.28398500269575977,-0.011216286206583825,224.60080128057834,0.2618498439437838,0.0,599.2643747581632,0.6057713002192416,0.0,-0.29427441305952085,-29.427441305952083,-0.7502588894958669,-0.00019465512483382677,-225.09322383426243,-0.28398500269575977,0.05994199162101192,47925.15977455051,8984.032051223134,133,15,4,-0.39223049160704676,2714,39.223049160704676,49.60555810561218,-250.9998908007285,-0.3062085680752667,-0.012774863209254925,False,0.6233032234183526,0.18745961606567005,0,0.9928123528534912,-10.871508173875208,-4.506991355067686,7352.210619441891,17,-0.3894112772332736,-38.94112772332736,36761.18240384156,173,0.3346228239845261,2.3423597678916828,0.22588663145572715,0.0,0.23121387283236994,40,-0.07194403734234667,-1003.6689744539467,-1.000954478183952,1.5,0.08,659,True,False,True,True,0.0,-0.13273384664734975,15.960626711918088,1,-362.56001572653224,-0.4047778989084004,-147.9172919017865,-0.16969153703355536,-0.00564896824372305,325.09167356385683,0.3483691493202699,0.017932511920298655,808.6672625845042,0.7921366192444429,0.0,-0.1884572620903726,-18.84572620903726,-0.6517909821539188,-0.0001580333660436343,-147.91729190178654,-0.16969153703355536,0.05994199162101192,43144.64187145734,17554.950372448267,119,15,4,-0.28913757209035595,2492,28.913757209035595,33.960490827306806,-169.51430721440056,-0.19375791821494462,-0.006767661009486504,False,0.8966561657727403,0.4068859911909914,2,0.8850351517447296,-6.496866866731059,-2.4717446801414247,9732.020496276458,17,-0.2558969149900909,-25.58969149900909,19464.055418090564,173,0.3346228239845261,2.3423597678916828,0.16397183806576962,0.0,0.31213872832369943,54,-0.05948973384549572,-1044.9712139106946,-1.0009469524233734,1.0,0.0005,10,1.5,0,10.24255248807117,-0.1339578438098488,0.5831060795066647,0.3400345481063956,2,62,-67.27863855583803,300,11
True,False,2.0,4.0,20,1.5,1.0,-181.72194756463148,55,8,50,True,trend_state_tp,36,2,True,1.2,0.5,0.012,69.5552169215954,26.2242528428206,12,0.01,0.0,-0.15200734555755743,15.815984133631211,2,-381.3083350902836,-0.44281685540950283,-247.49476058193142,-0.2864585143094231,-0.011642843015123038,215.27718459278663,0.2542807486616859,0.0,528.9503048642327,0.6735648575613777,0.0,-0.19534427766702778,-19.534427766702777,-0.7376509508885802,-0.00011940805392783874,-247.49476058193142,-0.2864585143094231,0.09506928778601353,31648.591812493545,5166.65243022688,83,10,2,-0.26481939382266706,3089,26.481939382266706,30.65106103110826,-318.18879488483424,-0.3776839240984351,-0.01364057467557606,False,0.5645750821099013,0.1632506261522606,0,1.0,-9.08349819343987,-3.5152791789539233,4590.477392754721,17,-0.26481939382266706,-26.481939382266706,22952.413487560796,107,0.20696324951644102,1.448742746615087,0.1670345316616291,0.0,0.22429906542056074,24,-0.027836494861663064,-698.4888196293615,-0.7108196966934671,1.5,0.01,331,False,False,True,True,0.0,-0.09850207478400971,9.761507749702504,2,-375.87654837572865,-0.4119273060173688,-164.2565787396956,-0.17940380284453314,-0.006383781662084524,325.1146010436308,0.3583067982426493,0.0,833.6224964829546,0.8638956072743476,0.0,-0.12641233374620642,-12.641233374620642,-0.7260404395582155,-9.929192392601056e-05,-164.25657873969564,-0.17940380284453314,0.09442475024170158,27814.864579803914,10403.667233396185,74,8,4,-0.17411197346407645,3089,17.411197346407643,19.016803101520512,-236.30601555956937,-0.25179387141759735,-0.00841543639688692,False,0.864950480280148,0.3740326401211452,0,1.0,-5.608682324958636,-2.108333475176841,5705.5140996904765,17,-0.17411197346407645,-17.411197346407643,11411.027020756032,106,0.20502901353965183,1.435203094777563,0.10850258932142998,0.0,0.3018867924528302,32,-0.02366062297246785,-731.2214690276069,-0.7379782286499912,0.2,0.003,100,0.75,0,5.909734209933489,-0.16399574070147976,0.4616768982430661,0.25364985891301683,2,63,-69.45297220468986,181,11
True,False,1.5,2.2,40,1.8,0.75,-104.53134224318053,30,8,50,True,trend_state_tp,24,3,True,0.8,0.5,0.008,62.01749593838424,36.08086306145918,6,0.0,0.0,-0.13837033495081347,15.096728631292272,3,-483.38259713279353,-0.5492666671162575,-173.11779362743172,-0.19666420908893284,-0.006284061996823451,212.21107524213068,0.24124529523532515,0.0010939864654315734,1744.4301515216373,1.8538858359071166,0.0,-0.17673192993723574,-17.673192993723575,-0.7211745124342519,-0.0001391234650261573,-173.1177936274317,-0.19666420908893284,0.14050918466000645,37220.4599792251,13157.086665012102,77,6,5,-0.24506125339995022,3036,24.506125339995023,27.921685722060495,-156.1216573339168,-0.17638893953041238,-0.0059428771370521405,False,0.43901265064334255,0.35349070571282126,1,0.9819330057428763,-6.207225206497635,-2.2242380906427925,7640.812369358704,17,-0.2406337331421298,-24.06337331421298,38204.60639792945,139,0.2688588007736944,1.8820116054158609,0.15381911198174156,0.0,0.4460431654676259,62,-0.04198591929697626,-999.6517281817264,-0.9990987895649267,2.5,0.01,684,True,False,True,True,0.0,-0.06511920280883182,6.805097664286735,3,-521.6683511226724,-0.5460852135720504,-75.89981670404363,-0.07860746299107638,-0.0020173818872268236,304.48933266651966,0.32030688417135483,0.014299943099954415,2677.2943091703696,2.7647002310878053,0.0,-0.07574407902089231,-7.574407902089231,-0.648286267048921,-0.0001154590474681572,-75.89981670404364,-0.07860746299107638,0.14179825974863036,33386.77447185103,22836.699949988983,64,5,5,-0.11683739556243986,3036,11.683739556243985,12.211800010991297,59.34379921871604,0.060955312012025586,0.001984011999999911,False,0.5836837370165049,0.684004379316217,6,0.9029707030934208,-2.285844321026502,-0.8115852333988187,10322.773927750723,17,-0.10550074521862043,-10.550074521862044,20645.629528817255,139,0.2688588007736944,1.8820116054158609,0.07299498794573003,0.0,0.539568345323741,75,-0.031867664236684634,-1010.3815124410136,-0.9991395017324004,0.08,0.0,50,1.0,0,7.659743405879839,-0.20301824550078004,0.5646981426922999,0.4725860446378318,2,64,-70.88027332351658,209,11
True,True,4.0,12.0,40,2.0,1.25,-227.09429496961735,8,14,400,True,trend_state_tp,8,1,True,1.5,0.67,0.0,71.56627229893522,33.94561354854483,36,0.0,0.0,-0.17359874695881097,19.84066060524327,1,-209.71009532803532,-0.25328622923889155,-146.63766352061447,-0.17755067825015272,-0.012031051014601984,136.419103615128,0.16233569691882144,0.0,450.5381541295607,0.4739245310054078,0.0,-0.24637505903788925,-24.637505903788927,-0.742670419894009,-0.002857607072743047,-146.63766352061444,-0.17755067825015272,0.12181759587495972,38586.65754035851,5593.183248220247,184,16,4,-0.33174211930111736,3072,33.17421193011174,40.2193635214396,-167.443396077024,-0.20270533759559564,-0.012715226724730435,False,0.6505128110391482,0.14495122419894058,0,0.9945518634066038,-13.423127606682645,-6.529494226142441,5725.908744921848,17,-0.32993474292138214,-32.99347429213822,28629.577774914647,225,0.43520309477756286,3.04642166344294,0.19780970312141868,-0.0010832654776009698,0.18222222222222223,41,-0.03640806757574344,-758.7077217285989,-0.9990358174710736,1.5,0.015,563,True,False,True,True,0.0,-0.09287441863259539,10.047295472895536,1,-189.07310947508847,-0.20704691197924058,-81.43075226215879,-0.08962187619471915,-0.005867694551971818,167.09645483239944,0.18149180936660256,0.0002364312559488546,629.7724080716478,0.6443525880696623,0.0,-0.1332290689167459,-13.322906891674592,-0.7102907277648555,-0.0020833524362136777,-81.43075226215879,-0.08962187619471915,0.12536255236867547,29684.4781875889,11362.558928603157,157,16,5,-0.1875697706712172,3050,18.75697706712172,20.701384003943726,-105.4490953681416,-0.11060084162718856,-0.0066911485456440534,False,0.8837663658057912,0.38277778901142523,1,0.9768055477927433,-7.379884029028701,-3.1590265692757225,6988.170629616194,17,-0.18321919258985755,-18.321919258985755,13976.351829645218,225,0.43520309477756286,3.04642166344294,0.10734583396235006,-9.083293414147117e-05,0.3022222222222222,68,-0.025015665861427117,-879.8454825137368,-0.9990398846820315,0.08,0.0005,150,0.75,0,7.003003265272023,-0.0875017083219816,0.46630667727517494,0.34371477509865583,0,65,-71.39013944633555,421,11
True,True,1.5,3.0,40,1.5,0.5,-300.02826250898573,30,30,80,True,range_bb_reversion,8,1,False,1.2,0.5,0.025,77.02937484612876,38.22410482060659,24,0.005,0.0,-0.20784600795519306,23.369162146645138,1,-433.39351360541616,-0.5487558983465995,-296.57282382676703,-0.37873791883160907,-0.011953682746317083,191.4209697170812,0.2276595414385234,0.0,698.4576682564224,0.746748402342182,0.0,-0.308125611486763,-30.8125611486763,-0.7583608051564553,-0.00019113568073921269,-296.57282382676715,-0.37873791883160907,0.06638736706413148,46373.10595577954,5742.629091512435,107,17,3,-0.4063047686426706,3097,40.63047686426706,51.887094879930416,-212.7826828478676,-0.281905706916577,-0.009637976560446293,False,0.441679359999284,0.12383533457923845,0,1.0,-10.326770977987456,-3.3970502863351126,6494.781891582037,17,-0.4063047686426706,-40.63047686426706,32473.867912233367,137,0.26499032882011603,1.8549323017408121,0.2393583364031349,0.0,0.21897810218978103,30,-0.05709045221340148,-1000.9278016393663,-1.0009420722755404,2.0,0.08,753,True,True,True,True,0.0,-0.14453327279793482,15.392554941821349,1,-501.7769744739371,-0.5837568103707234,-209.50921955225132,-0.24516540030060022,-0.00580996991466257,226.23543324008023,0.2596436110766744,0.0006327823699232571,909.4806428712877,0.9666430360152647,0.0,-0.21259377091439047,-21.259377091439045,-0.7406735384039088,-0.00015709897752018138,-209.5092195522513,-0.24516540030060022,0.06509829197550758,41145.71190686284,12442.948828204417,82,8,4,-0.2870276307865848,3097,28.702763078658478,33.58765984118222,-73.06934328529756,-0.08725523684739472,-0.0033456786686170345,False,0.45086850283886665,0.3024118006846058,1,1.0,-6.7607586095851335,-2.0072410900482955,8621.705995900893,17,-0.2870276307865848,-28.702763078658478,17243.400641176,137,0.26499032882011603,1.8549323017408121,0.16532042588607387,0.0,0.40145985401459855,55,-0.05061952289653904,-1000.9072596990736,-1.0009294510127664,0.12,0.002,50,0.25,0,7.571775423597858,-0.1691817492162115,0.5225291216083439,0.48894348739312615,1,66,-72.68587150850652,237,11
True,True,1.5,12.0,40,2.2,1.25,-171.68222549099352,16,10,80,True,trend_state_tp,12,2,True,0.8,0.67,0.0,76.64355356661035,28.145628861296164,48,0.001,0.0,-0.11067337023551271,13.727794713195738,2,-582.97386275841,-0.6699869131053164,-253.05343035231004,-0.2938852343412451,-0.008416509064294028,226.83083496565325,0.2531717529519495,0.01026156630391517,1282.6241833235065,1.463854941539456,0.0,-0.20191121952274205,-20.191121952274205,-0.7387958844546867,-0.0001402196286420545,-253.05343035231013,-0.2938852343412451,0.10054785691266516,37310.327216538244,9980.556738488744,64,12,6,-0.27329770478049553,3090,27.329770478049554,31.739605308854472,-427.2580175380458,-0.4951476675263303,-0.013405300067460605,False,0.389092632545096,0.2675011848747535,1,1.0,-7.34358904342605,-4.818725236677619,6773.907771887632,17,-0.27329770478049553,-27.329770478049554,33869.8717096629,108,0.20889748549323017,1.4622823984526112,0.1262461026949541,0.0,0.4074074074074074,44,-0.05623050152802156,-868.2609463287924,-0.8726994202288351,1.5,0.015,767,True,False,True,True,0.0,-0.044537935835714255,5.506523114166549,3,-609.6773992825681,-0.6420608412204969,-133.7994156700598,-0.14250388134346303,-0.0033254300144669705,369.53306699701625,0.38587367237263026,0.01593339056404952,1869.0005706727243,1.9739302889879538,0.0,-0.10341163407683829,-10.34116340768383,-0.7134353309984962,-0.00011578146317090936,-133.7994156700598,-0.14250388134346303,0.10570415726716081,33532.25696054125,19215.719483844845,55,6,6,-0.14494885462443724,2964,14.494885462443724,15.46615014505799,-212.48662002078348,-0.22428541136915087,-0.005602774889947509,False,0.6061124578865161,0.5730517783654334,5,0.9876957988933789,-3.3437655275257634,-1.6836908707559364,9355.300875006302,17,-0.14316537476696378,-14.316537476696379,18710.6567476932,107,0.20696324951644102,1.448742746615087,0.05432085798793725,0.0,0.48598130841121495,52,-0.04973524546892394,-942.3796726193203,-0.9404181328837478,0.04,0.002,50,0.0,0,12.777079961079666,-0.09944807230465148,1.3566247834562246,0.4388325141042532,2,67,-72.71832580837085,142,11
True,False,2.5,8.0,14,1.8,1.5,-137.1526516758151,16,80,130,True,trend_state_tp,96,3,True,0.8,0.67,0.005,66.00972947359739,39.9406892270546,3,0.0,0.0,-0.15414606588737226,16.24985650024642,4,-434.62055298243746,-0.5014048237908587,-206.8416876871548,-0.23884933590815732,-0.010858071120248457,143.93776486758043,0.1654861154312027,0.0,619.1228161380719,0.7559624289734586,0.0,-0.1936976224536987,-19.36976224536987,-0.7309286871054296,-0.000126501217011455,-206.84168768715486,-0.23884933590815732,0.18143731872381566,33465.78257964768,7196.888243379021,77,7,5,-0.26500208005348086,3071,26.500208005348085,30.648579025914348,-184.22042013033115,-0.2216389748401499,-0.009728625860046327,False,0.3311802994125701,0.21505214247569487,0,0.9912712508130964,-8.043925417546543,-2.703701378271045,5014.012169968198,17,-0.2626889433626863,-26.268894336268627,25070.156231692326,127,0.24564796905222436,1.7195357833655704,0.17252330909160543,0.0,0.3937007874015748,50,-0.039971762390067944,-996.7995014460098,-0.9990538530914411,3.0,0.025,551,True,False,True,True,0.0,-0.0966226628119956,9.641405581331279,4,-400.93250734890137,-0.4341801458137164,-123.23693419726021,-0.13298459580984046,-0.005562057270334989,228.8413817628563,0.2488883336593594,0.004415013256376943,920.8456186533198,0.9337828640908273,0.0,-0.11330012368870723,-11.330012368870722,-0.6955603711872018,-0.00010120417056064971,-123.2369341972602,-0.13298459580984046,0.19497260715436673,28466.208021771996,12815.11737871995,71,7,5,-0.1628904238683458,3037,16.28904238683458,17.659108038984865,-66.49159269844613,-0.06615418245744359,-0.0026392856662329147,False,0.5707728297613764,0.4501870206568602,2,0.9608355280419589,-4.607930765512724,-1.3495919362269628,6273.522183388715,17,-0.15651090643052054,-15.651090643052054,12547.057044731784,127,0.24564796905222436,1.7195357833655704,0.10836501556475503,0.0,0.4409448818897638,56,-0.026050240971693173,-1000.4339263029809,-0.9990657507065094,1.0,0.002,50,0.5,0,7.519415412138434,-0.18781793367287622,0.42238740145629666,0.48720370538552354,1,68,-73.28317869814006,160,11
True,False,2.0,6.0,20,1.8,0.5,-209.1107081778867,30,30,80,True,trend_state_tp,120,1,True,0.6,0.5,0.025,58.39605274735774,25.332217219670074,36,0.01,0.0,-0.17109957342619836,20.485129061882162,1,-392.5669663900366,-0.47875629016612187,-227.2395872053493,-0.27947573116076985,-0.011031910401590843,113.14031111606596,0.1308077726737783,0.0,777.1852296780786,0.783100739839667,0.0,-0.265995830361593,-26.599583036159302,-0.7500565293587601,-0.00016476371834625608,-227.23958720534924,-0.27947573116076985,0.08636803093780213,41219.53147095387,5770.155866919364,105,10,6,-0.3546343774768533,3050,35.463437747685326,43.62541112063064,-204.67177842154584,-0.2551452306849229,-0.010518736030095635,False,0.2882063973861084,0.13998596444468114,0,0.9996034748872649,-10.44023452864377,-3.805786443137528,6639.009440093668,17,-0.3544937560403445,-35.44937560403445,33195.156820234355,156,0.30174081237911027,2.112185686653772,0.19486987767472608,0.0,0.3269230769230769,51,-0.06120736526448689,-999.2622487897223,-0.9990925819563073,2.5,0.006,257,True,False,True,True,0.0,-0.0928215425084671,10.650549993663532,1,-391.56213964312286,-0.4302874914893963,-133.32025714201794,-0.14837751499748203,-0.004966059528398465,209.71746737437513,0.22609991646192662,0.00646569623737836,1108.4671249064593,1.1252875027681246,0.0,-0.15187610331948131,-15.187610331948132,-0.716089545081878,-0.000126179857471355,-133.32025714201797,-0.14837751499748203,0.09539155655816951,34849.03042823793,14051.070314083132,89,10,6,-0.21209093801546247,3050,21.209093801546246,23.675416774007292,-85.60713228961524,-0.09844744434075225,-0.0036402852223989994,False,0.53559179027246,0.403198314025335,2,0.9806152166972123,-5.5644856821710045,-1.8525566326786342,8742.51931364223,17,-0.20797960114154776,-20.797960114154776,17485.060345762657,156,0.30174081237911027,2.112185686653772,0.10853343157722277,0.0,0.42948717948717946,67,-0.036591527108503774,-1004.2642076222251,-0.9991273695758537,0.12,0.001,100,0.75,0,6.441538406788482,-0.1295027251527419,0.4148874302097722,0.4625918894225531,0,69,-73.53040397796428,224,11
False,True,1.5,1.7,30,2.5,1.0,-150.70672815676937,55,80,300,True,trend_state_tp,18,3,True,0.6,0.67,0.008,70.25734033236928,42.34780301524347,36,0.0025,0.0,-0.09272963760689368,11.636414545419097,3,-618.5402280706611,-0.6925332820512945,-373.3252905741256,-0.41784648597412405,-0.015560140844107487,117.10458441894544,0.13152710618021712,0.0012898198207815792,182.94252054355627,0.213618181985362,0.0,-0.1555226414339299,-15.552264143392991,-0.7308552253134771,-8.535927576370151e-05,-373.32529057412563,-0.41784648597412405,0.06638736706413148,23504.52866668512,2224.9871039599634,38,5,3,-0.2127954156272515,2958,21.27954156272515,23.817249700525064,-458.90143887633917,-0.5263621951876197,-0.017037510964602258,False,0.189324120088706,0.094662060044353,1,1.0,-7.157140177795685,-2.041975352186957,2991.375951787192,17,-0.2127954156272515,-21.27954156272515,14956.7964747074,57,0.1102514506769826,0.7717601547388782,0.11621990123344147,0.0,0.3333333333333333,19,-0.04990720857717523,-997.3157562365257,-1.0009631167647657,2.0,0.015,704,True,False,True,False,0.0,-0.07871138279060434,9.824882531564779,3,-624.7816554442672,-0.6843185101054777,-308.4452056503236,-0.33744473831151534,-0.01057755861045797,159.18258969724525,0.17532518520999407,0.0031216436095882205,322.5958312157582,0.37056112360508886,0.0,-0.1276844399269338,-12.76844399269338,-0.7210483341352956,-7.55661881896272e-05,-308.4452056503237,-0.33744473831151534,0.06509829197550758,21242.576285105086,3661.1995630366396,34,4,3,-0.1770816655169963,2323,17.70816655169963,19.389239945293063,-305.9690782351746,-0.36806065611989003,-0.010897816184358457,False,0.2547811516393744,0.17235195552075325,1,0.9928400363040935,-5.99361690591061,-1.5190933536522704,3760.97015914272,17,-0.17581376722068395,-17.581376722068395,7521.915124319714,57,0.1102514506769826,0.7717601547388782,0.09919859871431617,0.0,0.40350877192982454,23,-0.04731112462610909,-1002.4723383398145,-1.0009582730445692,1.0,0.0005,150,0.5,0,8.063602115483164,-0.19014353917584284,0.39692109994362695,0.4634961629279811,1,70,-74.51927893801404,195,11
True,False,3.0,8.0,40,2.0,2.0,-138.63464951324895,30,14,300,True,trend_state_tp,8,2,True,2.0,0.67,0.018,58.70278152650166,34.62397223197172,24,0.0025,0.0,-0.09307994614064048,9.89018754329478,2,-285.2523917143942,-0.31381238604013695,-166.59955258341614,-0.18469302641765958,-0.010447991997878294,270.04289541858293,0.2904662169930569,0.0,657.670895163821,0.674447703352829,0.0,-0.14202105569436063,-14.202105569436064,-0.7087027198908051,-9.38275577370576e-05,-166.59955258341617,-0.18469302641765958,0.08507895584917821,26243.220037724263,6751.072385464571,92,10,2,-0.2003958101307172,3049,20.039581013071718,22.292568964215395,-239.43289292984423,-0.24758132593043655,-0.014235290770808167,False,0.9466805652201521,0.2572501535924326,0,0.9726823948836578,-7.972083441666417,-3.4976295193986315,4090.3742342787673,17,-0.19492147652259678,-19.49214765225968,20451.997426993854,117,0.2263056092843327,1.5841392649903288,0.10989622261155388,0.0,0.21367521367521367,25,-0.029401044640911533,-515.5565833294779,-0.5383159353065435,1.5,0.01,46,True,True,True,True,0.0,-0.047308002214211275,5.1636995380935025,2,-263.15626947834477,-0.2731328328140974,-86.67267971909313,-0.09075809035308921,-0.00487484527735315,326.8031591454392,0.33651987769841574,0.009159642403831159,923.5100052075611,0.9290191302290048,0.0,-0.07275774907540844,-7.275774907540844,-0.6347096743303104,-7.302540688215179e-05,-86.67267971909314,-0.09075809035308921,0.08507895584917821,21578.814097224273,11438.110570090374,82,10,2,-0.11463154260595758,2587,11.463154260595758,12.121637613303937,-169.07293730774057,-0.16918640802966517,-0.00853566188202638,False,1.241859674456025,0.5300620561702546,3,0.8846346560991704,-3.8622393598274996,-1.682929797754166,4911.975002984581,17,-0.10140703527133868,-10.140703527133867,9823.968386928611,117,0.2263056092843327,1.5841392649903288,0.05866599901820289,0.0,0.29914529914529914,35,-0.01953323071628521,-547.361046636931,-0.5483866908652051,1.0,0.003,30,1.25,0,4.027457802590082,-0.13228526671505128,1.2237362686004716,0.2794707034518947,1,71,-77.18992960728275,159,11
True,False,1.0,12.0,20,2.2,2.0,-96.5899452951465,12,14,80,True,trend_state_tp,48,8,True,0.6,0.67,0.0,75.28866663887956,34.22431930281594,3,0.0005,0.0,-0.0896934046939102,10.036014455525384,9,-695.7488776261707,-0.7648907395503382,-205.1749668758426,-0.22763982707190716,-0.006070147645168754,427.1202958690247,0.46481690456695923,0.0021384150715575423,2156.5028537392836,2.289749794695292,0.0,-0.1544124998817087,-15.441249988170869,-0.722365005268879,-0.00014512156654864107,-205.1749668758426,-0.22763982707190716,0.3042217209152433,40353.43490231792,19220.41331410611,58,6,4,-0.21375966271266586,3036,21.375966271266584,23.757953816528076,-292.509426923767,-0.3036307429402497,-0.008732393283756393,False,0.6139000860861158,0.4763017909288828,1,0.9886346806515421,-4.278375493351749,-2.02717350630074,7570.78453470378,17,-0.21133021588211778,-21.13302158821178,37854.52998084169,103,0.19922630560928434,1.3945841392649903,0.10763639169918894,0.0,0.4368932038834951,45,-0.05035286746964229,-1001.3038654601144,-0.9991061011825415,2.0,0.01,41,True,False,True,True,0.0,-0.03763494547695641,4.230342485568019,9,-821.6063092510004,-0.7980673885416547,-3.043628020852078,0.0006063920889939916,-0.0004701366134856178,657.5508164806712,0.6451501448786399,0.03426978837597616,2427.7842345940608,2.4179134594443554,0.0,-0.0022157895830233754,-0.22157895830233754,-0.0261038266937387,-0.00012056190434455183,-3.043628020852111,0.0006063920889939916,0.3119561714469868,37793.89022554602,37480.39653939825,46,5,5,-0.08488370724415122,2498,8.488370724415121,8.654158059971763,101.38838937273667,0.09901071238697932,0.001984011999999919,False,0.8003234749744231,0.9917051755117849,8,0.036932138843337424,0.01003371783999488,0.005692401172154514,11317.702721369811,17,-0.0031349368614781996,-0.31349368614781997,22635.54000173586,103,0.19922630560928434,1.3945841392649903,0.04311359936974194,0.0,0.5533980582524272,57,-0.022565048335613458,-1070.6781043714034,-0.9991546405115238,1.0,0.002,150,0.5,0,9.168669889715504,-0.22950340692197432,0.6429144706081581,0.4285361697126403,2,72,-78.12887373716435,159,11
True,False,1.0,8.0,30,2.2,1.5,-304.5923771683498,30,10,400,True,trend_state_tp,18,2,True,2.0,0.5,0.012,68.31502001457756,22.315625205169518,48,0.01,0.0,-0.22557698443322763,25.501129750333497,4,-602.2327584596782,-0.7520852474794092,-335.3671185207772,-0.430234115806666,-0.011864142322448756,538.8479088652775,0.624105798293699,0.003780049701957111,2144.4200347873857,2.2385805528185,0.0,-0.31600729236338787,-31.600729236338786,-0.74119878442815,-0.00023250276117977155,-335.36711852077724,-0.430234115806666,0.1679020302932646,57212.11205366942,15626.589357093046,95,15,2,-0.4263462096840781,3042,42.63462096840781,55.18665119518382,-510.46729945828054,-0.6448576830625716,-0.017625989366953882,False,0.8947502461398494,0.2731342856637435,1,0.9753932778572413,-8.261941745154706,-5.037832568562552,7550.70774270805,17,-0.41585522696576366,-41.58552269657637,37753.631683958105,124,0.23984526112185686,1.678916827852998,0.2560266283322926,0.0,0.23387096774193547,29,-0.07605831113249961,-1004.1520689689378,-0.9991235039437583,2.5,0.01,70,True,False,True,True,0.0,-0.1504676597187619,15.586330715350291,4,-649.554864452572,-0.7198413036673466,-199.49649706697383,-0.22405032506688022,-0.0051925428436716695,1041.5735463296753,1.1431308583465267,0.02506180137262537,3207.6873291436586,3.1771335483675305,0.0,-0.18190253232077103,-18.190253232077104,-0.6353985495078289,-0.00021344268046180688,-199.49649706697397,-0.22405032506688022,0.19368353206574282,59109.492665184065,34371.927028879276,91,15,3,-0.28628100026616404,2662,28.628100026616405,33.354885728972164,-487.8466832563612,-0.542853371829398,-0.011707931950331669,False,1.603518968651688,0.5814958897308317,6,0.8641008524249063,-3.4302276660082645,-2.3313688794738816,11176.56055268705,17,-0.24737565636304717,-24.73756563630472,22353.15627397893,124,0.23984526112185686,1.678916827852998,0.17318952748952846,0.0,0.2661290322580645,33,-0.06062126813337487,-1032.3106355339762,-0.9991949104906213,0.12,0.0,75,0.0,0,18.09813281686356,-0.16799864031010964,1.4426574624599224,0.2886519519088402,2,73,-80.7149962162058,160,11
True,False,3.0,2.2,55,1.5,1.0,-202.24560545607932,12,20,80,True,trend_state_tp,36,1,True,1.2,0.25,0.005,65.85249791976727,44.827380657749764,6,0.0,0.0,-0.1700454617819389,18.914657410795876,1,-284.2582658829131,-0.33892642508298765,-174.66308043061676,-0.20827385403242996,-0.010463323404650185,156.61327559564276,0.18665323573402845,0.0,343.09260145831144,0.3687534711746709,0.0,-0.22993698078172464,-22.993698078172464,-0.7400528391489712,-0.0001474075033879575,-174.66308043061673,-0.20827385403242996,0.0705768611021592,37806.34936242745,6890.984126208281,133,13,2,-0.31070346415553546,3062,31.070346415553544,37.089311795560555,-187.57830078544313,-0.2152336966965064,-0.012191988221142949,False,0.5509541652524971,0.1822705509106005,0,0.9950119262507869,-10.653902457022095,-4.149195125700329,5867.33110811128,17,-0.30915365236219167,-30.915365236219166,29336.76275877188,177,0.34235976789168276,2.3965183752417794,0.18811979577172114,0.0,0.24858757062146894,44,-0.0499878377754992,-947.8993358213681,-0.9990650091807273,4.0,0.025,580,True,False,True,False,0.0,-0.09761236086243302,10.373331878680379,1,-253.11619643717646,-0.2767138600747329,-95.83400151113777,-0.1044193742796878,-0.0045733578814238255,226.86567428538976,0.2490813810584219,0.002221648695691414,476.5801828306364,0.4934312503293287,0.0,-0.12306284514264298,-12.306284514264298,-0.6993433669936119,-0.00010817657473355205,-95.83400151113783,-0.1044193742796878,0.07025459233000322,30120.827376023997,13158.209108552599,119,13,4,-0.17596913183244234,2927,17.596913183244233,19.251582039418857,-113.00886170611426,-0.12330982885393801,-0.005899467886227576,False,0.896290626513495,0.4368475322502747,2,0.9639541941721442,-5.634186089289313,-1.9387479988994893,7320.7043878526265,17,-0.16962618267471377,-16.962618267471377,14641.428773764846,177,0.34235976789168276,2.3965183752417794,0.10888419024818008,0.0,0.327683615819209,58,-0.025996317700343496,-979.3772913018181,-0.9990802572040276,0.12,0.001,20,1.0,0,4.655891810335585,-0.11692658610196856,0.3418987761267041,0.30267232730347504,0,74,-82.3278470000252,292,11
True,False,1.5,12.0,55,2.5,1.25,-184.149218576652,16,10,50,True,trend_state_tp,24,4,True,1.0,0.67,0.008,75.32438616289812,39.05528463179111,36,0.01,0.0,-0.1267539609350885,14.622828616852857,4,-484.0754366932454,-0.5556103023211694,-258.6002305286037,-0.30096617067284687,-0.009818049375776143,320.119465293977,0.35262043389118075,0.004079290432964067,1332.6113289677278,1.3781044400398783,0.0,-0.2045545541295728,-20.455455412957278,-0.7338076249908764,-0.00013926430103753282,-258.6002305286036,-0.30096617067284687,0.15243312922977764,37273.80862537988,9603.583958819312,77,10,2,-0.278757738626818,3047,27.8757738626818,32.49126899831606,-288.215120132211,-0.34880501063387315,-0.01046906737193057,False,0.6613007829538643,0.25764965569631093,1,0.9926262425167546,-7.338174237457778,-2.542275887978953,5734.189561431545,17,-0.27670224666560594,-27.670224666560593,28671.116184184437,107,0.20696324951644102,1.448742746615087,0.14909413277215441,0.0,0.2803738317757009,30,-0.05885523279261806,-995.8465667368055,-0.9990987895649269,2.5,0.04,300,False,False,True,True,0.0,-0.06822038238577458,7.791555488475342,4,-491.7141283511608,-0.521756360287448,-144.85567477437144,-0.15535958273191355,-0.004113103150593982,511.3630211817165,0.5378235099407194,0.008163348223325873,1920.8372335136553,1.971234912731723,0.0,-0.1121750242296008,-11.217502422960079,-0.6733948650008816,-0.00011916132208848721,-144.8556747743715,-0.15535958273191355,0.15372220431840156,34419.98898458125,18920.431783723514,70,8,4,-0.1665813478239902,2663,16.65813478239902,18.07531148192035,-174.86508625778208,-0.19612625364887254,-0.0045079387790978335,False,1.0399599923972964,0.5496931388385713,4,0.9304497414221068,-3.520857212994615,-1.2108178236349136,7661.135178085298,17,-0.15499557200857772,-15.499557200857772,15322.300291683681,107,0.20696324951644102,1.448742746615087,0.08318530370782833,0.0,0.34579439252336447,37,-0.040972255443200045,-1005.1235235492991,-0.9991395017324003,1.0,0.003,75,1.0,0,8.05277764573108,-0.2551084087907994,0.5965473240320075,0.3325351416260507,3,75,-83.880328743488,151,11
True,False,2.0,6.0,55,2.5,1.5,-167.11080511095085,12,14,80,True,trend_state_tp,48,2,True,1.5,0.5,0.0025,71.09553928188546,34.167168002879265,6,0.005,0.0,-0.11935845098513401,12.232634380390586,2,-403.81587002465153,-0.4560332147679203,-238.90257171346488,-0.2703167518391524,-0.011527400574246581,323.3018543473986,0.3628075535998288,0.0,1605.448737262919,1.86940334676698,0.0,-0.16992815498337022,-16.992815498337023,-0.7332849691606566,-0.00011104704905062995,-238.90257171346494,-0.2703167518391524,0.07605543022881082,30286.190251848857,7112.640795642769,75,10,2,-0.23173549456206077,3091,23.17354945620608,26.22072492839778,-313.952275817609,-0.3524549819706983,-0.014620404954373925,False,0.8006170097467,0.23484765619236542,0,1.0,-6.91426877018899,-2.5309608726796746,4331.8192206654885,17,-0.23173549456206077,-23.17354945620608,21659.16653923483,97,0.18762088974854932,1.3133462282398451,0.1343695513262768,0.0,0.2268041237113402,22,-0.030245740747322447,-958.9137849541073,-0.9990869189567213,3.0,0.08,23,True,False,False,True,0.0,-0.05093928211096637,4.881117579995016,2,-404.0195320645273,-0.4165182794331794,-96.16743046473687,-0.09879078804934764,-0.004545305432106191,591.3689297747952,0.6108006093745432,0.02226348428814573,2258.595179488527,2.342311927361306,0.0,-0.06684269217979966,-6.684269217979965,-0.5926890297155519,-9.08422028711688e-05,-96.16743046473681,-0.09879078804934764,0.07992265549468257,27069.30864832333,17741.06789324386,67,7,2,-0.11277868971504221,2683,11.27786897150422,11.825689883843957,-242.4254273990812,-0.2513358260542551,-0.00868425958654314,False,1.4637137139210035,0.655394200263136,4,0.8271279599584944,-2.060925241343561,-0.8801414520036194,5620.428049079096,17,-0.0932824075507949,-9.32824075507949,11240.886230452294,97,0.18762088974854932,1.3133462282398451,0.06083566931915995,0.0,0.30927835051546393,30,-0.02468425530114493,-1019.16485840593,-0.9991168342638582,0.12,0.003,20,1.0,0,6.986615719673798,-0.1810856406915544,0.46037713908855654,0.27336899953878563,1,76,-84.0925926893456,169,11
True,False,3.0,3.0,80,1.8,2.0,-193.8127113874019,55,50,200,True,trend_state_tp,96,1,True,0.8,0.5,0.012,67.20260570872175,35.26882108741579,36,0.005,0.0,-0.14260855396337502,14.992186403564135,1,-280.36251671775005,-0.32344954880298227,-186.2169527411866,-0.21515361746662878,-0.01154916579090721,119.0429062131252,0.1359877356542748,0.0,273.7405759206092,0.34266089918150505,0.0,-0.192164482581187,-19.216448258118703,-0.7321038512661435,-0.00011276996325160979,-186.2169527411866,-0.21515361746662878,0.06574282951981952,29998.78928879926,3928.4159050331327,107,14,4,-0.2624825456782483,3087,26.24825456782483,30.362695562977198,-201.49801928760382,-0.2217663169899222,-0.012299689888559099,False,0.4246035012339739,0.1309524816889826,0,0.9932231233281027,-10.360137825203116,-3.576493263866398,4566.881097264372,17,-0.26070373383766116,-26.070373383766114,22834.438759983455,140,0.27079303675048355,1.8955512572533848,0.16249419428669645,0.0,0.2357142857142857,33,-0.039821181151614926,-977.9692106336232,-0.9990650091807273,4.0,0.006,494,True,False,True,False,0.0,-0.09293886152534886,9.509092297701686,1,-260.1791922421299,-0.2817405939210902,-115.88604526279312,-0.12592330253394768,-0.005939960568484943,178.97386378193863,0.1924859450832566,0.0004300745142058471,418.16686870292307,0.4670688677829095,0.0,-0.11755955775377536,-11.755955775377537,-0.6905635405178633,-8.666104655949762e-05,-115.88604526279309,-0.12592330253394768,0.0676764421527554,24456.8440707602,8232.797733969179,94,10,5,-0.17023713366856263,2849,17.023713366856263,18.593060849192,-120.07459230091746,-0.12357516794404452,-0.006349578191683061,False,0.6878869222385035,0.33662551513799127,1,0.9530262867546794,-6.465870216383773,-2.021215822354618,5510.095343609464,17,-0.16224046336791026,-16.224046336791027,11020.191912182607,140,0.27079303675048355,1.8955512572533848,0.10622830202514144,0.0,0.32857142857142857,46,-0.030041091838412304,-994.4768698515688,-0.9990802572040276,0.2,0.002,150,1.0,0,4.398651524760507,-0.15485536340476555,0.29191359886843515,0.30168874557700903,0,77,-89.5534156643527,210,11
True,False,1.5,6.0,30,2.5,1.25,-74.15569639324397,16,30,80,True,trend_state_tp,18,8,True,0.8,0.67,0.0025,58.46642832478388,34.124959859038874,3,0.0,0.0,-0.09937640821743611,10.714841979695017,8,-602.9707877271725,-0.6541391636967376,-172.4526672954884,-0.18796170331817708,-0.006240534419307611,275.2861779534632,0.29686285547552604,0.011376040383173525,710.0787307869887,0.796940860050303,0.0,-0.12775020684367555,-12.775020684367554,-0.6747826540651307,-0.00011145228215016509,-172.4526672954883,-0.18796170331817708,0.28488559458588464,31354.48096181298,13764.308897673161,52,5,7,-0.18932052576346306,2655,18.932052576346305,20.842576513781776,-59.36921776967244,-0.06583889286153409,-0.0022487820715876372,False,0.4565497758044334,0.4389901690427243,5,0.9291212346471593,-4.548795782901838,-1.4031006350068858,5936.955849326826,17,-0.17590172064139814,-17.590172064139814,29685.230046979643,102,0.19729206963249515,1.381044487427466,0.11341856927516102,0.0,0.49019607843137253,50,-0.032787712975556604,-1015.5904142320478,-0.9991042240804158,4.0,0.08,773,True,False,True,True,0.0,-0.05926059294351006,6.3468255468314885,8,-649.6064381965023,-0.6541696995423503,-51.01835853395307,-0.050381083441487735,-0.0015551156389938836,392.7624591469023,0.3972553043574275,0.024139875214635342,1106.4243321273868,1.1267508661899397,0.0,-0.036685470394428155,-3.6685470394428155,-0.36559343164458313,-9.240899172247399e-05,-51.01835853395315,-0.050381083441487735,0.2897196261682243,27933.076842449595,22780.222630520326,43,4,8,-0.10034499315100512,2655,10.034499315100511,10.448847387135995,69.23246353956566,0.06722445799566223,0.001984011999999942,False,0.6046160198740116,0.8155285849463411,7,0.5135138336374241,-1.1189681688120114,-0.34675511658382085,7879.541381256098,17,-0.051528542119293703,-5.1528542119293705,15759.156705887746,101,0.195357833655706,1.367504835589942,0.06604480179291049,0.0,0.5742574257425742,58,-0.02713238031306997,-1051.671819290363,-0.9991506618947572,0.2,0.0005,150,0.75,0,7.883846857050967,-0.2380798325053928,0.5049554853383348,0.4635332203056661,1,78,-89.94348527628948,158,11
True,False,2.0,12.0,20,1.8,1.5,-147.9626797002729,30,80,150,True,trend_state_tp,72,4,True,1.0,0.33,0.025,73.64706609345704,33.61104455380362,18,0.0005,0.0,-0.11785581198748496,12.92241299058866,4,-446.9480015243173,-0.4980524725361108,-190.87293308673094,-0.2166417899683901,-0.00896467294401788,359.68846405407965,0.38839117755220903,0.014483778156991978,1531.7698999394925,1.542672097033969,0.0,-0.1766294223332272,-17.66294223332272,-0.6947681972275176,-0.00013988410397813703,-190.87293308673097,-0.2166417899683901,0.18562681276184337,38437.52813109128,14387.538562163189,86,9,2,-0.25422784611913646,2663,25.422784611913645,29.171719716289406,-218.85623761098196,-0.24984615836526808,-0.010143484590124383,False,0.8047657956347521,0.37430967238825696,1,0.9460013895432127,-5.865138420882284,-2.183214473793321,5863.188510280021,17,-0.24049989568928112,-24.049989568928112,29316.22078689299,126,0.2437137330754352,1.7059961315280465,0.14190076185922054,0.0,0.31746031746031744,40,-0.04855068348724967,-1009.7739777152558,-0.9990925819563072,2.5,0.04,581,True,False,True,False,0.0,-0.06210999811168639,6.259834555890009,4,-461.32186420876246,-0.46327235094670005,-49.469494954987525,-0.0486542719292553,-0.0025323310386512984,548.1202172955878,0.5529484309588019,0.037360062415170425,2934.549697455083,3.0029078517117513,0.0,-0.044093916436221514,-4.409391643622151,-0.39247917175712693,-0.00011236366427419137,-49.46949495498757,-0.0486542719292553,0.18884950048340315,34137.81795144842,27954.131082074986,74,5,5,-0.11234715014000185,2663,11.234715014000185,11.697952744988111,-109.96642249014259,-0.11311969899454462,-0.0038721665422146523,False,1.188151396716689,0.8188610977371777,4,0.5504088765640773,-1.0908477363323597,-0.46351995139949836,7613.9889794232695,17,-0.06183686869373414,-6.183686869373414,15228.044592233373,125,0.24177949709864605,1.6924564796905224,0.07154074826415464,0.0,0.408,51,-0.032145910541658274,-1047.702603542774,-0.9991273695758537,1.0,0.0005,100,1.0,0,5.16216595221408,-0.22301149293705588,0.44476432110556646,0.3478599178599179,0,79,-92.16024995307183,178,11
True,False,1.5,8.0,40,1.5,2.0,-251.08011982618245,40,30,400,True,trend_state_tp,48,2,True,1.2,0.5,0.012,70.32631308760548,33.728417216276405,24,0.0025,0.0,-0.2032972191211695,22.08149486932712,2,-474.0619057560386,-0.5868937767078011,-252.77044104576606,-0.31574247014664153,-0.01059772841428585,316.2647539235065,0.3815037467249116,0.0,1129.1856057110099,1.4340841931243433,0.0,-0.28592060805924524,-28.592060805924525,-0.7518023344459199,-0.00020713898001451818,-252.77044104576595,-0.31574247014664153,0.1443764099258782,51198.68582165217,13283.119664787273,108,13,4,-0.3803135411517036,3072,38.031354115170366,47.54821978528438,-301.6407592992474,-0.3590553075992956,-0.012355331949746615,False,0.6671380891048909,0.2594425902074576,0,0.9969554605404056,-8.514983998029164,-3.586416916310047,7528.274953817738,17,-0.3791556615686492,-37.91556615686492,37641.55612571135,150,0.2901353965183752,2.0309477756286265,0.2267897813131978,0.0,0.28,42,-0.07533209969579635,-998.8676019878201,-0.9991042240804159,4.0,0.015,470,True,False,True,False,0.0,-0.11914103641685582,12.142169796657797,3,-549.5210354679525,-0.5967203585530795,-136.36389550087017,-0.149830560447024,-0.0044722958881204915,518.9888092745016,0.5590291193074086,0.02467395156416452,2072.0683924688988,2.0713911140826684,0.0,-0.14928003340746532,-14.928003340746532,-0.6316645986361944,-0.0001803491228215613,-136.36389550087026,-0.149830560447024,0.14727682887528198,50555.93526305164,30101.350937921103,92,7,4,-0.23632800338941073,2673,23.632800338941074,26.669951303771224,-223.8710282539891,-0.24590747807188007,-0.006405555113167051,False,0.9444384760131143,0.5954068653126157,2,0.8655167407912442,-3.4671755997184,-1.6154809856620571,10594.814692157948,17,-0.2045458432513049,-20.45458432513049,21189.674703936224,150,0.2901353965183752,2.0309477756286265,0.1349693915061896,0.0,0.38666666666666666,58,-0.04681685651139866,-1038.0349943959923,-0.9991506618947573,0.2,0.002,150,0.75,0,9.84421780956165,-0.23336104360387983,0.40358803741850285,0.27945915389539616,1,80,-97.60768833731618,202,11
True,False,2.0,3.0,80,2.5,1.25,-174.57979371710024,8,20,100,True,trend_state_tp,24,3,False,1.0,0.25,0.012,65.2207154574428,32.18375583025816,18,0.0,0.0,-0.13243487217320518,14.37119511559112,3,-396.97712661198267,-0.45753203518799823,-187.64129558735118,-0.2174767460174133,-0.008442426070531039,272.8975326668382,0.31064489015787355,0.005870379396610392,679.8736780779395,0.7132011677180592,0.0,-0.19951195984747117,-19.951195984747116,-0.7370992384173413,-0.00014817033524243314,-187.64129558735112,-0.2174767460174133,0.14695456010312602,39300.73553458629,12280.38897000772,99,12,4,-0.2706717758599944,3048,27.067177585999442,31.382925088872803,-175.8932382412122,-0.21976063234225007,-0.00982644870180716,False,0.6874389338143817,0.3124722426429008,1,0.9982698225083843,-7.2862594077965985,-2.5432943977450204,6422.645952975787,17,-0.2702034656457858,-27.020346564578578,32113.517660304828,144,0.27852998065764023,1.9497098646034816,0.1506922795848016,0.0,0.3125,45,-0.044431955115988186,-984.4966568463998,-0.9990925819563072,4.0,0.01,378,True,False,True,False,0.0,-0.04789199941868678,4.872831260840737,3,-428.189147588586,-0.44363870932495214,-71.11028751239076,-0.07359766926756704,-0.0022919455696462873,393.659022428054,0.40804304953728354,0.018624338635501836,928.4589500545978,0.9406737199939252,0.0,-0.07399950204024985,-7.399950204024986,-0.6544252309964868,-0.00011970508116040166,-71.11028751239073,-0.07359766926756704,0.15017724782468578,35111.51010226407,24800.518412967398,82,9,4,-0.11307556392282057,2509,11.307556392282057,11.833718403440148,-57.81665876619984,-0.06242165320385003,-0.0018381339079790325,False,0.9193577759852304,0.7063358522813351,6,0.9118673682966865,-2.298562813125804,-0.796894810342172,8549.512018277926,17,-0.10310991689296614,-10.310991689296614,17099.085386978746,145,0.2804642166344294,1.9632495164410058,0.05589640405350981,0.0,0.43448275862068964,63,-0.02336330322620417,-1003.361842813564,-0.9991273695758536,0.2,0.0,50,1.0,0,8.070710794527573,-0.19670792652956737,0.4548729916049872,0.3549439917086976,0,81,-99.07244219949665,227,11
True,True,2.5,8.0,55,2.5,1.5,-240.9768549000482,8,50,80,True,channel_reclaim,12,1,True,1.0,0.5,0.025,72.79949433982982,27.561190525349378,6,0.0005,0.0,-0.1651012562741411,19.069561723106485,1,-283.7954515045198,-0.3424521084319795,-199.7593502747956,-0.24160863929890994,-0.010749592363954239,124.02680446325955,0.1469353153020347,0.0,373.97703238162757,0.5110407169805555,0.0,-0.24611142452738644,-24.611142452738644,-0.7439975378446646,-0.0001462230319575926,-199.75935027479557,-0.24160863929890994,0.06090879793747986,37177.20414709209,4216.911351750825,131,15,3,-0.3307960201593715,3043,33.07960201593715,40.04371553314699,-189.92261680287592,-0.20804387441345687,-0.01040700446023552,False,0.4370288664097362,0.11342733937351934,0,0.9963932691651387,-11.359797046108138,-4.03755919119159,5960.028384523982,17,-0.3296029279534133,-32.96029279534133,29800.2119213074,165,0.3191489361702128,2.2340425531914896,0.19632780578838202,0.0,0.20606060606060606,34,-0.04593990479856913,-972.2488136133245,-1.0009528320942138,3.0,0.006,737,False,False,True,True,0.0,-0.09518137212352112,10.434874971956571,1,-277.6167346650053,-0.30638092302583364,-121.11658967015678,-0.13448106390535852,-0.00490183014773778,183.49976398053053,0.20010973331128082,0.005427017552216196,540.8825265328253,0.6489011194139074,0.0,-0.1457293375079841,-14.572933750798411,-0.707856107887441,-0.00010963729681489133,-121.1165896701568,-0.13448106390535852,0.06090879793747986,30260.22407848557,10275.986782909711,109,12,4,-0.20587423896490148,3043,20.587423896490147,22.94944491886953,-87.46761036120795,-0.09879096859811805,-0.004361754199257095,False,0.660982358293192,0.33958726664604366,3,0.9707012104114172,-6.788601797608616,-2.1262851542010983,7538.098477309078,17,-0.1998423729557592,-19.98423729557592,15076.207474892784,165,0.3191489361702128,2.2340425531914896,0.11893892102276639,0.0,0.3393939393939394,56,-0.03826734664398446,-1000.2767267110579,-1.0009447176495194,0.2,0.0,30,0.25,0,7.523571397788578,-0.14469853411180675,0.297091526237447,0.29060639831038315,0,82,-103.51127610716456,333,11
True,False,1.5,4.0,30,2.0,1.5,-378.4151171010229,8,10,80,True,trend_state_tp,96,1,True,1.5,0.25,0.0025,67.80646270757414,44.17130456007106,12,0.001,0.0,-0.3003263843134089,37.798342120418766,2,-372.1341284987283,-0.5321468092994486,-276.59959448073545,-0.3936725589179081,-0.012646154259856856,310.7608739261833,0.4576876471315638,0.0,768.052934081758,1.1845084478489207,0.0,-0.4167851891097205,-41.67851891097205,-0.7807346051674114,-0.005622570308736861,-276.59959448073545,-0.3936725589179081,0.13277473412826296,61774.265330788905,8390.54359600695,166,14,2,-0.5338372173478209,3094,53.383721734782085,75.97880387115626,-304.4036621784216,-0.449295048880049,-0.013956149887651195,False,0.8350775973702323,0.13582587427106188,0,1.0,-13.005304095416529,-6.865664658407143,8642.98778897156,17,-0.5338372173478209,-53.383721734782085,43214.900799028626,193,0.3733075435203095,2.6131528046421666,0.3343954312125538,-0.0010675774303114608,0.13989637305699482,27,-0.07963052910803214,-964.4662829025858,-0.999104224080416,1.0,0.015,732,True,False,True,True,0.0,-0.21052900678614264,24.364745837922204,2,-380.5447221004985,-0.48334278061332936,-202.73586626151175,-0.2553120229146961,-0.006842941364610313,417.5275843396048,0.5401441085921639,0.0,1245.7588244597125,1.605358053963543,0.0,-0.2958012002673204,-29.580120026732036,-0.7559830109544142,-0.0002370101899051963,-202.73586626151177,-0.2553120229146961,0.1353528843055108,57081.70831507478,17953.686126603014,150,14,3,-0.39128022188471795,3094,39.128022188471796,49.27522042253633,-253.99392051274532,-0.31665347682698564,-0.007979242835629865,False,1.097184010423194,0.3145260829879824,0,1.0,-8.104973185696593,-3.9929979637336332,12180.826450435537,17,-0.39128022188471795,-39.128022188471796,24361.642558658365,193,0.3733075435203095,2.6131528046421666,0.2365031847229659,0.0,0.22279792746113988,43,-0.06315314002153827,-977.0112522209777,-0.9991506618947572,0.2,0.003,10,0.5,0,9.451574677008042,-0.19826594269287726,0.4964710704421376,0.27257777207615147,1,83,-103.86371749552399,267,11
True,False,1.0,3.0,40,1.5,0.75,-125.65171520357946,8,8,200,True,trend_state_tp,12,3,True,0.6,0.25,0.005,71.08597814690862,22.00061351639802,48,0.0005,0.0,-0.1093280959981736,12.414293861054759,3,-636.2237197458387,-0.6910294031949603,-197.71580883384243,-0.22058878751100341,-0.0059599818568655824,445.429127170419,0.46939078215879987,0.02076517944898182,2617.808299549319,2.656891307282333,0.0,-0.16058334643214822,-16.05833464321482,-0.6485746048447404,-0.00014919182404601677,-197.7158088338423,-0.22058878751100341,0.11118272639381244,41990.76550322536,20044.31072266885,66,7,4,-0.2475942555145057,2713,24.75942555145057,28.238075579383707,-299.3368535194827,-0.3370777030218191,-0.010576865130910494,False,0.7001139903245998,0.4773504479485906,1,0.8863878822612967,-4.478141736969683,-2.2166803064981666,8121.310021897131,17,-0.2194645478055651,-21.94645478055651,40607.219661357725,111,0.21470019342359767,1.5029013539651837,0.13220131471560584,0.0,0.40540540540540543,45,-0.0558966139456224,-1036.4122898021717,-0.9990912083728554,1.5,0.015,688,True,False,True,True,0.0,-0.062313016153459834,6.632647128803114,3,-700.5466069771567,-0.6794585486482457,-45.44604002531835,-0.0426388287764349,-0.0012174834561691922,671.4564672049955,0.6542582231587545,0.059487406719127556,4225.321180091572,4.167968985192936,0.0,-0.0359081954133601,-3.59081954133601,-0.2574216982491924,-0.00012925088823088958,-45.44604002531821,-0.0426388287764349,0.11247180148243635,40631.7032046751,35587.19276186477,58,7,4,-0.13949171984173542,2244,13.949171984173542,14.797509390069953,-83.81216982432586,-0.08324967719252571,-0.0015548624987920874,False,0.9584750829103513,0.8758479205904933,4,0.3616351170186801,-0.6989196018562338,-0.38080962837467874,11949.482731861155,17,-0.05044510442810293,-5.044510442810293,23899.08867996621,111,0.21470019342359767,1.5029013539651837,0.07531403037626751,0.0,0.4774774774774775,53,-0.03226503797737734,-1097.5211104079228,-0.999184379778973,0.08,0.003,100,1.0,0,7.719377136686976,-0.3386763872519201,0.4727240708379617,0.3868308162425809,2,84,-105.29140346765683,142,11
True,False,2.5,1.3,30,1.8,1.0,-219.9525742373668,55,50,100,True,trend_state_tp,48,3,False,0.8,0.67,0.018,77.7260393164448,30.288773635397146,36,0.01,0.0,-0.15931719584058826,18.328638560274708,3,-363.4499386096454,-0.43153465164081384,-220.87400297433945,-0.261757133562807,-0.011445994819780196,87.48790432992682,0.10543610321055667,0.0,152.5552665674815,0.18300207570548513,0.0,-0.22304741570144815,-22.304741570144813,-0.7393694400824184,-0.00013119556261064288,-220.8740029743395,-0.261757133562807,0.13857557202707058,33800.844290697,3761.9798861868535,93,15,3,-0.30167248415972503,3048,30.1672484159725,35.78274049585841,-202.88201001338487,-0.24752796890247086,-0.010743491824727579,False,0.2407151440569951,0.11129839994033115,0,0.9957442584854919,-10.084930989480386,-3.274999060532233,5273.7471635916845,17,-0.3003886440451017,-30.038864404510168,26368.77590942484,136,0.26305609284332687,1.841392649903288,0.1802787476480403,0.0,0.3161764705882353,43,-0.04636127426393455,-944.1589448213782,-0.9990832794109277,1.0,0.015,68,True,False,True,False,0.0,-0.10905037038834166,12.158694739727467,3,-355.94337863559434,-0.39855380038385063,-154.87920409569674,-0.17315569929481778,-0.0064020608750492945,123.78868693328413,0.13923816010928042,0.0,248.62498489278508,0.2551715212248602,0.0,-0.15388650911659674,-15.388650911659674,-0.7216418285951824,-0.00010340147858891346,-154.8792040956967,-0.17315569929481778,0.13857557202707058,28119.52691221195,7055.955155197197,79,6,4,-0.2132449963663651,3036,21.32449963663651,23.880413760144172,-97.97259694107395,-0.1164104868124444,-0.004453810437484695,False,0.34777634411347147,0.2509272356261757,0,0.9877639389402835,-7.272436738945161,-2.0182246128840764,6553.2030481917545,17,-0.21063571757014724,-21.063571757014724,13106.400480510614,136,0.26305609284332687,1.841392649903288,0.1263963519564751,0.0,0.41911764705882354,57,-0.02852357285255669,-976.5865132342965,-0.9991103148997007,0.08,0.0,10,1.0,0,6.272621009870902,-0.22482834382935107,0.2514210624619675,0.37737613263929054,0,85,-107.7489639232871,178,11
True,False,1.0,6.0,20,2.2,1.25,-281.2614002436194,8,14,150,True,trend_state_tp,72,1,True,0.6,0.67,0.0,73.1240360094538,44.24480757709219,48,0.005,0.0,-0.2165277648373534,25.63781073875686,1,-467.98322772640694,-0.5932906106565696,-320.71303148756476,-0.40893511185991777,-0.010549858079321147,194.73265534838296,0.23630913392836406,0.0,753.5346537682937,1.0144997783904774,0.0,-0.3063100915293042,-30.63100915293042,-0.7533959266532988,-0.00018914274510196442,-320.71303148756476,-0.40893511185991777,0.05897518530454399,45862.356317187885,5452.5143497547215,98,10,2,-0.4065725346963064,3050,40.65725346963064,51.94806995354556,-337.03103654418123,-0.4433102206395084,-0.011862532826826576,False,0.41611033005274256,0.11888866572935497,0,0.9939147020252538,-10.455121368984246,-4.030609616747644,7879.059724874552,17,-0.4040984196743315,-40.40984196743315,39395.47024157231,126,0.2437137330754352,1.7059961315280465,0.24138432484409947,0.0,0.2222222222222222,28,-0.08703944970792221,-1003.2311866755797,-0.999119215335603,2.5,0.025,616,True,False,True,False,0.0,-0.13073836961910015,14.340351267720159,1,-529.5579696825364,-0.5970878009351237,-195.86114123241018,-0.22275992701101027,-0.004616766439123427,384.4811691156352,0.4282450711178826,0.002090622898930805,1272.6922585492246,1.4910016000800583,0.0,-0.18144902589468437,-18.144902589468437,-0.7059186794363345,-0.0001563057070510795,-195.8611412324102,-0.22275992701101027,0.06445375443119562,42364.6375746029,17686.13377931922,80,5,3,-0.2570395587768958,3050,25.703955877689584,29.45160162052759,-235.43292757313816,-0.2704336758346435,-0.005284647764448462,False,0.7260417010551782,0.4174739781067276,1,0.9601052815650059,-5.323098828305505,-2.075645492702383,11662.914158697069,17,-0.24678503795283643,-24.678503795283643,23325.86955851387,126,0.2437137330754352,1.7059961315280465,0.1467774012981367,0.0,0.36507936507936506,46,-0.059549595813711886,-1012.871173250091,-0.9991843797789729,0.08,0.001,75,1.0,0,10.24835859330642,-0.2661706574031188,0.421073493666229,0.36259774907855524,1,86,-108.78880071797202,173,11
True,True,2.0,6.0,14,2.2,2.0,-246.78870215095748,12,8,150,True,trend_state_tp,36,2,True,1.5,0.67,0.008,69.1802551857606,24.40905136587146,24,0.0025,0.0,-0.21691578426523317,26.269344883057286,2,-365.38354928945637,-0.469408739421833,-199.79113973536613,-0.25614291990497157,-0.011198960683548599,243.7599572845186,0.3151048109437643,0.0,810.1769276686078,1.016395183832625,0.0,-0.31246598463995845,-31.246598463995845,-0.7586902201383362,-0.0002311599176404298,-199.79113973536607,-0.25614291990497157,0.1650016113438608,54807.532393418434,13650.557607933042,150,10,4,-0.41184923219780634,3049,41.184923219780636,52.814952380180095,-240.2143514411108,-0.32329284079156095,-0.013567809968578294,False,0.667134461194399,0.2490635321792424,0,0.9993213916134782,-10.23871272172699,-4.814234986422105,7939.033926108142,17,-0.41156974785485434,-41.15697478548543,39695.33156530795,206,0.3984526112185687,2.7891682785299805,0.24299995412795075,0.0,0.27184466019417475,56,-0.049389423028422974,-949.6798149662699,-1.000973106802314,2.0,0.015,412,True,False,True,False,0.0,-0.12576718171973805,14.165082875138214,2,-386.97773099429844,-0.4424199943261521,-119.94545615799333,-0.1363945022971608,-0.005543308743714636,356.3823854419023,0.4094888078086073,0.002220064911013564,1076.011247600167,1.2186944210751658,0.0,-0.18168136563149007,-18.168136563149005,-0.7250881744452485,-0.00019286472672077964,-119.9454561579933,-0.1363945022971608,0.16693522397679664,51081.0604912474,26372.296522700763,132,8,4,-0.2505645134407151,3049,25.05645134407151,28.567643350978518,-183.62801607010942,-0.2112571503002706,-0.007625329963574746,False,0.920937710100825,0.5162832617231896,1,0.9861238380986007,-5.226047451904558,-2.439458633448352,10615.44920583654,17,-0.24708763968546643,-24.70876396854664,21230.926962121892,206,0.3984526112185687,2.7891682785299805,0.14203398909447265,0.0,0.3592233009708738,74,-0.029341936798223167,-966.6722331464956,-1.0009705679876413,0.12,0.002,30,1.0,0,12.555823182577925,-0.17646937777159338,0.4354816515622376,0.31464937500368895,0,87,-111.92234092365587,409,11
True,False,1.0,12.0,20,1.5,2.0,-334.28338381412084,30,10,200,True,trend_state_tp,12,2,True,1.0,0.67,0.012,77.2365622454669,32.654481531569516,3,0.0005,0.0,-0.300116553357084,34.08115811139092,2,-495.15843181821776,-0.6715187957378134,-300.55960638595167,-0.40648974537668814,-0.010984436370641445,224.40466687318482,0.30847234396960316,0.0,760.9198703981926,0.8584586386329743,0.0,-0.36816347791055626,-36.81634779105563,-0.766937107128885,-0.0002546458983510505,-300.55960638595167,-0.40648974537668814,0.13760876571060265,57438.37809091327,9649.400675546947,116,14,3,-0.4800438973266237,3071,48.004389732662375,65.04615894469049,-373.5924205766093,-0.48174770274870365,-0.013640574675576061,False,0.45319770896190276,0.16799570246001566,0,0.9955126537698797,-10.82811587252258,-4.926027638251358,8976.680560803226,17,-0.47788977415366285,-47.78897741536628,44883.55458545894,159,0.30754352030947774,2.1528046421663443,0.33007852686098166,0.0,0.27044025157232704,43,-0.06861829664315688,-996.1326051482802,-0.9991055305002418,2.0,0.01,709,True,False,True,True,0.0,-0.20301610378532492,20.851868662287217,2,-573.4416485340728,-0.6903937448815192,-198.69296323852365,-0.23611741493617525,-0.005291194374550321,436.47429997427156,0.5338424663271195,0.0010091119106243607,1377.712361182821,1.5665175613749442,0.0,-0.23527452732718834,-23.527452732718835,-0.7319132793503808,-0.00022687931149573427,-198.69296323852367,-0.23611741493617525,0.14469867869803416,57344.164853407274,25751.983698482025,100,8,5,-0.3214513713100128,3071,32.14513713100128,38.357578846740616,-315.87136137047133,-0.34856509104296707,-0.007698532576912594,False,0.761148586068103,0.4490776657801808,1,0.9827981453672889,-5.70234598198556,-2.7731500896441785,13369.652799032612,17,-0.3159218115492523,-31.592181154925232,26739.339665310512,159,0.30754352030947774,2.1528046421663443,0.22549389853537485,0.0,0.3710691823899371,59,-0.04705035690628323,-1002.4366484170071,-0.9991843797789729,1.0,0.003,50,0.75,0,11.84461446295122,-0.2528448083824062,0.4613914513611297,0.32633608815427,1,88,-114.3647752900843,254,11
True,True,1.5,12.0,30,2.2,0.75,-318.51207656506904,12,14,400,True,channel_reclaim,36,1,False,1.5,0.67,0.005,65.04918823366982,38.22077887892047,18,0.0025,0.0,-0.20417011360976053,24.626534546973982,1,-382.7016604309461,-0.4875898507750285,-260.08193643411727,-0.3307776033461774,-0.010620122620844736,207.40576130379276,0.26706908997631745,0.0,516.1100836861559,0.7590456149962825,0.0,-0.3033748111770247,-30.33748111770247,-0.7536545486310232,-0.00019376534786499526,-260.0819364341172,-0.3307776033461774,0.0573638414437641,46689.60257257542,6636.98436172137,122,20,3,-0.4025382872406068,3043,40.25382872406068,51.27653995201577,-241.9898865277405,-0.2911667967979744,-0.01044297639188358,False,0.5419515584809348,0.14215122845401573,0,0.9950014565176925,-10.596045722644497,-3.8236683430562786,7225.970365333023,17,-0.400526182108541,-40.0526182108541,36129.93440882886,154,0.2978723404255319,2.085106382978723,0.24077561305457262,0.0,0.2077922077922078,32,-0.07172240915197847,-981.5464205573873,-1.0009583211969695,1.5,0.006,58,True,False,True,True,0.0,-0.12840909296928665,14.679417783304407,1,-435.75722238783055,-0.4993510059368959,-168.88774532199665,-0.1940634392697978,-0.004679101606189135,298.1338395432127,0.3401898023976238,0.005469033521891431,789.8055960386693,1.0011212898646624,0.0,-0.19168853541613595,-19.168853541613593,-0.7041822229035082,-0.0001606579073598679,-168.88774532199665,-0.1940634392697978,0.05768611021592008,42704.2077940074,16695.49501441991,98,7,5,-0.27221439164675193,2658,27.221439164675193,31.559858127440286,-127.64569745934803,-0.14444792516911292,-0.004481690780544844,False,0.6841741782488897,0.3909566732850798,2,0.9554495859770159,-6.096236170177344,-2.085908144393283,9850.258929408445,17,-0.2600871277958744,-26.00871277958744,19700.5320271296,154,0.2978723404255319,2.085106382978723,0.15557204715557663,0.0,0.36363636363636365,56,-0.05851068561977535,-1011.1763304770005,-1.0009520714892746,1.0,0.001,10,0.25,0,9.986802446632263,-0.18482938983742578,0.37770726233603225,0.300688528510697,0,89,-116.84282012555104,313,11
True,False,1.0,12.0,14,2.5,2.0,-298.4955328358602,8,20,50,True,trend_state_tp,96,1,True,1.5,0.5,0.0025,75.68915583560805,37.35411325368335,48,0.0,0.0,-0.22082281586076505,27.408410270339495,1,-474.7128544045134,-0.614674286918651,-296.88321339025526,-0.38779165236224683,-0.010214239916592467,426.6994638401743,0.5353859641086395,0.007512218347476507,1327.0133337522457,1.47019697565755,0.0,-0.3331071170143248,-33.31071170143248,-0.762662743131537,-0.0002360285254031918,-296.88321339025526,-0.38779165236224683,0.06961005478569127,56016.11681973258,12374.284451365054,118,10,2,-0.43676857171043637,3050,43.676857171043636,57.078091232536536,-374.94550920723395,-0.47677266196782764,-0.012903235400740957,False,0.8988580357181021,0.22090578843919456,1,0.9991980924236624,-9.758139515901611,-4.82929157313523,8828.78331030471,17,-0.4364183236836756,-43.64183236836756,44144.149829042355,147,0.28433268858800775,1.9903288201160543,0.24868409942844108,0.0,0.19727891156462585,29,-0.08922689708854248,-999.6871595091818,-0.9991192153356029,1.5,0.025,703,True,False,True,True,0.0,-0.11249230273446258,12.972898243536106,1,-512.5487758672458,-0.5754624259898183,-173.94389093796235,-0.19789801954104022,-0.00425256542125827,672.5683213852465,0.746012996580905,0.011611070875844343,2252.465704789275,2.404507166453013,0.0,-0.18830363215912216,-18.830363215912215,-0.715904696808564,-0.00019746259715336894,-173.94389093796232,-0.19789801954104022,0.07315501127940703,53817.62146606081,28247.86949818035,105,10,3,-0.26302891013086255,3050,26.302891013086256,30.100994867433386,-310.627679354947,-0.33418205153287367,-0.006956755909878057,False,1.3122035463790611,0.5248814185516244,2,0.9721270545948338,-4.332579204051227,-2.173641943425171,13429.761793446587,17,-0.25569751967880466,-25.569751967880467,26859.58246526231,147,0.28433268858800775,1.9903288201160543,0.13120164916955346,0.0,0.2857142857142857,42,-0.059496443355092965,-1009.0204723740566,-0.999184379778973,1.0,0.001,75,1.0,0,8.664394045259982,-0.24771251881817033,0.4387299283740154,0.27821043553752856,0,90,-129.54644565391033,246,11
True,False,1.5,3.0,80,1.5,1.5,-242.31808632790418,40,80,130,True,trend_state_tp,12,3,True,0.8,0.5,0.008,75.29272448837683,40.836069611631665,36,0.0005,0.0,-0.19583863713535665,21.12187415007275,3,-416.5662696160417,-0.5091691776407915,-252.1068827410636,-0.30997553545565226,-0.010174328677338043,265.4564818360738,0.3168985737740509,0.0,1440.909581869142,1.522388236513839,0.0,-0.26678082375684764,-26.678082375684763,-0.7455916977072259,-0.00017757855934669048,-252.10688274106352,-0.30997553545565226,0.14888817273606186,44572.590848916465,9025.520382426508,107,10,4,-0.35781088305734515,3071,35.781088305734514,44.07095692263612,-250.13184984211853,-0.33770061968174714,-0.010628587372506692,False,0.6372491034397741,0.20249036931731138,0,0.9934597338894523,-9.342639445402154,-3.9941357891105183,7227.482944102971,17,-0.35547070466490005,-35.547070466490005,36137.61017108061,141,0.2727272727272727,1.909090909090909,0.22000335379747873,0.0,0.24113475177304963,34,-0.057069788132188326,-886.781684438647,-0.8991057787543998,1.5,0.04,415,False,True,True,True,0.0,-0.12897807337105222,13.143508592578328,3,-450.8129894017462,-0.5034518857716953,-161.01197588156361,-0.18085012205728912,-0.0049957613072656275,383.10421276857517,0.4248511485901675,0.015130473233727848,1936.4805056595944,2.058396675462824,0.0,-0.16633722116780647,-16.633722116780646,-0.6915080971537161,-0.000151711672096285,-161.01197588156361,-0.18085012205728912,0.14663229133097003,41474.79502496066,18772.10642566018,92,6,4,-0.2405426948035161,2673,24.054269480351607,27.31516072242119,-144.6033893984999,-0.1719921251165837,-0.004668418789306492,False,0.8498073963595761,0.45261480893064365,1,0.943811185695941,-5.033212674969682,-2.0361216505169293,9788.9489286844,17,-0.22702688599300339,-22.702688599300338,19577.92451410825,141,0.2727272727272727,1.909090909090909,0.14640647295842144,0.0,0.3475177304964539,49,-0.03663251610139162,-946.1073350600855,-0.949215920753897,0.2,0.001,150,0.75,0,7.682331578008399,-0.26859301733496244,0.35118137664011617,0.29814637053767484,0,91,-134.44317438950094,209,11
False,True,1.0,1.7,20,1.8,0.75,-146.12376660712565,10,20,400,True,trend_state_tp,72,2,True,2.0,0.33,0.025,68.68270995719823,39.75836883187607,48,0.005,0.0,-0.06135538887170492,8.880728420701544,2,-743.8530240081402,-0.8135376672486838,-375.10209952651314,-0.40902487150348327,-0.013721525065414427,316.3058838765371,0.34943662051876767,0.0026817875885645215,735.0692052129006,0.8786246667246165,0.0,-0.12524315534752917,-12.524315534752917,-0.7258496536277664,-7.908661703648913e-05,-375.1020995265133,-0.40902487150348327,0.03061553335481792,22315.590720244203,5060.894142024594,30,5,4,-0.1725469657821962,2046,17.25469657821962,18.81514408916023,-597.483986532523,-0.6596104519833597,-0.021111105450038893,False,0.4252263198073329,0.2267873705639109,1,1.0,-5.27596638289795,-1.6938170279633846,2770.377273977013,17,-0.1725469657821962,-17.25469657821962,13851.87055866628,46,0.08897485493230174,0.6228239845261122,0.08384471438839733,0.0,0.34782608695652173,16,-0.07155828933969888,-1000.9149545249925,-1.0009557022982043,2.0,0.01,79,True,False,False,True,0.0,-0.050649379017696006,7.5376987358264325,2,-804.2368107531126,-0.8568959230673943,-293.36328632830185,-0.31223533984664015,-0.008458801992704752,370.77229542395236,0.39582341834034046,0.002215749569380643,1059.0830811812966,1.2150085017705203,0.0,-0.09734473782467801,-9.7344737824678,-0.673106002172776,-7.228842959037065e-05,-293.36328632830185,-0.31223533984664015,0.030937802126973897,20910.157079580928,7415.445908479047,26,5,5,-0.14462021956489862,1975,14.462021956489862,15.52116644764532,-506.5987980176511,-0.552756020540349,-0.01376636920746075,False,0.46102378113823156,0.3546336777986397,1,0.9331137244640993,-3.889671371614168,-1.74897395127334,3588.14166060946,17,-0.13494711171101836,-13.494711171101837,7176.272400030506,46,0.08897485493230174,0.6228239845261122,0.06942903500751048,0.0,0.43478260869565216,20,-0.06384273801214924,-1005.0117050091937,-1.0009460941230826,0.12,0.0,100,1.0,0,14.340301507116468,-0.3136231424537259,0.30074162343161503,0.3467657602350116,0,92,-135.76848624512476,208,11
False,True,1.0,1.3,14,1.8,1.25,-218.8656528537538,10,20,150,True,trend_state_tp,18,2,True,2.0,0.33,0.008,66.27055297808485,28.66621457630425,18,0.001,0.0,-0.13510714062350515,16.053022203569444,3,-675.076435963576,-0.7907024309540093,-387.67707483329343,-0.45544553521144543,-0.013631703497725956,262.0953938090851,0.3025265769021771,0.00806670731317305,490.67084132351596,0.5788863415079263,0.0,-0.2155064267102692,-21.55064267102692,-0.7338965969904577,-0.00013353857229492862,-387.6770748332933,-0.45544553521144543,0.07960038672252659,35103.974670105956,6028.194057608957,52,7,3,-0.29364685378568567,3017,29.364685378568566,34.56742410134788,-527.3080620858549,-0.6613969009529441,-0.017721362658155403,False,0.38824550798456037,0.1717239746854786,2,0.9901614894780236,-7.647821558049893,-3.0010270399514245,4724.272950854449,17,-0.29075780612496993,-29.07578061249699,23621.346500242962,75,0.1450676982591876,1.0154738878143132,0.16178373059319376,0.0,0.30666666666666664,23,-0.06094045094385259,-1000.9328818772252,-1.000951987354854,4.0,0.006,327,True,False,True,False,0.0,-0.09262638647501044,10.594957528467758,3,-695.5074296501746,-0.7719447881090998,-286.1805846699714,-0.31915775978782646,-0.007972646224801642,532.4731052904351,0.5864162968547205,0.02126256624691547,837.934879771505,0.8907482565791527,0.0,-0.15691763564065175,-15.691763564065175,-0.7107443983123907,-0.00012543789212042563,-286.18058466997144,-0.31915775978782646,0.07960038672252659,34775.37148250874,13311.827632260882,50,7,5,-0.22077927875793452,3017,22.077927875793453,24.725291542203387,-472.462832105286,-0.5409274557385767,-0.0116392200884898,False,0.7655893849448276,0.3827946924724138,2,0.9721720249743511,-5.013985511063937,-1.89756809412627,6463.834582422079,17,-0.21463543850247793,-21.46354385024779,12927.660876650543,75,0.1450676982591876,1.0154738878143132,0.11300078548439471,0.0,0.3333333333333333,25,-0.05125807624785739,-1000.9154327090237,-1.0009435607859112,0.08,0.0005,10,0.0,0,14.115419790687051,-0.3157148791426256,0.3602685928961087,0.29819528236336384,0,93,-136.64507775213906,189,11
True,False,3.0,1.7,20,1.8,1.25,-300100.9962510147,10,10,100,True,channel_reclaim,8,1,True,0.6,0.5,0.012,60.228316420156894,32.13348103254533,36,0.0005,0.0,-0.08798474437415654,9.871396494497889,1,-272.3204057771163,-0.30094322641793536,-192.0194262137063,-0.2121678388646194,-0.010287746961923373,102.4174988521305,0.11334191549753936,0.0003032053162970172,257.3408152135047,0.30143375373786,0.0,-0.1369508814280851,-13.695088142808508,-0.7232726026210881,-7.521138732288528e-05,-192.01942621370628,-0.2121678388646194,0.036738640025781505,20968.67124483796,2150.76747589474,77,13,2,-0.18934891344119065,3043,18.934891344119066,20.936764623644105,-151.11192961690267,-0.15772578997672876,-0.009885176197215432,False,0.37609190012721727,0.10257051821651376,1,0.993821587193198,-8.816072594239312,-2.392318663652018,3601.5902549161447,17,-0.18817903768943156,-18.817903768943157,18008.021067269387,98,0.1895551257253385,1.3268858800773695,0.1052987037659697,0.0,0.21428571428571427,21,-0.023801582968728807,-929.5653557999783,-0.9990441245952852,1.5,0.04,338,True,False,False,True,0.0,-0.044253698910190126,4.903188874252343,1,-265.1901462173393,-0.27756986538485273,-102.89180305964345,-0.10795989501501156,-0.0044346937757945475,189.24521462420904,0.19733805165070256,0.003852458869103348,389.2283161426862,0.42194567356218765,0.0,-0.07234001913253507,-7.234001913253508,-0.6786443301806946,-5.701630752933069e-05,-102.89180305964346,-0.10795989501501156,0.03706090879793748,16706.97921169237,6623.582511847317,63,9,2,-0.10659489207443014,3043,10.659489207443015,11.225577844765418,-67.92379999049344,-0.06898895945375341,-0.0039205336804233465,False,0.713620838947429,0.3964560216374607,4,0.94595496121937,-4.748363220985163,-1.2085398306927895,4341.6002097590135,17,-0.10083396699845049,-10.083396699845048,8683.212185180824,98,0.1895551257253385,1.3268858800773695,0.05561272243736278,0.0,0.35714285714285715,35,-0.019465510520788154,-972.8475580337328,-0.9990505448453216,0.08,0.0005,150,0.25,,,,,,,94,-999881,,
True,False,4.0,4.0,20,2.0,0.5,-300048.8230179586,12,80,130,True,trend_state_tp,96,4,True,1.5,0.67,0.008,59.83324508734646,35.58014314439952,3,0.0,0.0,-0.06719777734180997,6.739276966287636,4,-295.43694071058064,-0.31176910185851103,-116.33989824731421,-0.12297016982253615,-0.007812595765797566,328.3148278683819,0.34577200626678084,0.01895167412625831,683.1676551929722,0.6971402276999618,0.0,-0.0845230761760597,-8.45230761760597,-0.6497424709541973,-7.304710489363095e-05,-116.33989824731417,-0.12297016982253615,0.13631969062197874,21271.459731161805,9521.130008183074,72,14,2,-0.13008704210443714,2743,13.008704210443714,13.869957821784748,-145.83119277541456,-0.15705265689744544,-0.010546994351250664,False,1.1112856336743937,0.4476011580077419,2,0.903266730712903,-4.344595026933932,-1.313219486366842,2906.656952023766,17,-0.1175032972297867,-11.75032972297867,14533.427003974493,101,0.195357833655706,1.367504835589942,0.07762665258136232,0.0,0.2871287128712871,29,-0.025215637454381712,-1006.9237403570627,-0.9990417176522628,1.0,0.08,790,False,False,False,False,0.0,-0.04319173363870246,4.647963852120636,4,-280.31908666124946,-0.28220863209285774,-36.408121080759955,-0.036212326495500116,-0.0018354802226074713,385.49192749089764,0.38929479669992917,0.031350481767991045,838.5369876492078,0.83620188527886,0.0,-0.02612128473598796,-2.612128473598796,-0.35889662713287385,-5.892774046963434e-05,-36.40812108075994,-0.036212326495500116,0.13631969062197874,17940.421546319965,14263.201317163212,64,5,6,-0.07278219621249633,2573,7.278219621249633,7.4908853531051385,-74.45700192633359,-0.07583973313838512,-0.004586334731904089,False,1.3751897242614233,0.7950315593386352,4,0.5052362281595169,-1.2097970030316803,-0.3686214757409894,3353.2721862813305,17,-0.03677220229156752,-3.6772202291567515,6706.569903050122,101,0.195357833655706,1.367504835589942,0.04875510845682545,0.0,0.36633663366336633,37,-0.02238660778156154,-1032.903571867034,-0.9990473936995192,0.12,0.003,30,1.5,,,,,,,95,-999884,,
True,False,2.5,3.0,55,2.0,2.0,-299989.70876004925,30,8,400,True,trend_state_tp,18,6,False,0.8,0.25,0.0025,73.41191407327136,24.66029917417662,36,0.005,0.0,-0.05078534545807733,4.8442918912764155,6,-297.82415167135423,-0.30463225194100874,-57.83771827736142,-0.05853207255049375,-0.0034789448837884047,497.1309089462469,0.5105745922900722,0.014320597806084079,1902.351381135726,1.9554827667341401,0.0,-0.04371323317975384,-4.371323317975384,-0.5333507453099431,-7.342927245483588e-05,-57.83771827736146,-0.05853207255049375,0.20947470190138576,22038.98722368021,15908.1890862799,74,10,3,-0.08195963643840232,2585,8.195963643840232,8.487704574269983,-216.05531452977166,-0.2206561771611481,-0.009243226191025314,False,1.6692095189607912,0.7218203325235854,5,0.7480265169316604,-1.7471462800275819,-1.0909314876248117,4649.373288742753,17,-0.061307981374003284,-6.130798137400328,23247.41059335714,106,0.20502901353965183,1.435203094777563,0.056835388244787746,0.0,0.3018867924528302,32,-0.023548785459309274,-479.4696472069272,-0.4920268462835773,1.0,0.04,796,True,False,True,True,0.0,-0.018301091103090274,1.6412588938784496,6,-295.0396943045759,-0.2817074828097523,79.82877617520856,0.07831680089950523,0.0019766158284327505,568.7876507140579,0.5479136926941891,0.027850403596278772,2600.2706384302573,2.6036909334227025,0.0,0.05906469424795002,5.906469424795002,1.2093198722758045,-5.530906076107695e-05,79.82877617520859,0.07831680089950523,0.20979697067354172,17702.381658274557,26164.231932846662,60,9,4,-0.0488412500299006,1712,4.88412500299006,4.993850448177232,-77.89959404746325,-0.07510850008357572,-0.0029907054710546412,False,1.9278343276985843,1.4780063179022476,8,1.7325212334638869,1.9307055045414525,1.4906199113186167,5821.3671132603895,17,0.08461850274572148,8.461850274572148,11642.837930742095,106,0.20502901353965183,1.435203094777563,0.025130702685402732,0.0,0.4339622641509434,46,-0.021270477900492413,-506.4418837350598,-0.4880499581255366,0.08,0.0005,30,0.75,,,,,,,96,-999884,,
True,True,2.0,12.0,30,2.0,0.75,-300003.34793575865,55,30,150,True,trend_state_tp,24,3,True,2.0,0.67,0.0025,62.44410668470664,42.3669456581822,12,0.0025,0.0,-0.07361543180518854,8.449881718028033,3,-479.5396564607033,-0.512905750254938,-146.0564210562073,-0.15701761861639663,-0.006209100874480085,267.1728054232767,0.28397419667483936,0.011303575430281487,784.3235523005045,0.8843728017463649,0.0,-0.10879478325931813,-10.879478325931814,-0.6574622973653881,-9.566632121901652e-05,-146.05642105620737,-0.15701761861639663,0.10763776990009669,27333.760418260084,12289.949049470733,57,5,6,-0.16547683980554534,2712,16.547683980554535,17.971293802705418,-83.25163645603274,-0.08790456515037533,-0.003936639934633946,False,0.5571443400430651,0.4496252568768598,2,0.9091188462667975,-4.430807258218036,-1.4003090245694643,5329.226161956829,17,-0.15043811368789306,-15.043811368789306,26646.55410900641,103,0.19922630560928434,1.3945841392649903,0.08932843916921313,0.0,0.44660194174757284,46,-0.037717567945944164,-1017.0381756263604,-1.000950274030568,2.5,0.006,385,True,False,True,False,0.0,-0.04373622968701815,4.778400822539719,3,-508.62968930209007,-0.5171170208447003,-60.060019500210124,-0.060549099915789995,-0.0023467417131093717,316.41809622636765,0.3226418337209739,0.016115503811636733,1170.9858792941948,1.2250349590889875,0.0,-0.044111877539528055,-4.411187753952806,-0.49309224781236277,-7.979152980860451e-05,-60.06001950021016,-0.060549099915789995,0.10828230744440864,23905.595397198227,17719.413388676596,47,5,6,-0.08945968575907123,2712,8.945968575907123,9.24249234318686,51.68373682631314,0.053195122749013495,0.0019840119999999296,False,0.6220991477326792,0.741224516447448,6,0.6915050009433353,-1.5941412254238254,-0.5353510852624527,6714.288375439036,17,-0.06186182008521704,-6.186182008521704,13428.632577833852,103,0.19922630560928434,1.3945841392649903,0.05219865659680813,0.0,0.5436893203883495,56,-0.025420191790755275,-1029.3188444853865,-1.0009411932134233,0.05,0.0,75,1.25,,,,,,,97,-999885,,
True,False,4.0,1.7,14,1.8,1.25,-300019.6018236968,30,50,150,True,trend_state_tp,8,6,True,0.6,0.67,0.018,58.286825824496525,40.93377069223499,18,0.0025,0.0,-0.06609282920299622,7.22040685192069,6,-329.1607777522616,-0.3509554010787355,-143.007098071587,-0.15347606417227158,-0.01039900861659074,99.42560104743114,0.10370632807800695,0.010714727525143353,2183.1618352036003,2.2335583567121597,0.0,-0.1022377552465018,-10.223775524650181,-0.7114802554602384,-6.424812834393331e-05,-143.00709807158697,-0.15347606417227158,0.20206252014179826,18433.00355412665,4275.300845039539,56,8,5,-0.14369724874566872,2653,14.369724874566872,15.471716443320942,-92.20653835667085,-0.10389473828636456,-0.006665909870322018,False,0.3020578628060676,0.23193728751180187,1,0.9852452174742057,-5.608183256305912,-1.847233182771531,2971.6130070728855,17,-0.14157702709087142,-14.157702709087141,14858.156837042645,99,0.19148936170212766,1.3404255319148937,0.07969697427477483,0.0,0.43434343434343436,43,-0.025435428807081162,-616.9497461703653,-0.6201469756823984,2.5,0.08,677,False,False,True,True,0.0,-0.045969470846973115,4.86176672070065,6,-321.9863448015833,-0.33050705548181486,-76.87683158859294,-0.07914662019653224,-0.005434828176578962,163.33049136013764,0.1671866063830447,0.023833523891835906,2812.0659960539606,2.849844917485001,0.0,-0.0543899927446686,-5.438999274466861,-0.5767740916435227,-5.3063059366346356e-05,-76.8768315885929,-0.07914662019653224,0.20077344505317435,15777.330895277586,8166.524568006884,49,7,6,-0.0943003396523652,2653,9.43003396523652,9.868779690318995,13.79294230260382,0.014914006709908199,0.0005490286060562962,False,0.507259062370444,0.5176112881331061,2,0.8070815391893224,-2.7172151548379384,-0.9702756716607998,3439.2312618312467,17,-0.07610806327270679,-7.610806327270679,6878.4733512556595,99,0.19148936170212766,1.3404255319148937,0.05503602570678126,0.0,0.5050505050505051,50,-0.019196933310059117,-630.648176082397,-0.6344776437371819,0.2,0.003,150,0.5,,,,,,,98,-999886,,
True,False,5.0,8.0,40,2.5,0.75,-299932.7651842599,30,50,400,True,trend_state_tp,120,8,False,1.5,0.25,0.0,60.66607120487104,38.33968735327969,36,0.005,0.0,-0.049347115248877596,4.943935284999311,8,-360.78238635973605,-0.36808727028884786,-58.88548297037926,-0.05982229819088139,-0.005746799612655477,195.65504341672542,0.20008738416622762,0.003960947775936363,885.3234658389747,0.882958129696064,0.0,-0.03943081821051131,-3.943081821051131,-0.5194112534016292,-5.187726195483597e-05,-58.885482970379314,-0.05982229819088139,0.24782468578794714,15513.642613468648,9978.407214253,43,4,6,-0.07591444727521499,2659,7.591444727521498,7.838542134144927,35.61190597598928,0.03615244808030669,0.0049330599999999345,False,0.5423076369965517,0.6432020810889338,5,0.7291412369965097,-2.084617925180403,-0.5375267182359246,2317.563975780337,17,-0.055352353992156565,-5.535235399215656,11588.029137844427,94,0.18181818181818182,1.2727272727272727,0.055753195737317664,0.0,0.5425531914893617,51,-0.024131627858542393,-1010.7706067467227,-0.9990554310963307,1.0,0.08,78,True,False,True,False,0.0,-0.022799534437306725,2.2003585909531664,8,-350.2271637547117,-0.3451069692282147,7.648892879147847,0.008412525955748438,-7.729141560046937e-05,204.48072402777055,0.2028482483069282,0.0164852014697372,1062.6528575890948,1.0575847180606597,0.0,0.005020291862637194,0.5020291862637194,0.10925588908114929,-3.743763965986556e-05,7.648892879147809,0.008412525955748438,0.24589107315501127,11557.496403905487,12268.843441666233,33,4,8,-0.0459498513522543,2615,4.59498513522543,4.674574796811648,24.95142663179702,0.024780579412522714,0.0019840119999999565,False,0.5838516973828523,1.0615485406960947,8,0.15480943176668827,0.28462760882826565,0.07172527558760962,2587.909443976377,17,0.0071134703776062815,0.7113470377606281,5175.85278838985,93,0.17988394584139264,1.2591876208897486,0.026114312566705312,0.0,0.6451612903225806,60,-0.01794341156347745,-1031.1393487990117,-0.999066076780575,0.2,0.003,75,1.0,,,,,,,99,-999887,,
True,False,1.0,8.0,40,1.5,0.5,-299880.42430952704,55,10,50,True,trend_state_tp,72,8,True,2.0,0.33,0.025,58.44978577981383,34.988945535737734,12,0.005,0.0,-0.017222886806269926,1.6610376464678964,8,-844.4805407719506,-0.8325956976270417,52.84514334789314,0.05573351470628823,0.00096798530104819,633.4676448372039,0.6305347697455018,0.03764141510622543,2447.617574232423,2.499119012885203,0.0,0.03116008699331818,3.116008699331818,0.7350007733267246,-9.005459856339694e-05,52.845143347893156,0.05573351470628823,0.21978730261037704,27867.857845474377,32306.84988669741,33,5,8,-0.04239463157607701,1367,4.239463157607701,4.262845256378975,190.44973423074725,0.1839963668498058,0.004933059999999949,False,0.7501269884302402,1.159287163937644,10,1.0470646579997283,0.7923503424425572,0.5756888896160538,6774.845955452597,17,0.04438992041222955,4.438992041222955,33875.35700713772,84,0.16247582205029013,1.1373307543520308,0.021175423147125894,0.0,0.6071428571428571,51,-0.018926015866344126,-1053.965883484199,-0.9990864833237869,1.5,0.04,126,True,False,True,True,0.0,-0.0069091360997329794,1.0924063265929984,8,-910.8102266270698,-0.7899199256139876,431.08167898187224,0.3765087284674169,0.006530367188200742,1078.0652763290407,0.9388939723995227,0.07217942598298221,4213.779589191355,3.9372370707767197,0.0,0.241210095641742,24.1210095641742,8.128475194510287,-7.001916609185064e-05,431.08167898187213,0.3765087284674169,0.21946503383822108,24591.876118930893,60371.6554744263,27,3,8,-0.029674704033623378,479,2.967470403362338,2.9973170361316894,119.88823473769767,0.10603469425434432,0.001984011999999976,False,1.1836332584026346,2.4549430544647235,14,12.057333180123559,3.7630482767931634,2.7088028024221678,10158.752329142193,17,0.35779779355495356,35.77977935549536,20317.769683489907,83,0.16054158607350097,1.1237911025145069,0.009889475303687913,0.0,0.6746987951807228,56,-0.009991065056618065,-1370.2883303572526,-0.9991730820525137,0.08,0.002,50,1.0,,,,,,,100,-999887,,
True,True,5.0,6.0,20,2.5,0.5,-299963.52588159277,16,8,200,True,channel_reclaim,48,8,True,0.6,0.25,0.0,70.15704411817123,29.910153811854908,12,0.0025,0.0,-0.02673514085438762,2.9481362887990494,8,-238.763375338822,-0.24521148547597482,-81.16266188908628,-0.08305828614367304,-0.0059049355577151935,189.91056524445918,0.19584521670788596,0.006151294934054086,882.2907739046432,0.9186441101182068,0.0,-0.03931462640445671,-3.931462640445671,-0.6915028770834634,-3.426744840905737e-05,-81.16266188908625,-0.08305828614367304,0.17563648082500805,10266.825139569342,4747.7641311114785,43,5,2,-0.056853886957452957,3022,5.685388695745296,5.826115617501198,-75.13770154133067,-0.07771012873058428,-0.0055368873717043686,False,0.7953923627313559,0.46243742019264883,2,0.9707447113665416,-3.2630970986369676,-0.8859875185444547,1666.0710157560804,17,-0.05519061008457866,-5.519061008457866,8330.467015705892,68,0.13152804642166344,0.920696324951644,0.031806897527844144,0.0,0.36764705882352944,25,-0.010967543808528823,-434.56191508903834,-0.44776956749174684,2.0,0.015,92,False,False,True,True,0.0,-0.00819529304480826,0.915600338164196,8,-267.0458206194643,-0.2683462967977014,-12.043906597860515,-0.011625949415041572,-2.979203959533701e-05,201.60634569051027,0.20346407136502476,0.010741010383609861,1060.507994890055,1.0779869998505938,0.0,-0.005792946361894313,-0.5792946361894313,-0.2910865113223462,-2.7141061013796883e-05,-12.043906597860513,-0.011625949415041572,0.17563648082500805,8278.420439203395,7459.434790548879,31,3,3,-0.01990111577337661,1924,1.990111577337661,2.0023944443528756,9.589078067627977,0.00966726028569132,0.0006957975432798099,False,0.7549503872513169,0.901069817041894,5,0.4115275032720316,-0.43733813909002756,-0.14023611181906614,1853.6445388363773,17,-0.008189856486545322,-0.8189856486545322,3707.3080455404947,68,0.13152804642166344,0.920696324951644,0.009911940556292836,0.0,0.5441176470588235,37,-0.009185807631871712,-437.357842878116,-0.44053336079194905,0.08,0.003,50,0.0,,,,,,,101,-999888,,
True,False,1.0,3.0,30,2.2,1.5,-299939.9431058355,20,30,200,True,trend_state_tp,120,8,True,1.5,0.25,0.008,67.0320108416226,27.5504253974106,12,0.0025,0.0,-0.05735501732624168,5.882828964582787,8,-673.4151828134814,-0.6536929023058977,-25.302605333256828,-0.021533469824676167,-0.0009890344156756777,892.8568794303942,0.8740257261903875,0.05181563406685563,3180.1034322237397,3.126562491508434,0.0,-0.015602651942332457,-1.5602651942332457,-0.15254623501477768,-0.00010873560997260531,-25.302605333257077,-0.021533469824676167,0.22752175314212053,34344.17432348755,32142.847659494193,51,4,4,-0.10228146201589947,2668,10.228146201589947,10.592963722400805,-231.22747921444238,-0.22578867312543732,-0.006167728099539283,False,1.3258638982567943,0.9359039281812667,6,0.2152224479985596,-0.31067836909618646,-0.14292574094662905,7176.28754418249,17,-0.02201326663993357,-2.201326663993357,35882.459156412966,87,0.16827852998065765,1.1779497098646035,0.06434105683671884,0.0,0.41379310344827586,36,-0.03948662416190163,-1085.3338589184557,-0.9990914839810399,1.5,0.01,185,True,False,True,True,0.0,-0.017768841844695914,1.923434303895501,8,-868.3712387151381,-0.7311098177902081,310.1103105310462,0.2822172373690191,0.00477829006741293,1267.626569293571,1.1055454696858913,0.10044835983269551,5138.456128893941,4.8317677282849205,0.0,0.183820687211399,18.3820687211399,3.6648063879338935,-9.336372918735474e-05,310.1103105310462,0.2822172373690191,0.2281662906864325,33866.47830989038,60846.0753260914,39,4,7,-0.05015836247628664,1371,5.015836247628664,5.062293192869232,92.37308810131785,0.08795802343691957,0.00198401199999984,False,1.459774935854831,1.7966460748982538,7,5.378883138171851,2.9491380649132837,1.9271243749573956,10951.856648853915,17,0.2697959701620099,26.97959701620099,21903.95263933311,87,0.16827852998065765,1.1779497098646035,0.02272897792387438,0.0,0.5517241379310345,48,-0.016327879195534578,-1294.8708671092704,-0.999184379778973,0.08,0.002,150,0.75,,,,,,,102,-999889,,
True,False,2.0,2.2,30,2.2,0.75,-300069.69483135914,16,8,200,True,trend_state_tp,36,4,True,1.2,0.67,0.018,73.1110583565593,41.76258688721252,6,0.005,0.0,-0.076598364627272,7.9455174426892405,4,-472.30228882809513,-0.5134609779044476,-264.341526145382,-0.28839862645563796,-0.011482233949753926,161.4828926811261,0.17244333127287698,0.0,382.40899600541906,0.39309148169770924,0.0,-0.12272891471150427,-12.272891471150427,-0.721549507894548,-7.16612205449246e-05,-264.3415261453819,-0.28839862645563796,0.0837898807605543,20308.99841960809,3391.1407463036485,43,8,3,-0.17009077460203975,3035,17.009077460203976,18.56742747198529,-286.0690461408126,-0.29994750301152595,-0.014070149695185916,False,0.34190580164624473,0.1669772519667707,0,0.9946369938573708,-6.626082940607321,-1.711033265755689,2885.007980811392,17,-0.16917857673304446,-16.917857673304447,14425.049709057215,64,0.12379110251450677,0.8665377176015474,0.08732604108117856,0.0,0.328125,21,-0.03790556764730124,-978.2420661098375,-0.9990743172966802,1.5,0.04,555,True,False,True,False,0.0,-0.0497746839901744,4.841781409689083,4,-436.57448290135636,-0.4597899826199122,-178.654133131137,-0.18862155788123794,-0.006222735315503062,223.70161251040525,0.23440118471109408,0.0,535.9838335930042,0.5449497029820803,0.0,-0.08220497874760047,-8.220497874760046,-0.7161486935839992,-5.827692337398955e-05,-178.65413313113697,-0.18862155788123794,0.08411214953271028,17026.404833152897,5592.540312760131,39,5,3,-0.11478758459531896,3035,11.478758459531896,12.122495146656817,-195.47708660563217,-0.19785882145389816,-0.007527584896412349,False,0.5124019411848,0.3284627828107692,0,0.9960889551516012,-4.51143867898617,-1.0129352008161852,3501.1366395570844,17,-0.1143386452039273,-11.43386452039273,7002.269557280908,64,0.12379110251450677,0.8665377176015474,0.056468599500014614,0.0,0.390625,25,-0.02839971245104067,-992.404876244656,-0.9990950414858306,0.12,0.003,20,0.75,,,,,,,103,-999891,,
True,False,4.0,12.0,55,2.5,1.0,-299979.98619013745,12,14,200,True,trend_reclaim,72,4,True,0.8,0.5,0.0,77.41656747885384,25.43925535122283,48,0.0,0.0,-0.043707070024860066,4.386417343668134,4,-327.5400450901585,-0.33807508502834843,-116.3227568960762,-0.12089290972665284,-0.008877106644503134,179.38144657563905,0.183162135695721,0.005346322645657153,651.1188618795875,0.6619903172107681,0.0,-0.05992423863429308,-5.992423863429308,-0.6475490814259455,-4.6221203031219776e-05,-116.32275689607616,-0.12089290972665284,0.0941024814695456,13756.68189378666,5381.443397269172,42,5,6,-0.09254007202409427,2811,9.254007202409428,9.67234414864457,-145.01993445535666,-0.1499666333649888,-0.010050298347771474,False,0.5476626423686991,0.3911876016919279,3,0.9050391158477754,-4.17499041278983,-1.060893181631738,2234.0853354472233,17,-0.08375238496517573,-8.375238496517573,11170.552412217265,72,0.13926499032882012,0.9748549323017408,0.05017189742315937,0.0,0.4166666666666667,30,-0.01801945358108681,-836.9540564340936,-0.9051898414016937,4.0,0.006,208,True,False,True,True,0.0,-0.025648596842488203,2.4457404612572713,4,-291.5412662589052,-0.2927243726780179,-46.87183205948404,-0.04704900681141599,-0.0037858227825891843,242.28295381255904,0.243294607394568,0.007564293623593565,886.6664643271445,0.8849575618864238,0.0,-0.023961915949520463,-2.3961915949520463,-0.46671603197018674,-3.7198600633570094e-05,-46.871832059484106,-0.04704900681141599,0.0941024814695456,11370.109384097303,7995.337475814448,39,5,6,-0.051341531698339264,2811,5.134153169833926,5.231697469024613,-39.768939502235924,-0.04047135067586938,-0.002886951363648739,False,0.8310417146826756,0.7031891431930332,6,0.6573181197848673,-1.5683799051609466,-0.38023711919892944,2560.202631653236,17,-0.03374771908282753,-3.374771908282753,5120.422486719336,72,0.13926499032882012,0.9748549323017408,0.029380056413752232,0.0,0.4583333333333333,33,-0.013624825067846236,-923.957627457258,-0.9207703258737611,0.2,0.0,30,0.5,,,,,,,104,-999893,,
True,False,1.0,4.0,14,2.5,2.0,-299575.63997261564,10,10,300,True,channel_reclaim,48,8,True,0.8,0.5,0.005,60.57365930318133,44.00876947766721,18,0.0005,0.0,-0.010168438309249505,1.361631825004172,8,-536.0301920455216,-0.49277319494099986,128.50240972151352,0.12633968615815333,0.0028732567885655152,827.1136064509607,0.777201945775212,0.038949681986081286,3632.6771949309723,3.3747395311773416,0.0,0.07157761416407404,7.157761416407404,2.156327059099971,-6.596049948606254e-05,128.50240972151352,0.12633968615815333,0.20625201417982597,21977.237873866387,32257.430651587467,41,6,6,-0.03319422898396026,713,3.319422898396026,3.3509690715747684,-94.1075858062853,-0.08545127893465512,-0.002075840507971656,False,1.5430354833085953,1.4677654597325664,7,3.0969819430626293,1.7484288598112683,0.9412104198934086,6816.28737370301,17,0.10280192777721109,10.280192777721108,34082.71634842717,80,0.15473887814313347,1.0831721470019344,0.012992325595002966,0.0,0.4875,39,-0.03254760874611695,-914.018229138265,-0.8477902547372369,1.0,0.006,318,True,False,True,True,0.0,-0.004702139529539229,0.8211903709751176,8,-672.2956627517376,-0.525198071342512,536.4535202819563,0.45497745712806914,0.008323904551029274,1342.2863089710856,1.1084278094417899,0.06869492857743609,6028.7403943958825,5.126110310713386,0.0,0.28695119432671623,28.695119432671625,12.338760745694456,-5.5030577219909694e-05,536.4535202819563,0.45497745712806914,0.20625201417982597,21513.4612080556,64429.742830612115,32,3,6,-0.023256078972667193,533,2.3256078972667193,2.3433164651035057,322.7476143934962,0.2485448704100212,0.0039357994853603355,True,1.9965714243597006,2.9948571365395513,11,18.453790801534456,4.288404915136922,2.7543838069404805,10420.9160256773,17,0.42916281622556474,42.916281622556475,20842.128768660266,80,0.15473887814313347,1.0831721470019344,0.00724716016784564,0.0,0.6,48,-0.023256078972667238,-1273.2024606168725,-0.9249809037399729,0.12,0.0,10,0.5,,,,,,,105,-999894,,
True,False,2.5,1.7,14,1.5,2.0,-300137.6854375177,8,8,200,True,trend_state_tp,8,3,True,1.0,0.5,0.008,74.39472003224667,42.35689132838033,3,0.0025,0.0,-0.11117991023365083,11.583809849804748,3,-385.64766399087404,-0.43218821672968427,-274.52351509343634,-0.3073467722207027,-0.0144889144154657,184.78963368263905,0.20866453174975433,0.0,325.96545997563965,0.33976381215135043,0.0,-0.1544525632030156,-15.44525632030156,-0.7306760018398762,-8.680165026640878e-05,-274.52351509343646,-0.3073467722207027,0.0837898807605543,23910.155167434194,2771.844505239586,62,14,2,-0.21138310662194576,3091,21.138310662194577,23.665701460994107,-292.71365504410267,-0.33203060899700954,-0.01577652660099781,False,0.4791669986286029,0.11592749966821037,0,1.0,-8.234648973225633,-2.328711693898939,2959.1697305121147,17,-0.21138310662194576,-21.138310662194577,14795.764068138838,77,0.14893617021276595,1.0425531914893615,0.12270446448718164,0.0,0.19480519480519481,15,-0.04769700948399902,-956.0727276948447,-0.9990606748895234,2.5,0.006,287,True,False,False,False,0.0,-0.07773046587837738,7.7415390854754556,3,-338.6918580888006,-0.36571399041643576,-193.17985111895618,-0.20816933039727964,-0.008631423171433493,320.3919381863768,0.34787064614091845,0.0,478.77244505186644,0.49094967340392753,0.0,-0.10754294883232418,-10.754294883232419,-0.7229851690314403,-7.11275183954168e-05,-193.1798511189562,-0.20816933039727964,0.0837898807605543,20321.51148532804,5446.662949168407,60,14,2,-0.14874848536159596,3091,14.874848536159597,16.02903844059053,-222.77476331031855,-0.24223234001528565,-0.009847338905640754,False,0.9459688224993417,0.2680244997081468,0,1.0,-5.777105477775781,-1.4255227576232783,3543.555062030863,17,-0.14874848536159596,-14.874848536159597,7087.09314726045,77,0.14893617021276595,1.0425531914893615,0.08587855791770362,0.0,0.22077922077922077,17,-0.03506564844148785,-976.9378763066474,-0.9990737169919498,0.08,0.0005,10,0.75,,,,,,,106,-999896,,
False,True,3.0,4.0,30,1.5,0.75,-300066.60541204206,55,30,200,True,trend_bb_reversion,72,1,True,0.8,0.5,0.012,59.9116726169102,25.59693340237394,3,0.0,0.0,-0.039730513073622374,4.431325227158019,1,-365.4131216496286,-0.3813307026706904,-271.82210208033155,-0.2835562203722266,-0.016073351962526253,133.73898271995535,0.14013320292111628,0.0010908988453197654,289.7640507065701,0.29284491137911783,0.0,-0.062267224554503287,-6.226722455450329,-0.7158545064717241,-3.202389621911492e-05,-271.8221020803316,-0.2835562203722266,0.010634869481147276,9500.741162890341,802.4338963197321,26,9,1,-0.08698307266570628,2949,8.698307266570628,9.073799051911251,-295.0132299240046,-0.30373152803033243,-0.01720429766142032,False,0.3659939252214078,0.08446013658955566,1,1.0,-5.549797009687451,-1.0066082808852577,1067.461579812856,17,-0.08698307266570628,-8.698307266570628,5337.2505591860245,32,0.061895551257253385,0.4332688588007737,0.04813601785642535,0.0,0.1875,6,-0.018827448430239202,-988.26487779643,-1.0009621586291315,4.0,0.025,496,True,False,True,True,0.0,-0.02901228539816422,3.1424277344485563,1,-331.4914304191578,-0.34168857584386964,-200.93528075712658,-0.20698543549116805,-0.010239427441648801,190.73316822896703,0.1971239855669366,0.0020821165002091746,425.5595916399492,0.4292055231524304,0.0,-0.04586715157032484,-4.586715157032484,-0.7133383849624526,-2.650460833953732e-05,-200.93528075712658,-0.20698543549116805,0.010634869481147276,7955.794330059787,1525.8653458317362,24,5,2,-0.06429928984228027,2949,6.4299289842280265,6.6235339357173775,-199.6849061216622,-0.20491404966338173,-0.011125248233242162,False,0.5753788807987962,0.19179296026626538,2,1.0,-4.380895737140926,-0.7181923541195192,1216.5443454685624,17,-0.06429928984228027,-6.4299289842280265,2433.077569708845,32,0.061895551257253385,0.4332688588007737,0.03505267197680192,0.0,0.25,8,-0.015441634119574554,-993.4759207327953,-1.0009570501075231,1.0,0.003,20,0.75,,,,,,,107,-999896,,
True,True,1.0,1.7,40,2.2,0.5,-299955.98414136074,40,10,80,False,range_bb_reversion,120,6,True,1.5,0.25,0.0,61.995979031926915,40.318073617835026,36,0.0005,0.0,-0.07582906223778403,8.101970235526517,6,-933.1124955887728,-1.0002803662233664,-172.5022172113696,-0.1815425249669644,-0.004447364821553202,216.25414729263645,0.23692348278630782,0.01096731704727838,637.6865451714943,0.718478315745709,0.0,-0.08437519324858345,-8.437519324858345,-0.6794894966460263,-7.525825457356044e-05,-172.50221721136964,-0.1815425249669644,0.1453432162423461,21461.58739854178,9731.436628168642,23,2,8,-0.12417438925113791,3092,12.41743892511379,13.162826473401125,155.3128698521648,0.16906134897867925,0.004933059999999989,False,0.23175570825057376,0.45343508135981825,6,0.9446513762712648,-3.3632915270522075,-345.6766875473132,4936.6077244558,17,-0.11730150770373118,-11.730150770373118,24683.48587084937,68,0.13152804642166344,0.920696324951644,0.08367534101099808,0.0,0.6617647058823529,45,-0.025013431941223296,-1000.9110497069171,-1.0009357030867247,1.5,0.08,396,True,False,False,False,0.0,-0.027131660288030456,3.1084936302849266,6,-977.7848704110806,-1.0003671524638016,-12.022030054823839,-0.009979148338287988,-0.00016048880565347557,309.89891673059503,0.3201501863702165,0.02725483808199436,1055.6133048484226,1.1011076272715088,0.0,-0.005782411359761208,-0.5782411359761208,-0.09537234211108701,-5.573989377871072e-05,-12.022030054823887,-0.009979148338287988,0.14340960360941024,16622.34279698837,15804.844753260348,17,1,14,-0.06062985590755461,2436,6.062985590755461,6.167641790903534,97.7461558050273,0.10001545088699587,0.0019840120000000957,False,0.3169397749019242,0.9508193247057727,6,0.13483423826282603,-0.17775156213533275,-20.275623214384304,6905.022520211164,17,-0.008174980437280028,-0.8174980437280028,13810.124631018756,68,0.13152804642166344,0.920696324951644,0.032715297139804374,0.0,0.75,51,-0.018928327807676615,-1010.2441794102547,-1.0009198379612956,0.08,0.003,30,0.25,,,,,,,108,-999897,,
True,False,5.0,6.0,14,2.0,0.75,-299916.8793535293,30,8,50,True,range_bb_reversion,14,8,True,1.0,0.25,0.012,58.711682177049134,41.10557123158452,3,0.001,0.0,-0.019486864328929238,2.0028232783325657,8,-308.1097292150593,-0.31335778222382055,-67.31515104403371,-0.0684766764053547,-0.003571420499745624,88.87592668852344,0.09036512196337992,0.004953058241110142,281.90527135403835,0.28238952855607063,0.0,-0.029187631039075956,-2.9187631039075956,-0.6611468531083909,-2.4536987841343288e-05,-67.3151510440337,-0.0684766764053547,0.1572671608121173,7394.633501161424,3288.409287475366,24,2,7,-0.04414697113334187,2478,4.414697113334187,4.5016705539808175,54.08211539405783,0.05523419608658372,0.0049330599999999536,False,0.2884554373370288,0.44470213256125246,7,0.9301259199150038,-3.283467582187032,-0.7972633559003394,1651.4039127667156,17,-0.04106224213686073,-4.106224213686073,8257.164622441538,61,0.11798839458413926,0.8259187620889749,0.023601861448841868,0.0,0.6065573770491803,37,-0.009566099682235318,-450.4771490031753,-0.4553185642565623,2.0,0.04,777,True,True,True,True,0.0,-0.006583916705303509,0.6918081458736541,8,-297.87709496108846,-0.29816565735882555,-13.82163166437411,-0.013669951943723006,0.00017748168076441004,95.92707006390188,0.09624884333029392,0.005549586253672523,331.42933055207703,0.33118203305011484,0.0,-0.005963865497263798,-0.5963865497263798,-0.3875498421409155,-1.6575592462720766e-05,-13.82163166437411,-0.013669951943723006,0.1572671608121173,5063.910614338504,4220.791082811683,17,2,7,-0.015388641275965998,2478,1.5388641275965997,1.5408805558201573,27.49447155566531,0.0276250099239338,0.001984011999999974,False,0.32203573784829875,0.8335042626661849,8,0.5478843235130726,-0.7273459982469634,-0.1590261476710717,1838.236264089029,17,-0.008431195315267977,-0.8431195315267977,3676.4912146098254,61,0.11798839458413926,0.8259187620889749,0.007902605841760986,0.0,0.7213114754098361,44,-0.005395899298635709,-447.17801991353105,-0.4466993760603041,0.08,0.001,50,0.5,,,,,,,109,-999898,,
True,False,1.0,1.7,30,2.0,2.0,-300123.12670273305,16,10,300,True,trend_state_tp,18,8,True,1.0,0.5,0.0,60.2451743011262,42.845570435793306,24,0.01,0.0,-0.13967960061907175,14.265393753541336,8,-640.3501989494832,-0.7304012159734057,-351.1853112547453,-0.4015183712865059,-0.011133534403508736,292.8637567926257,0.3309934191524981,0.0,575.8793399684797,0.6202262201028886,0.0,-0.18341281334161363,-18.341281334161362,-0.7355885848185745,-0.00011620019345031446,-351.1853112547452,-0.4015183712865059,0.18723815662262328,31377.159748524682,6443.002649437765,49,8,3,-0.24934157099086923,3086,24.934157099086924,28.50780436134192,-421.63663032131336,-0.43348125835498025,-0.01366464811359018,False,0.45734936488358846,0.2053405311722234,0,1.0,-6.817493090301897,-2.172200447507158,4639.809383276193,17,-0.24934157099086923,-24.934157099086924,23199.119535676233,71,0.13733075435203096,0.9613152804642167,0.15142230100430304,0.0,0.30985915492957744,22,-0.04558906406075591,-999.0821161054298,-0.9991114040309281,2.0,0.01,762,True,False,False,False,0.0,-0.08583413851630982,8.270230539760325,8,-690.8807382727063,-0.743928797223143,-219.4051468664823,-0.23553252505694594,-0.00535400226478541,548.9254465362529,0.5929651036583381,0.01850940535257317,970.26539353644,1.026216657853302,0.0,-0.11275562753515334,-11.275562753515334,-0.7238241457658284,-0.00010644834822054738,-219.40514686648237,-0.23553252505694594,0.18723815662262328,30398.752483999077,14820.987056478827,44,6,5,-0.15577765427520296,3086,15.577765427520296,16.722809279043158,-299.5469475255471,-0.3025699489103871,-0.007722750891633716,False,0.7945299617248551,0.48755247651297917,1,1.0,-3.6017338978631472,-1.2114653876016583,6412.021352268536,17,-0.15577765427520296,-15.577765427520296,12824.057337790146,71,0.13733075435203096,0.9613152804642167,0.09348253525281379,0.0,0.38028169014084506,27,-0.03776996722089487,-999.1082709060669,-0.9991662432694284,0.2,0.0005,150,0.75,,,,,,,110,-999899,,
True,True,4.0,6.0,55,1.5,2.0,-299936.66732638754,16,80,300,False,channel_reclaim,96,3,True,1.5,0.33,0.0025,62.201522246033505,36.37493811811271,3,0.0,0.0,-0.043211011977984236,5.598809476517984,31,-787.264539914697,-0.8053015381905764,-115.35044489148369,-0.11664033489826973,-0.009838638410088762,283.5985490285493,0.29225225455653725,0.013472168614048208,1219.803735688559,1.2198037356885592,0.0,-0.04192955037130808,-4.192955037130808,-0.47960334030749135,-4.9839508878244124e-05,-115.35044489148365,-0.11664033489826973,0.5207863358040606,14958.026258379243,9075.153568913576,19,3,6,-0.08742547611204188,2481,8.742547611204188,9.066987429184726,64.0644942115889,0.064308361801693,0.004933059999999991,False,0.3602328501411714,0.6067079581324991,7,0.6729014185666399,-1.7384622869642847,-0.4160343100370815,1416.2497445713548,17,-0.05882872689465687,-5.882872689465687,7081.314090135336,51,0.09864603481624758,0.690522243713733,0.053844388503841,0.0,0.6274509803921569,32,-0.01945497556864062,-1023.2789934661191,-1.0009835056294951,2.0,0.006,328,True,False,False,False,0.0,-0.025472263700291733,2.951492380325201,29,-822.0626083298638,-0.831579006997974,-19.864179270142337,-0.017361309629825537,-0.003141610220701657,339.0140653092067,0.34689397603487243,0.014056979487786725,1297.6263121171532,1.322937141496806,0.0,-0.00773093607340658,-0.773093607340658,-0.1284459586920251,-4.613852192873888e-05,-19.86417927014233,-0.017361309629825537,0.5265871737028682,13975.064341607682,12882.534481749857,17,2,7,-0.060188239101730295,2551,6.01882391017303,6.135206066447699,27.167829819125114,0.027888462512696013,0.0019840119999999925,False,0.41239445983069545,0.9218229102097901,10,0.18151882762532232,-0.24854461952865078,-0.07158710572764726,1731.549598825621,17,-0.010925298598578666,-1.0925298598578665,3463.1156061926263,55,0.10638297872340426,0.7446808510638298,0.030410083654465275,0.0,0.6909090909090909,38,-0.020516621910211086,-1011.3527719124135,-1.0009825415930151,0.12,0.001,30,0.25,,,,,,,111,-999900,,
True,False,2.0,3.0,20,2.5,1.0,-299979.2731783185,8,14,50,True,trend_state_tp,18,3,True,2.0,0.33,0.018,75.79797626262355,22.53549705303627,36,0.001,0.0,-0.04178961825895242,4.796539112983086,3,-404.8571678758762,-0.41323269768996823,-84.47253856284402,-0.08677363028714523,-0.0034393368974914764,417.75201549542254,0.42497301591187464,0.0255607358840515,1990.9872387636176,2.022069106019992,0.0,-0.0573861597546903,-5.73861597546903,-0.540928742202321,-7.819737835568719e-05,-84.47253856284408,-0.08677363028714523,0.09216886883660973,23481.71573680082,15456.824573330636,58,6,5,-0.10608820585323313,2712,10.608820585323313,11.143164965617697,-241.82471504534527,-0.2423862501746926,-0.009266340057249219,False,1.031850362653082,0.6582493692786903,6,0.756435750697129,-2.329902290936708,-1.4845334965965484,5116.2430944544,17,-0.08024891163470195,-8.024891163470196,25581.78230062751,95,0.18375241779497098,1.2862669245647969,0.04966917831111326,0.0,0.3894736842105263,37,-0.02944140908433379,-546.6037065388837,-0.5469876344844088,1.0,0.006,362,True,False,False,True,0.0,-0.012030031300330908,1.5263307106736264,3,-401.018943532283,-0.38151341273922085,50.8763931431612,0.051604476857185576,0.0013907568421117663,574.6641697442444,0.5536274852530204,0.048461611054555265,2817.2024333114528,2.8077665236958596,0.0,0.03390868596610774,3.3908685966107743,1.015224428066188,-6.362715516579545e-05,50.876393143161266,0.051604476857185576,0.09216886883660973,20451.966120146437,25285.223468746757,51,4,5,-0.033400187218403946,1341,3.3400187218403947,3.3785150888953206,-83.35852924385604,-0.0794906366781112,-0.002464472914355268,False,1.4330100335970353,1.2363223819268538,9,1.447074927154046,1.129191697513541,0.7489368791443105,6608.728803772769,17,0.04833257348600339,4.8332573486003385,13217.556245715135,95,0.18375241779497098,1.2862669245647969,0.014652428462386367,0.0,0.4631578947368421,44,-0.019091585016169255,-591.3168290830563,-0.5635024491744138,0.08,0.003,10,1.5,,,,,,,112,-999900,,
True,True,1.5,3.0,14,1.5,0.75,-300019.7134145164,8,30,400,True,trend_bb_reversion,72,8,True,0.8,0.67,0.005,67.95459608440031,25.495259621497418,18,0.005,0.0,-0.04631082849681987,5.3857577540057875,8,-668.379248699289,-0.7048851662926418,-264.7321949327146,-0.2783489080740408,-0.008494930741787093,202.64860416542413,0.21553518038960248,0.013696142965728964,1137.294958987741,1.2585119065006256,0.0,-0.0779639332373746,-7.79639332373746,-0.7155046102881475,-5.02999469946095e-05,-264.7321949327146,-0.2783489080740408,0.10602642603931679,14704.34347138436,3850.323479143058,22,6,4,-0.10896356517671776,2475,10.896356517671776,11.461698691463319,-125.32160780544866,-0.1253751197455976,-0.005356661593949923,False,0.3031940392521042,0.2618493975359081,3,0.9961146163525553,-4.069632370177001,-0.8563479648585376,2217.7839780372606,17,-0.10854019992241287,-10.854019992241287,11088.981208816043,41,0.07930367504835589,0.5551257253384912,0.05892182718385301,0.0,0.4634146341463415,19,-0.026064736764493945,-999.5244200281345,-1.0009354244501572,2.5,0.04,671,True,True,True,True,0.0,-0.025869023758436156,3.0835464277194347,8,-738.520028370305,-0.7565669329603751,-154.1279728250763,-0.1574561436720968,-0.003140130604214494,219.88294272386992,0.22597476147240136,0.01672937680265174,1533.0030385194775,1.6216362967343272,0.0,-0.0450699400003266,-4.506994000032661,-0.6392785315308388,-3.93404970015145e-05,-154.12797282507643,-0.1574561436720968,0.10602642603931679,11816.320453924878,5497.07356809675,16,5,5,-0.07050125692849492,2475,7.050125692849492,7.241647942532139,46.92717433070794,0.04708046792246574,0.001984012000000002,False,0.29773456951341787,0.4652102648647157,5,0.8963310955203699,-2.378437036531188,-0.5272804315380232,2789.967637024412,17,-0.06319246885828092,-6.319246885828092,5579.943476705707,41,0.07930367504835589,0.5551257253384912,0.033446463170943255,0.0,0.6097560975609756,25,-0.024762946371253536,-1006.9138390433222,-1.0009194069981227,0.12,0.003,50,0.25,,,,,,,113,-999900,,
True,False,5.0,3.0,14,1.5,0.5,-299890.9850460455,40,8,100,True,range_bb_reversion,120,6,True,0.8,0.5,0.0,60.52836121208894,43.721656185370286,48,0.0,0.0,-0.006915647031394377,0.8356539819994498,6,-237.5552408221957,-0.23881952574806525,-17.437939527735846,-0.017311938865158295,-0.0020011962793611464,117.47266449144924,0.11845077567597823,0.0071848080070515685,647.7141203171321,0.6571517781496309,0.0,-0.006167686872915024,-0.6167686872915024,-0.35695592718755165,-1.4775548646086768e-05,-17.43793952773585,-0.017311938865158295,0.09668063164679343,4513.549575621719,3641.6525992349266,19,3,5,-0.017278566913036298,2409,1.7278566913036297,1.7359445991271187,59.974003884175865,0.06072976940002327,0.004933059999999973,False,0.4945067264559937,0.8068267642176739,5,0.5046118585963174,-0.8491677347878476,-0.48513376507344336,1376.8704679107732,17,-0.008718969763868082,-0.8718969763868082,6884.537077318021,50,0.09671179883945841,0.6769825918762089,0.008379826400764496,0.0,0.62,31,-0.004456669323530393,-296.87465575162247,-0.2976100880284465,1.0,0.025,481,True,True,False,True,0.0,-0.001985272780546581,0.36943660571031234,6,-197.08223112160525,-0.19556984003224387,25.23557849781345,0.025329201139123163,0.0009274443880869809,139.76293496842305,0.1391256768940698,0.00983222737458811,960.6340526633962,0.9566654843712118,0.0,0.008897793769363282,0.8897793769363282,0.9236143664296521,-1.0833128968876397e-05,25.23557849781345,0.025329201139123163,0.09668063164679343,3350.3979290672896,4612.176853957962,17,3,6,-0.009633667570328975,730,0.9633667570328975,0.9668943171698385,27.5406626835755,0.027272143799851968,0.001984011999999989,False,0.7091605071295617,1.3766056903103256,8,1.309759669076422,1.1134594160019418,0.5696788226947164,1527.9744555288542,17,0.012617789248906337,1.2617789248906337,3055.972293960401,50,0.09671179883945841,0.6769825918762089,0.0032436090384867296,0.0,0.66,33,-0.00407493651031543,-269.49450114057726,-0.267520281580944,1.0,0.001,10,0.0,,,,,,,114,-999901,,
True,False,2.0,4.0,55,1.5,1.0,-300115.7690419552,16,8,400,True,channel_reclaim,36,3,True,2.0,0.5,0.025,76.14230019191767,30.5460550701937,48,0.0005,0.0,-0.09234640437063132,10.476516166197813,3,-424.4067144055031,-0.47100621399696374,-233.2780332686003,-0.2564114808083219,-0.009230156188668086,261.9190042224661,0.2995839642713416,0.001191259092433894,773.1277245506988,0.9263122981689567,0.0,-0.13403176279592632,-13.403176279592632,-0.7272886214708423,-8.716673440852897e-05,-233.27803326860032,-0.2564114808083219,0.07766677408959072,24191.182721113677,5762.218092894255,57,16,4,-0.18428964628219444,3083,18.428964628219443,20.256506983857427,-179.90982880300328,-0.21194371781744648,-0.00834022679613335,False,0.61714151857695,0.23819497208233162,2,1.0,-5.977284776309376,-1.4528785037463747,3469.0238678987093,17,-0.18428964628219444,-18.428964628219443,17345.178970448622,79,0.1528046421663443,1.06963249516441,0.10745477555541198,0.0,0.27848101265822783,22,-0.03570540287760304,-989.7617862902779,-0.9990539743151131,2.5,0.01,348,True,True,True,True,0.0,-0.05227001424469018,5.9035575751392315,3,-451.3897891456574,-0.47814095453946204,-119.08156443097832,-0.12350786500726908,-0.002721041334602772,320.7381447502145,0.34585945937357454,0.006681935947335127,1041.8345016370713,1.1549067666247814,0.0,-0.06741863440539864,-6.741863440539864,-0.6003812968730521,-7.013149593962115e-05,-119.08156443097835,-0.12350786500726908,0.07766677408959072,20312.540511554584,10905.096921507295,45,5,4,-0.11229302904093297,3027,11.229302904093297,11.825052640907469,-39.460650369214335,-0.043305334070550636,-0.0018708963171588733,False,0.7105569343012245,0.5368652392498142,8,0.8377584673237433,-2.755612849478065,-0.6109081811684233,4306.671631392206,17,-0.0940744359004726,-9.40744359004726,8613.357313125834,79,0.1528046421663443,1.06963249516441,0.06028417007098583,0.0,0.43037974683544306,34,-0.025939755689511124,-994.2690657121276,-0.9990999255344387,1.0,0.0,100,0.5,,,,,,,115,-999902,,
True,False,5.0,2.2,20,2.5,1.25,-299924.496073848,10,20,400,False,channel_reclaim,96,4,True,0.6,0.25,0.008,58.99769182112454,32.41685009401491,18,0.0,0.0,-0.053062430600911266,5.899473831102983,13,-886.4628231777307,-0.9212921022416923,-104.7671789894764,-0.10861600271480656,-0.008785261693529006,84.7347953591913,0.08839638504928696,0.005315628065339695,280.49269316097116,0.27892949139371553,0.0,-0.061488070056068156,-6.148807005606816,-0.6532554433726818,-4.855294346464781e-05,-104.76717898947636,-0.10861600271480656,0.3461166612955205,14183.405170843691,5592.496493706624,16,3,12,-0.09412561453542952,2634,9.412561453542951,9.810336484005488,48.58911618676659,0.0499984719461486,0.004501771117165581,False,0.09558753412290869,0.3942985782569982,6,0.9127067822652403,-3.2017434741304927,-0.9793552624454476,1978.445097171387,17,-0.0859090867713702,-8.590908677137019,9892.307481954393,82,0.15860735009671179,1.1102514506769825,0.0629254598879521,0.0,0.8048780487804879,66,-0.029217090570469617,-1008.0786517976416,-0.9990418163879481,2.5,0.025,205,True,False,True,False,0.0,-0.03925864554027094,4.335278718228428,12,-948.0080259716178,-0.9680619665410294,-69.03419704646042,-0.07033790686393038,-0.0054261826664826355,99.53612630904922,0.1018283511563352,0.006274573847279585,320.5721819320475,0.3173903289988538,0.0,-0.04281503000772102,-4.281503000772102,-0.5827320397127778,-4.4743702646333615e-05,-69.03419704646045,-0.07033790686393038,0.3370931356751531,13272.11236360265,7266.137220560595,14,3,15,-0.07347292939105267,2634,7.347292939105267,7.5602972326285665,33.57891866886603,0.034035594767944814,0.0026815928742315222,False,0.10499502491767851,0.5474740584993237,6,0.817440544812891,-2.2205636502753046,-1.3241276625714415,2317.8977416910634,17,-0.060059751430421165,-6.005975143042116,4635.799274269619,87,0.16827852998065765,1.1779497098646035,0.04731321671461375,0.0,0.8390804597701149,73,-0.029347701283444216,-1012.5241461831741,-0.9990475219409487,0.2,0.002,150,0.0,,,,,,,116,-999903,,
True,False,1.0,12.0,30,2.0,0.5,-299856.45477714523,16,30,50,True,range_bb_reversion,36,8,True,0.6,0.5,0.0025,64.42022518788782,43.91858795726315,36,0.0005,0.0,-0.008467755006792197,1.090693123191898,8,-931.2679045173188,-0.8980808651062989,55.961320251914174,0.05822055169857901,0.0022061898527186486,487.8741060884536,0.4766024215507131,0.024539538570510944,2264.7918798017026,2.178254181215233,0.0,0.018118391439329917,1.8118391439329917,0.4940483672701424,-4.095482772471728e-05,55.96132025191412,0.05822055169857901,0.11859490815339993,13037.750663242463,15611.971394830514,14,2,10,-0.036673315083385144,1051,3.6673315083385143,3.7077547128673896,184.38666252085943,0.17947908889242853,0.004933059999999982,False,0.5238815852258125,1.1974436233732857,9,0.7019329247260505,0.7145847725859656,0.39037929507818375,3529.989179890487,17,0.025742207315880516,2.5742207315880514,17650.53976819424,46,0.08897485493230174,0.6228239845261122,0.013129539449884268,0.0,0.6956521739130435,32,-0.01988169949045404,-1063.814481239593,-0.9991141052887699,3.0,0.04,175,True,False,False,True,0.0,-0.005416463553163272,1.0224223610353864,8,-914.904163398127,-0.8534455418595224,247.11129930368637,0.2387669716305031,0.005871594495413449,657.2344037866793,0.624253741097571,0.03424328628701567,3588.600337762857,3.294578720826014,0.0,0.07902836736262642,7.902836736262642,2.890682744669604,-3.338118155904262e-05,247.11129930368625,0.2387669716305031,0.11859490815339993,10978.849960777525,22345.969728747095,12,2,10,-0.02733899716541156,571,2.733899716541156,2.7567908523954223,114.636159448268,0.10430615454705677,0.001984012000000027,False,0.7183642069630403,2.035365253061947,11,4.1578407939377,2.316482573373869,1.2490170486515506,4746.518808949299,17,0.11367119767969533,11.367119767969532,9493.140045013057,46,0.08897485493230174,0.6228239845261122,0.009410418142119167,0.0,0.7391304347826086,34,-0.011836044231642195,-1143.9964110676895,-0.9991723691536196,0.2,0.003,30,0.0,,,,,,,117,-999904,,
False,True,5.0,1.3,30,2.2,1.5,-299938.08530374756,16,8,50,False,trend_reclaim,72,6,True,0.6,0.33,0.0,65.70006721473823,28.590604690046487,12,0.0,0.0,-0.02983976837547315,3.3910015995909313,20,-723.235308990395,-0.7428740802009038,-163.6357343507003,-0.16792942760346727,-0.017909106514801206,64.34927753954572,0.06630728271400693,0.002672329380256855,135.09857650795095,0.13625152781135733,0.0,-0.04434206644954308,-4.434206644954308,-0.7087997193621791,-2.657435734052014e-05,-163.63573435070026,-0.16792942760346727,0.2529809861424428,7955.588398894345,1737.4304935677346,11,2,7,-0.06255937359772766,2929,6.255937359772766,6.421618885987747,43.596325503897305,0.04517768701506976,0.004942271401224834,False,0.08897419240962463,0.2183911995508968,7,0.9939610241801479,-3.2203957018047182,-0.4196128333195799,783.3485064122503,17,-0.062181579053265885,-6.2181579053265885,3916.7045794407245,38,0.0735009671179884,0.5145067698259188,0.03425547130208862,0.0,0.7105263157894737,27,-0.018676689176649774,-1001.3855415883269,-1.0009869298017253,2.0,0.01,33,True,False,True,False,0.0,-0.02585216359657465,2.9021647132536716,18,-903.7730676239564,-0.9220931195078548,-128.7695531564239,-0.13103984349270287,-0.012233409112107857,77.89805070158478,0.0799076967780043,0.0035205062628347328,171.25318618253564,0.1725048547099214,0.0,-0.03482341477360007,-3.482341477360007,-0.6958829911484595,-2.401284165385047e-05,-128.7695531564239,-0.13103984349270287,0.23171124718014824,7230.184540991651,2336.941521047544,8,1,10,-0.05004205479448319,2929,5.004205479448319,5.096321812544341,36.21875961514921,0.03713554478501355,0.0028545338974017313,False,0.08619204697743521,0.3232201761653821,8,0.977826158426162,-2.5477647990778056,-0.5595339660309856,854.5591910219263,17,-0.048932430199441004,-4.893243019944101,1709.1090637447887,38,0.0735009671179884,0.5145067698259188,0.029162029125555513,0.0,0.7894736842105263,30,-0.01832724170399125,-1002.1502370629887,-1.0009863139624624,0.2,0.001,30,0.75,,,,,,,118,-999905,,
True,False,2.5,1.7,30,2.0,0.75,-300031.6835378503,30,30,150,True,range_bb_reversion,120,2,True,0.8,0.33,0.018,68.62898210772168,36.973195730661686,3,0.0025,0.0,-0.04870556874331089,4.974347759945521,2,-347.4768504272316,-0.3654014712313626,-184.39906394019434,-0.19375813069647568,-0.008877529752110046,150.816386060938,0.15906429151412507,0.0036130146654227424,328.79842000667236,0.35622788510261094,0.0,-0.07276682511702437,-7.276682511702437,-0.7174836768016293,-4.383869791037767e-05,-184.3990639401943,-0.19375813069647568,0.03802771511440541,12856.643465807572,2714.6949490968836,37,8,3,-0.10141948516710719,3028,10.14194851671072,10.65669718830616,-153.2620885502476,-0.1594812269615448,-0.00814796476781335,False,0.4340329028408811,0.21115114192259074,2,1.0,-5.477009643406593,-1.1614039286184292,2079.7092262176357,17,-0.10141948516710719,-10.14194851671072,10398.604540219312,55,0.10638297872340426,0.7446808510638298,0.05737242783078043,0.0,0.32727272727272727,18,-0.01726083020248448,-594.4102984904579,-0.5968654839247061,1.5,0.08,302,True,False,True,True,0.0,-0.032694693535987064,3.360872669946087,2,-413.38554734472484,-0.42630020593627693,-122.26640764900486,-0.12586532110989362,-0.00443967760132995,179.634922405816,0.1856967816730225,0.006678958088573106,428.1886632041439,0.44871546354919745,0.0,-0.047991311568463924,-4.799131156846393,-0.7005572711140199,-3.8817579727531006e-05,-122.26640764900476,-0.12586532110989362,0.03802771511440541,11574.795325652296,4850.142904957032,28,6,4,-0.06850448000082644,2969,6.850448000082644,7.058011258428078,-58.65875887402474,-0.061219997696211025,-0.002172867513685237,False,0.4345457250734925,0.41902623489229635,4,0.981636882816159,-3.47578522965395,-0.8012847819070555,2424.399822247328,17,-0.06724652420695318,-6.7246524206953175,4848.801838691616,55,0.10638297872340426,0.7446808510638298,0.03826078641784867,0.0,0.4909090909090909,27,-0.016125998779603523,-608.5106642105516,-0.6199832877563289,0.12,0.0005,150,0.25,,,,,,,119,-999905,,
True,True,5.0,2.2,30,2.0,1.0,-300019.9368470027,12,10,400,True,trend_bb_reversion,72,4,True,1.2,0.25,0.0025,65.80358215184367,42.2561518511788,3,0.0005,0.0,-0.029256090804268872,3.566634165872684,4,-262.50626750220374,-0.2713456008666483,-153.59482481563197,-0.15866676474979569,-0.011052701604680385,106.11707697542376,0.1100289213750065,0.0025496831159212974,313.4395548689989,0.3261949053886908,0.0,-0.0482330239883636,-4.8233023988363595,-0.7130221952036037,-2.723118687881548e-05,-153.594824815632,-0.15866676474979569,0.0573638414437641,8137.694292568316,1379.5220006805089,31,8,2,-0.06764589421313967,2782,6.764589421313967,6.988220365961257,-140.15761835336798,-0.14167411763007492,-0.013682109593745159,False,0.40424587947993623,0.16952246558836037,2,0.9990513645357463,-5.461064715532288,-1.2157056664268002,1030.9306059106282,17,-0.06758172291887793,-6.758172291887793,5154.638714478795,44,0.0851063829787234,0.5957446808510638,0.03589907551463098,0.0,0.29545454545454547,13,-0.010938736511882485,-440.4237471549207,-0.4467220141172165,2.0,0.01,14,True,True,False,True,0.0,-0.02023458901109382,2.43956989579482,4,-252.6012003718002,-0.2580805467455243,-102.27237652630856,-0.10431203882462267,-0.005722885229836731,136.48516722829584,0.13990853257916225,0.004853686938773638,387.21026985673967,0.39766907970368987,0.0,-0.032005615884028504,-3.2005615884028504,-0.698446277979193,-2.2587276376431688e-05,-102.27237652630853,-0.10431203882462267,0.0573638414437641,6820.232410038605,2320.2478428810286,27,5,4,-0.045824019531795636,2782,4.582401953179564,4.676105164917257,-82.9648530950777,-0.08351952219305311,-0.0077403174569759745,False,0.5403187594809733,0.34020070041394607,3,0.9820143700041816,-3.7509885137528105,-0.7913930391512013,1130.8176175133374,17,-0.044999845671575604,-4.4999845671575605,2261.6308048820933,44,0.0851063829787234,0.5957446808510638,0.0246292288028654,0.0,0.38636363636363635,17,-0.00806605584904685,-434.58044460979136,-0.43837312927223954,0.12,0.002,30,0.5,,,,,,,120,-999906,,
True,False,4.0,6.0,20,2.0,1.5,,55,8,80,False,trend_reclaim,36,6,True,1.2,0.67,0.0,61.630040670926924,44.19405924458199,36,0.0005,,,,,,,,,,,,,,,,,,,,,,,,,,,,,,,,,,,,,,,,,,,,,,,,,,,,,,,,,1.0,0.04,373,True,True,True,False,,,,,,,,,,,,,,,,,,,,,,,,,,,,,,,,,,,,,,,,,,,,,,,,,,,,,,,,,0.2,0.0,75,0.0,,,,,,,121,-999906,,
True,False,4.0,8.0,20,2.0,1.0,,20,20,200,True,channel_reclaim,8,1,True,0.6,0.33,0.008,71.64161799499927,39.67888400767919,48,0.01,,,,,,,,,,,,,,,,,,,,,,,,,,,,,,,,,,,,,,,,,,,,,,,,,,,,,,,,,1.5,0.04,605,True,True,True,True,,,,,,,,,,,,,,,,,,,,,,,,,,,,,,,,,,,,,,,,,,,,,,,,,,,,,,,,,0.12,0.001,75,0.0,,,,,,,122,-999907,,
True,False,4.0,12.0,14,2.5,2.0,,8,10,400,True,trend_state_tp,12,2,True,0.6,0.25,0.025,71.92079141491165,44.33814951522124,36,0.0,,,,,,,,,,,,,,,,,,,,,,,,,,,,,,,,,,,,,,,,,,,,,,,,,,,,,,,,,2.0,0.015,718,True,True,True,True,,,,,,,,,,,,,,,,,,,,,,,,,,,,,,,,,,,,,,,,,,,,,,,,,,,,,,,,,0.05,0.001,20,0.25,,,,,,,123,-999907,,
True,True,1.5,6.0,40,2.5,1.0,,10,20,100,False,channel_reclaim,72,2,True,1.2,0.25,0.018,73.01675393970638,33.612305552155874,24,0.0025,,,,,,,,,,,,,,,,,,,,,,,,,,,,,,,,,,,,,,,,,,,,,,,,,,,,,,,,,1.0,0.08,726,True,False,False,False,,,,,,,,,,,,,,,,,,,,,,,,,,,,,,,,,,,,,,,,,,,,,,,,,,,,,,,,,0.2,0.002,20,1.25,,,,,,,124,-999908,,
True,True,1.5,1.3,14,1.5,1.5,,16,14,200,True,range_bb_reversion,18,6,True,1.5,0.67,0.025,73.33036507668784,28.68448925679945,6,0.0,,,,,,,,,,,,,,,,,,,,,,,,,,,,,,,,,,,,,,,,,,,,,,,,,,,,,,,,,1.0,0.08,740,True,True,True,True,,,,,,,,,,,,,,,,,,,,,,,,,,,,,,,,,,,,,,,,,,,,,,,,,,,,,,,,,0.08,0.0005,30,1.25,,,,,,,125,-999908,,
True,False,1.5,1.7,14,2.0,1.25,,30,20,50,False,trend_bb_reversion,96,6,True,1.5,0.25,0.008,68.76260947675836,42.506459034599594,18,0.0005,,,,,,,,,,,,,,,,,,,,,,,,,,,,,,,,,,,,,,,,,,,,,,,,,,,,,,,,,1.5,0.08,334,True,False,True,False,,,,,,,,,,,,,,,,,,,,,,,,,,,,,,,,,,,,,,,,,,,,,,,,,,,,,,,,,0.12,0.001,50,0.25,,,,,,,126,-999909,,
True,False,2.0,6.0,30,1.5,1.25,,10,10,100,True,trend_state_tp,8,4,True,2.0,0.5,0.025,74.4122598717405,28.10987410590619,12,0.001,,,,,,,,,,,,,,,,,,,,,,,,,,,,,,,,,,,,,,,,,,,,,,,,,,,,,,,,,2.0,0.04,729,False,False,True,True,,,,,,,,,,,,,,,,,,,,,,,,,,,,,,,,,,,,,,,,,,,,,,,,,,,,,,,,,0.05,0.002,100,0.25,,,,,,,127,-999909,,
True,False,2.5,3.0,40,2.2,2.0,,16,80,400,True,channel_reclaim,48,4,True,0.8,0.67,0.012,71.25229015533255,23.494846438240778,6,0.0005,,,,,,,,,,,,,,,,,,,,,,,,,,,,,,,,,,,,,,,,,,,,,,,,,,,,,,,,,1.5,0.01,100,True,False,False,True,,,,,,,,,,,,,,,,,,,,,,,,,,,,,,,,,,,,,,,,,,,,,,,,,,,,,,,,,1.0,0.001,75,0.25,,,,,,,128,-999910,,
True,True,1.5,1.7,20,2.2,1.0,,55,20,100,True,range_bb_reversion,12,1,True,0.8,0.5,0.025,77.82483388249722,39.84125505058381,6,0.01,,,,,,,,,,,,,,,,,,,,,,,,,,,,,,,,,,,,,,,,,,,,,,,,,,,,,,,,,1.0,0.025,109,True,False,True,True,,,,,,,,,,,,,,,,,,,,,,,,,,,,,,,,,,,,,,,,,,,,,,,,,,,,,,,,,0.2,0.0,75,0.5,,,,,,,129,-999910,,
True,True,1.0,3.0,30,2.2,0.75,,30,30,80,True,range_bb_reversion,48,1,True,2.0,0.25,0.0025,58.68710160346027,42.64349670557703,36,0.0025,,,,,,,,,,,,,,,,,,,,,,,,,,,,,,,,,,,,,,,,,,,,,,,,,,,,,,,,,1.0,0.01,443,True,True,True,True,,,,,,,,,,,,,,,,,,,,,,,,,,,,,,,,,,,,,,,,,,,,,,,,,,,,,,,,,1.0,0.003,100,0.75,,,,,,,130,-999912,,
True,True,1.0,3.0,40,2.2,1.25,,8,80,200,False,range_bb_reversion,36,1,True,0.8,0.33,0.018,71.7873118072097,35.42621823713565,48,0.005,,,,,,,,,,,,,,,,,,,,,,,,,,,,,,,,,,,,,,,,,,,,,,,,,,,,,,,,,4.0,0.04,601,False,False,True,False,,,,,,,,,,,,,,,,,,,,,,,,,,,,,,,,,,,,,,,,,,,,,,,,,,,,,,,,,0.2,0.001,20,1.25,,,,,,,131,-999912,,
False,True,1.0,6.0,55,1.5,1.5,,20,14,50,False,range_bb_reversion,72,6,False,0.6,0.67,0.018,58.67784635772259,27.609226908409912,18,0.0005,,,,,,,,,,,,,,,,,,,,,,,,,,,,,,,,,,,,,,,,,,,,,,,,,,,,,,,,,1.5,0.04,291,True,True,True,False,,,,,,,,,,,,,,,,,,,,,,,,,,,,,,,,,,,,,,,,,,,,,,,,,,,,,,,,,0.2,0.0005,75,0.75,,,,,,,132,-999914,,
True,True,5.0,4.0,14,2.5,1.5,,12,14,80,True,trend_reclaim,72,1,True,0.8,0.5,0.0025,68.25890331969221,28.520237977057803,3,0.0005,,,,,,,,,,,,,,,,,,,,,,,,,,,,,,,,,,,,,,,,,,,,,,,,,,,,,,,,,2.5,0.08,471,True,False,True,True,,,,,,,,,,,,,,,,,,,,,,,,,,,,,,,,,,,,,,,,,,,,,,,,,,,,,,,,,0.08,0.0,30,0.75,,,,,,,133,-999914,,
True,False,5.0,8.0,14,2.5,0.75,,16,80,130,True,channel_reclaim,36,6,True,1.2,0.67,0.0025,68.70058435192587,41.15718591286243,36,0.001,,,,,,,,,,,,,,,,,,,,,,,,,,,,,,,,,,,,,,,,,,,,,,,,,,,,,,,,,2.0,0.01,791,True,False,False,True,,,,,,,,,,,,,,,,,,,,,,,,,,,,,,,,,,,,,,,,,,,,,,,,,,,,,,,,,1.0,0.0,75,0.5,,,,,,,134,-999914,,
True,True,1.0,3.0,55,1.5,1.0,,20,20,50,True,trend_state_tp,120,8,True,1.0,0.5,0.008,65.43287992396166,23.57255934684051,6,0.01,,,,,,,,,,,,,,,,,,,,,,,,,,,,,,,,,,,,,,,,,,,,,,,,,,,,,,,,,1.5,0.025,85,False,False,True,True,,,,,,,,,,,,,,,,,,,,,,,,,,,,,,,,,,,,,,,,,,,,,,,,,,,,,,,,,0.08,0.002,10,1.25,,,,,,,135,-999915,,
True,True,4.0,6.0,55,2.2,2.0,,12,10,400,True,channel_reclaim,12,2,False,0.6,0.25,0.008,77.30954287133443,38.62759258664954,48,0.0,,,,,,,,,,,,,,,,,,,,,,,,,,,,,,,,,,,,,,,,,,,,,,,,,,,,,,,,,1.0,0.04,229,True,False,True,True,,,,,,,,,,,,,,,,,,,,,,,,,,,,,,,,,,,,,,,,,,,,,,,,,,,,,,,,,0.2,0.002,150,1.25,,,,,,,136,-999915,,
True,True,2.0,8.0,14,1.5,0.5,,16,10,80,True,range_bb_reversion,24,2,True,2.0,0.33,0.008,63.72235547985813,27.42224283068407,48,0.01,,,,,,,,,,,,,,,,,,,,,,,,,,,,,,,,,,,,,,,,,,,,,,,,,,,,,,,,,3.0,0.08,149,True,False,True,True,,,,,,,,,,,,,,,,,,,,,,,,,,,,,,,,,,,,,,,,,,,,,,,,,,,,,,,,,0.04,0.0,100,0.25,,,,,,,137,-999916,,
True,False,2.0,6.0,55,2.2,1.25,,8,50,200,True,trend_state_tp,72,4,True,0.8,0.67,0.0,61.14362311566291,25.01347839056247,48,0.005,,,,,,,,,,,,,,,,,,,,,,,,,,,,,,,,,,,,,,,,,,,,,,,,,,,,,,,,,2.0,0.04,53,True,False,True,True,,,,,,,,,,,,,,,,,,,,,,,,,,,,,,,,,,,,,,,,,,,,,,,,,,,,,,,,,1.0,0.001,150,1.5,,,,,,,138,-999917,,
True,False,5.0,2.2,40,2.0,0.5,,12,80,130,True,range_bb_reversion,12,1,True,1.2,0.67,0.0025,74.12768780523491,31.21073591686494,18,0.005,,,,,,,,,,,,,,,,,,,,,,,,,,,,,,,,,,,,,,,,,,,,,,,,,,,,,,,,,2.5,0.08,343,False,False,True,True,,,,,,,,,,,,,,,,,,,,,,,,,,,,,,,,,,,,,,,,,,,,,,,,,,,,,,,,,1.0,0.003,50,0.5,,,,,,,139,-999917,,
True,False,1.5,12.0,30,2.0,1.5,,16,50,300,True,trend_state_tp,48,2,True,1.2,0.5,0.0025,61.87680325230514,27.32986958465034,36,0.0005,,,,,,,,,,,,,,,,,,,,,,,,,,,,,,,,,,,,,,,,,,,,,,,,,,,,,,,,,4.0,0.04,402,True,False,True,True,,,,,,,,,,,,,,,,,,,,,,,,,,,,,,,,,,,,,,,,,,,,,,,,,,,,,,,,,0.05,0.0,150,0.75,,,,,,,140,-999917,,
True,False,4.0,8.0,30,2.5,2.0,,20,14,300,True,channel_reclaim,18,4,True,1.0,0.67,0.0025,76.57889666302232,36.75403533393924,24,0.0025,,,,,,,,,,,,,,,,,,,,,,,,,,,,,,,,,,,,,,,,,,,,,,,,,,,,,,,,,3.0,0.025,509,False,False,True,True,,,,,,,,,,,,,,,,,,,,,,,,,,,,,,,,,,,,,,,,,,,,,,,,,,,,,,,,,1.0,0.003,20,0.25,,,,,,,141,-999917,,
True,True,2.5,4.0,14,2.5,0.5,,8,8,150,False,trend_bb_reversion,72,2,True,1.5,0.5,0.012,77.04167444885375,33.255518051356155,36,0.0,,,,,,,,,,,,,,,,,,,,,,,,,,,,,,,,,,,,,,,,,,,,,,,,,,,,,,,,,3.0,0.01,723,True,False,True,False,,,,,,,,,,,,,,,,,,,,,,,,,,,,,,,,,,,,,,,,,,,,,,,,,,,,,,,,,0.12,0.001,20,0.0,,,,,,,142,-999917,,
True,True,3.0,3.0,80,2.2,1.5,,30,20,80,True,range_bb_reversion,48,6,True,1.0,0.25,0.005,64.14444084708157,34.38190799783844,12,0.005,,,,,,,,,,,,,,,,,,,,,,,,,,,,,,,,,,,,,,,,,,,,,,,,,,,,,,,,,3.0,0.08,18,True,True,True,True,,,,,,,,,,,,,,,,,,,,,,,,,,,,,,,,,,,,,,,,,,,,,,,,,,,,,,,,,0.08,0.0005,50,0.25,,,,,,,143,-999918,,
True,False,2.5,8.0,20,1.8,2.0,,12,80,100,True,range_bb_reversion,120,1,True,1.5,0.33,0.0,58.238493021968594,35.249155427277024,48,0.0025,,,,,,,,,,,,,,,,,,,,,,,,,,,,,,,,,,,,,,,,,,,,,,,,,,,,,,,,,2.5,0.01,281,True,False,False,True,,,,,,,,,,,,,,,,,,,,,,,,,,,,,,,,,,,,,,,,,,,,,,,,,,,,,,,,,0.08,0.002,75,1.25,,,,,,,144,-999918,,
True,False,1.0,3.0,20,1.8,1.0,,16,8,100,True,trend_reclaim,120,6,True,2.0,0.33,0.0025,70.26924620851628,36.150568005734236,24,0.005,,,,,,,,,,,,,,,,,,,,,,,,,,,,,,,,,,,,,,,,,,,,,,,,,,,,,,,,,3.0,0.015,303,True,False,True,True,,,,,,,,,,,,,,,,,,,,,,,,,,,,,,,,,,,,,,,,,,,,,,,,,,,,,,,,,0.2,0.001,20,0.25,,,,,,,145,-999919,,
True,False,2.5,2.2,40,1.5,0.75,,8,8,150,True,trend_state_tp,8,3,True,0.6,0.5,0.0,71.01475697012468,31.251313011859757,36,0.0005,,,,,,,,,,,,,,,,,,,,,,,,,,,,,,,,,,,,,,,,,,,,,,,,,,,,,,,,,2.5,0.08,573,True,False,True,False,,,,,,,,,,,,,,,,,,,,,,,,,,,,,,,,,,,,,,,,,,,,,,,,,,,,,,,,,0.05,0.002,50,0.75,,,,,,,146,-999919,,
True,False,5.0,6.0,20,1.5,1.25,,16,20,200,True,trend_bb_reversion,48,6,False,2.0,0.33,0.0025,71.37036115784933,41.32836708704129,18,0.0,,,,,,,,,,,,,,,,,,,,,,,,,,,,,,,,,,,,,,,,,,,,,,,,,,,,,,,,,1.0,0.04,748,True,False,True,True,,,,,,,,,,,,,,,,,,,,,,,,,,,,,,,,,,,,,,,,,,,,,,,,,,,,,,,,,0.12,0.002,150,0.75,,,,,,,147,-999919,,
True,False,1.0,1.3,40,1.8,1.5,,16,20,50,True,trend_state_tp,48,3,True,1.2,0.33,0.018,69.46186029355079,40.700867873792156,36,0.0005,,,,,,,,,,,,,,,,,,,,,,,,,,,,,,,,,,,,,,,,,,,,,,,,,,,,,,,,,1.0,0.04,160,True,False,True,True,,,,,,,,,,,,,,,,,,,,,,,,,,,,,,,,,,,,,,,,,,,,,,,,,,,,,,,,,0.05,0.001,30,0.0,,,,,,,148,-999920,,
True,False,1.0,6.0,20,2.2,1.25,,16,8,200,False,trend_bb_reversion,18,4,True,2.0,0.33,0.005,58.10585177444707,41.47339470691226,48,0.0025,,,,,,,,,,,,,,,,,,,,,,,,,,,,,,,,,,,,,,,,,,,,,,,,,,,,,,,,,2.0,0.015,379,True,False,True,False,,,,,,,,,,,,,,,,,,,,,,,,,,,,,,,,,,,,,,,,,,,,,,,,,,,,,,,,,1.0,0.0005,75,0.0,,,,,,,149,-999921,,
True,False,1.0,8.0,40,2.5,0.75,,20,50,80,True,channel_reclaim,12,4,True,1.0,0.25,0.0,63.79531339011279,28.835421933049215,18,0.0025,,,,,,,,,,,,,,,,,,,,,,,,,,,,,,,,,,,,,,,,,,,,,,,,,,,,,,,,,3.0,0.025,474,True,False,True,True,,,,,,,,,,,,,,,,,,,,,,,,,,,,,,,,,,,,,,,,,,,,,,,,,,,,,,,,,0.2,0.003,100,0.25,,,,,,,150,-999921,,
True,True,3.0,6.0,30,1.5,0.5,,12,8,200,True,channel_reclaim,12,2,True,0.8,0.5,0.0025,64.49442015224014,28.959410169125867,36,0.001,,,,,,,,,,,,,,,,,,,,,,,,,,,,,,,,,,,,,,,,,,,,,,,,,,,,,,,,,2.5,0.04,502,True,False,True,True,,,,,,,,,,,,,,,,,,,,,,,,,,,,,,,,,,,,,,,,,,,,,,,,,,,,,,,,,0.2,0.001,30,1.25,,,,,,,151,-999921,,
True,False,4.0,8.0,20,2.5,2.0,,40,50,100,True,trend_state_tp,48,8,True,1.5,0.33,0.025,61.24665756563297,43.69132547743547,48,0.01,,,,,,,,,,,,,,,,,,,,,,,,,,,,,,,,,,,,,,,,,,,,,,,,,,,,,,,,,4.0,0.01,523,True,False,True,True,,,,,,,,,,,,,,,,,,,,,,,,,,,,,,,,,,,,,,,,,,,,,,,,,,,,,,,,,1.0,0.001,100,0.25,,,,,,,152,-999921,,
True,False,2.5,6.0,14,2.2,0.5,,10,14,150,True,trend_reclaim,24,2,False,2.0,0.5,0.0025,70.25573877955239,42.379901748034605,6,0.001,,,,,,,,,,,,,,,,,,,,,,,,,,,,,,,,,,,,,,,,,,,,,,,,,,,,,,,,,2.0,0.015,596,True,False,False,True,,,,,,,,,,,,,,,,,,,,,,,,,,,,,,,,,,,,,,,,,,,,,,,,,,,,,,,,,0.2,0.003,75,0.0,,,,,,,153,-999922,,
True,False,2.0,4.0,80,1.5,0.5,,20,30,200,True,channel_reclaim,72,1,True,1.5,0.33,0.025,63.608435931860654,43.538802934962696,12,0.0005,,,,,,,,,,,,,,,,,,,,,,,,,,,,,,,,,,,,,,,,,,,,,,,,,,,,,,,,,4.0,0.01,238,True,False,True,True,,,,,,,,,,,,,,,,,,,,,,,,,,,,,,,,,,,,,,,,,,,,,,,,,,,,,,,,,0.2,0.001,150,0.75,,,,,,,154,-999924,,
True,False,1.0,6.0,20,1.8,1.0,,10,20,300,True,channel_reclaim,12,4,True,0.6,0.67,0.005,69.52829130968514,33.407528521193626,6,0.0025,,,,,,,,,,,,,,,,,,,,,,,,,,,,,,,,,,,,,,,,,,,,,,,,,,,,,,,,,1.0,0.08,342,True,False,True,True,,,,,,,,,,,,,,,,,,,,,,,,,,,,,,,,,,,,,,,,,,,,,,,,,,,,,,,,,0.12,0.002,50,0.25,,,,,,,155,-999924,,
True,False,2.5,1.7,14,2.0,1.0,,16,10,150,True,trend_bb_reversion,36,3,True,0.6,0.5,0.008,59.95083678194562,31.19920283830848,18,0.0,,,,,,,,,,,,,,,,,,,,,,,,,,,,,,,,,,,,,,,,,,,,,,,,,,,,,,,,,4.0,0.015,706,True,True,True,True,,,,,,,,,,,,,,,,,,,,,,,,,,,,,,,,,,,,,,,,,,,,,,,,,,,,,,,,,0.12,0.0005,75,0.0,,,,,,,156,-999924,,
True,False,1.5,2.2,40,2.0,1.5,,16,30,50,False,range_bb_reversion,48,1,True,1.2,0.25,0.025,63.363992084433576,34.592511524819976,48,0.005,,,,,,,,,,,,,,,,,,,,,,,,,,,,,,,,,,,,,,,,,,,,,,,,,,,,,,,,,1.0,0.04,715,True,False,True,False,,,,,,,,,,,,,,,,,,,,,,,,,,,,,,,,,,,,,,,,,,,,,,,,,,,,,,,,,0.2,0.001,30,1.5,,,,,,,157,-999924,,
True,True,4.0,2.2,20,2.2,1.25,,30,14,150,True,trend_bb_reversion,12,3,True,1.5,0.5,0.025,75.83941740377534,34.514184154725804,12,0.0,,,,,,,,,,,,,,,,,,,,,,,,,,,,,,,,,,,,,,,,,,,,,,,,,,,,,,,,,2.0,0.006,173,True,False,True,True,,,,,,,,,,,,,,,,,,,,,,,,,,,,,,,,,,,,,,,,,,,,,,,,,,,,,,,,,0.08,0.0005,20,1.0,,,,,,,158,-999925,,
True,True,2.5,1.7,80,2.5,2.0,,12,30,100,True,channel_reclaim,96,8,True,0.8,0.5,0.018,73.87770178118735,34.98169568742562,24,0.01,,,,,,,,,,,,,,,,,,,,,,,,,,,,,,,,,,,,,,,,,,,,,,,,,,,,,,,,,1.0,0.01,468,True,False,True,True,,,,,,,,,,,,,,,,,,,,,,,,,,,,,,,,,,,,,,,,,,,,,,,,,,,,,,,,,0.12,0.0005,150,1.0,,,,,,,159,-999925,,
True,True,1.5,1.7,14,2.2,0.75,,40,30,300,True,trend_state_tp,48,4,True,1.2,0.25,0.008,75.41922387857586,29.437448870382383,12,0.01,,,,,,,,,,,,,,,,,,,,,,,,,,,,,,,,,,,,,,,,,,,,,,,,,,,,,,,,,2.0,0.015,656,True,False,True,False,,,,,,,,,,,,,,,,,,,,,,,,,,,,,,,,,,,,,,,,,,,,,,,,,,,,,,,,,0.08,0.002,75,1.25,,,,,,,160,-999925,,
True,True,2.5,4.0,14,2.0,2.0,,55,14,200,True,trend_state_tp,120,1,True,0.6,0.33,0.012,76.78034737792095,24.83860404977283,24,0.0025,,,,,,,,,,,,,,,,,,,,,,,,,,,,,,,,,,,,,,,,,,,,,,,,,,,,,,,,,3.0,0.04,24,False,False,True,False,,,,,,,,,,,,,,,,,,,,,,,,,,,,,,,,,,,,,,,,,,,,,,,,,,,,,,,,,0.04,0.0,30,1.5,,,,,,,161,-999926,,
True,False,5.0,1.7,55,1.8,0.75,,30,10,80,True,trend_state_tp,18,1,True,0.6,0.33,0.018,67.34356334669465,23.499873639528786,6,0.0005,,,,,,,,,,,,,,,,,,,,,,,,,,,,,,,,,,,,,,,,,,,,,,,,,,,,,,,,,2.5,0.006,145,True,False,True,True,,,,,,,,,,,,,,,,,,,,,,,,,,,,,,,,,,,,,,,,,,,,,,,,,,,,,,,,,0.04,0.001,10,0.0,,,,,,,162,-999926,,
True,False,4.0,3.0,20,1.5,0.5,,10,50,300,True,trend_state_tp,72,6,True,0.8,0.5,0.005,74.20763463064465,28.093927754026726,18,0.005,,,,,,,,,,,,,,,,,,,,,,,,,,,,,,,,,,,,,,,,,,,,,,,,,,,,,,,,,3.0,0.015,51,True,False,True,False,,,,,,,,,,,,,,,,,,,,,,,,,,,,,,,,,,,,,,,,,,,,,,,,,,,,,,,,,0.12,0.001,20,1.5,,,,,,,163,-999927,,
True,False,4.0,12.0,80,1.5,0.75,,55,10,300,True,trend_state_tp,12,2,True,0.8,0.33,0.008,60.8507202208148,25.068255189404088,36,0.01,,,,,,,,,,,,,,,,,,,,,,,,,,,,,,,,,,,,,,,,,,,,,,,,,,,,,,,,,1.5,0.006,235,True,False,True,True,,,,,,,,,,,,,,,,,,,,,,,,,,,,,,,,,,,,,,,,,,,,,,,,,,,,,,,,,0.08,0.001,30,1.5,,,,,,,164,-999927,,
True,False,3.0,4.0,80,2.0,0.75,,12,8,300,True,trend_state_tp,120,6,True,1.0,0.67,0.012,73.44631320472683,43.15130425586427,3,0.0025,,,,,,,,,,,,,,,,,,,,,,,,,,,,,,,,,,,,,,,,,,,,,,,,,,,,,,,,,2.0,0.04,361,True,True,True,False,,,,,,,,,,,,,,,,,,,,,,,,,,,,,,,,,,,,,,,,,,,,,,,,,,,,,,,,,0.08,0.0005,30,0.25,,,,,,,165,-999927,,
True,False,3.0,1.7,80,1.8,0.5,,10,20,50,True,trend_state_tp,24,6,True,0.6,0.67,0.005,65.06857237238049,41.64373438567416,18,0.0025,,,,,,,,,,,,,,,,,,,,,,,,,,,,,,,,,,,,,,,,,,,,,,,,,,,,,,,,,3.0,0.006,541,True,False,True,False,,,,,,,,,,,,,,,,,,,,,,,,,,,,,,,,,,,,,,,,,,,,,,,,,,,,,,,,,0.05,0.002,75,0.5,,,,,,,166,-999927,,
True,False,1.5,8.0,14,2.0,0.75,,16,8,200,True,trend_state_tp,8,6,True,0.6,0.5,0.025,61.50559424944338,22.249968869256616,12,0.01,,,,,,,,,,,,,,,,,,,,,,,,,,,,,,,,,,,,,,,,,,,,,,,,,,,,,,,,,1.0,0.04,771,True,False,True,True,,,,,,,,,,,,,,,,,,,,,,,,,,,,,,,,,,,,,,,,,,,,,,,,,,,,,,,,,0.08,0.003,75,0.75,,,,,,,167,-999927,,
True,False,1.5,1.7,55,2.2,0.5,,10,50,400,True,trend_state_tp,24,8,True,2.0,0.33,0.012,66.96812273580866,44.090935120389275,12,0.0005,,,,,,,,,,,,,,,,,,,,,,,,,,,,,,,,,,,,,,,,,,,,,,,,,,,,,,,,,2.0,0.006,44,True,False,True,False,,,,,,,,,,,,,,,,,,,,,,,,,,,,,,,,,,,,,,,,,,,,,,,,,,,,,,,,,0.12,0.002,50,1.5,,,,,,,168,-999929,,
True,True,2.0,3.0,14,1.8,0.75,,20,8,150,True,range_bb_reversion,8,2,True,1.5,0.33,0.0,72.93794455348342,34.60162302111452,12,0.005,,,,,,,,,,,,,,,,,,,,,,,,,,,,,,,,,,,,,,,,,,,,,,,,,,,,,,,,,1.0,0.04,188,True,False,True,True,,,,,,,,,,,,,,,,,,,,,,,,,,,,,,,,,,,,,,,,,,,,,,,,,,,,,,,,,0.08,0.001,10,1.5,,,,,,,169,-999929,,
True,False,5.0,6.0,20,1.8,1.5,,8,14,400,True,channel_reclaim,36,8,False,1.2,0.25,0.008,61.11360876259807,38.99849013199086,18,0.01,,,,,,,,,,,,,,,,,,,,,,,,,,,,,,,,,,,,,,,,,,,,,,,,,,,,,,,,,2.0,0.015,423,True,False,True,True,,,,,,,,,,,,,,,,,,,,,,,,,,,,,,,,,,,,,,,,,,,,,,,,,,,,,,,,,1.0,0.002,30,0.5,,,,,,,170,-999929,,
True,True,1.0,6.0,20,1.8,1.25,,40,80,400,True,trend_bb_reversion,18,6,True,1.5,0.5,0.0,60.0318315720876,34.826465652125925,48,0.001,,,,,,,,,,,,,,,,,,,,,,,,,,,,,,,,,,,,,,,,,,,,,,,,,,,,,,,,,2.0,0.015,377,True,False,True,True,,,,,,,,,,,,,,,,,,,,,,,,,,,,,,,,,,,,,,,,,,,,,,,,,,,,,,,,,0.08,0.003,20,1.5,,,,,,,171,-999931,,
True,True,1.5,4.0,20,1.5,0.5,,12,80,130,True,channel_reclaim,24,3,True,2.0,0.5,0.005,72.10871721303931,32.50844729347331,36,0.01,,,,,,,,,,,,,,,,,,,,,,,,,,,,,,,,,,,,,,,,,,,,,,,,,,,,,,,,,4.0,0.08,421,True,False,True,True,,,,,,,,,,,,,,,,,,,,,,,,,,,,,,,,,,,,,,,,,,,,,,,,,,,,,,,,,1.0,0.002,20,1.25,,,,,,,172,-999931,,
True,True,5.0,4.0,40,1.5,0.75,,16,20,150,True,channel_reclaim,96,2,True,1.2,0.67,0.008,74.18132765786365,24.250485301794107,12,0.0025,,,,,,,,,,,,,,,,,,,,,,,,,,,,,,,,,,,,,,,,,,,,,,,,,,,,,,,,,1.5,0.04,638,False,True,True,True,,,,,,,,,,,,,,,,,,,,,,,,,,,,,,,,,,,,,,,,,,,,,,,,,,,,,,,,,0.05,0.001,150,0.25,,,,,,,173,-999931,,
True,False,1.5,1.3,14,2.5,0.5,,30,14,400,True,trend_bb_reversion,36,6,True,1.0,0.25,0.008,70.9842755991368,36.59681361094444,24,0.0005,,,,,,,,,,,,,,,,,,,,,,,,,,,,,,,,,,,,,,,,,,,,,,,,,,,,,,,,,3.0,0.006,178,False,True,True,True,,,,,,,,,,,,,,,,,,,,,,,,,,,,,,,,,,,,,,,,,,,,,,,,,,,,,,,,,0.2,0.0,50,0.75,,,,,,,174,-999932,,
True,False,1.0,8.0,30,1.5,0.75,,20,80,130,True,range_bb_reversion,24,2,True,2.0,0.33,0.025,68.17183526296199,33.15625512217354,36,0.0005,,,,,,,,,,,,,,,,,,,,,,,,,,,,,,,,,,,,,,,,,,,,,,,,,,,,,,,,,2.0,0.04,283,True,False,True,True,,,,,,,,,,,,,,,,,,,,,,,,,,,,,,,,,,,,,,,,,,,,,,,,,,,,,,,,,0.08,0.002,10,1.5,,,,,,,175,-999932,,
True,False,2.5,2.2,80,1.5,0.5,,20,50,100,True,trend_state_tp,72,4,False,1.5,0.25,0.012,68.56019278505624,32.999548528239565,3,0.005,,,,,,,,,,,,,,,,,,,,,,,,,,,,,,,,,,,,,,,,,,,,,,,,,,,,,,,,,3.0,0.015,48,True,False,True,True,,,,,,,,,,,,,,,,,,,,,,,,,,,,,,,,,,,,,,,,,,,,,,,,,,,,,,,,,1.0,0.0,30,1.25,,,,,,,176,-999933,,
True,False,2.5,1.7,20,2.0,1.0,,30,10,400,True,trend_state_tp,8,6,True,0.8,0.67,0.0,65.8518807086575,27.12826954760524,36,0.01,,,,,,,,,,,,,,,,,,,,,,,,,,,,,,,,,,,,,,,,,,,,,,,,,,,,,,,,,3.0,0.006,73,True,False,False,True,,,,,,,,,,,,,,,,,,,,,,,,,,,,,,,,,,,,,,,,,,,,,,,,,,,,,,,,,0.08,0.0,30,1.25,,,,,,,177,-999933,,
True,False,2.5,4.0,55,1.5,1.5,,30,80,150,True,trend_state_tp,48,6,True,2.0,0.67,0.0025,61.254553525101485,43.12045212811621,6,0.005,,,,,,,,,,,,,,,,,,,,,,,,,,,,,,,,,,,,,,,,,,,,,,,,,,,,,,,,,1.0,0.006,154,False,False,True,False,,,,,,,,,,,,,,,,,,,,,,,,,,,,,,,,,,,,,,,,,,,,,,,,,,,,,,,,,0.2,0.0005,100,0.0,,,,,,,178,-999933,,
True,True,4.0,1.3,30,1.5,2.0,,16,50,80,True,range_bb_reversion,24,8,True,1.5,0.67,0.025,73.10333360141506,41.60453837402655,3,0.0025,,,,,,,,,,,,,,,,,,,,,,,,,,,,,,,,,,,,,,,,,,,,,,,,,,,,,,,,,3.0,0.006,243,True,False,True,True,,,,,,,,,,,,,,,,,,,,,,,,,,,,,,,,,,,,,,,,,,,,,,,,,,,,,,,,,0.08,0.003,20,1.0,,,,,,,179,-999933,,
True,False,2.0,1.3,20,1.5,1.5,,20,50,150,False,channel_reclaim,72,8,True,1.5,0.25,0.0025,73.70608306895569,41.433750478633776,48,0.001,,,,,,,,,,,,,,,,,,,,,,,,,,,,,,,,,,,,,,,,,,,,,,,,,,,,,,,,,1.5,0.015,782,True,False,True,False,,,,,,,,,,,,,,,,,,,,,,,,,,,,,,,,,,,,,,,,,,,,,,,,,,,,,,,,,0.2,0.003,150,0.5,,,,,,,180,-999933,,
True,False,5.0,8.0,14,1.5,0.75,,16,8,200,False,range_bb_reversion,96,6,True,2.0,0.67,0.005,63.250930651983545,40.63206642743176,12,0.001,,,,,,,,,,,,,,,,,,,,,,,,,,,,,,,,,,,,,,,,,,,,,,,,,,,,,,,,,3.0,0.04,65,True,False,False,False,,,,,,,,,,,,,,,,,,,,,,,,,,,,,,,,,,,,,,,,,,,,,,,,,,,,,,,,,1.0,0.001,150,0.25,,,,,,,181,-999934,,
True,False,3.0,12.0,30,1.5,2.0,,12,30,50,True,range_bb_reversion,8,6,True,0.6,0.25,0.012,70.62480319538462,24.682465156558695,18,0.0025,,,,,,,,,,,,,,,,,,,,,,,,,,,,,,,,,,,,,,,,,,,,,,,,,,,,,,,,,2.5,0.04,634,True,True,True,True,,,,,,,,,,,,,,,,,,,,,,,,,,,,,,,,,,,,,,,,,,,,,,,,,,,,,,,,,1.0,0.0,10,1.0,,,,,,,182,-999934,,
True,False,4.0,8.0,55,1.8,1.0,,40,10,50,True,range_bb_reversion,14,8,True,0.8,0.25,0.012,63.82505255857745,40.45801164293173,12,0.005,,,,,,,,,,,,,,,,,,,,,,,,,,,,,,,,,,,,,,,,,,,,,,,,,,,,,,,,,1.5,0.08,655,True,False,True,True,,,,,,,,,,,,,,,,,,,,,,,,,,,,,,,,,,,,,,,,,,,,,,,,,,,,,,,,,0.08,0.001,30,0.0,,,,,,,183,-999935,,
True,False,1.0,6.0,20,2.5,2.0,,20,8,400,True,trend_bb_reversion,24,4,True,1.0,0.33,0.012,64.06902057065741,44.21835273692196,12,0.0,,,,,,,,,,,,,,,,,,,,,,,,,,,,,,,,,,,,,,,,,,,,,,,,,,,,,,,,,3.0,0.025,393,True,False,True,True,,,,,,,,,,,,,,,,,,,,,,,,,,,,,,,,,,,,,,,,,,,,,,,,,,,,,,,,,0.12,0.002,30,0.0,,,,,,,184,-999936,,
True,False,5.0,8.0,14,2.0,2.0,,16,80,130,True,range_bb_reversion,48,2,True,1.5,0.25,0.025,77.39947966586818,31.700053968009993,24,0.01,,,,,,,,,,,,,,,,,,,,,,,,,,,,,,,,,,,,,,,,,,,,,,,,,,,,,,,,,2.0,0.025,410,True,False,False,True,,,,,,,,,,,,,,,,,,,,,,,,,,,,,,,,,,,,,,,,,,,,,,,,,,,,,,,,,0.12,0.002,30,1.25,,,,,,,185,-999936,,
True,True,4.0,6.0,14,2.5,0.5,,12,80,400,True,trend_bb_reversion,48,4,True,0.8,0.67,0.0,62.84404552190501,23.439048292313217,6,0.001,,,,,,,,,,,,,,,,,,,,,,,,,,,,,,,,,,,,,,,,,,,,,,,,,,,,,,,,,2.0,0.025,630,True,False,True,True,,,,,,,,,,,,,,,,,,,,,,,,,,,,,,,,,,,,,,,,,,,,,,,,,,,,,,,,,0.2,0.0,10,1.25,,,,,,,186,-999937,,
True,False,1.5,2.2,55,2.0,0.75,,40,30,400,True,trend_state_tp,72,6,True,1.2,0.67,0.012,72.21765753601879,30.381444844003386,18,0.01,,,,,,,,,,,,,,,,,,,,,,,,,,,,,,,,,,,,,,,,,,,,,,,,,,,,,,,,,1.5,0.04,28,True,False,True,True,,,,,,,,,,,,,,,,,,,,,,,,,,,,,,,,,,,,,,,,,,,,,,,,,,,,,,,,,0.2,0.002,10,1.5,,,,,,,187,-999939,,
True,False,4.0,6.0,20,2.2,1.25,,10,20,50,True,range_bb_reversion,48,8,False,0.8,0.67,0.018,67.1880441091757,37.46097869991312,24,0.0,,,,,,,,,,,,,,,,,,,,,,,,,,,,,,,,,,,,,,,,,,,,,,,,,,,,,,,,,1.0,0.015,200,True,True,True,True,,,,,,,,,,,,,,,,,,,,,,,,,,,,,,,,,,,,,,,,,,,,,,,,,,,,,,,,,0.12,0.003,30,0.25,,,,,,,188,-999939,,
True,True,2.0,1.3,40,1.5,0.75,,8,80,300,True,trend_state_tp,96,2,True,0.6,0.33,0.0,77.40078419345585,26.27698011014853,24,0.0005,,,,,,,,,,,,,,,,,,,,,,,,,,,,,,,,,,,,,,,,,,,,,,,,,,,,,,,,,3.0,0.015,224,True,True,False,True,,,,,,,,,,,,,,,,,,,,,,,,,,,,,,,,,,,,,,,,,,,,,,,,,,,,,,,,,0.03,0.0005,150,0.0,,,,,,,189,-999940,,
True,False,1.5,1.3,20,2.2,0.5,,55,30,300,True,trend_bb_reversion,120,8,False,0.6,0.33,0.0025,62.76494666871014,42.753621219382225,3,0.0005,,,,,,,,,,,,,,,,,,,,,,,,,,,,,,,,,,,,,,,,,,,,,,,,,,,,,,,,,2.5,0.01,261,False,False,True,True,,,,,,,,,,,,,,,,,,,,,,,,,,,,,,,,,,,,,,,,,,,,,,,,,,,,,,,,,1.0,0.003,20,0.75,,,,,,,190,-999941,,
True,False,1.5,1.7,14,2.0,2.0,,20,50,80,False,range_bb_reversion,12,6,True,1.0,0.5,0.025,72.81851149063097,39.130302111082216,24,0.01,,,,,,,,,,,,,,,,,,,,,,,,,,,,,,,,,,,,,,,,,,,,,,,,,,,,,,,,,2.5,0.04,517,True,False,False,False,,,,,,,,,,,,,,,,,,,,,,,,,,,,,,,,,,,,,,,,,,,,,,,,,,,,,,,,,0.05,0.0005,30,0.5,,,,,,,191,-999941,,
True,False,1.5,2.2,80,2.0,0.5,,16,8,150,True,trend_reclaim,120,4,True,0.8,0.67,0.005,70.67214119154129,43.36215317041364,18,0.0005,,,,,,,,,,,,,,,,,,,,,,,,,,,,,,,,,,,,,,,,,,,,,,,,,,,,,,,,,1.0,0.025,103,False,False,False,True,,,,,,,,,,,,,,,,,,,,,,,,,,,,,,,,,,,,,,,,,,,,,,,,,,,,,,,,,1.0,0.003,100,0.25,,,,,,,192,-999942,,
True,False,2.5,2.2,55,1.8,0.5,,8,30,300,True,trend_reclaim,36,4,True,0.6,0.33,0.0,58.10421178078533,23.627593879631526,36,0.01,,,,,,,,,,,,,,,,,,,,,,,,,,,,,,,,,,,,,,,,,,,,,,,,,,,,,,,,,2.0,0.01,735,True,False,True,True,,,,,,,,,,,,,,,,,,,,,,,,,,,,,,,,,,,,,,,,,,,,,,,,,,,,,,,,,1.0,0.002,150,0.25,,,,,,,193,-999942,,
True,True,1.5,6.0,20,2.5,1.5,,12,80,150,True,range_bb_reversion,14,8,True,0.8,0.25,0.005,77.47135097256104,29.327345402933545,24,0.01,,,,,,,,,,,,,,,,,,,,,,,,,,,,,,,,,,,,,,,,,,,,,,,,,,,,,,,,,2.0,0.08,759,True,False,True,True,,,,,,,,,,,,,,,,,,,,,,,,,,,,,,,,,,,,,,,,,,,,,,,,,,,,,,,,,0.12,0.0005,50,1.5,,,,,,,194,-999943,,
True,False,3.0,12.0,14,1.5,2.0,,8,80,400,True,trend_state_tp,120,2,True,0.8,0.25,0.0025,64.90255025372667,43.94875961580695,18,0.0005,,,,,,,,,,,,,,,,,,,,,,,,,,,,,,,,,,,,,,,,,,,,,,,,,,,,,,,,,1.0,0.006,321,False,False,True,True,,,,,,,,,,,,,,,,,,,,,,,,,,,,,,,,,,,,,,,,,,,,,,,,,,,,,,,,,0.04,0.0,10,0.5,,,,,,,195,-999944,,
True,False,1.5,12.0,14,1.8,1.25,,10,8,100,True,channel_reclaim,36,3,True,0.8,0.25,0.0,59.90115428397233,33.87188271016442,24,0.001,,,,,,,,,,,,,,,,,,,,,,,,,,,,,,,,,,,,,,,,,,,,,,,,,,,,,,,,,1.5,0.015,498,True,False,True,True,,,,,,,,,,,,,,,,,,,,,,,,,,,,,,,,,,,,,,,,,,,,,,,,,,,,,,,,,0.12,0.003,100,1.0,,,,,,,196,-999944,,
True,False,5.0,12.0,80,2.0,0.75,,40,30,200,True,trend_state_tp,36,6,True,0.6,0.25,0.0,59.21446315057251,24.04807595730926,6,0.0025,,,,,,,,,,,,,,,,,,,,,,,,,,,,,,,,,,,,,,,,,,,,,,,,,,,,,,,,,1.5,0.01,39,True,False,False,True,,,,,,,,,,,,,,,,,,,,,,,,,,,,,,,,,,,,,,,,,,,,,,,,,,,,,,,,,0.05,0.003,20,0.5,,,,,,,197,-999945,,
False,True,4.0,1.7,55,1.5,1.25,,40,20,150,True,channel_reclaim,12,1,True,1.2,0.67,0.018,73.6845843549845,35.821584881154784,48,0.0005,,,,,,,,,,,,,,,,,,,,,,,,,,,,,,,,,,,,,,,,,,,,,,,,,,,,,,,,,3.0,0.01,50,True,False,True,True,,,,,,,,,,,,,,,,,,,,,,,,,,,,,,,,,,,,,,,,,,,,,,,,,,,,,,,,,0.2,0.003,20,0.25,,,,,,,198,-999945,,
True,False,2.0,1.3,30,2.2,0.5,,30,10,200,True,trend_state_tp,8,1,True,1.5,0.5,0.0025,62.14411327435848,24.787101548626733,18,0.0005,,,,,,,,,,,,,,,,,,,,,,,,,,,,,,,,,,,,,,,,,,,,,,,,,,,,,,,,,1.0,0.01,161,False,False,True,True,,,,,,,,,,,,,,,,,,,,,,,,,,,,,,,,,,,,,,,,,,,,,,,,,,,,,,,,,0.04,0.002,30,1.0,,,,,,,199,-999945,,
True,True,1.0,8.0,14,1.5,0.5,,16,80,130,True,trend_state_tp,24,1,True,1.0,0.25,0.0025,77.77551111929483,36.19578203792105,36,0.005,,,,,,,,,,,,,,,,,,,,,,,,,,,,,,,,,,,,,,,,,,,,,,,,,,,,,,,,,3.0,0.025,448,True,True,True,True,,,,,,,,,,,,,,,,,,,,,,,,,,,,,,,,,,,,,,,,,,,,,,,,,,,,,,,,,0.03,0.002,100,1.0,,,,,,,200,-999945,,
True,True,2.5,6.0,14,2.0,2.0,,20,80,300,True,trend_state_tp,120,8,True,1.2,0.25,0.005,66.62509969848277,30.00453749030467,12,0.0025,,,,,,,,,,,,,,,,,,,,,,,,,,,,,,,,,,,,,,,,,,,,,,,,,,,,,,,,,3.0,0.01,83,True,False,False,False,,,,,,,,,,,,,,,,,,,,,,,,,,,,,,,,,,,,,,,,,,,,,,,,,,,,,,,,,0.05,0.002,75,1.5,,,,,,,201,-999946,,
True,False,5.0,2.2,20,1.8,0.5,,30,10,80,True,trend_state_tp,120,4,True,2.0,0.67,0.025,60.73507931016122,31.070790411852425,12,0.0025,,,,,,,,,,,,,,,,,,,,,,,,,,,,,,,,,,,,,,,,,,,,,,,,,,,,,,,,,1.5,0.04,431,True,False,False,True,,,,,,,,,,,,,,,,,,,,,,,,,,,,,,,,,,,,,,,,,,,,,,,,,,,,,,,,,0.04,0.0,50,0.5,,,,,,,202,-999946,,
True,False,2.5,1.3,14,1.5,2.0,,20,8,80,False,range_bb_reversion,24,2,False,1.5,0.25,0.008,69.50667822702292,29.874232081905664,6,0.01,,,,,,,,,,,,,,,,,,,,,,,,,,,,,,,,,,,,,,,,,,,,,,,,,,,,,,,,,2.5,0.025,699,True,False,False,False,,,,,,,,,,,,,,,,,,,,,,,,,,,,,,,,,,,,,,,,,,,,,,,,,,,,,,,,,0.12,0.003,10,0.75,,,,,,,203,-999946,,
True,False,1.0,4.0,20,2.2,2.0,,40,10,200,True,range_bb_reversion,12,4,True,1.2,0.5,0.005,60.15413947848018,30.595608722204645,36,0.0,,,,,,,,,,,,,,,,,,,,,,,,,,,,,,,,,,,,,,,,,,,,,,,,,,,,,,,,,1.0,0.08,29,True,True,True,True,,,,,,,,,,,,,,,,,,,,,,,,,,,,,,,,,,,,,,,,,,,,,,,,,,,,,,,,,1.0,0.002,20,0.0,,,,,,,204,-999947,,
True,False,2.5,2.2,20,2.5,0.75,,30,30,400,True,trend_state_tp,14,8,True,0.6,0.33,0.018,60.99264699133012,40.30574768459886,36,0.001,,,,,,,,,,,,,,,,,,,,,,,,,,,,,,,,,,,,,,,,,,,,,,,,,,,,,,,,,1.5,0.006,118,True,True,True,True,,,,,,,,,,,,,,,,,,,,,,,,,,,,,,,,,,,,,,,,,,,,,,,,,,,,,,,,,0.05,0.003,50,1.0,,,,,,,205,-999947,,
False,True,5.0,2.2,14,2.2,1.25,,16,8,150,False,channel_reclaim,36,4,True,0.8,0.33,0.0025,75.7615005127326,37.08085648780309,3,0.0005,,,,,,,,,,,,,,,,,,,,,,,,,,,,,,,,,,,,,,,,,,,,,,,,,,,,,,,,,1.0,0.025,184,True,False,True,False,,,,,,,,,,,,,,,,,,,,,,,,,,,,,,,,,,,,,,,,,,,,,,,,,,,,,,,,,0.2,0.001,150,0.0,,,,,,,206,-999947,,
True,False,1.0,1.7,80,1.8,1.25,,20,80,300,True,channel_reclaim,48,6,True,2.0,0.5,0.0,63.76213974891998,41.849497490654535,6,0.0,,,,,,,,,,,,,,,,,,,,,,,,,,,,,,,,,,,,,,,,,,,,,,,,,,,,,,,,,3.0,0.08,234,False,True,True,True,,,,,,,,,,,,,,,,,,,,,,,,,,,,,,,,,,,,,,,,,,,,,,,,,,,,,,,,,0.2,0.002,100,0.75,,,,,,,207,-999947,,
True,False,1.0,8.0,40,2.5,1.5,,20,80,130,True,channel_reclaim,96,8,True,1.2,0.33,0.0025,70.46819483727248,22.402561645240255,12,0.0025,,,,,,,,,,,,,,,,,,,,,,,,,,,,,,,,,,,,,,,,,,,,,,,,,,,,,,,,,2.0,0.006,465,True,False,True,True,,,,,,,,,,,,,,,,,,,,,,,,,,,,,,,,,,,,,,,,,,,,,,,,,,,,,,,,,0.12,0.003,75,0.5,,,,,,,208,-999947,,
False,True,1.5,2.2,55,1.8,1.5,,12,20,80,True,range_bb_reversion,8,2,True,0.6,0.33,0.0025,75.38778084016316,29.181290558025925,24,0.0025,,,,,,,,,,,,,,,,,,,,,,,,,,,,,,,,,,,,,,,,,,,,,,,,,,,,,,,,,2.0,0.04,691,False,False,True,True,,,,,,,,,,,,,,,,,,,,,,,,,,,,,,,,,,,,,,,,,,,,,,,,,,,,,,,,,0.2,0.003,150,0.5,,,,,,,209,-999947,,
True,False,5.0,3.0,80,2.2,1.5,,55,80,200,True,trend_state_tp,48,4,True,0.8,0.67,0.008,69.94020967650108,27.273008734826927,6,0.0,,,,,,,,,,,,,,,,,,,,,,,,,,,,,,,,,,,,,,,,,,,,,,,,,,,,,,,,,1.5,0.015,694,True,False,True,False,,,,,,,,,,,,,,,,,,,,,,,,,,,,,,,,,,,,,,,,,,,,,,,,,,,,,,,,,0.05,0.003,100,1.25,,,,,,,210,-999947,,
True,False,5.0,4.0,14,2.0,0.75,,16,10,80,True,trend_state_tp,96,6,True,0.8,0.25,0.0025,66.73104648149791,32.563470152247426,36,0.0025,,,,,,,,,,,,,,,,,,,,,,,,,,,,,,,,,,,,,,,,,,,,,,,,,,,,,,,,,4.0,0.01,75,True,False,False,False,,,,,,,,,,,,,,,,,,,,,,,,,,,,,,,,,,,,,,,,,,,,,,,,,,,,,,,,,0.05,0.0,20,1.25,,,,,,,211,-999948,,
True,False,1.0,8.0,20,2.0,2.0,,30,80,130,True,channel_reclaim,72,3,True,0.8,0.25,0.0025,63.047899909973225,37.00631122895989,36,0.005,,,,,,,,,,,,,,,,,,,,,,,,,,,,,,,,,,,,,,,,,,,,,,,,,,,,,,,,,3.0,0.025,380,True,False,True,True,,,,,,,,,,,,,,,,,,,,,,,,,,,,,,,,,,,,,,,,,,,,,,,,,,,,,,,,,0.08,0.001,10,0.25,,,,,,,212,-999948,,
True,True,2.5,4.0,30,2.2,0.5,,12,80,150,True,range_bb_reversion,8,6,True,0.8,0.25,0.005,61.02671698536324,44.24207008895016,48,0.001,,,,,,,,,,,,,,,,,,,,,,,,,,,,,,,,,,,,,,,,,,,,,,,,,,,,,,,,,1.0,0.04,398,True,False,True,True,,,,,,,,,,,,,,,,,,,,,,,,,,,,,,,,,,,,,,,,,,,,,,,,,,,,,,,,,0.04,0.002,30,0.0,,,,,,,213,-999948,,
True,True,2.0,6.0,20,1.5,1.5,,20,14,150,False,trend_reclaim,24,3,True,1.2,0.5,0.008,58.29925975605881,33.92537925163313,36,0.01,,,,,,,,,,,,,,,,,,,,,,,,,,,,,,,,,,,,,,,,,,,,,,,,,,,,,,,,,2.5,0.04,401,True,False,True,False,,,,,,,,,,,,,,,,,,,,,,,,,,,,,,,,,,,,,,,,,,,,,,,,,,,,,,,,,0.12,0.003,50,0.25,,,,,,,214,-999948,,
True,False,3.0,1.7,55,1.8,1.0,,16,20,200,True,trend_state_tp,24,2,True,1.5,0.25,0.008,59.322373064287646,38.90026292059289,18,0.01,,,,,,,,,,,,,,,,,,,,,,,,,,,,,,,,,,,,,,,,,,,,,,,,,,,,,,,,,1.5,0.04,134,True,False,True,True,,,,,,,,,,,,,,,,,,,,,,,,,,,,,,,,,,,,,,,,,,,,,,,,,,,,,,,,,0.05,0.001,10,0.25,,,,,,,215,-999949,,
True,True,4.0,1.3,80,2.5,1.5,,16,50,80,False,channel_reclaim,96,4,True,0.8,0.33,0.008,60.9435607723562,43.21246146437805,36,0.0,,,,,,,,,,,,,,,,,,,,,,,,,,,,,,,,,,,,,,,,,,,,,,,,,,,,,,,,,1.5,0.04,701,True,False,True,False,,,,,,,,,,,,,,,,,,,,,,,,,,,,,,,,,,,,,,,,,,,,,,,,,,,,,,,,,0.04,0.0005,50,0.5,,,,,,,216,-999949,,
True,True,4.0,4.0,80,1.5,0.5,,10,30,200,True,range_bb_reversion,96,4,True,1.0,0.33,0.0025,64.52210181962182,34.236475963144265,3,0.0025,,,,,,,,,,,,,,,,,,,,,,,,,,,,,,,,,,,,,,,,,,,,,,,,,,,,,,,,,4.0,0.04,738,True,False,False,True,,,,,,,,,,,,,,,,,,,,,,,,,,,,,,,,,,,,,,,,,,,,,,,,,,,,,,,,,0.05,0.002,150,1.0,,,,,,,217,-999949,,
True,False,1.0,12.0,30,1.5,2.0,,12,80,130,False,trend_bb_reversion,120,2,True,0.8,0.33,0.005,76.30368742894427,25.63416610718753,48,0.005,,,,,,,,,,,,,,,,,,,,,,,,,,,,,,,,,,,,,,,,,,,,,,,,,,,,,,,,,3.0,0.015,95,True,True,True,False,,,,,,,,,,,,,,,,,,,,,,,,,,,,,,,,,,,,,,,,,,,,,,,,,,,,,,,,,1.0,0.0005,30,0.0,,,,,,,218,-999950,,
True,False,5.0,8.0,14,1.5,1.25,,16,50,80,False,range_bb_reversion,120,2,True,0.8,0.25,0.018,75.36937443514144,41.146994400523,24,0.0025,,,,,,,,,,,,,,,,,,,,,,,,,,,,,,,,,,,,,,,,,,,,,,,,,,,,,,,,,2.5,0.015,561,True,False,True,False,,,,,,,,,,,,,,,,,,,,,,,,,,,,,,,,,,,,,,,,,,,,,,,,,,,,,,,,,0.05,0.0,75,1.0,,,,,,,219,-999950,,
False,True,2.0,12.0,14,1.8,1.25,,30,10,400,False,trend_reclaim,72,1,True,1.5,0.33,0.005,77.46782904534763,33.05415448798003,48,0.0005,,,,,,,,,,,,,,,,,,,,,,,,,,,,,,,,,,,,,,,,,,,,,,,,,,,,,,,,,2.5,0.015,116,True,False,True,False,,,,,,,,,,,,,,,,,,,,,,,,,,,,,,,,,,,,,,,,,,,,,,,,,,,,,,,,,0.12,0.002,30,0.5,,,,,,,220,-999951,,
True,True,3.0,1.3,14,1.5,1.0,,8,14,400,True,range_bb_reversion,24,4,True,0.6,0.67,0.0025,60.34870547403294,36.13417381546407,6,0.01,,,,,,,,,,,,,,,,,,,,,,,,,,,,,,,,,,,,,,,,,,,,,,,,,,,,,,,,,2.0,0.015,146,False,True,True,True,,,,,,,,,,,,,,,,,,,,,,,,,,,,,,,,,,,,,,,,,,,,,,,,,,,,,,,,,0.12,0.002,100,0.25,,,,,,,221,-999951,,
True,False,5.0,3.0,55,1.8,1.0,,55,10,150,True,trend_state_tp,72,8,True,0.6,0.25,0.008,60.53102605774297,34.253265988216604,18,0.0,,,,,,,,,,,,,,,,,,,,,,,,,,,,,,,,,,,,,,,,,,,,,,,,,,,,,,,,,1.0,0.015,518,True,False,True,True,,,,,,,,,,,,,,,,,,,,,,,,,,,,,,,,,,,,,,,,,,,,,,,,,,,,,,,,,0.04,0.001,50,0.5,,,,,,,222,-999951,,
True,False,1.5,6.0,20,1.5,0.75,,55,50,300,True,trend_state_tp,24,4,True,0.8,0.5,0.0,62.72341538227051,32.08460588938702,6,0.0025,,,,,,,,,,,,,,,,,,,,,,,,,,,,,,,,,,,,,,,,,,,,,,,,,,,,,,,,,2.5,0.04,587,True,False,False,True,,,,,,,,,,,,,,,,,,,,,,,,,,,,,,,,,,,,,,,,,,,,,,,,,,,,,,,,,0.05,0.0005,75,0.25,,,,,,,223,-999952,,
True,False,1.5,8.0,14,2.2,0.5,,8,8,300,True,range_bb_reversion,120,2,True,2.0,0.67,0.018,64.50805319017832,39.31351482744799,24,0.005,,,,,,,,,,,,,,,,,,,,,,,,,,,,,,,,,,,,,,,,,,,,,,,,,,,,,,,,,4.0,0.04,314,True,False,True,True,,,,,,,,,,,,,,,,,,,,,,,,,,,,,,,,,,,,,,,,,,,,,,,,,,,,,,,,,0.12,0.0005,20,0.5,,,,,,,224,-999953,,
True,False,2.0,1.3,14,1.5,1.0,,40,8,50,False,trend_bb_reversion,18,3,True,0.6,0.5,0.025,71.20233764171164,43.88129684047499,6,0.0005,,,,,,,,,,,,,,,,,,,,,,,,,,,,,,,,,,,,,,,,,,,,,,,,,,,,,,,,,1.5,0.025,366,False,False,True,False,,,,,,,,,,,,,,,,,,,,,,,,,,,,,,,,,,,,,,,,,,,,,,,,,,,,,,,,,1.0,0.003,150,1.0,,,,,,,225,-999953,,
False,True,3.0,1.7,14,1.8,2.0,,30,20,150,False,channel_reclaim,120,3,False,0.8,0.25,0.008,60.708488646524074,39.14836549974314,48,0.0,,,,,,,,,,,,,,,,,,,,,,,,,,,,,,,,,,,,,,,,,,,,,,,,,,,,,,,,,3.0,0.04,497,True,False,True,False,,,,,,,,,,,,,,,,,,,,,,,,,,,,,,,,,,,,,,,,,,,,,,,,,,,,,,,,,0.12,0.0005,30,0.0,,,,,,,226,-999953,,
True,False,2.0,1.7,14,1.5,1.0,,10,30,400,True,trend_state_tp,120,4,True,1.5,0.67,0.012,68.95959738488946,34.23098757550237,12,0.01,,,,,,,,,,,,,,,,,,,,,,,,,,,,,,,,,,,,,,,,,,,,,,,,,,,,,,,,,2.5,0.025,7,True,True,True,True,,,,,,,,,,,,,,,,,,,,,,,,,,,,,,,,,,,,,,,,,,,,,,,,,,,,,,,,,0.08,0.002,20,0.0,,,,,,,227,-999954,,
True,True,2.0,6.0,55,1.8,0.5,,20,8,100,True,channel_reclaim,36,2,False,1.0,0.5,0.0,66.56599595561379,42.987513603378275,3,0.0,,,,,,,,,,,,,,,,,,,,,,,,,,,,,,,,,,,,,,,,,,,,,,,,,,,,,,,,,1.0,0.006,11,True,False,True,True,,,,,,,,,,,,,,,,,,,,,,,,,,,,,,,,,,,,,,,,,,,,,,,,,,,,,,,,,0.12,0.001,100,1.0,,,,,,,228,-999954,,
True,False,2.0,2.2,30,1.5,0.75,,16,20,100,True,channel_reclaim,96,4,True,1.0,0.33,0.005,71.82644889772536,24.836528685725682,48,0.01,,,,,,,,,,,,,,,,,,,,,,,,,,,,,,,,,,,,,,,,,,,,,,,,,,,,,,,,,1.0,0.04,290,True,False,True,True,,,,,,,,,,,,,,,,,,,,,,,,,,,,,,,,,,,,,,,,,,,,,,,,,,,,,,,,,0.12,0.003,20,1.0,,,,,,,229,-999954,,
True,False,1.0,1.7,20,1.8,2.0,,12,50,100,False,trend_bb_reversion,24,8,True,0.6,0.67,0.012,71.02947899206178,43.110620287420964,36,0.001,,,,,,,,,,,,,,,,,,,,,,,,,,,,,,,,,,,,,,,,,,,,,,,,,,,,,,,,,3.0,0.01,309,True,True,True,False,,,,,,,,,,,,,,,,,,,,,,,,,,,,,,,,,,,,,,,,,,,,,,,,,,,,,,,,,0.08,0.0,20,1.25,,,,,,,230,-999954,,
True,True,2.0,4.0,30,1.8,1.0,,10,8,200,True,channel_reclaim,18,6,True,0.8,0.33,0.008,58.92835560852565,22.010030327668296,18,0.0025,,,,,,,,,,,,,,,,,,,,,,,,,,,,,,,,,,,,,,,,,,,,,,,,,,,,,,,,,4.0,0.08,786,True,False,True,True,,,,,,,,,,,,,,,,,,,,,,,,,,,,,,,,,,,,,,,,,,,,,,,,,,,,,,,,,1.0,0.002,75,1.5,,,,,,,231,-999954,,
True,True,2.0,1.3,40,2.5,1.0,,55,8,200,True,range_bb_reversion,24,1,True,2.0,0.5,0.025,69.85292612665697,25.704164547388864,12,0.005,,,,,,,,,,,,,,,,,,,,,,,,,,,,,,,,,,,,,,,,,,,,,,,,,,,,,,,,,2.5,0.04,367,True,False,True,True,,,,,,,,,,,,,,,,,,,,,,,,,,,,,,,,,,,,,,,,,,,,,,,,,,,,,,,,,0.12,0.002,100,0.0,,,,,,,232,-999955,,
True,False,1.0,12.0,55,2.0,0.5,,20,50,150,True,channel_reclaim,48,2,True,2.0,0.67,0.0,69.04306102658141,30.379414228875675,18,0.005,,,,,,,,,,,,,,,,,,,,,,,,,,,,,,,,,,,,,,,,,,,,,,,,,,,,,,,,,1.0,0.006,244,True,False,True,True,,,,,,,,,,,,,,,,,,,,,,,,,,,,,,,,,,,,,,,,,,,,,,,,,,,,,,,,,0.08,0.001,50,0.75,,,,,,,233,-999956,,
True,False,1.5,3.0,30,1.8,2.0,,30,30,200,True,trend_reclaim,24,3,True,1.0,0.5,0.0,63.379799866824314,41.11194722200762,12,0.0005,,,,,,,,,,,,,,,,,,,,,,,,,,,,,,,,,,,,,,,,,,,,,,,,,,,,,,,,,4.0,0.08,252,True,False,True,True,,,,,,,,,,,,,,,,,,,,,,,,,,,,,,,,,,,,,,,,,,,,,,,,,,,,,,,,,0.2,0.0,20,1.0,,,,,,,234,-999956,,
True,False,1.5,2.2,80,1.5,0.75,,12,20,100,True,channel_reclaim,96,4,True,1.0,0.33,0.008,62.67875886020679,28.704156291357286,12,0.01,,,,,,,,,,,,,,,,,,,,,,,,,,,,,,,,,,,,,,,,,,,,,,,,,,,,,,,,,1.5,0.01,640,True,True,True,True,,,,,,,,,,,,,,,,,,,,,,,,,,,,,,,,,,,,,,,,,,,,,,,,,,,,,,,,,0.12,0.002,50,0.0,,,,,,,235,-999956,,
True,False,3.0,2.2,40,1.5,1.25,,8,80,100,True,trend_bb_reversion,48,8,True,1.5,0.33,0.012,69.54244872358136,33.53518002453665,36,0.0005,,,,,,,,,,,,,,,,,,,,,,,,,,,,,,,,,,,,,,,,,,,,,,,,,,,,,,,,,1.0,0.04,106,True,False,True,True,,,,,,,,,,,,,,,,,,,,,,,,,,,,,,,,,,,,,,,,,,,,,,,,,,,,,,,,,0.08,0.003,20,0.5,,,,,,,236,-999957,,
True,True,1.5,6.0,55,2.5,2.0,,40,8,100,True,range_bb_reversion,48,3,True,1.0,0.33,0.012,74.90451165640494,22.39234327034764,24,0.005,,,,,,,,,,,,,,,,,,,,,,,,,,,,,,,,,,,,,,,,,,,,,,,,,,,,,,,,,1.5,0.08,204,True,False,True,True,,,,,,,,,,,,,,,,,,,,,,,,,,,,,,,,,,,,,,,,,,,,,,,,,,,,,,,,,0.08,0.002,75,1.25,,,,,,,237,-999957,,
True,True,1.5,2.2,55,2.5,0.75,,30,30,100,False,channel_reclaim,18,6,True,2.0,0.25,0.018,77.54019659611713,28.723899702572535,3,0.0,,,,,,,,,,,,,,,,,,,,,,,,,,,,,,,,,,,,,,,,,,,,,,,,,,,,,,,,,1.5,0.025,221,True,False,True,False,,,,,,,,,,,,,,,,,,,,,,,,,,,,,,,,,,,,,,,,,,,,,,,,,,,,,,,,,0.12,0.0,100,0.5,,,,,,,238,-999957,,
True,False,1.5,1.7,40,1.5,1.25,,8,10,80,True,range_bb_reversion,12,4,True,1.5,0.25,0.012,70.17387568560291,43.670274237518306,36,0.01,,,,,,,,,,,,,,,,,,,,,,,,,,,,,,,,,,,,,,,,,,,,,,,,,,,,,,,,,1.5,0.01,228,True,False,True,True,,,,,,,,,,,,,,,,,,,,,,,,,,,,,,,,,,,,,,,,,,,,,,,,,,,,,,,,,0.12,0.001,50,0.25,,,,,,,239,-999957,,
True,False,3.0,3.0,40,1.8,1.25,,10,10,200,True,trend_state_tp,120,4,True,0.8,0.67,0.005,73.89959924862782,44.59467274024127,3,0.005,,,,,,,,,,,,,,,,,,,,,,,,,,,,,,,,,,,,,,,,,,,,,,,,,,,,,,,,,2.0,0.01,319,True,False,True,True,,,,,,,,,,,,,,,,,,,,,,,,,,,,,,,,,,,,,,,,,,,,,,,,,,,,,,,,,1.0,0.0005,50,0.5,,,,,,,240,-999957,,
True,False,5.0,8.0,80,2.5,0.5,,55,10,80,True,trend_state_tp,18,3,True,1.2,0.33,0.018,70.40940083291501,25.06414981138025,12,0.005,,,,,,,,,,,,,,,,,,,,,,,,,,,,,,,,,,,,,,,,,,,,,,,,,,,,,,,,,2.5,0.015,565,True,False,False,True,,,,,,,,,,,,,,,,,,,,,,,,,,,,,,,,,,,,,,,,,,,,,,,,,,,,,,,,,0.04,0.0005,150,0.0,,,,,,,241,-999957,,
True,False,3.0,12.0,40,2.0,1.25,,30,30,400,True,trend_bb_reversion,18,8,True,1.5,0.67,0.018,76.61330594495625,38.94810247121249,18,0.0005,,,,,,,,,,,,,,,,,,,,,,,,,,,,,,,,,,,,,,,,,,,,,,,,,,,,,,,,,4.0,0.015,567,False,False,False,True,,,,,,,,,,,,,,,,,,,,,,,,,,,,,,,,,,,,,,,,,,,,,,,,,,,,,,,,,0.2,0.0,75,0.0,,,,,,,242,-999957,,
True,False,3.0,6.0,80,2.0,0.5,,10,50,100,True,channel_reclaim,18,6,True,1.2,0.5,0.008,73.79759609627475,27.041728000654754,18,0.001,,,,,,,,,,,,,,,,,,,,,,,,,,,,,,,,,,,,,,,,,,,,,,,,,,,,,,,,,2.0,0.006,572,True,False,False,True,,,,,,,,,,,,,,,,,,,,,,,,,,,,,,,,,,,,,,,,,,,,,,,,,,,,,,,,,0.08,0.0,100,1.0,,,,,,,243,-999957,,
True,False,3.0,6.0,30,1.5,0.75,,20,8,50,True,range_bb_reversion,48,4,True,2.0,0.67,0.012,73.85781748533981,41.94205907340303,48,0.0025,,,,,,,,,,,,,,,,,,,,,,,,,,,,,,,,,,,,,,,,,,,,,,,,,,,,,,,,,4.0,0.006,669,True,False,True,True,,,,,,,,,,,,,,,,,,,,,,,,,,,,,,,,,,,,,,,,,,,,,,,,,,,,,,,,,0.08,0.0005,20,0.75,,,,,,,244,-999957,,
True,False,5.0,3.0,20,2.0,1.5,,12,14,100,True,trend_state_tp,48,4,True,1.5,0.25,0.0025,62.05240840190114,35.015979978000296,18,0.0,,,,,,,,,,,,,,,,,,,,,,,,,,,,,,,,,,,,,,,,,,,,,,,,,,,,,,,,,4.0,0.025,674,True,False,True,True,,,,,,,,,,,,,,,,,,,,,,,,,,,,,,,,,,,,,,,,,,,,,,,,,,,,,,,,,0.04,0.002,10,1.25,,,,,,,245,-999957,,
True,False,4.0,1.7,55,2.2,2.0,,16,14,150,False,range_bb_reversion,48,8,True,0.8,0.5,0.0025,67.14838419653479,44.705236363503836,12,0.0,,,,,,,,,,,,,,,,,,,,,,,,,,,,,,,,,,,,,,,,,,,,,,,,,,,,,,,,,4.0,0.08,43,True,False,False,False,,,,,,,,,,,,,,,,,,,,,,,,,,,,,,,,,,,,,,,,,,,,,,,,,,,,,,,,,0.12,0.0,30,0.0,,,,,,,246,-999958,,
True,True,1.0,2.2,20,1.8,2.0,,30,80,300,True,trend_bb_reversion,8,4,True,1.2,0.5,0.008,59.57661597785564,25.186736081793622,6,0.001,,,,,,,,,,,,,,,,,,,,,,,,,,,,,,,,,,,,,,,,,,,,,,,,,,,,,,,,,4.0,0.04,150,True,False,True,True,,,,,,,,,,,,,,,,,,,,,,,,,,,,,,,,,,,,,,,,,,,,,,,,,,,,,,,,,0.08,0.001,100,1.25,,,,,,,247,-999958,,
True,False,2.5,12.0,40,1.8,0.5,,55,80,200,True,trend_state_tp,96,6,True,0.6,0.5,0.025,58.89092806537691,41.19398172183308,18,0.001,,,,,,,,,,,,,,,,,,,,,,,,,,,,,,,,,,,,,,,,,,,,,,,,,,,,,,,,,2.0,0.015,187,True,False,True,False,,,,,,,,,,,,,,,,,,,,,,,,,,,,,,,,,,,,,,,,,,,,,,,,,,,,,,,,,0.04,0.0,20,0.5,,,,,,,248,-999958,,
True,True,2.5,1.7,20,1.5,0.75,,30,50,300,True,channel_reclaim,48,2,True,0.8,0.33,0.0,62.495727087303386,28.25930953900349,18,0.005,,,,,,,,,,,,,,,,,,,,,,,,,,,,,,,,,,,,,,,,,,,,,,,,,,,,,,,,,2.5,0.01,225,True,False,True,True,,,,,,,,,,,,,,,,,,,,,,,,,,,,,,,,,,,,,,,,,,,,,,,,,,,,,,,,,0.2,0.0,10,1.0,,,,,,,249,-999958,,
True,False,3.0,6.0,14,2.5,1.5,,20,80,130,True,trend_bb_reversion,12,6,True,2.0,0.67,0.025,60.452061325878404,32.45045182600053,36,0.0025,,,,,,,,,,,,,,,,,,,,,,,,,,,,,,,,,,,,,,,,,,,,,,,,,,,,,,,,,3.0,0.025,534,True,False,True,True,,,,,,,,,,,,,,,,,,,,,,,,,,,,,,,,,,,,,,,,,,,,,,,,,,,,,,,,,0.08,0.0005,20,0.75,,,,,,,250,-999958,,
True,False,1.0,12.0,80,1.5,0.75,,30,10,400,True,channel_reclaim,12,6,True,1.5,0.5,0.018,70.89521025263181,29.766378102184127,12,0.001,,,,,,,,,,,,,,,,,,,,,,,,,,,,,,,,,,,,,,,,,,,,,,,,,,,,,,,,,3.0,0.006,278,True,False,False,True,,,,,,,,,,,,,,,,,,,,,,,,,,,,,,,,,,,,,,,,,,,,,,,,,,,,,,,,,0.08,0.003,100,0.25,,,,,,,251,-999959,,
True,False,4.0,1.7,14,1.5,1.0,,16,8,80,True,trend_state_tp,36,4,True,2.0,0.25,0.018,66.60992010676135,27.053083861641532,24,0.001,,,,,,,,,,,,,,,,,,,,,,,,,,,,,,,,,,,,,,,,,,,,,,,,,,,,,,,,,1.0,0.015,298,True,True,False,True,,,,,,,,,,,,,,,,,,,,,,,,,,,,,,,,,,,,,,,,,,,,,,,,,,,,,,,,,0.05,0.003,50,1.5,,,,,,,252,-999959,,
True,False,1.0,1.7,30,2.0,0.75,,30,8,300,True,trend_bb_reversion,36,8,True,1.5,0.67,0.0025,65.1360908923766,32.03170391181468,12,0.001,,,,,,,,,,,,,,,,,,,,,,,,,,,,,,,,,,,,,,,,,,,,,,,,,,,,,,,,,2.0,0.08,530,True,True,True,True,,,,,,,,,,,,,,,,,,,,,,,,,,,,,,,,,,,,,,,,,,,,,,,,,,,,,,,,,0.12,0.0,50,0.25,,,,,,,253,-999959,,
False,True,2.5,4.0,20,1.8,1.0,,40,30,200,True,trend_state_tp,48,4,True,1.5,0.5,0.0,62.505973549599105,22.951785554835343,24,0.001,,,,,,,,,,,,,,,,,,,,,,,,,,,,,,,,,,,,,,,,,,,,,,,,,,,,,,,,,2.0,0.08,598,True,True,False,False,,,,,,,,,,,,,,,,,,,,,,,,,,,,,,,,,,,,,,,,,,,,,,,,,,,,,,,,,0.05,0.003,100,1.5,,,,,,,254,-999959,,
True,False,3.0,6.0,80,1.5,1.0,,40,14,80,True,range_bb_reversion,24,6,True,0.8,0.5,0.008,73.03665905868529,33.71172695323,12,0.01,,,,,,,,,,,,,,,,,,,,,,,,,,,,,,,,,,,,,,,,,,,,,,,,,,,,,,,,,4.0,0.08,129,True,True,True,True,,,,,,,,,,,,,,,,,,,,,,,,,,,,,,,,,,,,,,,,,,,,,,,,,,,,,,,,,0.05,0.001,75,0.5,,,,,,,255,-999960,,
True,False,2.5,1.7,20,2.2,0.75,,8,8,150,True,trend_state_tp,48,6,True,1.0,0.33,0.025,73.02301082443444,27.1476059143853,36,0.005,,,,,,,,,,,,,,,,,,,,,,,,,,,,,,,,,,,,,,,,,,,,,,,,,,,,,,,,,2.5,0.08,317,True,False,True,True,,,,,,,,,,,,,,,,,,,,,,,,,,,,,,,,,,,,,,,,,,,,,,,,,,,,,,,,,0.04,0.0,50,0.25,,,,,,,256,-999960,,
True,True,5.0,1.3,14,2.0,2.0,,55,30,200,True,trend_bb_reversion,96,2,False,1.0,0.25,0.018,60.58589126916829,31.710077232198188,24,0.0,,,,,,,,,,,,,,,,,,,,,,,,,,,,,,,,,,,,,,,,,,,,,,,,,,,,,,,,,3.0,0.006,344,True,False,True,True,,,,,,,,,,,,,,,,,,,,,,,,,,,,,,,,,,,,,,,,,,,,,,,,,,,,,,,,,0.03,0.003,50,0.0,,,,,,,257,-999960,,
True,False,5.0,4.0,55,2.2,0.75,,8,20,80,True,channel_reclaim,12,3,True,0.6,0.33,0.005,58.701034755496565,31.883085625616353,36,0.001,,,,,,,,,,,,,,,,,,,,,,,,,,,,,,,,,,,,,,,,,,,,,,,,,,,,,,,,,2.5,0.08,511,True,False,True,True,,,,,,,,,,,,,,,,,,,,,,,,,,,,,,,,,,,,,,,,,,,,,,,,,,,,,,,,,0.12,0.0005,30,1.25,,,,,,,258,-999960,,
True,False,1.0,12.0,14,1.5,1.25,,20,50,80,False,range_bb_reversion,18,3,True,1.5,0.25,0.008,74.16696879202233,23.792333056424322,48,0.0,,,,,,,,,,,,,,,,,,,,,,,,,,,,,,,,,,,,,,,,,,,,,,,,,,,,,,,,,2.5,0.015,544,True,False,True,False,,,,,,,,,,,,,,,,,,,,,,,,,,,,,,,,,,,,,,,,,,,,,,,,,,,,,,,,,1.0,0.002,20,1.25,,,,,,,259,-999960,,
True,False,1.5,8.0,14,2.0,1.25,,16,10,80,True,range_bb_reversion,36,2,True,1.0,0.5,0.018,59.323330262439086,24.445552601282124,6,0.0005,,,,,,,,,,,,,,,,,,,,,,,,,,,,,,,,,,,,,,,,,,,,,,,,,,,,,,,,,2.0,0.08,606,True,True,False,True,,,,,,,,,,,,,,,,,,,,,,,,,,,,,,,,,,,,,,,,,,,,,,,,,,,,,,,,,0.08,0.0005,100,0.0,,,,,,,260,-999960,,
True,False,3.0,2.2,30,2.2,1.0,,30,14,100,True,range_bb_reversion,18,4,True,1.2,0.5,0.008,77.83118408716317,34.43393912996314,3,0.01,,,,,,,,,,,,,,,,,,,,,,,,,,,,,,,,,,,,,,,,,,,,,,,,,,,,,,,,,1.0,0.025,353,True,False,True,True,,,,,,,,,,,,,,,,,,,,,,,,,,,,,,,,,,,,,,,,,,,,,,,,,,,,,,,,,0.12,0.003,50,1.0,,,,,,,261,-999961,,
True,False,4.0,2.2,20,2.5,0.5,,10,14,150,True,trend_bb_reversion,48,2,False,0.8,0.5,0.0025,72.15200880591577,36.35799565500614,48,0.0025,,,,,,,,,,,,,,,,,,,,,,,,,,,,,,,,,,,,,,,,,,,,,,,,,,,,,,,,,1.5,0.015,582,True,False,True,True,,,,,,,,,,,,,,,,,,,,,,,,,,,,,,,,,,,,,,,,,,,,,,,,,,,,,,,,,0.08,0.001,75,1.0,,,,,,,262,-999961,,
True,True,4.0,1.7,14,1.8,1.0,,30,10,150,True,trend_bb_reversion,24,4,False,1.5,0.33,0.012,62.190032916939394,34.86415160649654,48,0.001,,,,,,,,,,,,,,,,,,,,,,,,,,,,,,,,,,,,,,,,,,,,,,,,,,,,,,,,,2.5,0.08,363,True,False,True,True,,,,,,,,,,,,,,,,,,,,,,,,,,,,,,,,,,,,,,,,,,,,,,,,,,,,,,,,,0.04,0.003,20,1.0,,,,,,,263,-999962,,
True,True,1.5,2.2,14,2.2,1.0,,16,20,150,True,trend_bb_reversion,8,6,True,1.2,0.25,0.0,72.0525520733737,36.590719126716834,48,0.001,,,,,,,,,,,,,,,,,,,,,,,,,,,,,,,,,,,,,,,,,,,,,,,,,,,,,,,,,1.0,0.006,784,True,False,True,True,,,,,,,,,,,,,,,,,,,,,,,,,,,,,,,,,,,,,,,,,,,,,,,,,,,,,,,,,0.12,0.0,150,1.5,,,,,,,264,-999962,,
True,False,4.0,2.2,55,2.2,0.75,,10,20,400,False,channel_reclaim,18,4,True,0.8,0.67,0.0025,66.05564295614194,41.16524542970869,12,0.0025,,,,,,,,,,,,,,,,,,,,,,,,,,,,,,,,,,,,,,,,,,,,,,,,,,,,,,,,,1.0,0.01,26,True,True,True,False,,,,,,,,,,,,,,,,,,,,,,,,,,,,,,,,,,,,,,,,,,,,,,,,,,,,,,,,,1.0,0.0005,10,1.25,,,,,,,265,-999963,,
True,False,2.0,3.0,30,1.5,1.25,,8,8,300,True,trend_bb_reversion,36,6,True,1.2,0.33,0.0,71.92409739349681,35.05051743120781,24,0.0025,,,,,,,,,,,,,,,,,,,,,,,,,,,,,,,,,,,,,,,,,,,,,,,,,,,,,,,,,4.0,0.08,60,True,False,True,True,,,,,,,,,,,,,,,,,,,,,,,,,,,,,,,,,,,,,,,,,,,,,,,,,,,,,,,,,0.05,0.001,50,0.5,,,,,,,266,-999963,,
True,True,2.0,8.0,30,2.5,0.5,,20,14,100,True,trend_reclaim,96,3,False,0.8,0.25,0.012,68.7837696755383,32.470866004431365,24,0.0025,,,,,,,,,,,,,,,,,,,,,,,,,,,,,,,,,,,,,,,,,,,,,,,,,,,,,,,,,2.0,0.015,76,True,True,True,True,,,,,,,,,,,,,,,,,,,,,,,,,,,,,,,,,,,,,,,,,,,,,,,,,,,,,,,,,1.0,0.003,30,0.0,,,,,,,267,-999963,,
True,False,5.0,4.0,55,1.5,1.25,,40,14,300,True,channel_reclaim,18,2,True,0.6,0.5,0.018,75.92492889191928,34.304368017535886,18,0.001,,,,,,,,,,,,,,,,,,,,,,,,,,,,,,,,,,,,,,,,,,,,,,,,,,,,,,,,,1.5,0.006,280,False,True,False,True,,,,,,,,,,,,,,,,,,,,,,,,,,,,,,,,,,,,,,,,,,,,,,,,,,,,,,,,,0.2,0.0,20,0.75,,,,,,,268,-999963,,
True,False,2.0,8.0,20,1.8,1.5,,16,50,100,False,channel_reclaim,18,1,True,1.5,0.25,0.0025,75.53310188422041,23.310691158113944,48,0.0025,,,,,,,,,,,,,,,,,,,,,,,,,,,,,,,,,,,,,,,,,,,,,,,,,,,,,,,,,4.0,0.006,350,True,False,True,False,,,,,,,,,,,,,,,,,,,,,,,,,,,,,,,,,,,,,,,,,,,,,,,,,,,,,,,,,0.12,0.003,30,1.25,,,,,,,269,-999963,,
True,False,5.0,3.0,20,1.8,1.5,,55,50,400,True,trend_bb_reversion,36,4,True,1.0,0.33,0.008,72.68431865544817,28.345067134000804,24,0.001,,,,,,,,,,,,,,,,,,,,,,,,,,,,,,,,,,,,,,,,,,,,,,,,,,,,,,,,,2.5,0.006,397,True,False,True,True,,,,,,,,,,,,,,,,,,,,,,,,,,,,,,,,,,,,,,,,,,,,,,,,,,,,,,,,,0.12,0.0005,20,1.0,,,,,,,270,-999963,,
True,False,1.0,1.3,30,2.5,2.0,,30,14,80,True,range_bb_reversion,120,8,True,0.8,0.33,0.018,74.6260559887342,28.924503710606547,36,0.001,,,,,,,,,,,,,,,,,,,,,,,,,,,,,,,,,,,,,,,,,,,,,,,,,,,,,,,,,3.0,0.08,413,True,False,False,True,,,,,,,,,,,,,,,,,,,,,,,,,,,,,,,,,,,,,,,,,,,,,,,,,,,,,,,,,1.0,0.0005,100,1.0,,,,,,,271,-999963,,
True,False,2.5,8.0,20,2.5,1.0,,10,30,80,True,trend_reclaim,48,6,True,2.0,0.67,0.0,60.08937018371878,27.604607375453167,6,0.001,,,,,,,,,,,,,,,,,,,,,,,,,,,,,,,,,,,,,,,,,,,,,,,,,,,,,,,,,2.5,0.015,651,True,False,True,True,,,,,,,,,,,,,,,,,,,,,,,,,,,,,,,,,,,,,,,,,,,,,,,,,,,,,,,,,0.08,0.002,75,0.25,,,,,,,272,-999963,,
True,False,2.5,8.0,14,1.5,1.0,,12,14,300,True,range_bb_reversion,8,1,True,1.0,0.5,0.005,59.44798096011592,29.61517911551852,24,0.0005,,,,,,,,,,,,,,,,,,,,,,,,,,,,,,,,,,,,,,,,,,,,,,,,,,,,,,,,,2.5,0.04,124,True,False,True,True,,,,,,,,,,,,,,,,,,,,,,,,,,,,,,,,,,,,,,,,,,,,,,,,,,,,,,,,,0.08,0.001,10,0.75,,,,,,,273,-999964,,
True,False,1.0,1.7,30,2.0,0.5,,40,14,200,True,range_bb_reversion,96,1,False,2.0,0.33,0.018,64.62391344569852,29.496394419832747,3,0.0005,,,,,,,,,,,,,,,,,,,,,,,,,,,,,,,,,,,,,,,,,,,,,,,,,,,,,,,,,4.0,0.04,635,False,False,False,True,,,,,,,,,,,,,,,,,,,,,,,,,,,,,,,,,,,,,,,,,,,,,,,,,,,,,,,,,1.0,0.0,20,0.25,,,,,,,274,-999964,,
True,False,1.0,6.0,14,2.2,0.5,,30,30,100,True,range_bb_reversion,24,2,False,2.0,0.67,0.012,68.06666941035024,31.437677058056817,18,0.005,,,,,,,,,,,,,,,,,,,,,,,,,,,,,,,,,,,,,,,,,,,,,,,,,,,,,,,,,1.5,0.015,639,True,True,True,True,,,,,,,,,,,,,,,,,,,,,,,,,,,,,,,,,,,,,,,,,,,,,,,,,,,,,,,,,0.12,0.0005,150,0.0,,,,,,,275,-999964,,
True,False,3.0,12.0,30,1.8,0.75,,8,14,100,False,range_bb_reversion,8,2,True,1.5,0.67,0.0025,66.42309431681925,24.630054608608653,48,0.005,,,,,,,,,,,,,,,,,,,,,,,,,,,,,,,,,,,,,,,,,,,,,,,,,,,,,,,,,2.0,0.025,667,True,False,True,False,,,,,,,,,,,,,,,,,,,,,,,,,,,,,,,,,,,,,,,,,,,,,,,,,,,,,,,,,0.2,0.003,75,0.5,,,,,,,276,-999964,,
True,True,1.5,1.7,30,2.5,1.5,,40,10,80,False,trend_bb_reversion,120,1,True,0.8,0.5,0.025,62.13506118327782,37.25414238775441,36,0.0,,,,,,,,,,,,,,,,,,,,,,,,,,,,,,,,,,,,,,,,,,,,,,,,,,,,,,,,,1.0,0.08,88,True,False,False,False,,,,,,,,,,,,,,,,,,,,,,,,,,,,,,,,,,,,,,,,,,,,,,,,,,,,,,,,,0.08,0.0005,50,1.25,,,,,,,277,-999966,,
True,False,1.0,4.0,30,1.5,0.5,,20,8,100,True,trend_bb_reversion,18,3,True,2.0,0.33,0.008,73.55959056803724,38.85308423771981,48,0.01,,,,,,,,,,,,,,,,,,,,,,,,,,,,,,,,,,,,,,,,,,,,,,,,,,,,,,,,,3.0,0.025,93,True,True,True,True,,,,,,,,,,,,,,,,,,,,,,,,,,,,,,,,,,,,,,,,,,,,,,,,,,,,,,,,,0.12,0.0005,20,1.25,,,,,,,278,-999966,,
True,False,3.0,1.7,30,2.2,2.0,,12,20,400,True,range_bb_reversion,72,8,True,0.8,0.5,0.012,62.4640154897201,43.6528604527106,3,0.0005,,,,,,,,,,,,,,,,,,,,,,,,,,,,,,,,,,,,,,,,,,,,,,,,,,,,,,,,,4.0,0.08,157,False,False,False,True,,,,,,,,,,,,,,,,,,,,,,,,,,,,,,,,,,,,,,,,,,,,,,,,,,,,,,,,,0.2,0.0,20,0.0,,,,,,,279,-999966,,
True,False,2.0,1.3,30,1.5,1.0,,10,80,130,False,range_bb_reversion,24,2,True,0.8,0.5,0.005,70.02626787360083,26.78514271842945,6,0.0,,,,,,,,,,,,,,,,,,,,,,,,,,,,,,,,,,,,,,,,,,,,,,,,,,,,,,,,,1.0,0.015,264,True,False,True,False,,,,,,,,,,,,,,,,,,,,,,,,,,,,,,,,,,,,,,,,,,,,,,,,,,,,,,,,,1.0,0.002,150,1.5,,,,,,,280,-999966,,
True,False,5.0,4.0,20,1.5,1.25,,20,20,400,True,trend_state_tp,12,8,True,1.2,0.5,0.012,72.94041343848416,30.908533413660507,24,0.001,,,,,,,,,,,,,,,,,,,,,,,,,,,,,,,,,,,,,,,,,,,,,,,,,,,,,,,,,3.0,0.025,383,True,False,True,True,,,,,,,,,,,,,,,,,,,,,,,,,,,,,,,,,,,,,,,,,,,,,,,,,,,,,,,,,0.04,0.0,20,1.0,,,,,,,281,-999966,,
True,True,1.5,3.0,20,1.8,0.75,,40,10,100,False,range_bb_reversion,72,4,True,2.0,0.25,0.005,61.40383520617546,23.11202584890107,36,0.005,,,,,,,,,,,,,,,,,,,,,,,,,,,,,,,,,,,,,,,,,,,,,,,,,,,,,,,,,1.5,0.015,645,True,False,True,False,,,,,,,,,,,,,,,,,,,,,,,,,,,,,,,,,,,,,,,,,,,,,,,,,,,,,,,,,0.08,0.001,50,1.5,,,,,,,282,-999966,,
True,False,1.5,3.0,20,2.2,0.75,,55,14,80,False,trend_bb_reversion,8,1,True,1.0,0.5,0.012,67.64899216336251,25.554967588521464,12,0.001,,,,,,,,,,,,,,,,,,,,,,,,,,,,,,,,,,,,,,,,,,,,,,,,,,,,,,,,,2.0,0.025,186,False,False,True,False,,,,,,,,,,,,,,,,,,,,,,,,,,,,,,,,,,,,,,,,,,,,,,,,,,,,,,,,,0.12,0.0,10,0.5,,,,,,,283,-999967,,
True,False,2.0,12.0,40,2.5,1.0,,30,10,80,True,trend_reclaim,12,2,True,1.2,0.67,0.0,75.34462686610019,28.543023168664774,3,0.005,,,,,,,,,,,,,,,,,,,,,,,,,,,,,,,,,,,,,,,,,,,,,,,,,,,,,,,,,1.0,0.025,444,False,False,False,True,,,,,,,,,,,,,,,,,,,,,,,,,,,,,,,,,,,,,,,,,,,,,,,,,,,,,,,,,1.0,0.002,10,0.25,,,,,,,284,-999967,,
False,True,3.0,8.0,80,2.0,0.75,,16,50,80,True,channel_reclaim,24,2,False,0.6,0.5,0.018,71.3425699578542,26.984513509345437,36,0.0005,,,,,,,,,,,,,,,,,,,,,,,,,,,,,,,,,,,,,,,,,,,,,,,,,,,,,,,,,2.5,0.04,641,False,False,True,True,,,,,,,,,,,,,,,,,,,,,,,,,,,,,,,,,,,,,,,,,,,,,,,,,,,,,,,,,0.04,0.002,10,0.75,,,,,,,285,-999967,,
True,True,3.0,6.0,80,1.5,0.5,,16,20,100,True,range_bb_reversion,48,4,True,0.8,0.67,0.012,77.99001951205999,43.6734664015442,36,0.01,,,,,,,,,,,,,,,,,,,,,,,,,,,,,,,,,,,,,,,,,,,,,,,,,,,,,,,,,1.0,0.006,798,True,False,False,True,,,,,,,,,,,,,,,,,,,,,,,,,,,,,,,,,,,,,,,,,,,,,,,,,,,,,,,,,1.0,0.002,100,0.0,,,,,,,286,-999967,,
True,False,3.0,3.0,80,1.8,1.0,,8,10,200,True,trend_state_tp,96,6,True,2.0,0.67,0.008,59.344496313143146,32.03323394864522,12,0.0,,,,,,,,,,,,,,,,,,,,,,,,,,,,,,,,,,,,,,,,,,,,,,,,,,,,,,,,,1.0,0.025,152,True,False,True,True,,,,,,,,,,,,,,,,,,,,,,,,,,,,,,,,,,,,,,,,,,,,,,,,,,,,,,,,,0.04,0.001,75,1.25,,,,,,,287,-999968,,
True,True,5.0,1.3,20,2.5,0.75,,8,50,400,False,trend_reclaim,12,2,True,0.6,0.67,0.005,65.74055615865893,40.79481163408208,36,0.01,,,,,,,,,,,,,,,,,,,,,,,,,,,,,,,,,,,,,,,,,,,,,,,,,,,,,,,,,1.0,0.01,246,True,False,True,False,,,,,,,,,,,,,,,,,,,,,,,,,,,,,,,,,,,,,,,,,,,,,,,,,,,,,,,,,0.08,0.003,75,0.75,,,,,,,288,-999968,,
True,False,2.0,12.0,40,1.8,0.75,,12,30,150,True,trend_bb_reversion,12,3,False,1.0,0.25,0.012,75.5911106511069,32.86674626274121,12,0.005,,,,,,,,,,,,,,,,,,,,,,,,,,,,,,,,,,,,,,,,,,,,,,,,,,,,,,,,,4.0,0.015,368,True,True,True,True,,,,,,,,,,,,,,,,,,,,,,,,,,,,,,,,,,,,,,,,,,,,,,,,,,,,,,,,,0.2,0.0005,50,0.0,,,,,,,289,-999968,,
True,True,1.5,8.0,30,2.2,1.5,,8,30,200,False,trend_bb_reversion,8,4,True,0.8,0.67,0.018,75.521785171507,35.0686705431134,6,0.0025,,,,,,,,,,,,,,,,,,,,,,,,,,,,,,,,,,,,,,,,,,,,,,,,,,,,,,,,,1.0,0.025,464,True,False,True,False,,,,,,,,,,,,,,,,,,,,,,,,,,,,,,,,,,,,,,,,,,,,,,,,,,,,,,,,,0.08,0.0,75,0.0,,,,,,,290,-999968,,
True,False,1.5,4.0,30,2.0,0.75,,8,80,100,True,trend_state_tp,48,8,True,2.0,0.5,0.025,69.3707043403285,44.865433487963784,24,0.001,,,,,,,,,,,,,,,,,,,,,,,,,,,,,,,,,,,,,,,,,,,,,,,,,,,,,,,,,1.5,0.01,553,True,False,True,False,,,,,,,,,,,,,,,,,,,,,,,,,,,,,,,,,,,,,,,,,,,,,,,,,,,,,,,,,0.04,0.0,30,1.0,,,,,,,291,-999968,,
True,False,4.0,3.0,30,2.0,1.25,,8,20,50,True,range_bb_reversion,12,4,True,2.0,0.33,0.0025,66.81785693777576,23.337461716738254,24,0.0025,,,,,,,,,,,,,,,,,,,,,,,,,,,,,,,,,,,,,,,,,,,,,,,,,,,,,,,,,3.0,0.015,595,True,False,True,True,,,,,,,,,,,,,,,,,,,,,,,,,,,,,,,,,,,,,,,,,,,,,,,,,,,,,,,,,0.2,0.0,10,0.25,,,,,,,292,-999968,,
True,True,1.5,4.0,55,2.5,0.5,,55,30,100,True,range_bb_reversion,48,2,True,2.0,0.33,0.0025,65.31621287263336,39.186540219232135,3,0.0025,,,,,,,,,,,,,,,,,,,,,,,,,,,,,,,,,,,,,,,,,,,,,,,,,,,,,,,,,4.0,0.025,736,True,False,True,True,,,,,,,,,,,,,,,,,,,,,,,,,,,,,,,,,,,,,,,,,,,,,,,,,,,,,,,,,0.05,0.003,10,0.25,,,,,,,293,-999968,,
True,False,2.5,8.0,55,2.5,2.0,,12,20,100,False,channel_reclaim,24,8,True,1.2,0.67,0.025,72.59468751984296,29.52736647433468,24,0.01,,,,,,,,,,,,,,,,,,,,,,,,,,,,,,,,,,,,,,,,,,,,,,,,,,,,,,,,,4.0,0.025,761,True,False,True,False,,,,,,,,,,,,,,,,,,,,,,,,,,,,,,,,,,,,,,,,,,,,,,,,,,,,,,,,,0.05,0.003,75,0.25,,,,,,,294,-999968,,
True,False,1.0,4.0,30,2.5,2.0,,12,20,150,False,range_bb_reversion,18,2,True,2.0,0.5,0.0025,77.94255329390477,29.205557366238867,48,0.01,,,,,,,,,,,,,,,,,,,,,,,,,,,,,,,,,,,,,,,,,,,,,,,,,,,,,,,,,2.0,0.04,241,True,False,True,False,,,,,,,,,,,,,,,,,,,,,,,,,,,,,,,,,,,,,,,,,,,,,,,,,,,,,,,,,0.2,0.001,30,0.5,,,,,,,295,-999969,,
True,False,5.0,4.0,20,2.0,0.75,,16,14,80,False,trend_bb_reversion,12,3,True,1.0,0.33,0.005,69.05997725131814,40.498106009364314,6,0.0005,,,,,,,,,,,,,,,,,,,,,,,,,,,,,,,,,,,,,,,,,,,,,,,,,,,,,,,,,1.5,0.01,432,True,True,True,False,,,,,,,,,,,,,,,,,,,,,,,,,,,,,,,,,,,,,,,,,,,,,,,,,,,,,,,,,0.05,0.003,30,0.75,,,,,,,296,-999969,,
True,False,4.0,2.2,55,2.5,1.25,,40,14,80,True,trend_state_tp,12,4,True,1.2,0.67,0.018,69.07268254570293,30.18829653365458,48,0.001,,,,,,,,,,,,,,,,,,,,,,,,,,,,,,,,,,,,,,,,,,,,,,,,,,,,,,,,,1.0,0.006,435,True,False,False,True,,,,,,,,,,,,,,,,,,,,,,,,,,,,,,,,,,,,,,,,,,,,,,,,,,,,,,,,,0.04,0.0,150,1.25,,,,,,,297,-999969,,
False,True,3.0,8.0,40,1.5,0.5,,40,14,80,False,range_bb_reversion,48,3,True,0.6,0.5,0.0025,67.67008951845591,25.29232567139836,6,0.01,,,,,,,,,,,,,,,,,,,,,,,,,,,,,,,,,,,,,,,,,,,,,,,,,,,,,,,,,1.0,0.01,512,True,True,True,False,,,,,,,,,,,,,,,,,,,,,,,,,,,,,,,,,,,,,,,,,,,,,,,,,,,,,,,,,0.08,0.001,150,0.75,,,,,,,298,-999969,,
True,False,5.0,6.0,55,2.0,1.0,,8,14,80,False,channel_reclaim,18,6,True,2.0,0.25,0.008,63.602675304292276,43.16258248712349,48,0.001,,,,,,,,,,,,,,,,,,,,,,,,,,,,,,,,,,,,,,,,,,,,,,,,,,,,,,,,,3.0,0.015,602,True,False,True,False,,,,,,,,,,,,,,,,,,,,,,,,,,,,,,,,,,,,,,,,,,,,,,,,,,,,,,,,,0.04,0.002,20,0.25,,,,,,,299,-999969,,
False,True,5.0,1.3,14,2.2,1.0,,12,8,400,True,trend_bb_reversion,72,2,True,1.2,0.33,0.025,63.04536387371756,23.09154880665615,12,0.001,,,,,,,,,,,,,,,,,,,,,,,,,,,,,,,,,,,,,,,,,,,,,,,,,,,,,,,,,2.5,0.025,658,True,False,True,True,,,,,,,,,,,,,,,,,,,,,,,,,,,,,,,,,,,,,,,,,,,,,,,,,,,,,,,,,1.0,0.003,50,1.5,,,,,,,300,-999969,,
False,True,3.0,12.0,55,1.5,1.0,,20,8,50,False,trend_reclaim,96,4,True,0.6,0.67,0.005,66.65316788312367,29.011818772717515,6,0.0025,,,,,,,,,,,,,,,,,,,,,,,,,,,,,,,,,,,,,,,,,,,,,,,,,,,,,,,,,4.0,0.04,9,True,False,True,False,,,,,,,,,,,,,,,,,,,,,,,,,,,,,,,,,,,,,,,,,,,,,,,,,,,,,,,,,0.12,0.0005,50,0.75,,,,,,,301,-999970,,
True,False,4.0,8.0,30,1.8,2.0,,16,50,400,True,trend_state_tp,96,3,True,0.8,0.33,0.005,76.9016519303592,44.714815989785976,6,0.001,,,,,,,,,,,,,,,,,,,,,,,,,,,,,,,,,,,,,,,,,,,,,,,,,,,,,,,,,3.0,0.006,559,True,False,True,True,,,,,,,,,,,,,,,,,,,,,,,,,,,,,,,,,,,,,,,,,,,,,,,,,,,,,,,,,0.04,0.001,30,1.25,,,,,,,302,-999970,,
True,False,2.5,1.3,14,1.8,1.25,,12,14,50,True,channel_reclaim,36,4,True,0.6,0.25,0.025,75.86821555467128,25.35259203253001,48,0.0,,,,,,,,,,,,,,,,,,,,,,,,,,,,,,,,,,,,,,,,,,,,,,,,,,,,,,,,,4.0,0.01,10,True,False,True,True,,,,,,,,,,,,,,,,,,,,,,,,,,,,,,,,,,,,,,,,,,,,,,,,,,,,,,,,,0.05,0.002,75,0.75,,,,,,,303,-999971,,
True,True,3.0,1.3,55,1.8,0.75,,10,10,100,True,range_bb_reversion,48,8,True,2.0,0.5,0.018,73.46429370807057,25.851115208717403,24,0.001,,,,,,,,,,,,,,,,,,,,,,,,,,,,,,,,,,,,,,,,,,,,,,,,,,,,,,,,,2.0,0.01,16,True,False,True,True,,,,,,,,,,,,,,,,,,,,,,,,,,,,,,,,,,,,,,,,,,,,,,,,,,,,,,,,,1.0,0.0005,75,0.5,,,,,,,304,-999971,,
True,True,3.0,1.7,14,1.5,0.5,,12,30,300,True,trend_bb_reversion,18,4,True,0.6,0.67,0.012,66.16900142368037,35.65679196599945,24,0.0,,,,,,,,,,,,,,,,,,,,,,,,,,,,,,,,,,,,,,,,,,,,,,,,,,,,,,,,,1.0,0.015,105,True,False,True,True,,,,,,,,,,,,,,,,,,,,,,,,,,,,,,,,,,,,,,,,,,,,,,,,,,,,,,,,,0.03,0.0005,10,0.75,,,,,,,305,-999971,,
True,False,1.0,2.2,20,1.5,1.5,,30,80,130,True,trend_state_tp,48,2,True,0.6,0.67,0.008,70.53525559722736,34.51273819661695,12,0.01,,,,,,,,,,,,,,,,,,,,,,,,,,,,,,,,,,,,,,,,,,,,,,,,,,,,,,,,,4.0,0.015,237,False,False,False,True,,,,,,,,,,,,,,,,,,,,,,,,,,,,,,,,,,,,,,,,,,,,,,,,,,,,,,,,,0.05,0.0005,20,1.5,,,,,,,306,-999971,,
True,False,1.0,1.3,80,2.5,0.5,,30,80,100,True,range_bb_reversion,96,6,False,1.5,0.5,0.005,66.36249011602588,28.405326260054863,3,0.0025,,,,,,,,,,,,,,,,,,,,,,,,,,,,,,,,,,,,,,,,,,,,,,,,,,,,,,,,,1.5,0.04,308,True,False,True,True,,,,,,,,,,,,,,,,,,,,,,,,,,,,,,,,,,,,,,,,,,,,,,,,,,,,,,,,,0.12,0.0,10,1.0,,,,,,,307,-999971,,
False,True,4.0,4.0,30,2.2,2.0,,10,10,300,True,range_bb_reversion,48,1,True,0.8,0.25,0.008,77.79741526750504,26.27567120709156,18,0.005,,,,,,,,,,,,,,,,,,,,,,,,,,,,,,,,,,,,,,,,,,,,,,,,,,,,,,,,,4.0,0.08,710,True,False,False,True,,,,,,,,,,,,,,,,,,,,,,,,,,,,,,,,,,,,,,,,,,,,,,,,,,,,,,,,,0.12,0.0005,150,0.0,,,,,,,308,-999971,,
True,False,5.0,12.0,80,2.5,1.25,,20,50,300,True,trend_state_tp,12,1,True,0.6,0.33,0.0,72.56117489096539,31.416094334754614,48,0.01,,,,,,,,,,,,,,,,,,,,,,,,,,,,,,,,,,,,,,,,,,,,,,,,,,,,,,,,,2.0,0.04,277,True,False,False,True,,,,,,,,,,,,,,,,,,,,,,,,,,,,,,,,,,,,,,,,,,,,,,,,,,,,,,,,,0.04,0.002,20,1.5,,,,,,,309,-999972,,
True,True,2.0,8.0,14,2.2,0.5,,20,14,300,True,trend_bb_reversion,18,4,True,1.2,0.33,0.005,74.41101626934385,44.106921519135454,12,0.0,,,,,,,,,,,,,,,,,,,,,,,,,,,,,,,,,,,,,,,,,,,,,,,,,,,,,,,,,1.5,0.006,299,True,False,True,True,,,,,,,,,,,,,,,,,,,,,,,,,,,,,,,,,,,,,,,,,,,,,,,,,,,,,,,,,0.04,0.0005,30,1.25,,,,,,,310,-999972,,
True,False,3.0,1.7,30,1.8,0.5,,55,20,300,True,range_bb_reversion,36,2,True,2.0,0.67,0.008,64.71914611498481,22.226770299541997,36,0.0025,,,,,,,,,,,,,,,,,,,,,,,,,,,,,,,,,,,,,,,,,,,,,,,,,,,,,,,,,2.5,0.08,455,True,False,True,True,,,,,,,,,,,,,,,,,,,,,,,,,,,,,,,,,,,,,,,,,,,,,,,,,,,,,,,,,0.12,0.0005,100,0.75,,,,,,,311,-999972,,
True,False,2.5,3.0,80,2.2,1.0,,10,10,300,True,trend_state_tp,36,8,True,2.0,0.25,0.018,67.93498728732584,40.47127862345007,24,0.0005,,,,,,,,,,,,,,,,,,,,,,,,,,,,,,,,,,,,,,,,,,,,,,,,,,,,,,,,,1.5,0.006,491,True,True,False,True,,,,,,,,,,,,,,,,,,,,,,,,,,,,,,,,,,,,,,,,,,,,,,,,,,,,,,,,,0.04,0.0005,100,1.0,,,,,,,312,-999972,,
True,False,1.0,1.3,80,2.0,1.0,,10,50,200,True,range_bb_reversion,18,1,True,2.0,0.25,0.008,76.60693079336588,24.929153811553586,36,0.01,,,,,,,,,,,,,,,,,,,,,,,,,,,,,,,,,,,,,,,,,,,,,,,,,,,,,,,,,2.5,0.04,183,False,True,True,True,,,,,,,,,,,,,,,,,,,,,,,,,,,,,,,,,,,,,,,,,,,,,,,,,,,,,,,,,0.12,0.003,50,1.0,,,,,,,313,-999973,,
True,False,5.0,1.7,30,1.8,2.0,,55,30,200,False,trend_bb_reversion,72,2,True,1.2,0.5,0.0,64.24423074613816,26.642656596955096,36,0.001,,,,,,,,,,,,,,,,,,,,,,,,,,,,,,,,,,,,,,,,,,,,,,,,,,,,,,,,,4.0,0.04,389,True,False,True,False,,,,,,,,,,,,,,,,,,,,,,,,,,,,,,,,,,,,,,,,,,,,,,,,,,,,,,,,,0.2,0.0,10,1.0,,,,,,,314,-999973,,
True,True,3.0,3.0,30,2.2,0.75,,10,14,300,True,channel_reclaim,12,4,True,1.0,0.67,0.025,64.48846467024093,42.6230158929636,12,0.001,,,,,,,,,,,,,,,,,,,,,,,,,,,,,,,,,,,,,,,,,,,,,,,,,,,,,,,,,1.0,0.025,417,True,False,True,True,,,,,,,,,,,,,,,,,,,,,,,,,,,,,,,,,,,,,,,,,,,,,,,,,,,,,,,,,0.03,0.001,75,0.75,,,,,,,315,-999973,,
True,False,4.0,3.0,55,1.5,1.5,,55,8,150,False,trend_reclaim,36,3,True,2.0,0.25,0.0,73.14381074480984,27.687844877714166,36,0.0025,,,,,,,,,,,,,,,,,,,,,,,,,,,,,,,,,,,,,,,,,,,,,,,,,,,,,,,,,2.0,0.08,478,True,False,True,False,,,,,,,,,,,,,,,,,,,,,,,,,,,,,,,,,,,,,,,,,,,,,,,,,,,,,,,,,0.08,0.003,30,1.25,,,,,,,316,-999973,,
False,True,2.5,2.2,40,1.8,0.5,,20,80,200,True,trend_bb_reversion,72,6,True,1.2,0.5,0.012,64.52689215658057,26.173679322640186,24,0.0005,,,,,,,,,,,,,,,,,,,,,,,,,,,,,,,,,,,,,,,,,,,,,,,,,,,,,,,,,3.0,0.04,531,True,True,False,True,,,,,,,,,,,,,,,,,,,,,,,,,,,,,,,,,,,,,,,,,,,,,,,,,,,,,,,,,0.05,0.002,30,0.5,,,,,,,317,-999973,,
True,False,4.0,6.0,40,1.8,1.25,,20,80,130,True,channel_reclaim,36,8,True,2.0,0.25,0.012,65.11547884126507,30.010857417413757,48,0.001,,,,,,,,,,,,,,,,,,,,,,,,,,,,,,,,,,,,,,,,,,,,,,,,,,,,,,,,,4.0,0.025,675,True,True,True,True,,,,,,,,,,,,,,,,,,,,,,,,,,,,,,,,,,,,,,,,,,,,,,,,,,,,,,,,,0.2,0.001,20,1.25,,,,,,,318,-999973,,
True,True,3.0,3.0,55,1.8,1.25,,40,80,130,True,trend_bb_reversion,120,6,True,1.5,0.33,0.008,71.37211618651631,44.400353849722386,24,0.01,,,,,,,,,,,,,,,,,,,,,,,,,,,,,,,,,,,,,,,,,,,,,,,,,,,,,,,,,1.0,0.08,758,False,False,True,True,,,,,,,,,,,,,,,,,,,,,,,,,,,,,,,,,,,,,,,,,,,,,,,,,,,,,,,,,0.12,0.002,30,0.25,,,,,,,319,-999973,,
True,False,1.0,1.3,55,2.0,1.5,,55,10,100,True,trend_state_tp,8,6,True,0.8,0.33,0.018,66.37930210129916,26.553974071098537,24,0.0,,,,,,,,,,,,,,,,,,,,,,,,,,,,,,,,,,,,,,,,,,,,,,,,,,,,,,,,,2.5,0.006,36,True,False,False,True,,,,,,,,,,,,,,,,,,,,,,,,,,,,,,,,,,,,,,,,,,,,,,,,,,,,,,,,,0.03,0.003,50,0.25,,,,,,,320,-999974,,
True,True,1.5,1.7,20,1.5,2.0,,12,20,300,False,range_bb_reversion,96,2,True,1.5,0.25,0.0025,76.53429704526594,35.99136213822395,18,0.005,,,,,,,,,,,,,,,,,,,,,,,,,,,,,,,,,,,,,,,,,,,,,,,,,,,,,,,,,1.5,0.01,333,True,False,True,False,,,,,,,,,,,,,,,,,,,,,,,,,,,,,,,,,,,,,,,,,,,,,,,,,,,,,,,,,0.08,0.0005,100,0.0,,,,,,,321,-999974,,
True,False,3.0,1.7,40,2.5,0.5,,10,50,100,True,trend_bb_reversion,18,8,True,0.8,0.5,0.0025,77.22812981930532,34.57574044462478,36,0.005,,,,,,,,,,,,,,,,,,,,,,,,,,,,,,,,,,,,,,,,,,,,,,,,,,,,,,,,,1.0,0.006,375,True,False,False,True,,,,,,,,,,,,,,,,,,,,,,,,,,,,,,,,,,,,,,,,,,,,,,,,,,,,,,,,,0.2,0.002,20,0.25,,,,,,,322,-999974,,
True,False,2.5,6.0,20,2.5,1.0,,30,80,200,True,channel_reclaim,18,1,True,1.2,0.33,0.012,68.50274801837713,39.20709875592478,24,0.0025,,,,,,,,,,,,,,,,,,,,,,,,,,,,,,,,,,,,,,,,,,,,,,,,,,,,,,,,,3.0,0.04,403,True,False,True,True,,,,,,,,,,,,,,,,,,,,,,,,,,,,,,,,,,,,,,,,,,,,,,,,,,,,,,,,,1.0,0.001,30,1.25,,,,,,,323,-999974,,
True,False,3.0,8.0,55,1.5,2.0,,30,8,80,True,trend_bb_reversion,48,1,True,0.6,0.5,0.012,65.92615138551932,35.121674059988536,24,0.001,,,,,,,,,,,,,,,,,,,,,,,,,,,,,,,,,,,,,,,,,,,,,,,,,,,,,,,,,1.5,0.015,407,True,False,False,True,,,,,,,,,,,,,,,,,,,,,,,,,,,,,,,,,,,,,,,,,,,,,,,,,,,,,,,,,0.2,0.002,75,0.0,,,,,,,324,-999974,,
False,True,5.0,3.0,14,2.0,0.75,,55,30,100,True,trend_reclaim,36,4,True,1.5,0.67,0.0,63.19501095900015,31.65128258661137,36,0.005,,,,,,,,,,,,,,,,,,,,,,,,,,,,,,,,,,,,,,,,,,,,,,,,,,,,,,,,,3.0,0.04,514,True,False,False,True,,,,,,,,,,,,,,,,,,,,,,,,,,,,,,,,,,,,,,,,,,,,,,,,,,,,,,,,,0.2,0.001,10,1.5,,,,,,,325,-999974,,
True,False,1.5,6.0,30,2.5,1.0,,12,14,200,True,channel_reclaim,18,8,True,1.0,0.5,0.005,65.8633398720643,43.99637129732803,6,0.0025,,,,,,,,,,,,,,,,,,,,,,,,,,,,,,,,,,,,,,,,,,,,,,,,,,,,,,,,,1.0,0.025,613,True,True,True,True,,,,,,,,,,,,,,,,,,,,,,,,,,,,,,,,,,,,,,,,,,,,,,,,,,,,,,,,,0.05,0.001,100,0.0,,,,,,,326,-999974,,
True,False,1.0,12.0,40,2.2,0.5,,20,20,300,True,trend_reclaim,72,2,True,1.5,0.5,0.005,64.87393247392569,32.70772223803227,12,0.005,,,,,,,,,,,,,,,,,,,,,,,,,,,,,,,,,,,,,,,,,,,,,,,,,,,,,,,,,3.0,0.01,652,True,False,False,True,,,,,,,,,,,,,,,,,,,,,,,,,,,,,,,,,,,,,,,,,,,,,,,,,,,,,,,,,0.2,0.002,30,0.75,,,,,,,327,-999974,,
True,False,1.5,4.0,30,1.5,1.5,,20,80,130,True,trend_bb_reversion,18,1,True,2.0,0.67,0.0,70.96377395538619,33.511903060778856,18,0.0,,,,,,,,,,,,,,,,,,,,,,,,,,,,,,,,,,,,,,,,,,,,,,,,,,,,,,,,,3.0,0.04,89,True,False,True,True,,,,,,,,,,,,,,,,,,,,,,,,,,,,,,,,,,,,,,,,,,,,,,,,,,,,,,,,,0.04,0.0,50,0.0,,,,,,,328,-999975,,
True,False,1.5,4.0,80,1.5,0.5,,55,50,200,True,range_bb_reversion,96,2,True,1.5,0.25,0.012,76.61178576296066,38.010116755720524,3,0.0,,,,,,,,,,,,,,,,,,,,,,,,,,,,,,,,,,,,,,,,,,,,,,,,,,,,,,,,,2.5,0.025,139,True,False,True,True,,,,,,,,,,,,,,,,,,,,,,,,,,,,,,,,,,,,,,,,,,,,,,,,,,,,,,,,,0.04,0.0,50,0.0,,,,,,,329,-999975,,
True,True,3.0,6.0,40,1.5,1.5,,40,80,150,False,range_bb_reversion,18,3,True,0.8,0.25,0.018,60.35524867909057,24.918686383882527,3,0.0005,,,,,,,,,,,,,,,,,,,,,,,,,,,,,,,,,,,,,,,,,,,,,,,,,,,,,,,,,1.0,0.006,162,True,True,True,False,,,,,,,,,,,,,,,,,,,,,,,,,,,,,,,,,,,,,,,,,,,,,,,,,,,,,,,,,0.05,0.0005,20,0.5,,,,,,,330,-999975,,
True,False,4.0,3.0,40,1.8,1.0,,10,50,300,True,trend_bb_reversion,120,8,True,1.5,0.5,0.018,64.82643072889917,41.46602086910859,48,0.001,,,,,,,,,,,,,,,,,,,,,,,,,,,,,,,,,,,,,,,,,,,,,,,,,,,,,,,,,1.5,0.006,574,True,False,False,True,,,,,,,,,,,,,,,,,,,,,,,,,,,,,,,,,,,,,,,,,,,,,,,,,,,,,,,,,0.08,0.001,100,1.0,,,,,,,331,-999975,,
True,False,1.5,1.3,40,1.5,1.5,,55,50,150,True,channel_reclaim,96,2,True,2.0,0.67,0.0,67.67322352489782,44.06637267765943,36,0.005,,,,,,,,,,,,,,,,,,,,,,,,,,,,,,,,,,,,,,,,,,,,,,,,,,,,,,,,,3.0,0.015,586,True,False,False,True,,,,,,,,,,,,,,,,,,,,,,,,,,,,,,,,,,,,,,,,,,,,,,,,,,,,,,,,,0.08,0.003,30,0.0,,,,,,,332,-999975,,
True,False,2.5,6.0,20,1.5,0.75,,55,50,150,True,trend_bb_reversion,12,4,True,1.2,0.5,0.0025,64.00580842519442,35.75152840614467,18,0.005,,,,,,,,,,,,,,,,,,,,,,,,,,,,,,,,,,,,,,,,,,,,,,,,,,,,,,,,,4.0,0.015,661,True,False,True,True,,,,,,,,,,,,,,,,,,,,,,,,,,,,,,,,,,,,,,,,,,,,,,,,,,,,,,,,,0.12,0.001,100,1.25,,,,,,,333,-999975,,
True,False,5.0,4.0,40,1.8,1.25,,12,80,130,True,range_bb_reversion,96,1,True,1.2,0.33,0.0025,76.46640255401022,24.93103730925912,12,0.0025,,,,,,,,,,,,,,,,,,,,,,,,,,,,,,,,,,,,,,,,,,,,,,,,,,,,,,,,,2.0,0.01,755,True,False,False,True,,,,,,,,,,,,,,,,,,,,,,,,,,,,,,,,,,,,,,,,,,,,,,,,,,,,,,,,,1.0,0.002,150,0.5,,,,,,,334,-999975,,
True,True,1.0,6.0,30,1.8,0.75,,40,80,200,True,trend_reclaim,48,6,True,0.6,0.67,0.008,65.60211039354239,25.839849339664042,12,0.0,,,,,,,,,,,,,,,,,,,,,,,,,,,,,,,,,,,,,,,,,,,,,,,,,,,,,,,,,1.0,0.025,169,True,False,False,True,,,,,,,,,,,,,,,,,,,,,,,,,,,,,,,,,,,,,,,,,,,,,,,,,,,,,,,,,0.12,0.001,30,0.75,,,,,,,335,-999976,,
True,False,1.5,6.0,14,2.5,1.0,,10,80,130,True,range_bb_reversion,18,4,True,0.6,0.25,0.005,74.43457720260096,41.75101703208136,12,0.0005,,,,,,,,,,,,,,,,,,,,,,,,,,,,,,,,,,,,,,,,,,,,,,,,,,,,,,,,,1.0,0.006,332,True,False,True,True,,,,,,,,,,,,,,,,,,,,,,,,,,,,,,,,,,,,,,,,,,,,,,,,,,,,,,,,,0.08,0.002,150,0.5,,,,,,,336,-999976,,
False,True,2.0,8.0,40,1.8,2.0,,16,14,80,True,trend_reclaim,96,6,True,2.0,0.25,0.0,64.810615540589,26.695120461180657,36,0.005,,,,,,,,,,,,,,,,,,,,,,,,,,,,,,,,,,,,,,,,,,,,,,,,,,,,,,,,,3.0,0.006,477,True,False,True,True,,,,,,,,,,,,,,,,,,,,,,,,,,,,,,,,,,,,,,,,,,,,,,,,,,,,,,,,,0.05,0.003,30,1.0,,,,,,,337,-999976,,
True,False,2.5,6.0,30,2.2,1.25,,20,50,150,False,range_bb_reversion,24,1,True,0.6,0.67,0.012,76.33162581103977,39.550624113574074,18,0.0025,,,,,,,,,,,,,,,,,,,,,,,,,,,,,,,,,,,,,,,,,,,,,,,,,,,,,,,,,1.5,0.025,484,True,False,True,False,,,,,,,,,,,,,,,,,,,,,,,,,,,,,,,,,,,,,,,,,,,,,,,,,,,,,,,,,0.05,0.0005,20,1.25,,,,,,,338,-999976,,
True,False,2.5,4.0,30,1.8,1.0,,16,8,400,True,trend_bb_reversion,120,8,True,0.6,0.25,0.0025,77.27427425715304,43.728990542220956,24,0.0,,,,,,,,,,,,,,,,,,,,,,,,,,,,,,,,,,,,,,,,,,,,,,,,,,,,,,,,,2.0,0.01,772,True,False,False,True,,,,,,,,,,,,,,,,,,,,,,,,,,,,,,,,,,,,,,,,,,,,,,,,,,,,,,,,,0.04,0.0,100,0.5,,,,,,,339,-999976,,
True,True,2.5,6.0,55,2.0,1.25,,10,10,150,True,range_bb_reversion,72,2,True,1.2,0.33,0.0,65.72032270794014,42.14843446653465,18,0.0025,,,,,,,,,,,,,,,,,,,,,,,,,,,,,,,,,,,,,,,,,,,,,,,,,,,,,,,,,1.5,0.015,792,True,False,False,True,,,,,,,,,,,,,,,,,,,,,,,,,,,,,,,,,,,,,,,,,,,,,,,,,,,,,,,,,0.05,0.0005,20,0.5,,,,,,,340,-999976,,
True,False,1.0,12.0,80,2.0,1.5,,30,8,100,False,channel_reclaim,36,8,True,1.5,0.25,0.0,69.74608965208952,36.89185212755085,48,0.0,,,,,,,,,,,,,,,,,,,,,,,,,,,,,,,,,,,,,,,,,,,,,,,,,,,,,,,,,2.5,0.015,55,True,False,False,False,,,,,,,,,,,,,,,,,,,,,,,,,,,,,,,,,,,,,,,,,,,,,,,,,,,,,,,,,0.12,0.003,100,0.75,,,,,,,341,-999977,,
True,True,2.5,12.0,40,1.5,0.5,,8,50,100,True,range_bb_reversion,8,4,True,1.5,0.33,0.012,74.82941533766635,38.3731958696763,48,0.001,,,,,,,,,,,,,,,,,,,,,,,,,,,,,,,,,,,,,,,,,,,,,,,,,,,,,,,,,1.0,0.006,98,False,False,True,True,,,,,,,,,,,,,,,,,,,,,,,,,,,,,,,,,,,,,,,,,,,,,,,,,,,,,,,,,0.03,0.0005,50,1.0,,,,,,,342,-999977,,
True,False,3.0,8.0,20,2.2,1.5,,40,50,300,True,trend_state_tp,48,1,True,1.5,0.67,0.005,58.83318965633759,42.088566386306205,6,0.0,,,,,,,,,,,,,,,,,,,,,,,,,,,,,,,,,,,,,,,,,,,,,,,,,,,,,,,,,2.0,0.08,120,True,False,True,False,,,,,,,,,,,,,,,,,,,,,,,,,,,,,,,,,,,,,,,,,,,,,,,,,,,,,,,,,0.03,0.002,100,0.5,,,,,,,343,-999977,,
True,True,5.0,8.0,55,2.5,0.75,,30,10,100,True,channel_reclaim,72,2,True,1.5,0.33,0.025,76.79309820782491,33.9074773693773,24,0.005,,,,,,,,,,,,,,,,,,,,,,,,,,,,,,,,,,,,,,,,,,,,,,,,,,,,,,,,,1.5,0.08,214,True,False,True,True,,,,,,,,,,,,,,,,,,,,,,,,,,,,,,,,,,,,,,,,,,,,,,,,,,,,,,,,,0.05,0.002,10,0.75,,,,,,,344,-999977,,
False,True,5.0,3.0,14,2.2,1.5,,40,50,80,False,trend_bb_reversion,18,4,True,1.5,0.33,0.025,71.20755203699174,31.343374159075662,24,0.0025,,,,,,,,,,,,,,,,,,,,,,,,,,,,,,,,,,,,,,,,,,,,,,,,,,,,,,,,,3.0,0.08,449,True,False,False,False,,,,,,,,,,,,,,,,,,,,,,,,,,,,,,,,,,,,,,,,,,,,,,,,,,,,,,,,,0.04,0.003,20,0.0,,,,,,,345,-999977,,
True,True,1.5,8.0,55,1.5,0.75,,16,14,80,True,trend_reclaim,36,2,True,1.0,0.5,0.0,68.31298683159861,27.80756318300646,6,0.001,,,,,,,,,,,,,,,,,,,,,,,,,,,,,,,,,,,,,,,,,,,,,,,,,,,,,,,,,1.5,0.01,698,True,False,True,True,,,,,,,,,,,,,,,,,,,,,,,,,,,,,,,,,,,,,,,,,,,,,,,,,,,,,,,,,0.05,0.002,100,1.25,,,,,,,346,-999977,,
True,False,2.0,6.0,20,1.5,1.0,,30,10,150,True,channel_reclaim,24,4,True,1.2,0.67,0.025,66.94957593178403,23.367324534144835,24,0.0005,,,,,,,,,,,,,,,,,,,,,,,,,,,,,,,,,,,,,,,,,,,,,,,,,,,,,,,,,1.5,0.025,705,True,False,True,True,,,,,,,,,,,,,,,,,,,,,,,,,,,,,,,,,,,,,,,,,,,,,,,,,,,,,,,,,0.05,0.001,75,0.0,,,,,,,347,-999977,,
True,False,1.5,12.0,30,2.0,1.0,,20,10,400,True,trend_state_tp,48,8,True,1.5,0.5,0.0025,64.48986047061626,39.94556647498505,18,0.0005,,,,,,,,,,,,,,,,,,,,,,,,,,,,,,,,,,,,,,,,,,,,,,,,,,,,,,,,,4.0,0.025,6,True,False,True,True,,,,,,,,,,,,,,,,,,,,,,,,,,,,,,,,,,,,,,,,,,,,,,,,,,,,,,,,,0.03,0.0005,75,0.0,,,,,,,348,-999978,,
True,False,2.0,1.7,14,2.2,0.5,,20,10,400,False,range_bb_reversion,96,2,False,1.0,0.5,0.005,74.90245413254107,38.81858649596083,24,0.001,,,,,,,,,,,,,,,,,,,,,,,,,,,,,,,,,,,,,,,,,,,,,,,,,,,,,,,,,2.5,0.015,97,True,True,True,False,,,,,,,,,,,,,,,,,,,,,,,,,,,,,,,,,,,,,,,,,,,,,,,,,,,,,,,,,0.2,0.002,150,0.5,,,,,,,349,-999978,,
True,False,5.0,1.3,20,1.8,1.25,,8,80,400,True,range_bb_reversion,72,6,True,0.6,0.5,0.025,75.43625786191359,41.707689930991506,3,0.0,,,,,,,,,,,,,,,,,,,,,,,,,,,,,,,,,,,,,,,,,,,,,,,,,,,,,,,,,2.0,0.025,140,True,True,True,True,,,,,,,,,,,,,,,,,,,,,,,,,,,,,,,,,,,,,,,,,,,,,,,,,,,,,,,,,0.2,0.0,75,1.25,,,,,,,350,-999978,,
True,False,1.5,2.2,14,2.2,0.75,,40,50,80,True,trend_state_tp,120,2,False,1.5,0.5,0.0025,76.07803300246746,26.4163349335665,24,0.0,,,,,,,,,,,,,,,,,,,,,,,,,,,,,,,,,,,,,,,,,,,,,,,,,,,,,,,,,1.0,0.025,148,True,False,False,True,,,,,,,,,,,,,,,,,,,,,,,,,,,,,,,,,,,,,,,,,,,,,,,,,,,,,,,,,0.03,0.002,20,1.0,,,,,,,351,-999978,,
True,False,2.5,2.2,30,2.2,0.5,,40,30,400,True,channel_reclaim,8,2,False,2.0,0.33,0.025,68.6028009412324,37.85443388148713,6,0.0005,,,,,,,,,,,,,,,,,,,,,,,,,,,,,,,,,,,,,,,,,,,,,,,,,,,,,,,,,4.0,0.08,180,True,False,True,True,,,,,,,,,,,,,,,,,,,,,,,,,,,,,,,,,,,,,,,,,,,,,,,,,,,,,,,,,0.08,0.0,10,0.75,,,,,,,352,-999978,,
True,True,2.5,3.0,40,2.5,1.25,,55,20,400,True,trend_bb_reversion,96,2,True,1.2,0.25,0.005,75.23857994337395,32.66509449528204,12,0.005,,,,,,,,,,,,,,,,,,,,,,,,,,,,,,,,,,,,,,,,,,,,,,,,,,,,,,,,,3.0,0.01,239,True,False,True,True,,,,,,,,,,,,,,,,,,,,,,,,,,,,,,,,,,,,,,,,,,,,,,,,,,,,,,,,,0.2,0.0,75,1.25,,,,,,,353,-999978,,
True,False,1.5,1.3,40,2.2,1.0,,8,80,130,False,trend_bb_reversion,14,8,True,1.0,0.5,0.025,62.25642192341338,34.654541681821804,36,0.0025,,,,,,,,,,,,,,,,,,,,,,,,,,,,,,,,,,,,,,,,,,,,,,,,,,,,,,,,,2.0,0.025,323,True,False,False,False,,,,,,,,,,,,,,,,,,,,,,,,,,,,,,,,,,,,,,,,,,,,,,,,,,,,,,,,,1.0,0.003,30,1.25,,,,,,,354,-999978,,
True,False,1.5,6.0,14,2.2,1.0,,30,50,300,True,channel_reclaim,24,4,True,0.8,0.25,0.0,61.51089000550129,38.125019898437614,18,0.001,,,,,,,,,,,,,,,,,,,,,,,,,,,,,,,,,,,,,,,,,,,,,,,,,,,,,,,,,2.0,0.015,441,True,False,True,True,,,,,,,,,,,,,,,,,,,,,,,,,,,,,,,,,,,,,,,,,,,,,,,,,,,,,,,,,0.08,0.0,50,1.0,,,,,,,355,-999978,,
True,False,5.0,1.3,14,2.0,0.5,,16,20,80,True,range_bb_reversion,48,6,True,1.2,0.67,0.008,61.48759383702892,37.88740268437403,12,0.01,,,,,,,,,,,,,,,,,,,,,,,,,,,,,,,,,,,,,,,,,,,,,,,,,,,,,,,,,3.0,0.01,545,False,False,True,True,,,,,,,,,,,,,,,,,,,,,,,,,,,,,,,,,,,,,,,,,,,,,,,,,,,,,,,,,0.05,0.001,100,1.0,,,,,,,356,-999978,,
True,False,2.5,1.3,14,2.5,0.75,,10,30,150,True,trend_bb_reversion,12,8,True,1.2,0.25,0.0025,64.19546000778206,27.612584997496143,36,0.0,,,,,,,,,,,,,,,,,,,,,,,,,,,,,,,,,,,,,,,,,,,,,,,,,,,,,,,,,1.0,0.006,787,True,False,True,True,,,,,,,,,,,,,,,,,,,,,,,,,,,,,,,,,,,,,,,,,,,,,,,,,,,,,,,,,0.08,0.002,100,1.25,,,,,,,357,-999978,,
True,False,3.0,1.3,80,2.2,1.25,,30,20,400,True,range_bb_reversion,12,2,True,1.0,0.33,0.0,66.08123379530217,40.27928858293509,3,0.005,,,,,,,,,,,,,,,,,,,,,,,,,,,,,,,,,,,,,,,,,,,,,,,,,,,,,,,,,3.0,0.04,216,True,False,False,True,,,,,,,,,,,,,,,,,,,,,,,,,,,,,,,,,,,,,,,,,,,,,,,,,,,,,,,,,0.12,0.001,100,0.5,,,,,,,358,-999979,,
True,True,4.0,12.0,55,2.0,1.5,,20,80,130,False,trend_reclaim,24,8,True,0.6,0.67,0.005,60.03746043215767,25.112855316981374,24,0.0025,,,,,,,,,,,,,,,,,,,,,,,,,,,,,,,,,,,,,,,,,,,,,,,,,,,,,,,,,1.5,0.04,232,True,False,True,False,,,,,,,,,,,,,,,,,,,,,,,,,,,,,,,,,,,,,,,,,,,,,,,,,,,,,,,,,0.08,0.001,75,0.0,,,,,,,359,-999979,,
True,False,5.0,8.0,55,2.2,1.0,,55,80,100,True,trend_state_tp,18,3,False,0.6,0.33,0.005,65.7540114338865,38.39409908238702,6,0.0025,,,,,,,,,,,,,,,,,,,,,,,,,,,,,,,,,,,,,,,,,,,,,,,,,,,,,,,,,1.0,0.04,273,True,False,False,True,,,,,,,,,,,,,,,,,,,,,,,,,,,,,,,,,,,,,,,,,,,,,,,,,,,,,,,,,0.04,0.0,75,1.5,,,,,,,360,-999979,,
True,True,4.0,1.7,55,2.5,1.0,,30,80,400,True,trend_reclaim,12,4,True,1.5,0.5,0.0025,61.69949376196559,42.20292917365103,12,0.0005,,,,,,,,,,,,,,,,,,,,,,,,,,,,,,,,,,,,,,,,,,,,,,,,,,,,,,,,,3.0,0.015,439,True,False,False,True,,,,,,,,,,,,,,,,,,,,,,,,,,,,,,,,,,,,,,,,,,,,,,,,,,,,,,,,,1.0,0.002,10,1.5,,,,,,,361,-999979,,
True,True,4.0,1.3,55,2.0,0.5,,20,10,400,False,range_bb_reversion,96,8,True,1.2,0.33,0.018,66.537077765257,26.195723584263913,6,0.01,,,,,,,,,,,,,,,,,,,,,,,,,,,,,,,,,,,,,,,,,,,,,,,,,,,,,,,,,3.0,0.015,440,True,False,False,False,,,,,,,,,,,,,,,,,,,,,,,,,,,,,,,,,,,,,,,,,,,,,,,,,,,,,,,,,1.0,0.0005,20,0.75,,,,,,,362,-999979,,
True,False,3.0,1.7,14,1.5,1.0,,40,50,200,True,trend_reclaim,120,4,True,1.2,0.33,0.0025,72.51456732851835,22.611283331823888,36,0.005,,,,,,,,,,,,,,,,,,,,,,,,,,,,,,,,,,,,,,,,,,,,,,,,,,,,,,,,,1.0,0.04,591,True,False,True,True,,,,,,,,,,,,,,,,,,,,,,,,,,,,,,,,,,,,,,,,,,,,,,,,,,,,,,,,,0.12,0.002,150,0.75,,,,,,,363,-999979,,
True,False,3.0,1.3,55,1.8,2.0,,55,10,300,False,channel_reclaim,8,6,True,2.0,0.33,0.025,69.76404157873729,32.99624174872462,6,0.001,,,,,,,,,,,,,,,,,,,,,,,,,,,,,,,,,,,,,,,,,,,,,,,,,,,,,,,,,1.0,0.006,670,True,False,True,False,,,,,,,,,,,,,,,,,,,,,,,,,,,,,,,,,,,,,,,,,,,,,,,,,,,,,,,,,1.0,0.001,75,0.0,,,,,,,364,-999979,,
True,False,2.0,2.2,55,2.2,0.75,,30,14,80,False,channel_reclaim,96,4,True,0.6,0.33,0.008,71.76222884215254,34.19371439413513,48,0.001,,,,,,,,,,,,,,,,,,,,,,,,,,,,,,,,,,,,,,,,,,,,,,,,,,,,,,,,,2.5,0.01,123,True,False,False,False,,,,,,,,,,,,,,,,,,,,,,,,,,,,,,,,,,,,,,,,,,,,,,,,,,,,,,,,,0.05,0.003,50,0.0,,,,,,,365,-999980,,
True,True,1.0,2.2,30,1.8,1.25,,40,80,300,False,trend_reclaim,24,1,True,1.2,0.33,0.012,68.23327961950726,28.811192406629242,48,0.01,,,,,,,,,,,,,,,,,,,,,,,,,,,,,,,,,,,,,,,,,,,,,,,,,,,,,,,,,2.0,0.04,201,True,False,True,False,,,,,,,,,,,,,,,,,,,,,,,,,,,,,,,,,,,,,,,,,,,,,,,,,,,,,,,,,0.2,0.003,50,0.0,,,,,,,366,-999980,,
True,False,3.0,2.2,14,1.5,0.75,,16,14,400,True,trend_bb_reversion,48,4,True,1.0,0.33,0.0,67.11851914833721,44.140355112260856,48,0.001,,,,,,,,,,,,,,,,,,,,,,,,,,,,,,,,,,,,,,,,,,,,,,,,,,,,,,,,,4.0,0.04,245,True,False,True,True,,,,,,,,,,,,,,,,,,,,,,,,,,,,,,,,,,,,,,,,,,,,,,,,,,,,,,,,,0.04,0.001,150,1.25,,,,,,,367,-999980,,
True,True,5.0,2.2,14,2.5,0.75,,10,10,200,True,range_bb_reversion,72,1,True,2.0,0.5,0.012,76.05895646199336,30.466877508202266,48,0.0,,,,,,,,,,,,,,,,,,,,,,,,,,,,,,,,,,,,,,,,,,,,,,,,,,,,,,,,,4.0,0.08,524,False,False,True,True,,,,,,,,,,,,,,,,,,,,,,,,,,,,,,,,,,,,,,,,,,,,,,,,,,,,,,,,,0.04,0.001,10,0.25,,,,,,,368,-999980,,
True,False,1.5,3.0,55,2.2,1.5,,10,20,50,False,channel_reclaim,36,3,True,0.6,0.33,0.008,69.60064536413255,37.34444662898311,24,0.001,,,,,,,,,,,,,,,,,,,,,,,,,,,,,,,,,,,,,,,,,,,,,,,,,,,,,,,,,2.0,0.01,34,True,False,True,False,,,,,,,,,,,,,,,,,,,,,,,,,,,,,,,,,,,,,,,,,,,,,,,,,,,,,,,,,0.2,0.003,75,1.5,,,,,,,369,-999981,,
True,False,1.5,1.3,40,1.5,0.5,,10,8,80,False,trend_bb_reversion,72,6,True,1.2,0.67,0.012,60.72180340835906,26.195686238685866,24,0.0,,,,,,,,,,,,,,,,,,,,,,,,,,,,,,,,,,,,,,,,,,,,,,,,,,,,,,,,,2.5,0.025,40,True,False,True,False,,,,,,,,,,,,,,,,,,,,,,,,,,,,,,,,,,,,,,,,,,,,,,,,,,,,,,,,,0.2,0.003,20,0.0,,,,,,,370,-999981,,
True,False,1.0,4.0,40,1.8,1.5,,16,8,150,True,trend_bb_reversion,72,1,True,2.0,0.33,0.008,59.92936179848025,37.63705160973799,12,0.005,,,,,,,,,,,,,,,,,,,,,,,,,,,,,,,,,,,,,,,,,,,,,,,,,,,,,,,,,1.5,0.015,249,True,True,False,True,,,,,,,,,,,,,,,,,,,,,,,,,,,,,,,,,,,,,,,,,,,,,,,,,,,,,,,,,0.2,0.002,20,1.25,,,,,,,371,-999981,,
True,True,2.0,1.3,80,2.2,0.5,,55,14,150,False,trend_bb_reversion,72,3,True,0.6,0.33,0.0,64.59710208011975,24.7522701821347,48,0.01,,,,,,,,,,,,,,,,,,,,,,,,,,,,,,,,,,,,,,,,,,,,,,,,,,,,,,,,,1.5,0.006,275,True,False,True,False,,,,,,,,,,,,,,,,,,,,,,,,,,,,,,,,,,,,,,,,,,,,,,,,,,,,,,,,,0.08,0.0005,100,0.0,,,,,,,372,-999981,,
True,False,2.0,1.3,55,2.2,1.25,,10,8,200,False,range_bb_reversion,72,2,True,2.0,0.67,0.008,68.6206770975245,25.04489808283696,48,0.005,,,,,,,,,,,,,,,,,,,,,,,,,,,,,,,,,,,,,,,,,,,,,,,,,,,,,,,,,2.5,0.08,408,True,False,True,False,,,,,,,,,,,,,,,,,,,,,,,,,,,,,,,,,,,,,,,,,,,,,,,,,,,,,,,,,1.0,0.002,20,1.5,,,,,,,373,-999981,,
True,False,1.5,3.0,30,2.2,1.0,,16,80,130,True,range_bb_reversion,18,3,True,1.2,0.67,0.012,72.75427655383963,38.556284915051116,18,0.0,,,,,,,,,,,,,,,,,,,,,,,,,,,,,,,,,,,,,,,,,,,,,,,,,,,,,,,,,2.0,0.01,462,True,False,True,True,,,,,,,,,,,,,,,,,,,,,,,,,,,,,,,,,,,,,,,,,,,,,,,,,,,,,,,,,0.05,0.002,100,0.25,,,,,,,374,-999981,,
True,False,4.0,8.0,20,1.8,1.0,,30,80,130,True,trend_bb_reversion,24,2,True,0.8,0.67,0.0025,76.57623478981488,31.145785632136,48,0.0005,,,,,,,,,,,,,,,,,,,,,,,,,,,,,,,,,,,,,,,,,,,,,,,,,,,,,,,,,4.0,0.015,607,False,False,True,True,,,,,,,,,,,,,,,,,,,,,,,,,,,,,,,,,,,,,,,,,,,,,,,,,,,,,,,,,0.05,0.0,100,1.0,,,,,,,375,-999981,,
True,False,1.5,12.0,30,2.2,1.0,,12,20,50,True,trend_reclaim,8,1,True,2.0,0.5,0.008,67.61423621111877,23.78308512369084,18,0.0,,,,,,,,,,,,,,,,,,,,,,,,,,,,,,,,,,,,,,,,,,,,,,,,,,,,,,,,,3.0,0.006,612,True,True,True,True,,,,,,,,,,,,,,,,,,,,,,,,,,,,,,,,,,,,,,,,,,,,,,,,,,,,,,,,,0.2,0.001,30,0.0,,,,,,,376,-999981,,
True,False,2.5,8.0,40,2.2,1.0,,55,14,150,False,trend_bb_reversion,14,8,True,0.6,0.25,0.025,70.15887723981028,39.3403371168413,36,0.0,,,,,,,,,,,,,,,,,,,,,,,,,,,,,,,,,,,,,,,,,,,,,,,,,,,,,,,,,1.5,0.006,121,True,False,True,False,,,,,,,,,,,,,,,,,,,,,,,,,,,,,,,,,,,,,,,,,,,,,,,,,,,,,,,,,0.2,0.002,30,1.25,,,,,,,377,-999982,,
True,False,1.0,3.0,14,2.2,1.0,,30,20,200,True,trend_state_tp,96,8,False,1.0,0.33,0.005,76.62218300910276,31.109117901274274,12,0.0,,,,,,,,,,,,,,,,,,,,,,,,,,,,,,,,,,,,,,,,,,,,,,,,,,,,,,,,,4.0,0.006,144,True,False,True,True,,,,,,,,,,,,,,,,,,,,,,,,,,,,,,,,,,,,,,,,,,,,,,,,,,,,,,,,,0.03,0.002,30,0.25,,,,,,,378,-999982,,
True,False,1.5,1.7,20,2.5,1.5,,8,80,130,True,trend_bb_reversion,12,2,True,1.5,0.25,0.005,62.77877683705929,37.59942540397849,12,0.001,,,,,,,,,,,,,,,,,,,,,,,,,,,,,,,,,,,,,,,,,,,,,,,,,,,,,,,,,3.0,0.01,265,True,False,True,True,,,,,,,,,,,,,,,,,,,,,,,,,,,,,,,,,,,,,,,,,,,,,,,,,,,,,,,,,0.04,0.002,10,0.25,,,,,,,379,-999982,,
True,False,5.0,6.0,14,1.8,1.0,,55,80,400,False,channel_reclaim,96,1,True,1.5,0.25,0.018,77.17995218043617,22.121458702037405,24,0.001,,,,,,,,,,,,,,,,,,,,,,,,,,,,,,,,,,,,,,,,,,,,,,,,,,,,,,,,,2.5,0.015,388,True,False,False,False,,,,,,,,,,,,,,,,,,,,,,,,,,,,,,,,,,,,,,,,,,,,,,,,,,,,,,,,,0.12,0.002,50,1.0,,,,,,,380,-999982,,
True,False,1.0,4.0,40,2.0,0.5,,12,30,400,True,trend_bb_reversion,18,4,True,0.6,0.5,0.005,73.37769772641606,25.448232107937557,48,0.01,,,,,,,,,,,,,,,,,,,,,,,,,,,,,,,,,,,,,,,,,,,,,,,,,,,,,,,,,2.0,0.01,475,True,False,True,True,,,,,,,,,,,,,,,,,,,,,,,,,,,,,,,,,,,,,,,,,,,,,,,,,,,,,,,,,0.12,0.001,20,1.0,,,,,,,381,-999982,,
True,False,4.0,8.0,20,2.2,0.5,,12,10,400,True,trend_bb_reversion,72,8,True,2.0,0.33,0.005,59.677638148661664,29.57790977709903,18,0.005,,,,,,,,,,,,,,,,,,,,,,,,,,,,,,,,,,,,,,,,,,,,,,,,,,,,,,,,,2.0,0.015,535,True,False,True,True,,,,,,,,,,,,,,,,,,,,,,,,,,,,,,,,,,,,,,,,,,,,,,,,,,,,,,,,,0.05,0.001,100,0.25,,,,,,,382,-999982,,
True,False,2.5,12.0,80,2.0,1.5,,8,20,300,False,trend_bb_reversion,12,1,False,0.6,0.67,0.0025,66.65555796551925,30.600317391592213,24,0.0025,,,,,,,,,,,,,,,,,,,,,,,,,,,,,,,,,,,,,,,,,,,,,,,,,,,,,,,,,2.5,0.025,716,True,True,True,False,,,,,,,,,,,,,,,,,,,,,,,,,,,,,,,,,,,,,,,,,,,,,,,,,,,,,,,,,0.2,0.002,10,0.0,,,,,,,383,-999982,,
True,False,1.5,1.3,80,1.8,1.5,,10,50,400,False,channel_reclaim,72,8,True,1.0,0.67,0.025,60.73401060912201,30.021797656263924,36,0.0005,,,,,,,,,,,,,,,,,,,,,,,,,,,,,,,,,,,,,,,,,,,,,,,,,,,,,,,,,3.0,0.01,725,True,False,True,False,,,,,,,,,,,,,,,,,,,,,,,,,,,,,,,,,,,,,,,,,,,,,,,,,,,,,,,,,0.05,0.0,100,1.25,,,,,,,384,-999982,,
True,False,2.0,1.3,80,1.5,1.5,,8,8,100,True,trend_bb_reversion,120,4,True,2.0,0.25,0.008,73.24796876917314,43.22797110044886,48,0.0005,,,,,,,,,,,,,,,,,,,,,,,,,,,,,,,,,,,,,,,,,,,,,,,,,,,,,,,,,2.5,0.04,749,True,False,True,True,,,,,,,,,,,,,,,,,,,,,,,,,,,,,,,,,,,,,,,,,,,,,,,,,,,,,,,,,0.2,0.003,75,0.25,,,,,,,385,-999982,,
True,True,3.0,6.0,14,2.2,1.5,,20,8,300,True,range_bb_reversion,96,2,True,0.8,0.5,0.005,75.23200062577993,34.49954991447472,12,0.01,,,,,,,,,,,,,,,,,,,,,,,,,,,,,,,,,,,,,,,,,,,,,,,,,,,,,,,,,4.0,0.025,91,True,False,False,True,,,,,,,,,,,,,,,,,,,,,,,,,,,,,,,,,,,,,,,,,,,,,,,,,,,,,,,,,0.03,0.003,75,0.75,,,,,,,386,-999983,,
True,False,5.0,12.0,55,2.2,1.0,,10,30,300,True,trend_bb_reversion,8,3,True,2.0,0.67,0.018,77.11715196502959,43.32481022152115,48,0.001,,,,,,,,,,,,,,,,,,,,,,,,,,,,,,,,,,,,,,,,,,,,,,,,,,,,,,,,,1.5,0.015,166,True,False,True,True,,,,,,,,,,,,,,,,,,,,,,,,,,,,,,,,,,,,,,,,,,,,,,,,,,,,,,,,,0.08,0.002,20,1.25,,,,,,,387,-999983,,
True,False,5.0,3.0,80,1.5,1.25,,40,80,130,True,range_bb_reversion,96,2,True,0.8,0.33,0.005,73.46025971951249,22.601302416712144,6,0.0005,,,,,,,,,,,,,,,,,,,,,,,,,,,,,,,,,,,,,,,,,,,,,,,,,,,,,,,,,1.5,0.01,279,False,False,True,True,,,,,,,,,,,,,,,,,,,,,,,,,,,,,,,,,,,,,,,,,,,,,,,,,,,,,,,,,0.08,0.003,100,0.75,,,,,,,388,-999983,,
True,False,1.5,12.0,14,1.8,0.5,,55,80,130,True,channel_reclaim,14,8,True,1.2,0.25,0.025,66.54033471063181,40.17231536239649,24,0.0025,,,,,,,,,,,,,,,,,,,,,,,,,,,,,,,,,,,,,,,,,,,,,,,,,,,,,,,,,1.0,0.025,664,True,False,False,True,,,,,,,,,,,,,,,,,,,,,,,,,,,,,,,,,,,,,,,,,,,,,,,,,,,,,,,,,1.0,0.001,150,0.75,,,,,,,389,-999983,,
True,False,2.5,6.0,14,1.5,0.5,,8,30,400,False,range_bb_reversion,72,3,True,1.2,0.67,0.0025,63.226586667157044,24.67262723723701,3,0.01,,,,,,,,,,,,,,,,,,,,,,,,,,,,,,,,,,,,,,,,,,,,,,,,,,,,,,,,,2.5,0.08,665,False,False,True,False,,,,,,,,,,,,,,,,,,,,,,,,,,,,,,,,,,,,,,,,,,,,,,,,,,,,,,,,,0.05,0.003,30,0.0,,,,,,,390,-999983,,
True,True,5.0,4.0,30,2.5,2.0,,16,8,400,False,channel_reclaim,96,4,True,1.5,0.67,0.025,63.49455775264545,38.758811535953804,36,0.01,,,,,,,,,,,,,,,,,,,,,,,,,,,,,,,,,,,,,,,,,,,,,,,,,,,,,,,,,4.0,0.04,681,True,False,True,False,,,,,,,,,,,,,,,,,,,,,,,,,,,,,,,,,,,,,,,,,,,,,,,,,,,,,,,,,0.03,0.0,30,0.0,,,,,,,391,-999983,,
True,False,2.0,8.0,40,2.0,0.75,,12,80,130,True,trend_state_tp,96,6,True,1.2,0.33,0.012,75.27212786440589,42.974014546158244,12,0.0025,,,,,,,,,,,,,,,,,,,,,,,,,,,,,,,,,,,,,,,,,,,,,,,,,,,,,,,,,3.0,0.08,724,True,True,True,True,,,,,,,,,,,,,,,,,,,,,,,,,,,,,,,,,,,,,,,,,,,,,,,,,,,,,,,,,0.04,0.003,30,1.5,,,,,,,392,-999983,,
True,False,2.0,3.0,40,2.2,1.0,,10,30,80,True,trend_bb_reversion,24,6,True,1.2,0.5,0.008,75.61270470684735,38.54452036457928,18,0.005,,,,,,,,,,,,,,,,,,,,,,,,,,,,,,,,,,,,,,,,,,,,,,,,,,,,,,,,,1.0,0.015,760,True,False,True,True,,,,,,,,,,,,,,,,,,,,,,,,,,,,,,,,,,,,,,,,,,,,,,,,,,,,,,,,,0.12,0.0005,30,0.75,,,,,,,393,-999983,,
True,False,3.0,1.3,20,2.5,1.0,,40,80,400,True,trend_bb_reversion,96,2,True,0.6,0.5,0.025,65.7689566984346,24.831658906471244,36,0.0,,,,,,,,,,,,,,,,,,,,,,,,,,,,,,,,,,,,,,,,,,,,,,,,,,,,,,,,,1.0,0.04,785,True,False,False,True,,,,,,,,,,,,,,,,,,,,,,,,,,,,,,,,,,,,,,,,,,,,,,,,,,,,,,,,,0.05,0.002,20,0.0,,,,,,,394,-999983,,
True,True,1.0,6.0,55,1.5,0.75,,16,14,400,False,range_bb_reversion,8,3,True,1.0,0.25,0.008,76.36023073959099,28.119099688507657,48,0.01,,,,,,,,,,,,,,,,,,,,,,,,,,,,,,,,,,,,,,,,,,,,,,,,,,,,,,,,,2.5,0.01,142,True,False,True,False,,,,,,,,,,,,,,,,,,,,,,,,,,,,,,,,,,,,,,,,,,,,,,,,,,,,,,,,,1.0,0.0,150,1.0,,,,,,,395,-999984,,
True,False,5.0,1.7,20,2.5,1.0,,30,14,50,True,channel_reclaim,72,6,True,1.0,0.5,0.008,61.67283881077206,23.44162533474467,36,0.005,,,,,,,,,,,,,,,,,,,,,,,,,,,,,,,,,,,,,,,,,,,,,,,,,,,,,,,,,4.0,0.015,182,False,False,False,True,,,,,,,,,,,,,,,,,,,,,,,,,,,,,,,,,,,,,,,,,,,,,,,,,,,,,,,,,0.12,0.001,75,0.75,,,,,,,396,-999984,,
True,False,1.5,12.0,14,1.5,1.0,,16,30,200,False,channel_reclaim,72,3,True,1.0,0.5,0.018,62.72078315641981,33.070215482465244,3,0.0025,,,,,,,,,,,,,,,,,,,,,,,,,,,,,,,,,,,,,,,,,,,,,,,,,,,,,,,,,1.5,0.08,209,True,False,False,False,,,,,,,,,,,,,,,,,,,,,,,,,,,,,,,,,,,,,,,,,,,,,,,,,,,,,,,,,0.2,0.001,30,0.5,,,,,,,397,-999984,,
True,False,1.5,2.2,40,2.5,1.25,,10,80,130,True,trend_state_tp,12,8,True,0.8,0.25,0.0025,58.24562997089584,31.950510714136968,3,0.001,,,,,,,,,,,,,,,,,,,,,,,,,,,,,,,,,,,,,,,,,,,,,,,,,,,,,,,,,3.0,0.04,255,True,False,True,False,,,,,,,,,,,,,,,,,,,,,,,,,,,,,,,,,,,,,,,,,,,,,,,,,,,,,,,,,0.04,0.002,100,1.5,,,,,,,398,-999984,,
True,False,2.5,12.0,40,2.5,1.5,,10,10,300,True,range_bb_reversion,72,8,True,2.0,0.5,0.018,77.08275383972733,43.30860570878176,3,0.01,,,,,,,,,,,,,,,,,,,,,,,,,,,,,,,,,,,,,,,,,,,,,,,,,,,,,,,,,2.0,0.04,282,True,False,True,True,,,,,,,,,,,,,,,,,,,,,,,,,,,,,,,,,,,,,,,,,,,,,,,,,,,,,,,,,0.08,0.0005,150,1.0,,,,,,,399,-999984,,
True,True,1.5,4.0,20,2.2,0.75,,12,30,100,True,channel_reclaim,8,6,True,0.8,0.33,0.0025,74.25610779754898,32.406810657244144,3,0.0005,,,,,,,,,,,,,,,,,,,,,,,,,,,,,,,,,,,,,,,,,,,,,,,,,,,,,,,,,4.0,0.015,349,True,False,False,True,,,,,,,,,,,,,,,,,,,,,,,,,,,,,,,,,,,,,,,,,,,,,,,,,,,,,,,,,0.03,0.0,100,0.25,,,,,,,400,-999984,,
True,False,4.0,6.0,40,2.2,2.0,,12,10,150,True,trend_reclaim,72,3,True,1.2,0.33,0.005,70.4593798532663,31.18298674519906,18,0.001,,,,,,,,,,,,,,,,,,,,,,,,,,,,,,,,,,,,,,,,,,,,,,,,,,,,,,,,,2.0,0.01,364,True,False,True,True,,,,,,,,,,,,,,,,,,,,,,,,,,,,,,,,,,,,,,,,,,,,,,,,,,,,,,,,,0.05,0.001,30,0.25,,,,,,,401,-999984,,
True,True,3.0,6.0,40,2.5,1.25,,12,30,200,True,range_bb_reversion,120,8,True,1.2,0.67,0.0025,72.61724441576025,42.55958454239423,12,0.0025,,,,,,,,,,,,,,,,,,,,,,,,,,,,,,,,,,,,,,,,,,,,,,,,,,,,,,,,,1.5,0.006,483,True,False,False,True,,,,,,,,,,,,,,,,,,,,,,,,,,,,,,,,,,,,,,,,,,,,,,,,,,,,,,,,,0.12,0.0,150,1.0,,,,,,,402,-999984,,
True,False,2.5,3.0,80,2.5,0.75,,55,80,130,True,trend_bb_reversion,8,1,True,2.0,0.25,0.018,72.78878665943834,39.38634196957615,48,0.0,,,,,,,,,,,,,,,,,,,,,,,,,,,,,,,,,,,,,,,,,,,,,,,,,,,,,,,,,1.0,0.01,495,False,False,False,True,,,,,,,,,,,,,,,,,,,,,,,,,,,,,,,,,,,,,,,,,,,,,,,,,,,,,,,,,0.12,0.003,30,0.5,,,,,,,403,-999984,,
True,False,4.0,6.0,40,2.2,1.25,,10,80,130,True,trend_bb_reversion,24,2,True,1.2,0.67,0.0,72.1305143158391,35.36338466252808,6,0.0005,,,,,,,,,,,,,,,,,,,,,,,,,,,,,,,,,,,,,,,,,,,,,,,,,,,,,,,,,3.0,0.025,522,True,False,False,True,,,,,,,,,,,,,,,,,,,,,,,,,,,,,,,,,,,,,,,,,,,,,,,,,,,,,,,,,0.08,0.001,10,0.0,,,,,,,404,-999984,,
True,False,1.5,2.2,40,1.8,1.0,,16,30,150,False,trend_bb_reversion,36,1,True,1.5,0.25,0.025,65.52330983413455,23.764396843635136,12,0.0005,,,,,,,,,,,,,,,,,,,,,,,,,,,,,,,,,,,,,,,,,,,,,,,,,,,,,,,,,3.0,0.08,739,False,False,True,False,,,,,,,,,,,,,,,,,,,,,,,,,,,,,,,,,,,,,,,,,,,,,,,,,,,,,,,,,0.2,0.001,75,1.0,,,,,,,405,-999984,,
True,False,1.5,8.0,20,2.0,0.75,,30,30,200,True,trend_bb_reversion,96,6,True,1.0,0.25,0.0025,66.08704978679118,30.932305557501323,18,0.0025,,,,,,,,,,,,,,,,,,,,,,,,,,,,,,,,,,,,,,,,,,,,,,,,,,,,,,,,,1.5,0.015,20,True,False,False,True,,,,,,,,,,,,,,,,,,,,,,,,,,,,,,,,,,,,,,,,,,,,,,,,,,,,,,,,,0.04,0.003,50,0.25,,,,,,,406,-999985,,
True,False,1.5,1.7,40,2.2,2.0,,55,8,200,True,trend_reclaim,18,1,True,1.5,0.33,0.0,77.47199783962738,24.480773944425724,36,0.01,,,,,,,,,,,,,,,,,,,,,,,,,,,,,,,,,,,,,,,,,,,,,,,,,,,,,,,,,2.0,0.08,114,True,False,False,True,,,,,,,,,,,,,,,,,,,,,,,,,,,,,,,,,,,,,,,,,,,,,,,,,,,,,,,,,0.05,0.003,20,1.25,,,,,,,407,-999985,,
True,False,2.5,1.3,55,2.0,1.0,,55,50,100,True,channel_reclaim,8,1,True,1.2,0.67,0.025,62.365255416664425,28.423659410282863,36,0.001,,,,,,,,,,,,,,,,,,,,,,,,,,,,,,,,,,,,,,,,,,,,,,,,,,,,,,,,,3.0,0.08,131,True,False,False,True,,,,,,,,,,,,,,,,,,,,,,,,,,,,,,,,,,,,,,,,,,,,,,,,,,,,,,,,,0.12,0.002,10,1.0,,,,,,,408,-999985,,
True,False,5.0,2.2,40,2.0,1.25,,16,80,130,True,range_bb_reversion,12,4,True,2.0,0.5,0.012,74.78377044540915,33.77115113632813,3,0.0,,,,,,,,,,,,,,,,,,,,,,,,,,,,,,,,,,,,,,,,,,,,,,,,,,,,,,,,,1.5,0.04,137,True,False,True,True,,,,,,,,,,,,,,,,,,,,,,,,,,,,,,,,,,,,,,,,,,,,,,,,,,,,,,,,,0.04,0.003,10,1.25,,,,,,,409,-999985,,
True,False,2.0,2.2,14,1.5,1.0,,30,10,100,True,channel_reclaim,14,8,True,0.6,0.33,0.0,62.81277141533007,38.95844418396057,6,0.0,,,,,,,,,,,,,,,,,,,,,,,,,,,,,,,,,,,,,,,,,,,,,,,,,,,,,,,,,1.0,0.025,189,False,False,False,True,,,,,,,,,,,,,,,,,,,,,,,,,,,,,,,,,,,,,,,,,,,,,,,,,,,,,,,,,0.08,0.001,20,1.0,,,,,,,410,-999985,,
True,False,1.0,2.2,30,2.2,0.75,,12,10,150,False,channel_reclaim,18,3,True,2.0,0.33,0.018,70.06199457827041,34.706265517743866,24,0.01,,,,,,,,,,,,,,,,,,,,,,,,,,,,,,,,,,,,,,,,,,,,,,,,,,,,,,,,,2.5,0.015,193,True,False,True,False,,,,,,,,,,,,,,,,,,,,,,,,,,,,,,,,,,,,,,,,,,,,,,,,,,,,,,,,,0.2,0.0005,75,1.5,,,,,,,411,-999985,,
True,False,1.5,4.0,80,2.2,1.5,,30,80,200,True,trend_state_tp,48,4,True,2.0,0.25,0.025,58.88322731567281,26.30716469665918,24,0.005,,,,,,,,,,,,,,,,,,,,,,,,,,,,,,,,,,,,,,,,,,,,,,,,,,,,,,,,,2.0,0.04,259,True,False,True,True,,,,,,,,,,,,,,,,,,,,,,,,,,,,,,,,,,,,,,,,,,,,,,,,,,,,,,,,,0.03,0.002,100,0.5,,,,,,,412,-999985,,
True,False,2.5,4.0,80,2.5,1.25,,20,8,100,True,trend_reclaim,72,3,True,1.2,0.25,0.0,62.95366355685141,34.83499255248323,12,0.0,,,,,,,,,,,,,,,,,,,,,,,,,,,,,,,,,,,,,,,,,,,,,,,,,,,,,,,,,1.0,0.025,310,False,True,True,True,,,,,,,,,,,,,,,,,,,,,,,,,,,,,,,,,,,,,,,,,,,,,,,,,,,,,,,,,0.03,0.003,10,0.75,,,,,,,413,-999985,,
True,True,3.0,12.0,55,1.8,1.25,,30,80,150,True,trend_bb_reversion,18,1,True,1.2,0.5,0.0025,68.04240304323004,33.97948492552199,12,0.0005,,,,,,,,,,,,,,,,,,,,,,,,,,,,,,,,,,,,,,,,,,,,,,,,,,,,,,,,,1.0,0.01,358,True,False,False,True,,,,,,,,,,,,,,,,,,,,,,,,,,,,,,,,,,,,,,,,,,,,,,,,,,,,,,,,,0.04,0.001,10,1.25,,,,,,,414,-999985,,
True,False,2.0,2.2,80,2.5,0.75,,20,50,100,True,trend_state_tp,24,6,True,0.6,0.67,0.005,60.668773383073045,33.279686988415996,12,0.0005,,,,,,,,,,,,,,,,,,,,,,,,,,,,,,,,,,,,,,,,,,,,,,,,,,,,,,,,,4.0,0.015,390,True,True,True,False,,,,,,,,,,,,,,,,,,,,,,,,,,,,,,,,,,,,,,,,,,,,,,,,,,,,,,,,,0.03,0.003,30,0.75,,,,,,,415,-999985,,
True,False,4.0,1.3,20,2.0,0.5,,30,20,200,True,channel_reclaim,36,2,True,0.8,0.67,0.0025,58.17325151514924,33.7348485300438,48,0.0,,,,,,,,,,,,,,,,,,,,,,,,,,,,,,,,,,,,,,,,,,,,,,,,,,,,,,,,,2.5,0.01,399,True,False,False,True,,,,,,,,,,,,,,,,,,,,,,,,,,,,,,,,,,,,,,,,,,,,,,,,,,,,,,,,,0.04,0.0005,50,0.25,,,,,,,416,-999985,,
True,False,2.5,12.0,30,2.5,1.5,,40,20,50,True,trend_reclaim,48,2,True,0.6,0.25,0.0,70.32691357311649,28.03503172931371,24,0.01,,,,,,,,,,,,,,,,,,,,,,,,,,,,,,,,,,,,,,,,,,,,,,,,,,,,,,,,,1.0,0.006,411,True,False,True,True,,,,,,,,,,,,,,,,,,,,,,,,,,,,,,,,,,,,,,,,,,,,,,,,,,,,,,,,,0.2,0.003,30,1.25,,,,,,,417,-999985,,
True,False,2.5,3.0,55,1.5,1.5,,30,80,300,True,trend_bb_reversion,8,2,True,0.6,0.25,0.005,72.1520060529317,33.7804680360777,36,0.001,,,,,,,,,,,,,,,,,,,,,,,,,,,,,,,,,,,,,,,,,,,,,,,,,,,,,,,,,3.0,0.015,429,True,False,True,True,,,,,,,,,,,,,,,,,,,,,,,,,,,,,,,,,,,,,,,,,,,,,,,,,,,,,,,,,0.04,0.0005,100,0.5,,,,,,,418,-999985,,
True,True,5.0,3.0,14,2.5,0.5,,55,8,100,True,channel_reclaim,120,6,True,0.6,0.25,0.005,66.74127659754764,39.23851358994153,48,0.01,,,,,,,,,,,,,,,,,,,,,,,,,,,,,,,,,,,,,,,,,,,,,,,,,,,,,,,,,1.5,0.025,452,True,True,True,True,,,,,,,,,,,,,,,,,,,,,,,,,,,,,,,,,,,,,,,,,,,,,,,,,,,,,,,,,0.2,0.001,75,0.0,,,,,,,419,-999985,,
True,False,2.5,8.0,55,2.0,1.0,,10,20,80,False,trend_bb_reversion,24,6,True,2.0,0.25,0.012,65.79250785000524,34.65050516296954,36,0.0,,,,,,,,,,,,,,,,,,,,,,,,,,,,,,,,,,,,,,,,,,,,,,,,,,,,,,,,,1.0,0.08,467,True,False,True,False,,,,,,,,,,,,,,,,,,,,,,,,,,,,,,,,,,,,,,,,,,,,,,,,,,,,,,,,,0.12,0.0005,30,1.0,,,,,,,420,-999985,,
True,False,4.0,4.0,14,2.0,0.5,,12,14,100,False,trend_reclaim,36,2,True,0.8,0.33,0.0025,62.02495515630659,34.187386131699455,12,0.0025,,,,,,,,,,,,,,,,,,,,,,,,,,,,,,,,,,,,,,,,,,,,,,,,,,,,,,,,,2.5,0.015,487,True,False,True,False,,,,,,,,,,,,,,,,,,,,,,,,,,,,,,,,,,,,,,,,,,,,,,,,,,,,,,,,,0.05,0.001,100,0.75,,,,,,,421,-999985,,
True,False,3.0,8.0,55,2.2,2.0,,8,50,100,True,trend_state_tp,12,8,True,0.8,0.5,0.008,66.97352643642145,24.464536042446237,36,0.0025,,,,,,,,,,,,,,,,,,,,,,,,,,,,,,,,,,,,,,,,,,,,,,,,,,,,,,,,,2.5,0.08,549,True,True,False,True,,,,,,,,,,,,,,,,,,,,,,,,,,,,,,,,,,,,,,,,,,,,,,,,,,,,,,,,,0.03,0.0,150,0.0,,,,,,,422,-999985,,
True,False,2.5,4.0,30,2.0,1.5,,20,14,300,True,trend_bb_reversion,36,2,True,1.5,0.33,0.018,67.13198357734154,36.66334255109549,36,0.0,,,,,,,,,,,,,,,,,,,,,,,,,,,,,,,,,,,,,,,,,,,,,,,,,,,,,,,,,1.0,0.01,571,True,False,False,True,,,,,,,,,,,,,,,,,,,,,,,,,,,,,,,,,,,,,,,,,,,,,,,,,,,,,,,,,0.04,0.002,10,0.75,,,,,,,423,-999985,,
True,True,4.0,12.0,14,2.2,2.0,,8,30,150,False,trend_reclaim,36,2,True,1.5,0.67,0.0025,64.58195042469838,27.174224908939724,18,0.0005,,,,,,,,,,,,,,,,,,,,,,,,,,,,,,,,,,,,,,,,,,,,,,,,,,,,,,,,,3.0,0.01,600,True,False,True,False,,,,,,,,,,,,,,,,,,,,,,,,,,,,,,,,,,,,,,,,,,,,,,,,,,,,,,,,,0.04,0.0,20,1.0,,,,,,,424,-999985,,
True,False,5.0,2.2,30,2.0,2.0,,30,14,300,True,trend_bb_reversion,24,3,True,1.0,0.67,0.025,73.8249448665137,41.05472330952834,48,0.001,,,,,,,,,,,,,,,,,,,,,,,,,,,,,,,,,,,,,,,,,,,,,,,,,,,,,,,,,2.5,0.025,615,True,False,True,True,,,,,,,,,,,,,,,,,,,,,,,,,,,,,,,,,,,,,,,,,,,,,,,,,,,,,,,,,0.05,0.003,20,1.25,,,,,,,425,-999985,,
True,False,5.0,4.0,14,1.5,0.5,,40,20,50,True,range_bb_reversion,24,3,True,1.2,0.5,0.012,75.36206097933382,24.084437928319193,18,0.001,,,,,,,,,,,,,,,,,,,,,,,,,,,,,,,,,,,,,,,,,,,,,,,,,,,,,,,,,1.5,0.01,631,True,False,True,True,,,,,,,,,,,,,,,,,,,,,,,,,,,,,,,,,,,,,,,,,,,,,,,,,,,,,,,,,0.04,0.003,50,0.75,,,,,,,426,-999985,,
True,False,5.0,1.3,40,2.5,0.75,,16,80,300,True,range_bb_reversion,36,4,True,1.5,0.5,0.0025,59.17605500090587,33.861711995305036,24,0.01,,,,,,,,,,,,,,,,,,,,,,,,,,,,,,,,,,,,,,,,,,,,,,,,,,,,,,,,,2.0,0.025,637,True,False,True,True,,,,,,,,,,,,,,,,,,,,,,,,,,,,,,,,,,,,,,,,,,,,,,,,,,,,,,,,,0.12,0.003,100,1.25,,,,,,,427,-999985,,
True,False,2.0,12.0,20,1.5,0.75,,8,20,80,False,trend_bb_reversion,96,3,True,1.0,0.25,0.025,65.65831003148105,32.743980160831896,18,0.01,,,,,,,,,,,,,,,,,,,,,,,,,,,,,,,,,,,,,,,,,,,,,,,,,,,,,,,,,3.0,0.01,642,True,False,True,False,,,,,,,,,,,,,,,,,,,,,,,,,,,,,,,,,,,,,,,,,,,,,,,,,,,,,,,,,0.04,0.003,50,0.5,,,,,,,428,-999985,,
True,True,4.0,8.0,30,1.8,1.25,,30,10,400,True,channel_reclaim,12,6,True,1.5,0.33,0.0,61.332815191684574,37.42574635751147,24,0.001,,,,,,,,,,,,,,,,,,,,,,,,,,,,,,,,,,,,,,,,,,,,,,,,,,,,,,,,,2.5,0.01,69,True,False,True,True,,,,,,,,,,,,,,,,,,,,,,,,,,,,,,,,,,,,,,,,,,,,,,,,,,,,,,,,,0.05,0.0005,75,1.25,,,,,,,429,-999986,,
False,True,5.0,4.0,14,1.5,0.5,,30,10,200,False,channel_reclaim,18,6,True,1.5,0.33,0.008,64.609603820772,43.429337980081606,48,0.0025,,,,,,,,,,,,,,,,,,,,,,,,,,,,,,,,,,,,,,,,,,,,,,,,,,,,,,,,,3.0,0.01,168,True,False,False,False,,,,,,,,,,,,,,,,,,,,,,,,,,,,,,,,,,,,,,,,,,,,,,,,,,,,,,,,,0.03,0.003,10,0.25,,,,,,,430,-999986,,
True,False,4.0,6.0,80,1.5,1.0,,30,20,80,True,range_bb_reversion,72,8,True,0.8,0.67,0.012,72.74491667158064,38.66807501318596,3,0.001,,,,,,,,,,,,,,,,,,,,,,,,,,,,,,,,,,,,,,,,,,,,,,,,,,,,,,,,,2.0,0.01,217,True,False,True,True,,,,,,,,,,,,,,,,,,,,,,,,,,,,,,,,,,,,,,,,,,,,,,,,,,,,,,,,,0.04,0.003,150,0.25,,,,,,,431,-999986,,
True,False,1.0,1.7,55,1.8,2.0,,16,50,100,True,trend_reclaim,120,8,True,2.0,0.5,0.0,67.39353939093517,26.076223501597973,18,0.0025,,,,,,,,,,,,,,,,,,,,,,,,,,,,,,,,,,,,,,,,,,,,,,,,,,,,,,,,,2.5,0.025,251,True,True,True,True,,,,,,,,,,,,,,,,,,,,,,,,,,,,,,,,,,,,,,,,,,,,,,,,,,,,,,,,,0.2,0.001,50,1.25,,,,,,,432,-999986,,
True,False,5.0,1.7,30,2.0,0.5,,55,80,300,False,range_bb_reversion,18,8,False,1.2,0.5,0.008,74.9909318732191,37.9632476163055,48,0.01,,,,,,,,,,,,,,,,,,,,,,,,,,,,,,,,,,,,,,,,,,,,,,,,,,,,,,,,,3.0,0.015,352,True,False,True,False,,,,,,,,,,,,,,,,,,,,,,,,,,,,,,,,,,,,,,,,,,,,,,,,,,,,,,,,,0.12,0.0005,50,1.0,,,,,,,433,-999986,,
True,False,3.0,4.0,30,1.5,1.25,,20,30,200,True,trend_bb_reversion,120,3,True,1.2,0.67,0.0,71.10923845088487,33.41672547527283,48,0.005,,,,,,,,,,,,,,,,,,,,,,,,,,,,,,,,,,,,,,,,,,,,,,,,,,,,,,,,,2.0,0.025,369,True,False,True,True,,,,,,,,,,,,,,,,,,,,,,,,,,,,,,,,,,,,,,,,,,,,,,,,,,,,,,,,,0.05,0.002,100,1.25,,,,,,,434,-999986,,
True,False,2.5,2.2,20,2.0,0.5,,16,30,200,True,trend_state_tp,96,2,False,1.5,0.25,0.018,66.40224560047315,37.85202140809656,48,0.005,,,,,,,,,,,,,,,,,,,,,,,,,,,,,,,,,,,,,,,,,,,,,,,,,,,,,,,,,1.0,0.015,450,True,False,True,True,,,,,,,,,,,,,,,,,,,,,,,,,,,,,,,,,,,,,,,,,,,,,,,,,,,,,,,,,0.03,0.001,50,0.0,,,,,,,435,-999986,,
True,False,1.0,8.0,55,1.8,1.25,,20,50,200,True,range_bb_reversion,12,1,True,0.8,0.33,0.0025,59.98068017146986,29.37344656483981,6,0.005,,,,,,,,,,,,,,,,,,,,,,,,,,,,,,,,,,,,,,,,,,,,,,,,,,,,,,,,,1.5,0.006,597,False,False,True,True,,,,,,,,,,,,,,,,,,,,,,,,,,,,,,,,,,,,,,,,,,,,,,,,,,,,,,,,,1.0,0.0,10,0.25,,,,,,,436,-999986,,
True,True,1.5,3.0,20,2.0,1.0,,20,8,50,True,trend_bb_reversion,96,6,True,1.2,0.33,0.008,77.01011719992964,41.75185254099383,12,0.0025,,,,,,,,,,,,,,,,,,,,,,,,,,,,,,,,,,,,,,,,,,,,,,,,,,,,,,,,,4.0,0.04,643,True,True,False,True,,,,,,,,,,,,,,,,,,,,,,,,,,,,,,,,,,,,,,,,,,,,,,,,,,,,,,,,,0.04,0.003,75,0.75,,,,,,,437,-999986,,
True,False,2.0,2.2,30,2.0,1.5,,55,14,100,False,channel_reclaim,36,1,True,1.2,0.33,0.005,67.70316182286402,31.644856914878243,36,0.0025,,,,,,,,,,,,,,,,,,,,,,,,,,,,,,,,,,,,,,,,,,,,,,,,,,,,,,,,,3.0,0.01,742,True,False,False,False,,,,,,,,,,,,,,,,,,,,,,,,,,,,,,,,,,,,,,,,,,,,,,,,,,,,,,,,,0.2,0.002,75,0.25,,,,,,,438,-999986,,
True,False,2.0,2.2,14,2.0,1.25,,10,8,80,True,range_bb_reversion,14,8,True,2.0,0.33,0.025,66.51156123582885,43.34171390728038,36,0.0,,,,,,,,,,,,,,,,,,,,,,,,,,,,,,,,,,,,,,,,,,,,,,,,,,,,,,,,,1.5,0.006,768,True,False,True,True,,,,,,,,,,,,,,,,,,,,,,,,,,,,,,,,,,,,,,,,,,,,,,,,,,,,,,,,,0.05,0.001,150,0.25,,,,,,,439,-999986,,
True,False,2.5,1.3,40,2.2,1.0,,20,50,80,True,trend_state_tp,12,1,False,1.2,0.67,0.018,69.47508770330757,40.03825660669152,12,0.0025,,,,,,,,,,,,,,,,,,,,,,,,,,,,,,,,,,,,,,,,,,,,,,,,,,,,,,,,,4.0,0.006,3,True,False,True,False,,,,,,,,,,,,,,,,,,,,,,,,,,,,,,,,,,,,,,,,,,,,,,,,,,,,,,,,,0.03,0.001,30,1.5,,,,,,,440,-999987,,
True,True,5.0,2.2,20,1.8,1.5,,16,14,400,True,range_bb_reversion,36,8,True,2.0,0.67,0.0,67.5451661057795,36.07556266612059,36,0.0,,,,,,,,,,,,,,,,,,,,,,,,,,,,,,,,,,,,,,,,,,,,,,,,,,,,,,,,,2.0,0.025,128,True,False,True,True,,,,,,,,,,,,,,,,,,,,,,,,,,,,,,,,,,,,,,,,,,,,,,,,,,,,,,,,,0.03,0.003,150,0.75,,,,,,,441,-999987,,
True,False,2.5,6.0,20,2.5,0.5,,20,50,200,True,trend_bb_reversion,120,4,True,2.0,0.33,0.008,76.28561300633287,33.19212783195888,36,0.0025,,,,,,,,,,,,,,,,,,,,,,,,,,,,,,,,,,,,,,,,,,,,,,,,,,,,,,,,,1.5,0.01,153,True,True,True,True,,,,,,,,,,,,,,,,,,,,,,,,,,,,,,,,,,,,,,,,,,,,,,,,,,,,,,,,,0.04,0.003,30,0.75,,,,,,,442,-999987,,
True,False,3.0,3.0,30,2.2,2.0,,40,30,200,True,trend_state_tp,24,2,True,1.0,0.5,0.018,67.45658894894376,35.30963594967753,6,0.0,,,,,,,,,,,,,,,,,,,,,,,,,,,,,,,,,,,,,,,,,,,,,,,,,,,,,,,,,1.5,0.006,192,True,False,True,True,,,,,,,,,,,,,,,,,,,,,,,,,,,,,,,,,,,,,,,,,,,,,,,,,,,,,,,,,0.03,0.0005,100,1.25,,,,,,,443,-999987,,
True,False,1.5,12.0,40,2.5,1.5,,40,50,80,True,trend_state_tp,36,1,False,0.8,0.5,0.018,68.76728114147937,34.248531043713385,6,0.0025,,,,,,,,,,,,,,,,,,,,,,,,,,,,,,,,,,,,,,,,,,,,,,,,,,,,,,,,,3.0,0.04,227,True,False,True,True,,,,,,,,,,,,,,,,,,,,,,,,,,,,,,,,,,,,,,,,,,,,,,,,,,,,,,,,,0.03,0.001,20,1.0,,,,,,,444,-999987,,
True,False,5.0,1.3,55,1.5,1.5,,30,10,150,True,trend_reclaim,24,3,True,1.0,0.33,0.008,66.27362275715095,33.96761939694606,18,0.001,,,,,,,,,,,,,,,,,,,,,,,,,,,,,,,,,,,,,,,,,,,,,,,,,,,,,,,,,3.0,0.04,247,True,False,True,True,,,,,,,,,,,,,,,,,,,,,,,,,,,,,,,,,,,,,,,,,,,,,,,,,,,,,,,,,1.0,0.0,30,1.0,,,,,,,445,-999987,,
True,False,3.0,12.0,14,1.8,2.0,,8,14,100,False,trend_bb_reversion,120,1,True,1.0,0.5,0.025,74.18801035134011,26.67205725212446,12,0.001,,,,,,,,,,,,,,,,,,,,,,,,,,,,,,,,,,,,,,,,,,,,,,,,,,,,,,,,,2.0,0.08,713,True,False,False,False,,,,,,,,,,,,,,,,,,,,,,,,,,,,,,,,,,,,,,,,,,,,,,,,,,,,,,,,,0.05,0.001,150,0.75,,,,,,,446,-999987,,
True,False,2.5,3.0,80,2.0,2.0,,12,30,80,True,range_bb_reversion,48,6,True,2.0,0.67,0.008,63.94826250715464,26.920314472488432,18,0.01,,,,,,,,,,,,,,,,,,,,,,,,,,,,,,,,,,,,,,,,,,,,,,,,,,,,,,,,,1.0,0.01,756,False,False,True,True,,,,,,,,,,,,,,,,,,,,,,,,,,,,,,,,,,,,,,,,,,,,,,,,,,,,,,,,,1.0,0.002,10,1.5,,,,,,,447,-999987,,
True,False,1.5,4.0,80,2.5,0.5,,30,80,150,True,trend_reclaim,8,1,True,0.8,0.67,0.008,66.81773502987048,44.839989501126844,36,0.0025,,,,,,,,,,,,,,,,,,,,,,,,,,,,,,,,,,,,,,,,,,,,,,,,,,,,,,,,,2.5,0.04,42,True,False,True,True,,,,,,,,,,,,,,,,,,,,,,,,,,,,,,,,,,,,,,,,,,,,,,,,,,,,,,,,,0.2,0.003,50,0.75,,,,,,,448,-999988,,
True,False,1.0,1.3,30,2.2,1.5,,55,80,100,True,trend_bb_reversion,18,4,True,1.0,0.33,0.0,72.94079244506455,33.81444350833679,3,0.0,,,,,,,,,,,,,,,,,,,,,,,,,,,,,,,,,,,,,,,,,,,,,,,,,,,,,,,,,1.5,0.015,151,True,True,True,True,,,,,,,,,,,,,,,,,,,,,,,,,,,,,,,,,,,,,,,,,,,,,,,,,,,,,,,,,0.04,0.0005,100,0.25,,,,,,,449,-999988,,
True,True,1.0,3.0,55,1.8,2.0,,20,8,300,True,range_bb_reversion,72,1,False,1.2,0.5,0.0,71.50279926072241,28.829004831959672,48,0.0005,,,,,,,,,,,,,,,,,,,,,,,,,,,,,,,,,,,,,,,,,,,,,,,,,,,,,,,,,1.5,0.006,159,True,False,True,True,,,,,,,,,,,,,,,,,,,,,,,,,,,,,,,,,,,,,,,,,,,,,,,,,,,,,,,,,0.12,0.002,50,1.5,,,,,,,450,-999988,,
True,False,2.0,6.0,20,1.8,2.0,,55,10,80,True,trend_state_tp,12,4,True,0.8,0.5,0.0025,77.62301051753406,23.481449072652566,6,0.01,,,,,,,,,,,,,,,,,,,,,,,,,,,,,,,,,,,,,,,,,,,,,,,,,,,,,,,,,1.0,0.015,195,True,False,True,True,,,,,,,,,,,,,,,,,,,,,,,,,,,,,,,,,,,,,,,,,,,,,,,,,,,,,,,,,0.05,0.0005,20,0.25,,,,,,,451,-999988,,
True,False,2.5,8.0,80,2.5,0.5,,8,8,50,True,channel_reclaim,24,6,True,1.0,0.25,0.0025,69.393747196917,40.37640325208017,18,0.001,,,,,,,,,,,,,,,,,,,,,,,,,,,,,,,,,,,,,,,,,,,,,,,,,,,,,,,,,1.0,0.006,215,True,False,True,True,,,,,,,,,,,,,,,,,,,,,,,,,,,,,,,,,,,,,,,,,,,,,,,,,,,,,,,,,0.03,0.002,20,0.0,,,,,,,452,-999988,,
True,False,2.5,1.3,20,1.5,0.5,,30,30,400,True,channel_reclaim,8,2,True,0.8,0.67,0.025,61.10895348023272,37.95817235016349,24,0.01,,,,,,,,,,,,,,,,,,,,,,,,,,,,,,,,,,,,,,,,,,,,,,,,,,,,,,,,,4.0,0.015,218,True,False,True,True,,,,,,,,,,,,,,,,,,,,,,,,,,,,,,,,,,,,,,,,,,,,,,,,,,,,,,,,,0.2,0.0,20,1.25,,,,,,,453,-999988,,
True,False,2.5,4.0,80,2.5,1.5,,16,8,150,False,trend_reclaim,96,6,True,2.0,0.25,0.008,72.05106715564429,42.40422373524481,12,0.005,,,,,,,,,,,,,,,,,,,,,,,,,,,,,,,,,,,,,,,,,,,,,,,,,,,,,,,,,1.0,0.015,240,True,False,True,False,,,,,,,,,,,,,,,,,,,,,,,,,,,,,,,,,,,,,,,,,,,,,,,,,,,,,,,,,1.0,0.002,75,1.0,,,,,,,454,-999988,,
True,False,2.0,8.0,30,1.8,1.25,,16,20,50,False,trend_bb_reversion,96,8,True,0.6,0.33,0.005,75.55272972312817,26.75134235921102,36,0.001,,,,,,,,,,,,,,,,,,,,,,,,,,,,,,,,,,,,,,,,,,,,,,,,,,,,,,,,,1.0,0.08,269,True,False,True,False,,,,,,,,,,,,,,,,,,,,,,,,,,,,,,,,,,,,,,,,,,,,,,,,,,,,,,,,,0.08,0.0,75,1.0,,,,,,,455,-999988,,
False,True,2.5,6.0,80,1.5,1.25,,20,8,80,False,trend_reclaim,36,8,True,1.0,0.67,0.0025,65.4059210418744,29.210465592828058,36,0.0025,,,,,,,,,,,,,,,,,,,,,,,,,,,,,,,,,,,,,,,,,,,,,,,,,,,,,,,,,1.5,0.01,326,True,True,True,False,,,,,,,,,,,,,,,,,,,,,,,,,,,,,,,,,,,,,,,,,,,,,,,,,,,,,,,,,0.04,0.003,20,1.0,,,,,,,456,-999988,,
True,False,2.0,4.0,14,2.5,0.75,,10,50,400,False,range_bb_reversion,36,8,True,2.0,0.5,0.018,63.088138425771426,27.298704337781114,18,0.0025,,,,,,,,,,,,,,,,,,,,,,,,,,,,,,,,,,,,,,,,,,,,,,,,,,,,,,,,,2.0,0.08,405,True,False,True,False,,,,,,,,,,,,,,,,,,,,,,,,,,,,,,,,,,,,,,,,,,,,,,,,,,,,,,,,,0.08,0.0005,75,1.25,,,,,,,457,-999988,,
True,False,4.0,3.0,30,2.5,1.0,,16,50,100,False,range_bb_reversion,36,3,True,1.5,0.33,0.025,75.48457726001945,27.922534284460024,24,0.001,,,,,,,,,,,,,,,,,,,,,,,,,,,,,,,,,,,,,,,,,,,,,,,,,,,,,,,,,1.5,0.025,434,False,True,True,False,,,,,,,,,,,,,,,,,,,,,,,,,,,,,,,,,,,,,,,,,,,,,,,,,,,,,,,,,0.05,0.003,100,1.5,,,,,,,458,-999988,,
True,False,1.0,3.0,40,2.5,1.5,,10,14,200,True,trend_reclaim,120,8,True,1.0,0.5,0.0025,63.59593517538681,36.06766760465251,3,0.001,,,,,,,,,,,,,,,,,,,,,,,,,,,,,,,,,,,,,,,,,,,,,,,,,,,,,,,,,1.5,0.015,490,True,False,True,True,,,,,,,,,,,,,,,,,,,,,,,,,,,,,,,,,,,,,,,,,,,,,,,,,,,,,,,,,0.05,0.001,20,1.0,,,,,,,459,-999988,,
True,False,1.5,6.0,14,1.8,1.0,,55,20,80,True,trend_bb_reversion,18,2,False,1.0,0.5,0.0,73.7476232548332,24.592442058469814,6,0.0005,,,,,,,,,,,,,,,,,,,,,,,,,,,,,,,,,,,,,,,,,,,,,,,,,,,,,,,,,2.0,0.025,493,True,False,True,True,,,,,,,,,,,,,,,,,,,,,,,,,,,,,,,,,,,,,,,,,,,,,,,,,,,,,,,,,0.08,0.0005,150,1.0,,,,,,,460,-999988,,
True,False,2.0,2.2,14,2.5,1.0,,55,50,400,True,trend_reclaim,48,8,True,1.2,0.33,0.008,71.14020469925043,36.88107269629531,36,0.005,,,,,,,,,,,,,,,,,,,,,,,,,,,,,,,,,,,,,,,,,,,,,,,,,,,,,,,,,4.0,0.006,556,True,False,True,True,,,,,,,,,,,,,,,,,,,,,,,,,,,,,,,,,,,,,,,,,,,,,,,,,,,,,,,,,0.2,0.0,50,1.0,,,,,,,461,-999988,,
True,False,1.5,6.0,40,1.8,0.5,,10,80,100,False,range_bb_reversion,24,2,True,1.2,0.67,0.018,69.8877633908393,34.470119544730174,3,0.005,,,,,,,,,,,,,,,,,,,,,,,,,,,,,,,,,,,,,,,,,,,,,,,,,,,,,,,,,2.0,0.025,558,True,False,True,False,,,,,,,,,,,,,,,,,,,,,,,,,,,,,,,,,,,,,,,,,,,,,,,,,,,,,,,,,0.03,0.001,75,0.25,,,,,,,462,-999988,,
True,True,1.0,8.0,55,1.5,0.75,,12,8,200,True,range_bb_reversion,120,6,True,2.0,0.67,0.018,72.69003297163577,38.72545022823542,12,0.0005,,,,,,,,,,,,,,,,,,,,,,,,,,,,,,,,,,,,,,,,,,,,,,,,,,,,,,,,,4.0,0.006,560,True,False,True,True,,,,,,,,,,,,,,,,,,,,,,,,,,,,,,,,,,,,,,,,,,,,,,,,,,,,,,,,,0.05,0.0005,30,1.25,,,,,,,463,-999988,,
True,False,2.5,8.0,80,1.8,0.5,,30,8,200,True,range_bb_reversion,24,6,True,1.5,0.5,0.012,58.45579830117264,30.309785318144677,6,0.01,,,,,,,,,,,,,,,,,,,,,,,,,,,,,,,,,,,,,,,,,,,,,,,,,,,,,,,,,3.0,0.025,576,False,False,True,True,,,,,,,,,,,,,,,,,,,,,,,,,,,,,,,,,,,,,,,,,,,,,,,,,,,,,,,,,0.2,0.0005,20,1.5,,,,,,,464,-999988,,
True,False,1.5,1.7,55,2.0,0.75,,40,8,100,False,trend_bb_reversion,18,8,True,0.8,0.33,0.012,64.58845582088111,36.783015318068,18,0.0025,,,,,,,,,,,,,,,,,,,,,,,,,,,,,,,,,,,,,,,,,,,,,,,,,,,,,,,,,2.0,0.08,589,True,False,True,False,,,,,,,,,,,,,,,,,,,,,,,,,,,,,,,,,,,,,,,,,,,,,,,,,,,,,,,,,0.12,0.001,50,0.0,,,,,,,465,-999988,,
True,False,2.0,1.3,20,1.5,1.0,,16,10,200,True,range_bb_reversion,36,8,True,2.0,0.25,0.008,75.87919555249886,43.39170329736923,24,0.01,,,,,,,,,,,,,,,,,,,,,,,,,,,,,,,,,,,,,,,,,,,,,,,,,,,,,,,,,3.0,0.006,590,True,False,True,True,,,,,,,,,,,,,,,,,,,,,,,,,,,,,,,,,,,,,,,,,,,,,,,,,,,,,,,,,0.05,0.002,30,0.0,,,,,,,466,-999988,,
True,False,2.0,6.0,20,1.5,0.75,,40,8,300,True,range_bb_reversion,96,8,True,0.8,0.67,0.0,69.98494383851553,30.02714999358774,24,0.0005,,,,,,,,,,,,,,,,,,,,,,,,,,,,,,,,,,,,,,,,,,,,,,,,,,,,,,,,,2.0,0.01,636,True,False,True,True,,,,,,,,,,,,,,,,,,,,,,,,,,,,,,,,,,,,,,,,,,,,,,,,,,,,,,,,,0.08,0.001,75,0.75,,,,,,,467,-999988,,
True,False,2.0,3.0,20,2.2,1.0,,12,50,80,True,range_bb_reversion,24,4,True,2.0,0.5,0.012,59.03795777051654,27.070240445037935,6,0.0005,,,,,,,,,,,,,,,,,,,,,,,,,,,,,,,,,,,,,,,,,,,,,,,,,,,,,,,,,4.0,0.015,730,True,False,True,True,,,,,,,,,,,,,,,,,,,,,,,,,,,,,,,,,,,,,,,,,,,,,,,,,,,,,,,,,0.04,0.002,10,0.5,,,,,,,468,-999988,,
True,True,1.0,3.0,20,2.0,0.5,,16,14,400,True,trend_reclaim,72,4,False,0.6,0.67,0.005,67.28790165399072,26.422532083902368,18,0.01,,,,,,,,,,,,,,,,,,,,,,,,,,,,,,,,,,,,,,,,,,,,,,,,,,,,,,,,,1.5,0.006,746,True,False,False,True,,,,,,,,,,,,,,,,,,,,,,,,,,,,,,,,,,,,,,,,,,,,,,,,,,,,,,,,,0.08,0.002,30,1.5,,,,,,,469,-999988,,
True,False,1.5,8.0,40,2.5,1.0,,40,14,80,False,range_bb_reversion,48,3,True,0.8,0.67,0.0,71.80052617257607,24.580947306158567,12,0.0005,,,,,,,,,,,,,,,,,,,,,,,,,,,,,,,,,,,,,,,,,,,,,,,,,,,,,,,,,2.5,0.08,795,True,False,True,False,,,,,,,,,,,,,,,,,,,,,,,,,,,,,,,,,,,,,,,,,,,,,,,,,,,,,,,,,0.05,0.0,50,1.0,,,,,,,470,-999988,,
True,True,2.0,6.0,14,2.0,2.0,,20,8,300,False,trend_reclaim,12,2,True,2.0,0.25,0.012,70.67449058111694,29.67426689224469,3,0.001,,,,,,,,,,,,,,,,,,,,,,,,,,,,,,,,,,,,,,,,,,,,,,,,,,,,,,,,,2.5,0.01,31,True,False,True,False,,,,,,,,,,,,,,,,,,,,,,,,,,,,,,,,,,,,,,,,,,,,,,,,,,,,,,,,,0.08,0.0,75,0.0,,,,,,,471,-999989,,
True,False,2.5,12.0,30,2.5,1.5,,55,80,130,True,range_bb_reversion,36,6,True,2.0,0.33,0.012,69.51336894008128,23.19498776660127,6,0.0,,,,,,,,,,,,,,,,,,,,,,,,,,,,,,,,,,,,,,,,,,,,,,,,,,,,,,,,,3.0,0.01,130,True,False,True,True,,,,,,,,,,,,,,,,,,,,,,,,,,,,,,,,,,,,,,,,,,,,,,,,,,,,,,,,,0.2,0.0005,50,1.0,,,,,,,472,-999989,,
True,False,5.0,3.0,55,2.2,0.5,,40,30,80,False,channel_reclaim,72,8,True,0.6,0.5,0.025,69.63706488641535,23.28137329634002,24,0.0025,,,,,,,,,,,,,,,,,,,,,,,,,,,,,,,,,,,,,,,,,,,,,,,,,,,,,,,,,2.0,0.025,135,True,False,True,False,,,,,,,,,,,,,,,,,,,,,,,,,,,,,,,,,,,,,,,,,,,,,,,,,,,,,,,,,0.05,0.003,150,0.0,,,,,,,473,-999989,,
True,False,1.0,8.0,55,1.8,0.75,,20,50,150,True,range_bb_reversion,24,6,True,1.2,0.5,0.005,66.99613869784235,33.37909223163466,3,0.0,,,,,,,,,,,,,,,,,,,,,,,,,,,,,,,,,,,,,,,,,,,,,,,,,,,,,,,,,1.5,0.01,172,True,False,True,True,,,,,,,,,,,,,,,,,,,,,,,,,,,,,,,,,,,,,,,,,,,,,,,,,,,,,,,,,0.05,0.002,50,0.25,,,,,,,474,-999989,,
True,False,1.0,6.0,14,1.5,1.0,,20,50,100,True,channel_reclaim,12,4,True,1.0,0.33,0.018,74.49336677227008,35.46263502930649,12,0.0025,,,,,,,,,,,,,,,,,,,,,,,,,,,,,,,,,,,,,,,,,,,,,,,,,,,,,,,,,3.0,0.01,226,True,False,False,True,,,,,,,,,,,,,,,,,,,,,,,,,,,,,,,,,,,,,,,,,,,,,,,,,,,,,,,,,0.04,0.002,75,0.5,,,,,,,475,-999989,,
True,False,1.0,4.0,80,2.2,1.5,,30,30,200,True,trend_bb_reversion,12,6,True,1.5,0.5,0.0025,77.0362515482866,43.69300367371608,12,0.0,,,,,,,,,,,,,,,,,,,,,,,,,,,,,,,,,,,,,,,,,,,,,,,,,,,,,,,,,1.0,0.01,248,True,False,True,True,,,,,,,,,,,,,,,,,,,,,,,,,,,,,,,,,,,,,,,,,,,,,,,,,,,,,,,,,0.08,0.002,50,0.75,,,,,,,476,-999989,,
True,False,1.5,3.0,20,1.5,1.5,,16,10,200,True,channel_reclaim,24,2,True,0.8,0.5,0.018,62.62851989115422,38.153470049261074,6,0.0005,,,,,,,,,,,,,,,,,,,,,,,,,,,,,,,,,,,,,,,,,,,,,,,,,,,,,,,,,2.5,0.01,270,True,False,False,True,,,,,,,,,,,,,,,,,,,,,,,,,,,,,,,,,,,,,,,,,,,,,,,,,,,,,,,,,0.04,0.001,10,1.0,,,,,,,477,-999989,,
True,True,3.0,1.7,55,2.2,2.0,,12,8,100,False,channel_reclaim,72,1,True,0.6,0.33,0.0,62.125920099889925,40.658588395365655,12,0.005,,,,,,,,,,,,,,,,,,,,,,,,,,,,,,,,,,,,,,,,,,,,,,,,,,,,,,,,,3.0,0.08,274,False,False,True,False,,,,,,,,,,,,,,,,,,,,,,,,,,,,,,,,,,,,,,,,,,,,,,,,,,,,,,,,,0.03,0.001,30,0.25,,,,,,,478,-999989,,
True,False,4.0,1.7,20,2.5,2.0,,20,14,50,True,trend_bb_reversion,12,8,True,1.0,0.5,0.025,75.80487103105062,34.71690255399485,18,0.0025,,,,,,,,,,,,,,,,,,,,,,,,,,,,,,,,,,,,,,,,,,,,,,,,,,,,,,,,,1.5,0.015,360,True,False,True,True,,,,,,,,,,,,,,,,,,,,,,,,,,,,,,,,,,,,,,,,,,,,,,,,,,,,,,,,,0.04,0.0005,75,1.0,,,,,,,479,-999989,,
True,False,4.0,6.0,40,2.5,0.5,,40,10,150,False,trend_bb_reversion,72,3,True,1.2,0.5,0.025,69.02740476210055,42.294922567258645,6,0.001,,,,,,,,,,,,,,,,,,,,,,,,,,,,,,,,,,,,,,,,,,,,,,,,,,,,,,,,,1.5,0.08,409,True,False,True,False,,,,,,,,,,,,,,,,,,,,,,,,,,,,,,,,,,,,,,,,,,,,,,,,,,,,,,,,,0.12,0.003,10,1.25,,,,,,,480,-999989,,
True,False,5.0,4.0,80,2.2,1.5,,30,50,200,False,range_bb_reversion,24,1,True,1.2,0.25,0.018,75.82155035422244,38.12754249651167,3,0.0,,,,,,,,,,,,,,,,,,,,,,,,,,,,,,,,,,,,,,,,,,,,,,,,,,,,,,,,,3.0,0.01,425,True,False,True,False,,,,,,,,,,,,,,,,,,,,,,,,,,,,,,,,,,,,,,,,,,,,,,,,,,,,,,,,,0.12,0.001,30,0.5,,,,,,,481,-999989,,
True,True,1.0,3.0,30,2.0,1.5,,55,80,400,True,range_bb_reversion,18,8,True,2.0,0.67,0.018,67.68144237571427,37.39802761485744,3,0.0025,,,,,,,,,,,,,,,,,,,,,,,,,,,,,,,,,,,,,,,,,,,,,,,,,,,,,,,,,2.0,0.006,442,True,False,True,True,,,,,,,,,,,,,,,,,,,,,,,,,,,,,,,,,,,,,,,,,,,,,,,,,,,,,,,,,0.08,0.0005,30,0.0,,,,,,,482,-999989,,
True,False,1.5,1.3,55,2.5,1.25,,12,30,50,True,channel_reclaim,96,2,True,1.2,0.33,0.005,68.61006076184583,35.45676460390063,48,0.01,,,,,,,,,,,,,,,,,,,,,,,,,,,,,,,,,,,,,,,,,,,,,,,,,,,,,,,,,2.0,0.015,508,True,False,True,True,,,,,,,,,,,,,,,,,,,,,,,,,,,,,,,,,,,,,,,,,,,,,,,,,,,,,,,,,0.03,0.002,50,0.0,,,,,,,483,-999989,,
True,False,5.0,2.2,55,1.8,2.0,,10,80,200,True,channel_reclaim,72,6,True,1.0,0.25,0.0025,74.53988112610354,41.401686496683574,12,0.001,,,,,,,,,,,,,,,,,,,,,,,,,,,,,,,,,,,,,,,,,,,,,,,,,,,,,,,,,4.0,0.04,542,True,True,True,True,,,,,,,,,,,,,,,,,,,,,,,,,,,,,,,,,,,,,,,,,,,,,,,,,,,,,,,,,0.04,0.002,50,1.0,,,,,,,484,-999989,,
True,False,1.5,4.0,40,2.0,1.5,,40,50,200,False,trend_reclaim,12,1,True,0.6,0.33,0.0,65.15784162154279,30.830557915513857,3,0.0,,,,,,,,,,,,,,,,,,,,,,,,,,,,,,,,,,,,,,,,,,,,,,,,,,,,,,,,,1.0,0.01,618,True,False,True,False,,,,,,,,,,,,,,,,,,,,,,,,,,,,,,,,,,,,,,,,,,,,,,,,,,,,,,,,,0.12,0.0005,30,1.5,,,,,,,485,-999989,,
True,False,3.0,6.0,20,1.8,2.0,,10,14,150,True,trend_state_tp,18,3,False,1.0,0.25,0.018,74.37152119447016,36.18633423248428,3,0.005,,,,,,,,,,,,,,,,,,,,,,,,,,,,,,,,,,,,,,,,,,,,,,,,,,,,,,,,,2.5,0.015,13,True,True,True,True,,,,,,,,,,,,,,,,,,,,,,,,,,,,,,,,,,,,,,,,,,,,,,,,,,,,,,,,,0.05,0.0,20,0.25,,,,,,,486,-999990,,
True,True,4.0,3.0,30,2.2,2.0,,10,30,80,True,range_bb_reversion,12,3,True,1.0,0.25,0.0025,73.86257939268371,28.562434298894825,48,0.0025,,,,,,,,,,,,,,,,,,,,,,,,,,,,,,,,,,,,,,,,,,,,,,,,,,,,,,,,,2.0,0.025,84,False,True,True,True,,,,,,,,,,,,,,,,,,,,,,,,,,,,,,,,,,,,,,,,,,,,,,,,,,,,,,,,,0.03,0.0,100,1.25,,,,,,,487,-999990,,
True,False,1.5,12.0,14,2.5,1.5,,20,8,300,True,range_bb_reversion,36,2,True,1.5,0.25,0.025,75.27206891862643,38.39770978634974,36,0.0,,,,,,,,,,,,,,,,,,,,,,,,,,,,,,,,,,,,,,,,,,,,,,,,,,,,,,,,,4.0,0.01,170,True,False,True,True,,,,,,,,,,,,,,,,,,,,,,,,,,,,,,,,,,,,,,,,,,,,,,,,,,,,,,,,,0.08,0.001,100,0.5,,,,,,,488,-999990,,
True,False,1.0,1.7,40,2.2,0.75,,8,14,100,False,range_bb_reversion,18,6,True,1.0,0.25,0.005,70.14785291223716,27.429888810515624,6,0.0,,,,,,,,,,,,,,,,,,,,,,,,,,,,,,,,,,,,,,,,,,,,,,,,,,,,,,,,,2.0,0.08,313,False,False,True,False,,,,,,,,,,,,,,,,,,,,,,,,,,,,,,,,,,,,,,,,,,,,,,,,,,,,,,,,,0.04,0.0,20,1.0,,,,,,,489,-999990,,
True,False,3.0,1.3,20,2.5,0.75,,20,30,200,True,trend_bb_reversion,36,6,True,2.0,0.33,0.025,75.2411913283153,40.651183373077664,3,0.001,,,,,,,,,,,,,,,,,,,,,,,,,,,,,,,,,,,,,,,,,,,,,,,,,,,,,,,,,3.0,0.08,335,False,False,True,True,,,,,,,,,,,,,,,,,,,,,,,,,,,,,,,,,,,,,,,,,,,,,,,,,,,,,,,,,0.05,0.003,30,1.25,,,,,,,490,-999990,,
True,False,2.0,2.2,80,1.5,1.25,,10,50,400,True,trend_state_tp,18,1,True,2.0,0.33,0.0,66.6198795321713,30.289994939740733,6,0.0005,,,,,,,,,,,,,,,,,,,,,,,,,,,,,,,,,,,,,,,,,,,,,,,,,,,,,,,,,2.5,0.006,426,True,False,True,True,,,,,,,,,,,,,,,,,,,,,,,,,,,,,,,,,,,,,,,,,,,,,,,,,,,,,,,,,0.03,0.001,10,1.5,,,,,,,491,-999990,,
True,False,4.0,8.0,20,1.5,2.0,,55,14,400,True,trend_state_tp,72,1,True,0.6,0.33,0.005,67.8148368905211,26.41459558321827,12,0.0,,,,,,,,,,,,,,,,,,,,,,,,,,,,,,,,,,,,,,,,,,,,,,,,,,,,,,,,,4.0,0.025,427,True,False,False,False,,,,,,,,,,,,,,,,,,,,,,,,,,,,,,,,,,,,,,,,,,,,,,,,,,,,,,,,,0.03,0.003,150,1.5,,,,,,,492,-999990,,
True,False,2.5,8.0,80,1.8,1.0,,40,20,400,False,channel_reclaim,24,4,True,1.2,0.33,0.025,75.22128770721685,38.33053130872059,48,0.0,,,,,,,,,,,,,,,,,,,,,,,,,,,,,,,,,,,,,,,,,,,,,,,,,,,,,,,,,4.0,0.006,515,True,False,False,False,,,,,,,,,,,,,,,,,,,,,,,,,,,,,,,,,,,,,,,,,,,,,,,,,,,,,,,,,0.04,0.0,150,0.75,,,,,,,493,-999990,,
True,False,4.0,12.0,30,2.2,0.75,,12,8,50,True,range_bb_reversion,24,6,True,2.0,0.5,0.012,70.70383476040698,31.16605381942284,36,0.005,,,,,,,,,,,,,,,,,,,,,,,,,,,,,,,,,,,,,,,,,,,,,,,,,,,,,,,,,2.0,0.04,550,True,True,True,True,,,,,,,,,,,,,,,,,,,,,,,,,,,,,,,,,,,,,,,,,,,,,,,,,,,,,,,,,0.03,0.0,100,1.0,,,,,,,494,-999990,,
False,True,3.0,2.2,30,2.0,0.75,,55,80,400,True,channel_reclaim,48,1,True,1.2,0.33,0.012,74.34758710414549,28.69527512813762,3,0.0005,,,,,,,,,,,,,,,,,,,,,,,,,,,,,,,,,,,,,,,,,,,,,,,,,,,,,,,,,2.0,0.025,629,True,False,True,True,,,,,,,,,,,,,,,,,,,,,,,,,,,,,,,,,,,,,,,,,,,,,,,,,,,,,,,,,0.12,0.003,30,1.25,,,,,,,495,-999990,,
True,True,1.5,2.2,30,2.2,1.25,,40,10,50,True,channel_reclaim,8,2,True,1.0,0.67,0.008,74.67836361514853,37.13278258307768,18,0.001,,,,,,,,,,,,,,,,,,,,,,,,,,,,,,,,,,,,,,,,,,,,,,,,,,,,,,,,,2.0,0.025,4,True,False,True,True,,,,,,,,,,,,,,,,,,,,,,,,,,,,,,,,,,,,,,,,,,,,,,,,,,,,,,,,,0.2,0.002,10,0.75,,,,,,,496,-999991,,
True,False,3.0,12.0,20,2.5,2.0,,55,8,150,False,trend_reclaim,48,8,True,1.5,0.25,0.008,63.73719446672503,23.698059075722618,36,0.01,,,,,,,,,,,,,,,,,,,,,,,,,,,,,,,,,,,,,,,,,,,,,,,,,,,,,,,,,1.0,0.006,71,True,False,False,False,,,,,,,,,,,,,,,,,,,,,,,,,,,,,,,,,,,,,,,,,,,,,,,,,,,,,,,,,0.2,0.003,50,1.0,,,,,,,497,-999991,,
True,True,1.0,8.0,14,2.0,0.5,,8,20,80,True,trend_bb_reversion,18,6,True,1.2,0.33,0.0,77.16168864751234,25.296512059706327,48,0.01,,,,,,,,,,,,,,,,,,,,,,,,,,,,,,,,,,,,,,,,,,,,,,,,,,,,,,,,,2.5,0.04,167,True,False,False,True,,,,,,,,,,,,,,,,,,,,,,,,,,,,,,,,,,,,,,,,,,,,,,,,,,,,,,,,,0.03,0.001,20,0.0,,,,,,,498,-999991,,
True,False,4.0,4.0,80,1.8,1.0,,55,14,100,False,channel_reclaim,96,4,True,0.8,0.5,0.012,70.8064436832746,28.701558300270907,12,0.0,,,,,,,,,,,,,,,,,,,,,,,,,,,,,,,,,,,,,,,,,,,,,,,,,,,,,,,,,4.0,0.08,357,True,True,True,False,,,,,,,,,,,,,,,,,,,,,,,,,,,,,,,,,,,,,,,,,,,,,,,,,,,,,,,,,1.0,0.0,150,1.0,,,,,,,499,-999991,,
True,True,2.5,1.7,30,2.5,2.0,,8,80,130,False,trend_reclaim,8,1,True,0.6,0.67,0.0025,62.16089011318424,27.69816191349891,12,0.0005,,,,,,,,,,,,,,,,,,,,,,,,,,,,,,,,,,,,,,,,,,,,,,,,,,,,,,,,,3.0,0.08,392,True,False,False,False,,,,,,,,,,,,,,,,,,,,,,,,,,,,,,,,,,,,,,,,,,,,,,,,,,,,,,,,,0.04,0.0,10,0.5,,,,,,,500,-999991,,
True,False,1.0,1.7,40,1.5,1.25,,10,50,150,True,trend_bb_reversion,72,6,True,1.5,0.67,0.012,65.07832641657487,31.714085292284185,18,0.001,,,,,,,,,,,,,,,,,,,,,,,,,,,,,,,,,,,,,,,,,,,,,,,,,,,,,,,,,1.5,0.08,538,True,True,False,True,,,,,,,,,,,,,,,,,,,,,,,,,,,,,,,,,,,,,,,,,,,,,,,,,,,,,,,,,0.05,0.0,30,1.25,,,,,,,501,-999991,,
True,False,4.0,6.0,14,2.5,0.75,,16,50,80,False,trend_bb_reversion,36,3,False,1.2,0.67,0.0,69.07544870209549,22.582468408762583,12,0.0025,,,,,,,,,,,,,,,,,,,,,,,,,,,,,,,,,,,,,,,,,,,,,,,,,,,,,,,,,2.0,0.006,610,True,False,True,False,,,,,,,,,,,,,,,,,,,,,,,,,,,,,,,,,,,,,,,,,,,,,,,,,,,,,,,,,0.05,0.0005,10,1.25,,,,,,,502,-999991,,
True,False,5.0,12.0,55,1.5,0.5,,16,50,300,False,range_bb_reversion,96,8,True,1.5,0.67,0.005,72.52934016497908,24.415416119956106,6,0.01,,,,,,,,,,,,,,,,,,,,,,,,,,,,,,,,,,,,,,,,,,,,,,,,,,,,,,,,,3.0,0.01,708,True,False,True,False,,,,,,,,,,,,,,,,,,,,,,,,,,,,,,,,,,,,,,,,,,,,,,,,,,,,,,,,,0.12,0.0,150,0.75,,,,,,,503,-999991,,
True,False,2.0,12.0,80,2.2,1.25,,40,14,100,True,channel_reclaim,18,2,True,1.5,0.33,0.012,76.93658618060574,23.39173899712549,12,0.0005,,,,,,,,,,,,,,,,,,,,,,,,,,,,,,,,,,,,,,,,,,,,,,,,,,,,,,,,,1.0,0.025,789,True,True,False,True,,,,,,,,,,,,,,,,,,,,,,,,,,,,,,,,,,,,,,,,,,,,,,,,,,,,,,,,,0.2,0.0005,10,1.25,,,,,,,504,-999991,,
True,False,3.0,6.0,14,2.0,2.0,,20,10,400,True,trend_bb_reversion,12,4,True,2.0,0.33,0.018,77.28085594861706,43.49966313128279,6,0.01,,,,,,,,,,,,,,,,,,,,,,,,,,,,,,,,,,,,,,,,,,,,,,,,,,,,,,,,,1.0,0.04,19,True,False,False,True,,,,,,,,,,,,,,,,,,,,,,,,,,,,,,,,,,,,,,,,,,,,,,,,,,,,,,,,,1.0,0.0005,50,0.5,,,,,,,505,-999992,,
True,False,2.5,8.0,30,2.5,1.25,,55,14,50,True,trend_bb_reversion,18,8,True,1.2,0.5,0.005,72.60350322748208,26.464941345604558,36,0.01,,,,,,,,,,,,,,,,,,,,,,,,,,,,,,,,,,,,,,,,,,,,,,,,,,,,,,,,,2.5,0.01,74,True,False,True,True,,,,,,,,,,,,,,,,,,,,,,,,,,,,,,,,,,,,,,,,,,,,,,,,,,,,,,,,,0.05,0.001,50,0.75,,,,,,,506,-999992,,
True,False,2.0,12.0,14,1.8,1.0,,30,8,150,True,trend_bb_reversion,18,8,True,1.5,0.5,0.0,75.3033726736097,39.723094428721744,48,0.0005,,,,,,,,,,,,,,,,,,,,,,,,,,,,,,,,,,,,,,,,,,,,,,,,,,,,,,,,,2.0,0.015,220,True,False,True,True,,,,,,,,,,,,,,,,,,,,,,,,,,,,,,,,,,,,,,,,,,,,,,,,,,,,,,,,,0.04,0.0,30,1.5,,,,,,,507,-999992,,
True,False,1.5,1.7,80,1.5,0.5,,20,30,200,True,trend_reclaim,24,3,True,0.8,0.67,0.012,59.80136928352756,40.43982900659582,6,0.001,,,,,,,,,,,,,,,,,,,,,,,,,,,,,,,,,,,,,,,,,,,,,,,,,,,,,,,,,4.0,0.015,262,True,True,True,True,,,,,,,,,,,,,,,,,,,,,,,,,,,,,,,,,,,,,,,,,,,,,,,,,,,,,,,,,1.0,0.001,50,0.0,,,,,,,508,-999992,,
True,False,4.0,2.2,55,2.2,2.0,,16,50,100,True,trend_state_tp,12,6,False,0.6,0.25,0.0025,63.162522838292745,44.6745510194574,6,0.0025,,,,,,,,,,,,,,,,,,,,,,,,,,,,,,,,,,,,,,,,,,,,,,,,,,,,,,,,,3.0,0.01,288,True,False,True,True,,,,,,,,,,,,,,,,,,,,,,,,,,,,,,,,,,,,,,,,,,,,,,,,,,,,,,,,,0.03,0.002,10,0.5,,,,,,,509,-999992,,
True,False,1.5,8.0,14,1.5,2.0,,20,30,300,True,range_bb_reversion,8,6,True,1.5,0.33,0.025,77.8918675395,26.039388146575273,6,0.0025,,,,,,,,,,,,,,,,,,,,,,,,,,,,,,,,,,,,,,,,,,,,,,,,,,,,,,,,,3.0,0.006,347,True,False,True,True,,,,,,,,,,,,,,,,,,,,,,,,,,,,,,,,,,,,,,,,,,,,,,,,,,,,,,,,,0.12,0.002,100,1.0,,,,,,,510,-999992,,
True,False,4.0,6.0,80,1.8,0.5,,16,10,150,True,channel_reclaim,120,2,False,0.8,0.67,0.0,73.86402941435695,31.077764277246672,36,0.0005,,,,,,,,,,,,,,,,,,,,,,,,,,,,,,,,,,,,,,,,,,,,,,,,,,,,,,,,,2.5,0.08,371,True,False,False,True,,,,,,,,,,,,,,,,,,,,,,,,,,,,,,,,,,,,,,,,,,,,,,,,,,,,,,,,,0.03,0.0005,30,0.0,,,,,,,511,-999992,,
True,True,1.5,1.3,20,1.5,1.0,,16,10,50,True,trend_reclaim,72,4,True,1.5,0.5,0.005,72.17047261631068,24.489786151285866,18,0.0025,,,,,,,,,,,,,,,,,,,,,,,,,,,,,,,,,,,,,,,,,,,,,,,,,,,,,,,,,4.0,0.04,446,False,False,True,True,,,,,,,,,,,,,,,,,,,,,,,,,,,,,,,,,,,,,,,,,,,,,,,,,,,,,,,,,0.04,0.0005,150,1.0,,,,,,,512,-999992,,
True,False,1.0,8.0,55,1.5,1.0,,30,10,50,False,range_bb_reversion,72,4,True,0.8,0.25,0.0025,66.43628774706104,33.3332644559216,48,0.0025,,,,,,,,,,,,,,,,,,,,,,,,,,,,,,,,,,,,,,,,,,,,,,,,,,,,,,,,,4.0,0.006,453,True,False,True,False,,,,,,,,,,,,,,,,,,,,,,,,,,,,,,,,,,,,,,,,,,,,,,,,,,,,,,,,,1.0,0.0,30,0.5,,,,,,,513,-999992,,
True,False,1.5,1.3,30,2.2,0.5,,12,14,300,False,range_bb_reversion,36,4,True,0.6,0.33,0.005,60.509498717829,27.84137907137054,48,0.0005,,,,,,,,,,,,,,,,,,,,,,,,,,,,,,,,,,,,,,,,,,,,,,,,,,,,,,,,,2.0,0.015,557,True,False,False,False,,,,,,,,,,,,,,,,,,,,,,,,,,,,,,,,,,,,,,,,,,,,,,,,,,,,,,,,,0.12,0.003,50,0.0,,,,,,,514,-999992,,
True,True,4.0,2.2,55,2.2,1.25,,30,20,150,True,range_bb_reversion,72,4,True,0.8,0.67,0.025,70.53340184266139,43.167081951421515,24,0.0,,,,,,,,,,,,,,,,,,,,,,,,,,,,,,,,,,,,,,,,,,,,,,,,,,,,,,,,,1.5,0.015,588,True,False,False,True,,,,,,,,,,,,,,,,,,,,,,,,,,,,,,,,,,,,,,,,,,,,,,,,,,,,,,,,,0.03,0.0005,100,1.25,,,,,,,515,-999992,,
True,False,1.5,3.0,55,1.8,0.75,,10,14,150,True,trend_bb_reversion,120,2,True,2.0,0.5,0.0025,63.1642114255099,24.06877235260652,12,0.0025,,,,,,,,,,,,,,,,,,,,,,,,,,,,,,,,,,,,,,,,,,,,,,,,,,,,,,,,,1.5,0.04,644,True,False,False,True,,,,,,,,,,,,,,,,,,,,,,,,,,,,,,,,,,,,,,,,,,,,,,,,,,,,,,,,,0.12,0.0005,75,1.0,,,,,,,516,-999992,,
True,False,2.0,12.0,20,2.0,0.75,,30,14,300,True,trend_reclaim,24,6,True,0.6,0.67,0.0,64.48789396383091,32.78503089081424,12,0.0025,,,,,,,,,,,,,,,,,,,,,,,,,,,,,,,,,,,,,,,,,,,,,,,,,,,,,,,,,2.0,0.08,666,False,True,True,True,,,,,,,,,,,,,,,,,,,,,,,,,,,,,,,,,,,,,,,,,,,,,,,,,,,,,,,,,0.05,0.0005,30,1.5,,,,,,,517,-999992,,
True,False,1.0,2.2,55,1.8,1.5,,16,50,200,True,trend_bb_reversion,48,2,True,0.8,0.67,0.005,60.16218178772001,25.00548809111155,18,0.0,,,,,,,,,,,,,,,,,,,,,,,,,,,,,,,,,,,,,,,,,,,,,,,,,,,,,,,,,2.5,0.015,721,True,False,True,True,,,,,,,,,,,,,,,,,,,,,,,,,,,,,,,,,,,,,,,,,,,,,,,,,,,,,,,,,0.04,0.0005,30,0.0,,,,,,,518,-999992,,
True,False,5.0,1.7,55,2.5,0.75,,20,50,80,True,channel_reclaim,12,4,True,0.8,0.67,0.025,75.17473430178687,29.22999760518898,18,0.001,,,,,,,,,,,,,,,,,,,,,,,,,,,,,,,,,,,,,,,,,,,,,,,,,,,,,,,,,1.5,0.01,728,True,False,True,True,,,,,,,,,,,,,,,,,,,,,,,,,,,,,,,,,,,,,,,,,,,,,,,,,,,,,,,,,0.03,0.003,20,0.0,,,,,,,519,-999992,,
True,False,3.0,8.0,40,1.8,0.5,,8,30,100,True,range_bb_reversion,96,1,True,2.0,0.33,0.025,58.562323956432046,25.785541123511077,48,0.0,,,,,,,,,,,,,,,,,,,,,,,,,,,,,,,,,,,,,,,,,,,,,,,,,,,,,,,,,4.0,0.04,769,False,False,True,True,,,,,,,,,,,,,,,,,,,,,,,,,,,,,,,,,,,,,,,,,,,,,,,,,,,,,,,,,0.03,0.0005,150,0.0,,,,,,,520,-999992,,
True,False,5.0,6.0,14,2.0,1.25,,30,50,150,True,range_bb_reversion,18,8,True,0.6,0.25,0.0025,62.08490536930409,29.953991348563303,36,0.01,,,,,,,,,,,,,,,,,,,,,,,,,,,,,,,,,,,,,,,,,,,,,,,,,,,,,,,,,3.0,0.01,779,True,False,False,True,,,,,,,,,,,,,,,,,,,,,,,,,,,,,,,,,,,,,,,,,,,,,,,,,,,,,,,,,0.04,0.0,20,1.5,,,,,,,521,-999992,,
True,False,3.0,12.0,40,2.0,1.0,,40,8,200,True,channel_reclaim,36,4,False,0.6,0.33,0.025,72.88392218009484,27.289492592342448,3,0.001,,,,,,,,,,,,,,,,,,,,,,,,,,,,,,,,,,,,,,,,,,,,,,,,,,,,,,,,,4.0,0.025,783,True,False,True,True,,,,,,,,,,,,,,,,,,,,,,,,,,,,,,,,,,,,,,,,,,,,,,,,,,,,,,,,,0.08,0.002,75,0.5,,,,,,,522,-999992,,
True,False,1.0,6.0,14,2.2,1.0,,20,10,200,True,trend_state_tp,18,2,True,0.6,0.67,0.018,73.4631623010075,37.401146391401454,24,0.0025,,,,,,,,,,,,,,,,,,,,,,,,,,,,,,,,,,,,,,,,,,,,,,,,,,,,,,,,,4.0,0.015,35,False,False,False,False,,,,,,,,,,,,,,,,,,,,,,,,,,,,,,,,,,,,,,,,,,,,,,,,,,,,,,,,,0.03,0.003,75,1.25,,,,,,,523,-999993,,
True,False,5.0,3.0,55,1.8,2.0,,30,30,300,True,trend_reclaim,96,3,True,1.0,0.67,0.0025,66.80298267028635,32.74234887423413,36,0.0005,,,,,,,,,,,,,,,,,,,,,,,,,,,,,,,,,,,,,,,,,,,,,,,,,,,,,,,,,3.0,0.015,67,True,False,True,True,,,,,,,,,,,,,,,,,,,,,,,,,,,,,,,,,,,,,,,,,,,,,,,,,,,,,,,,,0.04,0.003,20,1.5,,,,,,,524,-999993,,
True,False,2.0,3.0,40,2.5,2.0,,40,50,150,True,trend_state_tp,96,4,True,1.0,0.33,0.008,73.56701906782015,32.10812475772411,36,0.0,,,,,,,,,,,,,,,,,,,,,,,,,,,,,,,,,,,,,,,,,,,,,,,,,,,,,,,,,3.0,0.04,117,False,True,True,True,,,,,,,,,,,,,,,,,,,,,,,,,,,,,,,,,,,,,,,,,,,,,,,,,,,,,,,,,0.03,0.002,75,1.5,,,,,,,525,-999993,,
True,False,1.0,3.0,30,1.8,1.5,,20,30,300,True,range_bb_reversion,12,1,True,1.0,0.67,0.005,74.54501165251713,26.038878953195233,12,0.001,,,,,,,,,,,,,,,,,,,,,,,,,,,,,,,,,,,,,,,,,,,,,,,,,,,,,,,,,3.0,0.04,133,True,False,True,True,,,,,,,,,,,,,,,,,,,,,,,,,,,,,,,,,,,,,,,,,,,,,,,,,,,,,,,,,0.04,0.001,150,0.0,,,,,,,526,-999993,,
True,False,2.5,1.3,30,2.2,1.5,,10,50,100,False,range_bb_reversion,36,8,True,2.0,0.25,0.012,73.80748494837171,41.75069522401252,48,0.005,,,,,,,,,,,,,,,,,,,,,,,,,,,,,,,,,,,,,,,,,,,,,,,,,,,,,,,,,1.5,0.01,260,True,False,True,False,,,,,,,,,,,,,,,,,,,,,,,,,,,,,,,,,,,,,,,,,,,,,,,,,,,,,,,,,0.03,0.0005,100,1.25,,,,,,,527,-999993,,
True,False,1.5,8.0,14,2.5,0.75,,10,50,150,True,channel_reclaim,36,3,True,1.2,0.25,0.018,68.12498399622652,43.65370772001365,12,0.01,,,,,,,,,,,,,,,,,,,,,,,,,,,,,,,,,,,,,,,,,,,,,,,,,,,,,,,,,1.0,0.08,307,False,False,True,True,,,,,,,,,,,,,,,,,,,,,,,,,,,,,,,,,,,,,,,,,,,,,,,,,,,,,,,,,0.04,0.0005,150,0.5,,,,,,,528,-999993,,
True,False,3.0,12.0,30,2.2,0.75,,8,80,300,True,trend_bb_reversion,18,4,False,0.8,0.5,0.005,61.38716547912484,29.369166914665495,12,0.0,,,,,,,,,,,,,,,,,,,,,,,,,,,,,,,,,,,,,,,,,,,,,,,,,,,,,,,,,3.0,0.025,312,True,False,True,True,,,,,,,,,,,,,,,,,,,,,,,,,,,,,,,,,,,,,,,,,,,,,,,,,,,,,,,,,0.03,0.0005,150,0.0,,,,,,,529,-999993,,
True,False,1.5,2.2,30,2.2,0.5,,10,80,400,True,range_bb_reversion,14,8,True,2.0,0.33,0.005,71.60537346914016,34.998544394389526,3,0.0005,,,,,,,,,,,,,,,,,,,,,,,,,,,,,,,,,,,,,,,,,,,,,,,,,,,,,,,,,2.0,0.015,336,False,False,True,True,,,,,,,,,,,,,,,,,,,,,,,,,,,,,,,,,,,,,,,,,,,,,,,,,,,,,,,,,0.08,0.001,75,1.5,,,,,,,530,-999993,,
False,True,5.0,8.0,55,2.0,0.5,,10,30,400,True,range_bb_reversion,120,8,False,1.2,0.5,0.018,63.25951247887781,31.682239459803334,48,0.001,,,,,,,,,,,,,,,,,,,,,,,,,,,,,,,,,,,,,,,,,,,,,,,,,,,,,,,,,1.0,0.025,354,False,True,False,True,,,,,,,,,,,,,,,,,,,,,,,,,,,,,,,,,,,,,,,,,,,,,,,,,,,,,,,,,0.04,0.0,50,0.5,,,,,,,531,-999993,,
True,True,1.0,1.3,30,1.5,1.0,,40,14,150,True,trend_reclaim,120,2,True,1.5,0.33,0.018,72.04340750629538,22.017599746193458,48,0.0005,,,,,,,,,,,,,,,,,,,,,,,,,,,,,,,,,,,,,,,,,,,,,,,,,,,,,,,,,2.0,0.04,461,True,False,False,True,,,,,,,,,,,,,,,,,,,,,,,,,,,,,,,,,,,,,,,,,,,,,,,,,,,,,,,,,0.12,0.001,20,1.25,,,,,,,532,-999993,,
True,False,2.5,1.3,55,1.5,0.5,,30,30,400,False,trend_reclaim,120,4,True,2.0,0.25,0.012,65.23870225160105,38.7295207891485,24,0.005,,,,,,,,,,,,,,,,,,,,,,,,,,,,,,,,,,,,,,,,,,,,,,,,,,,,,,,,,2.5,0.04,480,True,False,True,False,,,,,,,,,,,,,,,,,,,,,,,,,,,,,,,,,,,,,,,,,,,,,,,,,,,,,,,,,0.12,0.0,20,0.5,,,,,,,533,-999993,,
True,False,2.0,4.0,80,1.5,1.25,,10,10,100,True,trend_state_tp,36,6,True,0.6,0.67,0.018,68.19159191072315,22.89981002639313,24,0.005,,,,,,,,,,,,,,,,,,,,,,,,,,,,,,,,,,,,,,,,,,,,,,,,,,,,,,,,,4.0,0.006,504,True,False,False,True,,,,,,,,,,,,,,,,,,,,,,,,,,,,,,,,,,,,,,,,,,,,,,,,,,,,,,,,,0.03,0.002,30,1.25,,,,,,,534,-999993,,
True,False,1.5,8.0,55,1.5,1.0,,12,8,100,True,trend_bb_reversion,36,6,True,0.8,0.33,0.018,62.184882295468775,43.65734966626899,12,0.005,,,,,,,,,,,,,,,,,,,,,,,,,,,,,,,,,,,,,,,,,,,,,,,,,,,,,,,,,3.0,0.015,506,True,False,False,True,,,,,,,,,,,,,,,,,,,,,,,,,,,,,,,,,,,,,,,,,,,,,,,,,,,,,,,,,1.0,0.003,100,1.5,,,,,,,535,-999993,,
True,False,3.0,8.0,30,2.0,1.0,,55,14,80,True,range_bb_reversion,12,8,True,1.5,0.33,0.025,58.61368656477268,36.388117964401786,3,0.0,,,,,,,,,,,,,,,,,,,,,,,,,,,,,,,,,,,,,,,,,,,,,,,,,,,,,,,,,1.0,0.006,594,True,False,False,True,,,,,,,,,,,,,,,,,,,,,,,,,,,,,,,,,,,,,,,,,,,,,,,,,,,,,,,,,0.05,0.001,75,1.5,,,,,,,536,-999993,,
True,False,1.5,12.0,55,1.5,0.5,,55,50,300,True,range_bb_reversion,18,4,True,1.5,0.67,0.0,59.51050246916787,35.93076694015925,12,0.005,,,,,,,,,,,,,,,,,,,,,,,,,,,,,,,,,,,,,,,,,,,,,,,,,,,,,,,,,1.5,0.006,633,False,True,False,True,,,,,,,,,,,,,,,,,,,,,,,,,,,,,,,,,,,,,,,,,,,,,,,,,,,,,,,,,0.05,0.0005,50,1.0,,,,,,,537,-999993,,
True,False,1.5,12.0,40,2.0,1.25,,55,10,400,True,trend_reclaim,72,3,True,1.5,0.5,0.0025,64.40861303971232,23.211553460905115,48,0.005,,,,,,,,,,,,,,,,,,,,,,,,,,,,,,,,,,,,,,,,,,,,,,,,,,,,,,,,,1.5,0.015,646,False,False,False,True,,,,,,,,,,,,,,,,,,,,,,,,,,,,,,,,,,,,,,,,,,,,,,,,,,,,,,,,,0.03,0.0,150,0.25,,,,,,,538,-999993,,
True,False,4.0,3.0,14,2.0,1.0,,30,80,130,True,channel_reclaim,12,3,True,1.0,0.67,0.0,67.90991154378526,25.870256218504622,36,0.01,,,,,,,,,,,,,,,,,,,,,,,,,,,,,,,,,,,,,,,,,,,,,,,,,,,,,,,,,2.0,0.006,654,True,False,True,True,,,,,,,,,,,,,,,,,,,,,,,,,,,,,,,,,,,,,,,,,,,,,,,,,,,,,,,,,0.05,0.0005,10,1.0,,,,,,,539,-999993,,
True,True,4.0,1.7,80,2.0,1.5,,20,8,80,True,trend_bb_reversion,120,1,True,1.0,0.25,0.008,67.79663484291791,44.937523522214434,12,0.0025,,,,,,,,,,,,,,,,,,,,,,,,,,,,,,,,,,,,,,,,,,,,,,,,,,,,,,,,,2.0,0.04,745,True,True,True,True,,,,,,,,,,,,,,,,,,,,,,,,,,,,,,,,,,,,,,,,,,,,,,,,,,,,,,,,,1.0,0.003,20,1.0,,,,,,,540,-999993,,
True,False,2.5,12.0,40,1.8,1.25,,10,14,100,True,range_bb_reversion,14,8,True,0.8,0.67,0.025,69.82998531228341,27.65209870965726,18,0.0005,,,,,,,,,,,,,,,,,,,,,,,,,,,,,,,,,,,,,,,,,,,,,,,,,,,,,,,,,3.0,0.08,775,True,False,True,True,,,,,,,,,,,,,,,,,,,,,,,,,,,,,,,,,,,,,,,,,,,,,,,,,,,,,,,,,0.04,0.001,100,1.5,,,,,,,541,-999993,,
True,False,2.0,2.2,40,1.5,0.75,,20,8,50,False,trend_bb_reversion,24,4,True,2.0,0.67,0.0025,65.25300540641142,28.682510579147728,48,0.001,,,,,,,,,,,,,,,,,,,,,,,,,,,,,,,,,,,,,,,,,,,,,,,,,,,,,,,,,2.5,0.01,15,True,False,True,False,,,,,,,,,,,,,,,,,,,,,,,,,,,,,,,,,,,,,,,,,,,,,,,,,,,,,,,,,0.08,0.003,30,1.0,,,,,,,542,-999994,,
True,False,4.0,6.0,14,1.8,0.75,,8,50,400,True,channel_reclaim,14,8,True,1.2,0.33,0.0,71.60632288225983,27.071487228161903,6,0.01,,,,,,,,,,,,,,,,,,,,,,,,,,,,,,,,,,,,,,,,,,,,,,,,,,,,,,,,,4.0,0.04,32,True,False,True,True,,,,,,,,,,,,,,,,,,,,,,,,,,,,,,,,,,,,,,,,,,,,,,,,,,,,,,,,,1.0,0.002,20,1.0,,,,,,,543,-999994,,
True,False,2.5,12.0,14,1.8,1.0,,55,14,80,True,trend_reclaim,18,6,True,1.5,0.33,0.0025,61.617791063649236,39.86504271649544,24,0.01,,,,,,,,,,,,,,,,,,,,,,,,,,,,,,,,,,,,,,,,,,,,,,,,,,,,,,,,,3.0,0.006,45,False,False,True,True,,,,,,,,,,,,,,,,,,,,,,,,,,,,,,,,,,,,,,,,,,,,,,,,,,,,,,,,,0.04,0.002,50,0.5,,,,,,,544,-999994,,
True,True,2.0,2.2,40,1.8,1.25,,10,30,200,False,channel_reclaim,48,1,True,2.0,0.33,0.0025,63.98017665293059,31.621011063124417,6,0.005,,,,,,,,,,,,,,,,,,,,,,,,,,,,,,,,,,,,,,,,,,,,,,,,,,,,,,,,,2.5,0.08,52,True,False,True,False,,,,,,,,,,,,,,,,,,,,,,,,,,,,,,,,,,,,,,,,,,,,,,,,,,,,,,,,,0.04,0.003,150,0.5,,,,,,,545,-999994,,
True,False,3.0,3.0,30,1.8,2.0,,30,8,100,False,channel_reclaim,120,2,True,0.6,0.33,0.0,61.149511692773125,25.31881213870751,12,0.0025,,,,,,,,,,,,,,,,,,,,,,,,,,,,,,,,,,,,,,,,,,,,,,,,,,,,,,,,,2.0,0.04,86,True,False,False,False,,,,,,,,,,,,,,,,,,,,,,,,,,,,,,,,,,,,,,,,,,,,,,,,,,,,,,,,,0.04,0.002,100,0.0,,,,,,,546,-999994,,
True,False,1.5,4.0,55,2.5,0.75,,40,14,400,True,range_bb_reversion,72,1,True,2.0,0.33,0.018,67.24175882290888,38.894607097784146,12,0.005,,,,,,,,,,,,,,,,,,,,,,,,,,,,,,,,,,,,,,,,,,,,,,,,,,,,,,,,,1.5,0.015,101,False,False,False,True,,,,,,,,,,,,,,,,,,,,,,,,,,,,,,,,,,,,,,,,,,,,,,,,,,,,,,,,,0.05,0.001,75,1.0,,,,,,,547,-999994,,
False,True,4.0,1.3,40,2.0,1.0,,30,80,400,False,trend_bb_reversion,36,3,True,0.8,0.33,0.012,60.92362782445242,24.847749251688064,6,0.005,,,,,,,,,,,,,,,,,,,,,,,,,,,,,,,,,,,,,,,,,,,,,,,,,,,,,,,,,2.5,0.006,102,True,False,True,False,,,,,,,,,,,,,,,,,,,,,,,,,,,,,,,,,,,,,,,,,,,,,,,,,,,,,,,,,0.08,0.001,150,0.75,,,,,,,548,-999994,,
True,False,5.0,8.0,20,2.2,2.0,,20,14,300,False,trend_bb_reversion,24,4,True,1.0,0.25,0.0,74.14940627699495,36.00506735505742,24,0.0005,,,,,,,,,,,,,,,,,,,,,,,,,,,,,,,,,,,,,,,,,,,,,,,,,,,,,,,,,1.0,0.01,107,True,False,True,False,,,,,,,,,,,,,,,,,,,,,,,,,,,,,,,,,,,,,,,,,,,,,,,,,,,,,,,,,0.03,0.0,20,1.25,,,,,,,549,-999994,,
True,False,2.0,1.3,14,1.5,0.5,,40,80,100,False,range_bb_reversion,24,8,False,0.6,0.25,0.008,73.51584575107405,27.84377238252327,6,0.0025,,,,,,,,,,,,,,,,,,,,,,,,,,,,,,,,,,,,,,,,,,,,,,,,,,,,,,,,,2.5,0.08,213,True,True,True,False,,,,,,,,,,,,,,,,,,,,,,,,,,,,,,,,,,,,,,,,,,,,,,,,,,,,,,,,,0.03,0.0,75,1.25,,,,,,,550,-999994,,
True,False,2.5,1.7,80,2.5,0.75,,16,50,100,True,range_bb_reversion,36,1,True,0.8,0.33,0.0,72.93578689300483,39.28459441558031,36,0.001,,,,,,,,,,,,,,,,,,,,,,,,,,,,,,,,,,,,,,,,,,,,,,,,,,,,,,,,,3.0,0.006,285,False,False,True,True,,,,,,,,,,,,,,,,,,,,,,,,,,,,,,,,,,,,,,,,,,,,,,,,,,,,,,,,,0.05,0.001,75,0.5,,,,,,,551,-999994,,
True,False,1.0,8.0,55,2.5,1.5,,30,20,100,False,trend_bb_reversion,48,4,True,0.8,0.33,0.012,75.57225473329216,39.27236668622231,48,0.005,,,,,,,,,,,,,,,,,,,,,,,,,,,,,,,,,,,,,,,,,,,,,,,,,,,,,,,,,1.5,0.015,301,True,False,True,False,,,,,,,,,,,,,,,,,,,,,,,,,,,,,,,,,,,,,,,,,,,,,,,,,,,,,,,,,0.05,0.001,75,1.25,,,,,,,552,-999994,,
True,False,4.0,2.2,14,2.2,2.0,,40,8,150,True,range_bb_reversion,36,2,True,2.0,0.67,0.005,76.50574424955991,23.882759873635116,18,0.005,,,,,,,,,,,,,,,,,,,,,,,,,,,,,,,,,,,,,,,,,,,,,,,,,,,,,,,,,1.0,0.025,315,True,False,True,True,,,,,,,,,,,,,,,,,,,,,,,,,,,,,,,,,,,,,,,,,,,,,,,,,,,,,,,,,0.05,0.001,10,0.75,,,,,,,553,-999994,,
True,False,2.5,6.0,14,2.5,1.5,,8,20,200,False,range_bb_reversion,18,2,True,0.6,0.67,0.012,65.62179882473939,33.8434978393973,12,0.01,,,,,,,,,,,,,,,,,,,,,,,,,,,,,,,,,,,,,,,,,,,,,,,,,,,,,,,,,1.5,0.006,406,True,False,True,False,,,,,,,,,,,,,,,,,,,,,,,,,,,,,,,,,,,,,,,,,,,,,,,,,,,,,,,,,0.12,0.0005,50,0.5,,,,,,,554,-999994,,
True,False,2.0,4.0,40,2.5,1.25,,8,20,200,True,trend_reclaim,12,4,True,0.8,0.33,0.008,73.49203759136152,24.010377359198394,3,0.0005,,,,,,,,,,,,,,,,,,,,,,,,,,,,,,,,,,,,,,,,,,,,,,,,,,,,,,,,,2.5,0.025,428,False,False,False,True,,,,,,,,,,,,,,,,,,,,,,,,,,,,,,,,,,,,,,,,,,,,,,,,,,,,,,,,,0.12,0.001,30,1.25,,,,,,,555,-999994,,
True,False,4.0,6.0,20,2.0,0.5,,12,50,80,True,trend_reclaim,120,1,True,0.8,0.67,0.0,64.66640552630987,37.95403836375198,18,0.0,,,,,,,,,,,,,,,,,,,,,,,,,,,,,,,,,,,,,,,,,,,,,,,,,,,,,,,,,2.0,0.025,451,True,False,True,True,,,,,,,,,,,,,,,,,,,,,,,,,,,,,,,,,,,,,,,,,,,,,,,,,,,,,,,,,0.05,0.0,20,1.5,,,,,,,556,-999994,,
True,False,2.5,2.2,40,2.5,0.5,,10,8,400,True,trend_bb_reversion,12,2,True,1.0,0.67,0.008,73.75472848550228,22.160397210149977,36,0.01,,,,,,,,,,,,,,,,,,,,,,,,,,,,,,,,,,,,,,,,,,,,,,,,,,,,,,,,,1.0,0.08,513,True,False,False,True,,,,,,,,,,,,,,,,,,,,,,,,,,,,,,,,,,,,,,,,,,,,,,,,,,,,,,,,,0.08,0.001,30,1.5,,,,,,,557,-999994,,
True,False,2.0,1.7,30,2.2,1.25,,8,14,400,True,trend_bb_reversion,12,2,True,0.8,0.5,0.008,77.87520153626112,28.07210757490088,48,0.001,,,,,,,,,,,,,,,,,,,,,,,,,,,,,,,,,,,,,,,,,,,,,,,,,,,,,,,,,1.0,0.04,547,False,False,True,True,,,,,,,,,,,,,,,,,,,,,,,,,,,,,,,,,,,,,,,,,,,,,,,,,,,,,,,,,0.03,0.0005,100,1.0,,,,,,,558,-999994,,
True,False,4.0,3.0,40,2.2,0.5,,20,30,400,True,channel_reclaim,18,2,True,1.5,0.67,0.0,60.670384368976116,30.190266439397654,6,0.005,,,,,,,,,,,,,,,,,,,,,,,,,,,,,,,,,,,,,,,,,,,,,,,,,,,,,,,,,4.0,0.04,552,True,False,True,True,,,,,,,,,,,,,,,,,,,,,,,,,,,,,,,,,,,,,,,,,,,,,,,,,,,,,,,,,0.12,0.002,50,1.0,,,,,,,559,-999994,,
True,False,1.0,4.0,55,2.0,0.75,,10,80,150,True,trend_reclaim,12,1,True,0.6,0.33,0.008,63.28867603601971,36.47697565346986,18,0.001,,,,,,,,,,,,,,,,,,,,,,,,,,,,,,,,,,,,,,,,,,,,,,,,,,,,,,,,,1.5,0.025,562,False,False,True,True,,,,,,,,,,,,,,,,,,,,,,,,,,,,,,,,,,,,,,,,,,,,,,,,,,,,,,,,,0.08,0.003,50,1.0,,,,,,,560,-999994,,
True,False,2.5,8.0,55,1.5,0.5,,40,8,50,True,trend_state_tp,48,8,True,1.0,0.25,0.018,65.89367667505373,37.16807832496316,24,0.005,,,,,,,,,,,,,,,,,,,,,,,,,,,,,,,,,,,,,,,,,,,,,,,,,,,,,,,,,1.0,0.025,583,True,False,True,True,,,,,,,,,,,,,,,,,,,,,,,,,,,,,,,,,,,,,,,,,,,,,,,,,,,,,,,,,0.03,0.0,75,1.25,,,,,,,561,-999994,,
True,True,2.0,1.7,55,2.5,2.0,,30,10,200,True,range_bb_reversion,12,3,True,0.6,0.5,0.012,73.27816448436506,32.67485445921493,6,0.01,,,,,,,,,,,,,,,,,,,,,,,,,,,,,,,,,,,,,,,,,,,,,,,,,,,,,,,,,1.5,0.015,584,True,True,True,True,,,,,,,,,,,,,,,,,,,,,,,,,,,,,,,,,,,,,,,,,,,,,,,,,,,,,,,,,0.03,0.0005,150,0.25,,,,,,,562,-999994,,
True,False,3.0,1.3,80,2.5,2.0,,30,80,100,False,channel_reclaim,18,4,True,0.6,0.67,0.008,75.23715506115884,40.21009686785097,48,0.0005,,,,,,,,,,,,,,,,,,,,,,,,,,,,,,,,,,,,,,,,,,,,,,,,,,,,,,,,,4.0,0.006,660,True,False,True,False,,,,,,,,,,,,,,,,,,,,,,,,,,,,,,,,,,,,,,,,,,,,,,,,,,,,,,,,,0.03,0.0,150,0.25,,,,,,,563,-999994,,
True,False,1.5,1.7,14,1.8,1.25,,12,20,200,True,range_bb_reversion,48,1,True,1.2,0.67,0.025,67.35973712819614,25.64676442418901,24,0.005,,,,,,,,,,,,,,,,,,,,,,,,,,,,,,,,,,,,,,,,,,,,,,,,,,,,,,,,,3.0,0.04,712,False,False,True,True,,,,,,,,,,,,,,,,,,,,,,,,,,,,,,,,,,,,,,,,,,,,,,,,,,,,,,,,,0.04,0.0,150,1.5,,,,,,,564,-999994,,
True,False,4.0,4.0,40,2.0,1.0,,20,20,200,True,range_bb_reversion,120,2,True,1.2,0.5,0.0025,62.48441850219904,40.204021206784944,6,0.005,,,,,,,,,,,,,,,,,,,,,,,,,,,,,,,,,,,,,,,,,,,,,,,,,,,,,,,,,2.5,0.015,743,True,False,True,True,,,,,,,,,,,,,,,,,,,,,,,,,,,,,,,,,,,,,,,,,,,,,,,,,,,,,,,,,0.04,0.002,75,0.75,,,,,,,565,-999994,,
True,False,5.0,12.0,30,2.0,1.0,,40,10,400,True,range_bb_reversion,96,6,True,1.2,0.67,0.012,59.27886982373274,31.68936267165581,48,0.01,,,,,,,,,,,,,,,,,,,,,,,,,,,,,,,,,,,,,,,,,,,,,,,,,,,,,,,,,1.5,0.015,37,True,True,True,True,,,,,,,,,,,,,,,,,,,,,,,,,,,,,,,,,,,,,,,,,,,,,,,,,,,,,,,,,0.04,0.001,10,1.0,,,,,,,566,-999995,,
True,False,5.0,8.0,55,1.5,1.25,,40,80,130,False,trend_reclaim,36,4,False,1.0,0.5,0.0,62.15544168171212,22.357626805908435,24,0.01,,,,,,,,,,,,,,,,,,,,,,,,,,,,,,,,,,,,,,,,,,,,,,,,,,,,,,,,,2.5,0.01,49,True,False,True,False,,,,,,,,,,,,,,,,,,,,,,,,,,,,,,,,,,,,,,,,,,,,,,,,,,,,,,,,,0.12,0.0,50,1.25,,,,,,,567,-999995,,
True,False,2.5,1.3,80,1.8,1.0,,55,10,200,False,trend_bb_reversion,120,4,True,0.8,0.25,0.0,60.801578183504496,36.99376758588878,18,0.0025,,,,,,,,,,,,,,,,,,,,,,,,,,,,,,,,,,,,,,,,,,,,,,,,,,,,,,,,,2.5,0.01,62,True,False,False,False,,,,,,,,,,,,,,,,,,,,,,,,,,,,,,,,,,,,,,,,,,,,,,,,,,,,,,,,,0.04,0.002,75,0.0,,,,,,,568,-999995,,
True,False,1.0,12.0,80,1.8,0.5,,10,14,50,False,range_bb_reversion,72,8,False,0.8,0.5,0.012,70.67659398000801,24.068162362004262,6,0.0005,,,,,,,,,,,,,,,,,,,,,,,,,,,,,,,,,,,,,,,,,,,,,,,,,,,,,,,,,2.0,0.01,63,True,False,True,False,,,,,,,,,,,,,,,,,,,,,,,,,,,,,,,,,,,,,,,,,,,,,,,,,,,,,,,,,0.12,0.0,30,0.75,,,,,,,569,-999995,,
True,False,2.0,1.3,40,1.8,2.0,,16,50,150,True,trend_reclaim,96,2,True,0.8,0.67,0.012,62.46917188094741,25.12935262121931,6,0.0,,,,,,,,,,,,,,,,,,,,,,,,,,,,,,,,,,,,,,,,,,,,,,,,,,,,,,,,,3.0,0.08,90,True,True,True,True,,,,,,,,,,,,,,,,,,,,,,,,,,,,,,,,,,,,,,,,,,,,,,,,,,,,,,,,,0.08,0.001,100,0.75,,,,,,,570,-999995,,
True,False,5.0,1.7,30,1.5,1.5,,12,50,400,True,trend_bb_reversion,8,2,True,1.0,0.25,0.008,74.36689526096293,23.197387926693995,12,0.0005,,,,,,,,,,,,,,,,,,,,,,,,,,,,,,,,,,,,,,,,,,,,,,,,,,,,,,,,,2.5,0.01,94,True,False,True,True,,,,,,,,,,,,,,,,,,,,,,,,,,,,,,,,,,,,,,,,,,,,,,,,,,,,,,,,,1.0,0.002,150,1.5,,,,,,,571,-999995,,
True,False,5.0,12.0,30,1.8,1.25,,55,30,300,True,range_bb_reversion,12,1,False,0.8,0.33,0.008,72.85739066182775,23.150588585921525,48,0.005,,,,,,,,,,,,,,,,,,,,,,,,,,,,,,,,,,,,,,,,,,,,,,,,,,,,,,,,,2.0,0.04,99,True,False,True,True,,,,,,,,,,,,,,,,,,,,,,,,,,,,,,,,,,,,,,,,,,,,,,,,,,,,,,,,,0.03,0.0,10,1.0,,,,,,,572,-999995,,
True,False,2.5,1.7,80,1.8,0.5,,12,80,130,True,range_bb_reversion,24,8,True,1.5,0.67,0.005,69.4889030208272,32.71171714560799,18,0.005,,,,,,,,,,,,,,,,,,,,,,,,,,,,,,,,,,,,,,,,,,,,,,,,,,,,,,,,,4.0,0.025,112,True,False,False,True,,,,,,,,,,,,,,,,,,,,,,,,,,,,,,,,,,,,,,,,,,,,,,,,,,,,,,,,,0.03,0.0005,10,1.25,,,,,,,573,-999995,,
True,False,1.0,8.0,40,2.5,2.0,,20,20,300,True,range_bb_reversion,120,1,True,1.5,0.33,0.0,62.1918891496468,23.77133047907333,6,0.01,,,,,,,,,,,,,,,,,,,,,,,,,,,,,,,,,,,,,,,,,,,,,,,,,,,,,,,,,4.0,0.01,141,True,False,False,True,,,,,,,,,,,,,,,,,,,,,,,,,,,,,,,,,,,,,,,,,,,,,,,,,,,,,,,,,0.12,0.0,100,1.5,,,,,,,574,-999995,,
True,False,2.5,6.0,20,1.8,1.5,,12,30,200,False,range_bb_reversion,48,8,True,1.5,0.67,0.005,71.29385731710921,22.692849363521958,36,0.001,,,,,,,,,,,,,,,,,,,,,,,,,,,,,,,,,,,,,,,,,,,,,,,,,,,,,,,,,1.0,0.015,155,True,False,True,False,,,,,,,,,,,,,,,,,,,,,,,,,,,,,,,,,,,,,,,,,,,,,,,,,,,,,,,,,0.05,0.001,50,1.25,,,,,,,575,-999995,,
True,False,1.5,4.0,40,2.2,0.75,,16,10,150,True,trend_reclaim,72,6,True,2.0,0.33,0.008,77.99718142423764,35.96125907567551,18,0.001,,,,,,,,,,,,,,,,,,,,,,,,,,,,,,,,,,,,,,,,,,,,,,,,,,,,,,,,,2.5,0.04,165,True,False,True,True,,,,,,,,,,,,,,,,,,,,,,,,,,,,,,,,,,,,,,,,,,,,,,,,,,,,,,,,,0.12,0.0005,10,1.25,,,,,,,576,-999995,,
False,True,1.0,6.0,14,2.2,2.0,,12,20,200,True,trend_reclaim,96,1,True,0.8,0.33,0.0025,71.7447863870852,38.11273814218466,6,0.001,,,,,,,,,,,,,,,,,,,,,,,,,,,,,,,,,,,,,,,,,,,,,,,,,,,,,,,,,4.0,0.04,179,True,False,False,True,,,,,,,,,,,,,,,,,,,,,,,,,,,,,,,,,,,,,,,,,,,,,,,,,,,,,,,,,0.04,0.0,100,1.0,,,,,,,577,-999995,,
True,False,3.0,12.0,55,1.5,1.0,,40,14,150,True,range_bb_reversion,48,4,True,0.8,0.67,0.0025,65.06126625908905,40.607455464786966,48,0.0025,,,,,,,,,,,,,,,,,,,,,,,,,,,,,,,,,,,,,,,,,,,,,,,,,,,,,,,,,2.0,0.006,219,True,False,True,True,,,,,,,,,,,,,,,,,,,,,,,,,,,,,,,,,,,,,,,,,,,,,,,,,,,,,,,,,0.04,0.001,30,0.0,,,,,,,578,-999995,,
True,False,1.0,2.2,40,1.8,1.0,,40,30,200,True,trend_reclaim,96,6,True,1.2,0.33,0.012,69.18468467198191,27.281262665994543,6,0.001,,,,,,,,,,,,,,,,,,,,,,,,,,,,,,,,,,,,,,,,,,,,,,,,,,,,,,,,,2.5,0.04,242,True,False,True,True,,,,,,,,,,,,,,,,,,,,,,,,,,,,,,,,,,,,,,,,,,,,,,,,,,,,,,,,,0.08,0.002,100,0.75,,,,,,,579,-999995,,
True,False,1.5,4.0,80,2.0,2.0,,20,80,130,True,range_bb_reversion,96,4,True,2.0,0.5,0.008,65.20223271724916,33.39510845452753,48,0.0025,,,,,,,,,,,,,,,,,,,,,,,,,,,,,,,,,,,,,,,,,,,,,,,,,,,,,,,,,1.0,0.015,250,False,False,True,True,,,,,,,,,,,,,,,,,,,,,,,,,,,,,,,,,,,,,,,,,,,,,,,,,,,,,,,,,0.04,0.0005,20,1.5,,,,,,,580,-999995,,
True,False,2.5,8.0,14,2.0,0.5,,16,10,400,True,trend_state_tp,48,3,True,1.0,0.25,0.008,59.01479441007882,43.110596372000394,6,0.005,,,,,,,,,,,,,,,,,,,,,,,,,,,,,,,,,,,,,,,,,,,,,,,,,,,,,,,,,1.0,0.01,271,True,False,False,True,,,,,,,,,,,,,,,,,,,,,,,,,,,,,,,,,,,,,,,,,,,,,,,,,,,,,,,,,0.04,0.001,20,1.5,,,,,,,581,-999995,,
True,False,2.0,4.0,30,2.2,0.5,,55,20,80,True,trend_bb_reversion,48,1,True,2.0,0.25,0.0025,63.272418638269095,25.41706939627817,24,0.01,,,,,,,,,,,,,,,,,,,,,,,,,,,,,,,,,,,,,,,,,,,,,,,,,,,,,,,,,3.0,0.04,292,True,False,True,True,,,,,,,,,,,,,,,,,,,,,,,,,,,,,,,,,,,,,,,,,,,,,,,,,,,,,,,,,0.03,0.0005,75,0.75,,,,,,,582,-999995,,
True,False,1.0,6.0,40,2.5,2.0,,30,50,100,True,trend_reclaim,96,6,True,1.5,0.67,0.0,72.03788445002414,25.913803923143867,12,0.0005,,,,,,,,,,,,,,,,,,,,,,,,,,,,,,,,,,,,,,,,,,,,,,,,,,,,,,,,,1.5,0.08,295,True,False,True,True,,,,,,,,,,,,,,,,,,,,,,,,,,,,,,,,,,,,,,,,,,,,,,,,,,,,,,,,,0.08,0.0,30,1.5,,,,,,,583,-999995,,
True,True,1.0,6.0,40,2.0,1.25,,30,10,100,True,trend_reclaim,12,3,True,1.5,0.5,0.025,64.20735672274886,22.2834831437242,12,0.001,,,,,,,,,,,,,,,,,,,,,,,,,,,,,,,,,,,,,,,,,,,,,,,,,,,,,,,,,2.0,0.04,325,True,False,True,True,,,,,,,,,,,,,,,,,,,,,,,,,,,,,,,,,,,,,,,,,,,,,,,,,,,,,,,,,1.0,0.0,10,0.25,,,,,,,584,-999995,,
True,False,1.0,12.0,20,1.8,1.0,,55,20,50,True,trend_reclaim,12,4,True,1.0,0.33,0.0025,69.04928231385958,25.40841053128886,24,0.0,,,,,,,,,,,,,,,,,,,,,,,,,,,,,,,,,,,,,,,,,,,,,,,,,,,,,,,,,3.0,0.04,337,False,False,True,True,,,,,,,,,,,,,,,,,,,,,,,,,,,,,,,,,,,,,,,,,,,,,,,,,,,,,,,,,0.03,0.003,20,0.5,,,,,,,585,-999995,,
True,False,1.5,1.7,80,2.5,2.0,,16,20,50,False,trend_reclaim,96,8,True,0.6,0.5,0.008,63.22152083748401,34.42734662405131,24,0.0005,,,,,,,,,,,,,,,,,,,,,,,,,,,,,,,,,,,,,,,,,,,,,,,,,,,,,,,,,2.0,0.04,351,True,False,False,False,,,,,,,,,,,,,,,,,,,,,,,,,,,,,,,,,,,,,,,,,,,,,,,,,,,,,,,,,0.12,0.0005,10,1.25,,,,,,,586,-999995,,
True,False,1.5,2.2,80,2.5,0.75,,40,8,150,False,trend_bb_reversion,120,3,True,1.2,0.25,0.0,71.86479430324053,38.10461815089349,6,0.001,,,,,,,,,,,,,,,,,,,,,,,,,,,,,,,,,,,,,,,,,,,,,,,,,,,,,,,,,3.0,0.015,359,True,False,True,False,,,,,,,,,,,,,,,,,,,,,,,,,,,,,,,,,,,,,,,,,,,,,,,,,,,,,,,,,0.2,0.0005,150,1.0,,,,,,,587,-999995,,
True,False,2.5,6.0,30,2.2,2.0,,16,20,100,True,trend_reclaim,36,8,True,2.0,0.67,0.0025,61.52581836892245,44.453739185095415,48,0.0005,,,,,,,,,,,,,,,,,,,,,,,,,,,,,,,,,,,,,,,,,,,,,,,,,,,,,,,,,2.5,0.04,386,True,False,True,True,,,,,,,,,,,,,,,,,,,,,,,,,,,,,,,,,,,,,,,,,,,,,,,,,,,,,,,,,0.03,0.001,30,0.5,,,,,,,588,-999995,,
True,False,2.5,1.3,40,2.0,1.25,,16,8,80,False,channel_reclaim,24,8,True,1.5,0.5,0.012,76.47814680266903,40.47647734134741,6,0.005,,,,,,,,,,,,,,,,,,,,,,,,,,,,,,,,,,,,,,,,,,,,,,,,,,,,,,,,,2.5,0.08,505,True,False,True,False,,,,,,,,,,,,,,,,,,,,,,,,,,,,,,,,,,,,,,,,,,,,,,,,,,,,,,,,,0.05,0.001,10,0.0,,,,,,,589,-999995,,
True,False,4.0,3.0,80,1.5,0.75,,20,14,150,False,channel_reclaim,18,2,True,0.6,0.67,0.0,77.25668281065111,38.887958623287524,3,0.0005,,,,,,,,,,,,,,,,,,,,,,,,,,,,,,,,,,,,,,,,,,,,,,,,,,,,,,,,,1.0,0.006,622,True,True,True,False,,,,,,,,,,,,,,,,,,,,,,,,,,,,,,,,,,,,,,,,,,,,,,,,,,,,,,,,,0.04,0.001,150,1.0,,,,,,,590,-999995,,
True,False,4.0,1.7,55,1.8,0.5,,30,8,80,False,trend_bb_reversion,96,1,True,2.0,0.5,0.0025,76.84931484118582,41.860677359987164,12,0.01,,,,,,,,,,,,,,,,,,,,,,,,,,,,,,,,,,,,,,,,,,,,,,,,,,,,,,,,,4.0,0.025,649,True,False,True,False,,,,,,,,,,,,,,,,,,,,,,,,,,,,,,,,,,,,,,,,,,,,,,,,,,,,,,,,,0.2,0.003,150,0.5,,,,,,,591,-999995,,
True,False,2.5,8.0,55,2.0,1.25,,20,8,150,False,range_bb_reversion,96,1,True,0.6,0.5,0.0,62.324777705100075,29.435731545056996,24,0.01,,,,,,,,,,,,,,,,,,,,,,,,,,,,,,,,,,,,,,,,,,,,,,,,,,,,,,,,,4.0,0.08,662,True,False,True,False,,,,,,,,,,,,,,,,,,,,,,,,,,,,,,,,,,,,,,,,,,,,,,,,,,,,,,,,,0.03,0.003,100,0.25,,,,,,,592,-999995,,
True,False,1.0,1.3,20,2.2,2.0,,10,80,150,True,trend_state_tp,14,8,True,1.5,0.5,0.025,73.03929857403948,29.195775580939976,24,0.01,,,,,,,,,,,,,,,,,,,,,,,,,,,,,,,,,,,,,,,,,,,,,,,,,,,,,,,,,4.0,0.01,685,True,True,True,True,,,,,,,,,,,,,,,,,,,,,,,,,,,,,,,,,,,,,,,,,,,,,,,,,,,,,,,,,0.03,0.001,150,0.75,,,,,,,593,-999995,,
True,False,5.0,1.7,14,1.5,1.0,,40,20,300,True,trend_reclaim,72,4,True,1.2,0.67,0.005,61.69431197615142,42.31228945672223,6,0.0,,,,,,,,,,,,,,,,,,,,,,,,,,,,,,,,,,,,,,,,,,,,,,,,,,,,,,,,,2.0,0.08,711,True,False,True,True,,,,,,,,,,,,,,,,,,,,,,,,,,,,,,,,,,,,,,,,,,,,,,,,,,,,,,,,,0.04,0.0,150,0.0,,,,,,,594,-999995,,
True,False,3.0,1.3,14,2.5,0.5,,55,14,80,True,trend_state_tp,48,1,True,0.6,0.33,0.012,77.24488485606005,23.287814856700525,12,0.01,,,,,,,,,,,,,,,,,,,,,,,,,,,,,,,,,,,,,,,,,,,,,,,,,,,,,,,,,1.0,0.04,750,True,False,True,True,,,,,,,,,,,,,,,,,,,,,,,,,,,,,,,,,,,,,,,,,,,,,,,,,,,,,,,,,0.03,0.002,10,0.0,,,,,,,595,-999995,,
True,False,3.0,2.2,30,1.8,1.0,,20,20,80,False,range_bb_reversion,18,2,True,1.0,0.33,0.0,75.95126644586003,29.099803519955135,12,0.01,,,,,,,,,,,,,,,,,,,,,,,,,,,,,,,,,,,,,,,,,,,,,,,,,,,,,,,,,4.0,0.01,780,True,False,False,False,,,,,,,,,,,,,,,,,,,,,,,,,,,,,,,,,,,,,,,,,,,,,,,,,,,,,,,,,0.03,0.0,100,0.0,,,,,,,596,-999995,,
True,False,4.0,12.0,30,2.0,1.0,,55,30,400,True,channel_reclaim,12,2,True,2.0,0.25,0.018,68.54897239055927,42.38512732030825,24,0.001,,,,,,,,,,,,,,,,,,,,,,,,,,,,,,,,,,,,,,,,,,,,,,,,,,,,,,,,,3.0,0.006,17,True,True,False,True,,,,,,,,,,,,,,,,,,,,,,,,,,,,,,,,,,,,,,,,,,,,,,,,,,,,,,,,,0.04,0.0005,30,1.5,,,,,,,597,-999996,,
True,False,3.0,1.7,55,2.5,2.0,,20,80,200,True,trend_reclaim,96,2,True,1.2,0.33,0.0,74.11669042943268,26.199303524531985,48,0.01,,,,,,,,,,,,,,,,,,,,,,,,,,,,,,,,,,,,,,,,,,,,,,,,,,,,,,,,,1.0,0.01,64,True,False,False,True,,,,,,,,,,,,,,,,,,,,,,,,,,,,,,,,,,,,,,,,,,,,,,,,,,,,,,,,,0.12,0.0,10,1.5,,,,,,,598,-999996,,
True,False,2.0,6.0,30,2.5,0.75,,16,8,200,True,trend_reclaim,12,2,True,1.0,0.67,0.0025,58.844018742609904,28.969766333807463,24,0.005,,,,,,,,,,,,,,,,,,,,,,,,,,,,,,,,,,,,,,,,,,,,,,,,,,,,,,,,,2.0,0.08,80,True,False,True,True,,,,,,,,,,,,,,,,,,,,,,,,,,,,,,,,,,,,,,,,,,,,,,,,,,,,,,,,,0.03,0.002,150,0.25,,,,,,,599,-999996,,
True,False,1.5,8.0,80,1.8,1.0,,30,14,150,False,trend_reclaim,24,4,True,1.0,0.5,0.018,61.34860056431983,26.081724883168473,18,0.0025,,,,,,,,,,,,,,,,,,,,,,,,,,,,,,,,,,,,,,,,,,,,,,,,,,,,,,,,,2.5,0.015,104,True,False,False,False,,,,,,,,,,,,,,,,,,,,,,,,,,,,,,,,,,,,,,,,,,,,,,,,,,,,,,,,,1.0,0.003,30,0.5,,,,,,,600,-999996,,
True,False,1.0,1.3,40,2.2,1.25,,10,20,80,True,trend_bb_reversion,8,1,True,2.0,0.67,0.005,59.2301274487359,37.96971194269634,12,0.01,,,,,,,,,,,,,,,,,,,,,,,,,,,,,,,,,,,,,,,,,,,,,,,,,,,,,,,,,2.5,0.015,110,True,False,True,True,,,,,,,,,,,,,,,,,,,,,,,,,,,,,,,,,,,,,,,,,,,,,,,,,,,,,,,,,0.2,0.0,100,1.0,,,,,,,601,-999996,,
True,False,3.0,1.3,14,1.8,1.5,,16,30,400,True,trend_state_tp,18,8,True,1.0,0.33,0.0025,69.89424316037562,34.10944249735501,18,0.001,,,,,,,,,,,,,,,,,,,,,,,,,,,,,,,,,,,,,,,,,,,,,,,,,,,,,,,,,1.5,0.006,111,True,False,True,True,,,,,,,,,,,,,,,,,,,,,,,,,,,,,,,,,,,,,,,,,,,,,,,,,,,,,,,,,0.03,0.0005,75,1.5,,,,,,,602,-999996,,
True,False,2.5,12.0,55,2.2,2.0,,8,8,300,True,range_bb_reversion,96,3,True,0.6,0.25,0.0025,61.80670056427489,37.46478484210752,6,0.0,,,,,,,,,,,,,,,,,,,,,,,,,,,,,,,,,,,,,,,,,,,,,,,,,,,,,,,,,2.5,0.025,127,True,False,False,True,,,,,,,,,,,,,,,,,,,,,,,,,,,,,,,,,,,,,,,,,,,,,,,,,,,,,,,,,0.04,0.0005,100,0.25,,,,,,,603,-999996,,
True,False,4.0,8.0,55,1.8,0.75,,20,8,80,True,range_bb_reversion,36,2,True,1.2,0.33,0.018,58.98008535881317,23.84727379622973,18,0.005,,,,,,,,,,,,,,,,,,,,,,,,,,,,,,,,,,,,,,,,,,,,,,,,,,,,,,,,,1.0,0.025,171,True,False,False,True,,,,,,,,,,,,,,,,,,,,,,,,,,,,,,,,,,,,,,,,,,,,,,,,,,,,,,,,,0.04,0.003,150,1.5,,,,,,,604,-999996,,
True,False,3.0,6.0,30,1.5,2.0,,40,10,150,False,channel_reclaim,48,1,False,1.0,0.67,0.0025,74.36257349869024,41.747310466702395,3,0.0005,,,,,,,,,,,,,,,,,,,,,,,,,,,,,,,,,,,,,,,,,,,,,,,,,,,,,,,,,4.0,0.015,181,True,False,False,False,,,,,,,,,,,,,,,,,,,,,,,,,,,,,,,,,,,,,,,,,,,,,,,,,,,,,,,,,0.2,0.002,10,1.25,,,,,,,605,-999996,,
True,False,1.5,4.0,30,2.5,0.5,,10,80,150,False,range_bb_reversion,120,6,True,1.2,0.25,0.012,74.45443101791838,23.136067070128753,6,0.0025,,,,,,,,,,,,,,,,,,,,,,,,,,,,,,,,,,,,,,,,,,,,,,,,,,,,,,,,,1.0,0.04,197,True,False,True,False,,,,,,,,,,,,,,,,,,,,,,,,,,,,,,,,,,,,,,,,,,,,,,,,,,,,,,,,,0.04,0.002,150,1.5,,,,,,,606,-999996,,
True,False,1.0,4.0,40,1.8,1.5,,10,80,150,False,channel_reclaim,36,6,True,2.0,0.33,0.025,59.70275381794937,30.676369017994144,12,0.0025,,,,,,,,,,,,,,,,,,,,,,,,,,,,,,,,,,,,,,,,,,,,,,,,,,,,,,,,,1.0,0.08,400,False,True,True,False,,,,,,,,,,,,,,,,,,,,,,,,,,,,,,,,,,,,,,,,,,,,,,,,,,,,,,,,,0.03,0.002,30,1.0,,,,,,,607,-999996,,
True,False,4.0,1.7,55,2.0,1.5,,20,14,200,True,channel_reclaim,36,8,True,0.6,0.67,0.012,73.50130075648397,41.48234346794376,6,0.0005,,,,,,,,,,,,,,,,,,,,,,,,,,,,,,,,,,,,,,,,,,,,,,,,,,,,,,,,,1.5,0.08,420,True,False,True,True,,,,,,,,,,,,,,,,,,,,,,,,,,,,,,,,,,,,,,,,,,,,,,,,,,,,,,,,,0.04,0.0,30,1.0,,,,,,,608,-999996,,
True,False,1.5,8.0,20,1.5,0.75,,55,20,400,True,trend_bb_reversion,12,4,True,1.2,0.25,0.012,63.046525926357276,43.32565237004471,3,0.0025,,,,,,,,,,,,,,,,,,,,,,,,,,,,,,,,,,,,,,,,,,,,,,,,,,,,,,,,,1.5,0.04,436,True,False,False,True,,,,,,,,,,,,,,,,,,,,,,,,,,,,,,,,,,,,,,,,,,,,,,,,,,,,,,,,,0.04,0.0,150,0.5,,,,,,,609,-999996,,
False,True,5.0,3.0,14,2.2,1.5,,40,8,300,False,range_bb_reversion,14,8,True,1.2,0.67,0.005,76.76360963612899,36.094402973455324,6,0.0,,,,,,,,,,,,,,,,,,,,,,,,,,,,,,,,,,,,,,,,,,,,,,,,,,,,,,,,,1.0,0.006,445,True,False,False,False,,,,,,,,,,,,,,,,,,,,,,,,,,,,,,,,,,,,,,,,,,,,,,,,,,,,,,,,,0.2,0.0,150,0.75,,,,,,,610,-999996,,
True,False,4.0,1.3,20,1.8,1.25,,40,50,100,True,trend_bb_reversion,120,1,True,1.5,0.25,0.025,58.78901478436395,37.856992745781824,3,0.005,,,,,,,,,,,,,,,,,,,,,,,,,,,,,,,,,,,,,,,,,,,,,,,,,,,,,,,,,3.0,0.08,458,True,False,True,True,,,,,,,,,,,,,,,,,,,,,,,,,,,,,,,,,,,,,,,,,,,,,,,,,,,,,,,,,0.08,0.0005,100,0.0,,,,,,,611,-999996,,
True,False,4.0,12.0,20,1.8,2.0,,12,14,400,True,trend_bb_reversion,120,1,True,1.2,0.33,0.025,76.5935608458543,34.32169332842586,6,0.0025,,,,,,,,,,,,,,,,,,,,,,,,,,,,,,,,,,,,,,,,,,,,,,,,,,,,,,,,,1.5,0.04,459,True,False,True,True,,,,,,,,,,,,,,,,,,,,,,,,,,,,,,,,,,,,,,,,,,,,,,,,,,,,,,,,,0.03,0.001,75,0.75,,,,,,,612,-999996,,
True,False,2.5,3.0,40,2.5,0.5,,12,14,100,False,trend_bb_reversion,48,2,True,1.5,0.5,0.005,58.22566264579666,33.01485040805396,3,0.001,,,,,,,,,,,,,,,,,,,,,,,,,,,,,,,,,,,,,,,,,,,,,,,,,,,,,,,,,1.5,0.015,460,True,False,False,False,,,,,,,,,,,,,,,,,,,,,,,,,,,,,,,,,,,,,,,,,,,,,,,,,,,,,,,,,0.08,0.002,10,1.25,,,,,,,613,-999996,,
True,False,5.0,1.3,55,2.2,1.5,,8,50,400,True,trend_reclaim,96,6,True,1.2,0.5,0.018,74.87469612544648,34.22927751024084,6,0.001,,,,,,,,,,,,,,,,,,,,,,,,,,,,,,,,,,,,,,,,,,,,,,,,,,,,,,,,,4.0,0.015,466,True,False,True,True,,,,,,,,,,,,,,,,,,,,,,,,,,,,,,,,,,,,,,,,,,,,,,,,,,,,,,,,,0.08,0.0005,75,0.25,,,,,,,614,-999996,,
True,False,2.0,2.2,14,2.2,1.5,,55,14,100,True,trend_bb_reversion,12,3,True,1.5,0.25,0.0,61.0918976695227,40.77464094540998,36,0.0025,,,,,,,,,,,,,,,,,,,,,,,,,,,,,,,,,,,,,,,,,,,,,,,,,,,,,,,,,2.0,0.015,507,True,False,False,True,,,,,,,,,,,,,,,,,,,,,,,,,,,,,,,,,,,,,,,,,,,,,,,,,,,,,,,,,0.03,0.003,150,0.75,,,,,,,615,-999996,,
True,False,1.0,4.0,40,2.5,1.0,,30,80,200,True,channel_reclaim,48,2,True,1.2,0.5,0.025,77.17758178993354,25.88069214253046,36,0.0,,,,,,,,,,,,,,,,,,,,,,,,,,,,,,,,,,,,,,,,,,,,,,,,,,,,,,,,,3.0,0.015,516,False,False,False,True,,,,,,,,,,,,,,,,,,,,,,,,,,,,,,,,,,,,,,,,,,,,,,,,,,,,,,,,,0.03,0.0005,75,1.0,,,,,,,616,-999996,,
False,True,1.0,4.0,30,2.5,1.25,,20,14,80,False,channel_reclaim,8,3,False,1.0,0.33,0.0025,60.060257060142355,23.648536735172488,18,0.01,,,,,,,,,,,,,,,,,,,,,,,,,,,,,,,,,,,,,,,,,,,,,,,,,,,,,,,,,4.0,0.08,527,True,False,True,False,,,,,,,,,,,,,,,,,,,,,,,,,,,,,,,,,,,,,,,,,,,,,,,,,,,,,,,,,0.04,0.003,75,0.75,,,,,,,617,-999996,,
True,False,3.0,12.0,55,1.5,0.5,,20,8,50,True,trend_bb_reversion,18,3,True,0.8,0.5,0.008,58.27371532374456,33.03527491344841,24,0.01,,,,,,,,,,,,,,,,,,,,,,,,,,,,,,,,,,,,,,,,,,,,,,,,,,,,,,,,,3.0,0.01,540,True,False,True,True,,,,,,,,,,,,,,,,,,,,,,,,,,,,,,,,,,,,,,,,,,,,,,,,,,,,,,,,,1.0,0.0005,75,1.0,,,,,,,618,-999996,,
True,False,2.0,2.2,80,1.8,0.5,,8,80,130,True,trend_bb_reversion,8,4,True,1.0,0.67,0.012,58.95951252518013,26.72394199516841,3,0.0005,,,,,,,,,,,,,,,,,,,,,,,,,,,,,,,,,,,,,,,,,,,,,,,,,,,,,,,,,3.0,0.08,566,True,False,True,True,,,,,,,,,,,,,,,,,,,,,,,,,,,,,,,,,,,,,,,,,,,,,,,,,,,,,,,,,0.2,0.0005,150,0.0,,,,,,,619,-999996,,
True,False,2.5,1.3,80,2.5,1.25,,40,50,300,True,trend_reclaim,36,1,True,0.8,0.5,0.008,70.16801364276107,35.64013404330805,6,0.005,,,,,,,,,,,,,,,,,,,,,,,,,,,,,,,,,,,,,,,,,,,,,,,,,,,,,,,,,1.0,0.015,570,False,False,True,True,,,,,,,,,,,,,,,,,,,,,,,,,,,,,,,,,,,,,,,,,,,,,,,,,,,,,,,,,1.0,0.001,150,0.0,,,,,,,620,-999996,,
True,False,2.5,6.0,40,1.5,1.0,,10,10,80,False,channel_reclaim,36,1,True,1.2,0.25,0.0025,72.28179622599187,37.61117454639622,6,0.005,,,,,,,,,,,,,,,,,,,,,,,,,,,,,,,,,,,,,,,,,,,,,,,,,,,,,,,,,2.5,0.015,575,True,True,True,False,,,,,,,,,,,,,,,,,,,,,,,,,,,,,,,,,,,,,,,,,,,,,,,,,,,,,,,,,0.04,0.0,150,1.0,,,,,,,621,-999996,,
True,False,2.0,12.0,80,1.5,2.0,,12,20,50,False,trend_reclaim,36,1,True,1.0,0.25,0.0025,58.48368331497597,31.01985292558434,18,0.0,,,,,,,,,,,,,,,,,,,,,,,,,,,,,,,,,,,,,,,,,,,,,,,,,,,,,,,,,2.5,0.01,614,False,True,True,False,,,,,,,,,,,,,,,,,,,,,,,,,,,,,,,,,,,,,,,,,,,,,,,,,,,,,,,,,0.04,0.003,10,1.5,,,,,,,622,-999996,,
True,True,3.0,1.3,55,2.2,1.0,,30,10,400,False,channel_reclaim,120,4,True,0.8,0.33,0.018,63.41942495717985,30.712294782257455,3,0.0025,,,,,,,,,,,,,,,,,,,,,,,,,,,,,,,,,,,,,,,,,,,,,,,,,,,,,,,,,3.0,0.08,682,True,False,True,False,,,,,,,,,,,,,,,,,,,,,,,,,,,,,,,,,,,,,,,,,,,,,,,,,,,,,,,,,1.0,0.002,10,1.25,,,,,,,623,-999996,,
True,False,3.0,8.0,55,1.5,0.5,,10,30,150,False,trend_reclaim,24,2,True,1.2,0.25,0.018,60.16401886315392,22.99346336656102,48,0.005,,,,,,,,,,,,,,,,,,,,,,,,,,,,,,,,,,,,,,,,,,,,,,,,,,,,,,,,,3.0,0.01,686,True,True,False,False,,,,,,,,,,,,,,,,,,,,,,,,,,,,,,,,,,,,,,,,,,,,,,,,,,,,,,,,,0.08,0.0,100,1.0,,,,,,,624,-999996,,
True,False,1.5,6.0,80,1.8,0.75,,40,20,400,False,range_bb_reversion,72,1,True,2.0,0.67,0.005,71.344136964921,25.958317758218833,24,0.001,,,,,,,,,,,,,,,,,,,,,,,,,,,,,,,,,,,,,,,,,,,,,,,,,,,,,,,,,2.0,0.01,695,True,False,True,False,,,,,,,,,,,,,,,,,,,,,,,,,,,,,,,,,,,,,,,,,,,,,,,,,,,,,,,,,0.04,0.001,20,1.25,,,,,,,625,-999996,,
True,False,1.0,1.3,55,1.5,0.75,,55,14,150,True,range_bb_reversion,96,2,True,1.5,0.5,0.0,71.03070681353555,33.2214938475102,3,0.001,,,,,,,,,,,,,,,,,,,,,,,,,,,,,,,,,,,,,,,,,,,,,,,,,,,,,,,,,3.0,0.01,727,True,False,True,True,,,,,,,,,,,,,,,,,,,,,,,,,,,,,,,,,,,,,,,,,,,,,,,,,,,,,,,,,0.04,0.0,50,1.25,,,,,,,626,-999996,,
True,False,2.5,1.3,55,2.5,1.5,,40,8,80,True,trend_bb_reversion,12,1,False,2.0,0.25,0.018,77.56547844552763,32.67965312618565,6,0.0005,,,,,,,,,,,,,,,,,,,,,,,,,,,,,,,,,,,,,,,,,,,,,,,,,,,,,,,,,2.0,0.04,751,True,False,True,True,,,,,,,,,,,,,,,,,,,,,,,,,,,,,,,,,,,,,,,,,,,,,,,,,,,,,,,,,0.08,0.001,10,1.5,,,,,,,627,-999996,,
True,False,1.5,2.2,30,1.5,2.0,,12,14,200,True,channel_reclaim,18,4,True,1.5,0.25,0.008,59.60119181873013,23.183308435955446,24,0.001,,,,,,,,,,,,,,,,,,,,,,,,,,,,,,,,,,,,,,,,,,,,,,,,,,,,,,,,,4.0,0.08,776,True,False,True,True,,,,,,,,,,,,,,,,,,,,,,,,,,,,,,,,,,,,,,,,,,,,,,,,,,,,,,,,,0.03,0.002,10,1.0,,,,,,,628,-999996,,
True,True,1.5,2.2,20,2.5,1.0,,16,14,80,True,trend_reclaim,96,4,True,1.5,0.25,0.025,72.8264367241907,25.330030720888445,12,0.001,,,,,,,,,,,,,,,,,,,,,,,,,,,,,,,,,,,,,,,,,,,,,,,,,,,,,,,,,1.0,0.025,0,True,False,True,True,,,,,,,,,,,,,,,,,,,,,,,,,,,,,,,,,,,,,,,,,,,,,,,,,,,,,,,,,1.0,0.0,30,0.75,,,,,,,629,-999997,,
True,False,3.0,12.0,80,2.2,2.0,,10,80,100,True,trend_bb_reversion,36,2,True,0.6,0.5,0.018,73.38346894899334,28.62221665137411,6,0.0,,,,,,,,,,,,,,,,,,,,,,,,,,,,,,,,,,,,,,,,,,,,,,,,,,,,,,,,,1.0,0.04,5,True,True,False,True,,,,,,,,,,,,,,,,,,,,,,,,,,,,,,,,,,,,,,,,,,,,,,,,,,,,,,,,,0.2,0.002,150,1.0,,,,,,,630,-999997,,
True,False,1.5,1.3,80,2.5,0.75,,20,20,300,True,trend_bb_reversion,12,3,True,0.8,0.5,0.025,64.2218158769614,42.59945502984429,36,0.001,,,,,,,,,,,,,,,,,,,,,,,,,,,,,,,,,,,,,,,,,,,,,,,,,,,,,,,,,2.5,0.025,87,True,False,True,True,,,,,,,,,,,,,,,,,,,,,,,,,,,,,,,,,,,,,,,,,,,,,,,,,,,,,,,,,0.04,0.0005,50,1.0,,,,,,,631,-999997,,
True,False,1.5,8.0,20,1.5,1.5,,16,8,400,False,channel_reclaim,120,1,True,2.0,0.5,0.012,73.57162930168911,36.643015079579,3,0.0,,,,,,,,,,,,,,,,,,,,,,,,,,,,,,,,,,,,,,,,,,,,,,,,,,,,,,,,,2.5,0.04,196,True,False,True,False,,,,,,,,,,,,,,,,,,,,,,,,,,,,,,,,,,,,,,,,,,,,,,,,,,,,,,,,,0.04,0.002,100,1.5,,,,,,,632,-999997,,
True,False,1.5,3.0,80,2.0,1.5,,30,10,80,False,trend_bb_reversion,120,4,False,1.0,0.33,0.008,61.07049102467083,30.936724118888463,24,0.01,,,,,,,,,,,,,,,,,,,,,,,,,,,,,,,,,,,,,,,,,,,,,,,,,,,,,,,,,2.5,0.01,199,True,False,True,False,,,,,,,,,,,,,,,,,,,,,,,,,,,,,,,,,,,,,,,,,,,,,,,,,,,,,,,,,1.0,0.002,20,1.5,,,,,,,633,-999997,,
True,False,1.5,3.0,55,1.8,1.0,,55,10,150,True,trend_reclaim,96,3,True,0.8,0.33,0.008,72.19144711086848,42.058140621369205,24,0.0025,,,,,,,,,,,,,,,,,,,,,,,,,,,,,,,,,,,,,,,,,,,,,,,,,,,,,,,,,3.0,0.08,202,True,False,True,True,,,,,,,,,,,,,,,,,,,,,,,,,,,,,,,,,,,,,,,,,,,,,,,,,,,,,,,,,0.05,0.0005,100,0.25,,,,,,,634,-999997,,
True,False,4.0,3.0,80,1.5,1.5,,8,14,50,True,trend_reclaim,36,1,True,0.6,0.25,0.005,71.94301231018487,34.60898380473408,3,0.0025,,,,,,,,,,,,,,,,,,,,,,,,,,,,,,,,,,,,,,,,,,,,,,,,,,,,,,,,,3.0,0.01,207,True,False,True,True,,,,,,,,,,,,,,,,,,,,,,,,,,,,,,,,,,,,,,,,,,,,,,,,,,,,,,,,,0.2,0.001,30,1.0,,,,,,,635,-999997,,
True,False,5.0,2.2,55,1.8,0.75,,16,50,80,True,trend_reclaim,120,2,True,1.2,0.67,0.0025,75.94844109322452,26.5095412289516,48,0.0,,,,,,,,,,,,,,,,,,,,,,,,,,,,,,,,,,,,,,,,,,,,,,,,,,,,,,,,,1.5,0.006,211,True,False,True,True,,,,,,,,,,,,,,,,,,,,,,,,,,,,,,,,,,,,,,,,,,,,,,,,,,,,,,,,,0.04,0.001,150,1.0,,,,,,,636,-999997,,
True,False,4.0,1.3,20,2.5,1.0,,55,8,50,True,range_bb_reversion,18,2,True,1.0,0.33,0.005,72.80345356314535,23.78510048037941,3,0.0,,,,,,,,,,,,,,,,,,,,,,,,,,,,,,,,,,,,,,,,,,,,,,,,,,,,,,,,,2.5,0.006,222,True,True,True,True,,,,,,,,,,,,,,,,,,,,,,,,,,,,,,,,,,,,,,,,,,,,,,,,,,,,,,,,,0.08,0.001,20,0.75,,,,,,,637,-999997,,
True,False,1.5,4.0,30,1.5,0.75,,55,8,100,True,channel_reclaim,12,1,True,2.0,0.33,0.0025,64.67252248407354,30.744486415791656,24,0.0,,,,,,,,,,,,,,,,,,,,,,,,,,,,,,,,,,,,,,,,,,,,,,,,,,,,,,,,,1.0,0.006,253,True,False,True,True,,,,,,,,,,,,,,,,,,,,,,,,,,,,,,,,,,,,,,,,,,,,,,,,,,,,,,,,,0.2,0.0005,75,1.25,,,,,,,638,-999997,,
True,False,5.0,4.0,14,2.0,0.5,,55,20,400,True,range_bb_reversion,72,6,True,1.5,0.33,0.005,61.84483304968814,23.29670224179315,24,0.0,,,,,,,,,,,,,,,,,,,,,,,,,,,,,,,,,,,,,,,,,,,,,,,,,,,,,,,,,4.0,0.006,266,True,False,False,True,,,,,,,,,,,,,,,,,,,,,,,,,,,,,,,,,,,,,,,,,,,,,,,,,,,,,,,,,0.2,0.001,75,0.5,,,,,,,639,-999997,,
True,False,2.5,6.0,80,2.2,0.75,,8,20,80,False,channel_reclaim,18,3,True,1.2,0.33,0.008,71.72881183552445,33.22600709550769,6,0.01,,,,,,,,,,,,,,,,,,,,,,,,,,,,,,,,,,,,,,,,,,,,,,,,,,,,,,,,,2.5,0.01,267,False,False,False,False,,,,,,,,,,,,,,,,,,,,,,,,,,,,,,,,,,,,,,,,,,,,,,,,,,,,,,,,,0.2,0.003,10,1.5,,,,,,,640,-999997,,
True,False,2.0,12.0,20,1.5,0.75,,30,80,400,True,trend_reclaim,48,8,True,1.5,0.67,0.0025,77.82221689265198,23.837848691203853,6,0.0005,,,,,,,,,,,,,,,,,,,,,,,,,,,,,,,,,,,,,,,,,,,,,,,,,,,,,,,,,1.5,0.08,322,True,False,True,True,,,,,,,,,,,,,,,,,,,,,,,,,,,,,,,,,,,,,,,,,,,,,,,,,,,,,,,,,0.03,0.0005,20,0.25,,,,,,,641,-999997,,
True,False,1.5,8.0,80,2.5,1.5,,20,50,100,True,range_bb_reversion,8,6,True,2.0,0.5,0.012,63.7221307066233,37.05131171539009,24,0.0025,,,,,,,,,,,,,,,,,,,,,,,,,,,,,,,,,,,,,,,,,,,,,,,,,,,,,,,,,1.0,0.08,387,True,False,True,True,,,,,,,,,,,,,,,,,,,,,,,,,,,,,,,,,,,,,,,,,,,,,,,,,,,,,,,,,0.04,0.003,10,0.75,,,,,,,642,-999997,,
True,False,1.0,1.3,40,2.5,1.5,,30,80,130,False,trend_reclaim,18,2,True,1.0,0.5,0.008,72.4712581469988,41.57641370400987,48,0.001,,,,,,,,,,,,,,,,,,,,,,,,,,,,,,,,,,,,,,,,,,,,,,,,,,,,,,,,,2.0,0.08,414,True,True,True,False,,,,,,,,,,,,,,,,,,,,,,,,,,,,,,,,,,,,,,,,,,,,,,,,,,,,,,,,,0.08,0.002,20,1.25,,,,,,,643,-999997,,
True,False,1.0,12.0,80,2.0,2.0,,55,14,100,False,trend_bb_reversion,8,3,True,1.0,0.25,0.005,74.95556867497208,26.666615372226268,48,0.0025,,,,,,,,,,,,,,,,,,,,,,,,,,,,,,,,,,,,,,,,,,,,,,,,,,,,,,,,,2.0,0.006,476,False,False,True,False,,,,,,,,,,,,,,,,,,,,,,,,,,,,,,,,,,,,,,,,,,,,,,,,,,,,,,,,,0.08,0.0,75,1.0,,,,,,,644,-999997,,
False,True,1.0,8.0,80,2.5,1.0,,40,8,300,True,channel_reclaim,96,1,True,1.0,0.67,0.0025,77.86630735505061,22.883568820329454,6,0.005,,,,,,,,,,,,,,,,,,,,,,,,,,,,,,,,,,,,,,,,,,,,,,,,,,,,,,,,,2.0,0.08,525,True,False,True,True,,,,,,,,,,,,,,,,,,,,,,,,,,,,,,,,,,,,,,,,,,,,,,,,,,,,,,,,,1.0,0.003,150,0.75,,,,,,,645,-999997,,
True,False,1.0,1.7,14,2.5,1.5,,16,50,100,True,channel_reclaim,18,3,True,1.2,0.5,0.025,58.33255777621035,41.27474492346226,12,0.01,,,,,,,,,,,,,,,,,,,,,,,,,,,,,,,,,,,,,,,,,,,,,,,,,,,,,,,,,4.0,0.08,526,True,False,True,True,,,,,,,,,,,,,,,,,,,,,,,,,,,,,,,,,,,,,,,,,,,,,,,,,,,,,,,,,0.08,0.003,10,1.5,,,,,,,646,-999997,,
True,False,3.0,8.0,30,2.2,0.75,,55,10,100,True,range_bb_reversion,8,2,True,1.5,0.25,0.0,65.54206497788871,29.68154253000719,48,0.001,,,,,,,,,,,,,,,,,,,,,,,,,,,,,,,,,,,,,,,,,,,,,,,,,,,,,,,,,2.5,0.015,564,True,False,False,True,,,,,,,,,,,,,,,,,,,,,,,,,,,,,,,,,,,,,,,,,,,,,,,,,,,,,,,,,0.03,0.0,75,1.0,,,,,,,647,-999997,,
True,False,2.5,4.0,30,1.8,0.75,,55,80,100,True,trend_bb_reversion,18,4,True,1.2,0.33,0.018,75.17409835902625,41.260631772304784,3,0.0025,,,,,,,,,,,,,,,,,,,,,,,,,,,,,,,,,,,,,,,,,,,,,,,,,,,,,,,,,2.5,0.08,579,True,False,True,True,,,,,,,,,,,,,,,,,,,,,,,,,,,,,,,,,,,,,,,,,,,,,,,,,,,,,,,,,0.2,0.001,150,1.5,,,,,,,648,-999997,,
True,False,2.0,2.2,55,1.8,0.75,,40,20,300,True,range_bb_reversion,8,1,True,1.2,0.25,0.012,68.43135011505028,32.00224244938722,36,0.001,,,,,,,,,,,,,,,,,,,,,,,,,,,,,,,,,,,,,,,,,,,,,,,,,,,,,,,,,2.5,0.006,624,True,False,True,True,,,,,,,,,,,,,,,,,,,,,,,,,,,,,,,,,,,,,,,,,,,,,,,,,,,,,,,,,0.04,0.0005,100,1.25,,,,,,,649,-999997,,
True,False,5.0,2.2,40,2.2,1.0,,10,10,50,True,trend_bb_reversion,18,4,False,1.2,0.25,0.005,70.85234895543668,29.34211515962328,18,0.0025,,,,,,,,,,,,,,,,,,,,,,,,,,,,,,,,,,,,,,,,,,,,,,,,,,,,,,,,,2.0,0.01,668,True,False,False,True,,,,,,,,,,,,,,,,,,,,,,,,,,,,,,,,,,,,,,,,,,,,,,,,,,,,,,,,,0.04,0.0,100,0.0,,,,,,,650,-999997,,
True,False,1.0,3.0,20,2.5,0.75,,8,50,400,True,trend_reclaim,24,6,True,0.8,0.25,0.005,65.95350596151636,41.576147762088524,48,0.0,,,,,,,,,,,,,,,,,,,,,,,,,,,,,,,,,,,,,,,,,,,,,,,,,,,,,,,,,4.0,0.01,696,True,False,True,True,,,,,,,,,,,,,,,,,,,,,,,,,,,,,,,,,,,,,,,,,,,,,,,,,,,,,,,,,0.08,0.001,10,1.5,,,,,,,651,-999997,,
True,True,2.5,12.0,80,2.5,0.5,,10,10,300,False,trend_bb_reversion,120,1,True,1.0,0.25,0.018,73.85538146254262,43.75538614819265,18,0.001,,,,,,,,,,,,,,,,,,,,,,,,,,,,,,,,,,,,,,,,,,,,,,,,,,,,,,,,,2.0,0.015,722,True,True,True,False,,,,,,,,,,,,,,,,,,,,,,,,,,,,,,,,,,,,,,,,,,,,,,,,,,,,,,,,,0.03,0.001,20,1.0,,,,,,,652,-999997,,
True,False,4.0,1.3,14,2.5,1.25,,30,50,200,True,channel_reclaim,18,4,True,1.2,0.33,0.0,77.7726885795999,22.06158344074148,48,0.0025,,,,,,,,,,,,,,,,,,,,,,,,,,,,,,,,,,,,,,,,,,,,,,,,,,,,,,,,,4.0,0.01,754,True,False,False,True,,,,,,,,,,,,,,,,,,,,,,,,,,,,,,,,,,,,,,,,,,,,,,,,,,,,,,,,,0.04,0.002,10,1.5,,,,,,,653,-999997,,
True,False,1.0,2.2,40,2.0,1.0,,12,10,50,True,channel_reclaim,48,8,True,1.0,0.33,0.025,73.38244112763826,24.90003774096285,18,0.005,,,,,,,,,,,,,,,,,,,,,,,,,,,,,,,,,,,,,,,,,,,,,,,,,,,,,,,,,1.5,0.025,82,False,False,True,True,,,,,,,,,,,,,,,,,,,,,,,,,,,,,,,,,,,,,,,,,,,,,,,,,,,,,,,,,0.03,0.0,30,1.0,,,,,,,654,-999998,,
True,True,2.0,3.0,55,1.5,0.75,,10,14,200,True,trend_reclaim,18,8,True,0.6,0.25,0.018,65.51180018790646,27.349017967471337,48,0.0025,,,,,,,,,,,,,,,,,,,,,,,,,,,,,,,,,,,,,,,,,,,,,,,,,,,,,,,,,4.0,0.025,132,True,False,True,True,,,,,,,,,,,,,,,,,,,,,,,,,,,,,,,,,,,,,,,,,,,,,,,,,,,,,,,,,1.0,0.002,30,1.5,,,,,,,655,-999998,,
True,False,1.5,8.0,55,2.0,1.5,,12,14,100,False,channel_reclaim,96,8,True,0.6,0.67,0.005,73.59904987479175,27.234175089982774,3,0.0,,,,,,,,,,,,,,,,,,,,,,,,,,,,,,,,,,,,,,,,,,,,,,,,,,,,,,,,,1.5,0.015,136,True,False,False,False,,,,,,,,,,,,,,,,,,,,,,,,,,,,,,,,,,,,,,,,,,,,,,,,,,,,,,,,,0.04,0.001,100,1.5,,,,,,,656,-999998,,
True,False,4.0,1.3,14,1.5,0.75,,30,8,300,True,trend_bb_reversion,8,4,True,2.0,0.67,0.0025,62.69581785503799,23.711437929012902,6,0.005,,,,,,,,,,,,,,,,,,,,,,,,,,,,,,,,,,,,,,,,,,,,,,,,,,,,,,,,,4.0,0.04,164,False,False,True,True,,,,,,,,,,,,,,,,,,,,,,,,,,,,,,,,,,,,,,,,,,,,,,,,,,,,,,,,,0.05,0.0,100,0.25,,,,,,,657,-999998,,
True,False,1.0,1.3,40,2.5,1.0,,10,80,300,True,channel_reclaim,72,6,True,2.0,0.33,0.012,77.0969675967301,43.57821900924978,18,0.01,,,,,,,,,,,,,,,,,,,,,,,,,,,,,,,,,,,,,,,,,,,,,,,,,,,,,,,,,2.0,0.08,176,True,True,True,True,,,,,,,,,,,,,,,,,,,,,,,,,,,,,,,,,,,,,,,,,,,,,,,,,,,,,,,,,0.03,0.003,150,1.0,,,,,,,658,-999998,,
True,True,1.0,12.0,30,2.5,0.5,,30,30,200,True,trend_reclaim,48,6,True,1.2,0.67,0.005,74.4418244509814,41.21940028655266,6,0.001,,,,,,,,,,,,,,,,,,,,,,,,,,,,,,,,,,,,,,,,,,,,,,,,,,,,,,,,,2.5,0.006,356,True,False,True,True,,,,,,,,,,,,,,,,,,,,,,,,,,,,,,,,,,,,,,,,,,,,,,,,,,,,,,,,,0.03,0.0005,150,0.75,,,,,,,659,-999998,,
True,True,4.0,1.7,80,2.2,2.0,,8,20,100,True,trend_reclaim,36,2,True,0.8,0.67,0.0025,61.57047056358033,37.72874691786866,6,0.005,,,,,,,,,,,,,,,,,,,,,,,,,,,,,,,,,,,,,,,,,,,,,,,,,,,,,,,,,1.0,0.04,394,True,False,True,True,,,,,,,,,,,,,,,,,,,,,,,,,,,,,,,,,,,,,,,,,,,,,,,,,,,,,,,,,0.05,0.003,20,1.5,,,,,,,660,-999998,,
True,False,1.0,12.0,20,1.8,1.25,,40,10,50,True,trend_bb_reversion,12,2,True,0.8,0.33,0.025,68.35323923532611,27.689562504181485,6,0.01,,,,,,,,,,,,,,,,,,,,,,,,,,,,,,,,,,,,,,,,,,,,,,,,,,,,,,,,,3.0,0.015,419,True,False,True,True,,,,,,,,,,,,,,,,,,,,,,,,,,,,,,,,,,,,,,,,,,,,,,,,,,,,,,,,,0.12,0.003,75,0.0,,,,,,,661,-999998,,
True,True,4.0,4.0,80,2.0,0.5,,10,10,80,True,channel_reclaim,72,8,True,1.2,0.67,0.005,60.101845281890824,25.001133988520877,3,0.0025,,,,,,,,,,,,,,,,,,,,,,,,,,,,,,,,,,,,,,,,,,,,,,,,,,,,,,,,,3.0,0.015,424,True,False,True,True,,,,,,,,,,,,,,,,,,,,,,,,,,,,,,,,,,,,,,,,,,,,,,,,,,,,,,,,,0.03,0.001,10,0.0,,,,,,,662,-999998,,
True,False,1.5,2.2,20,2.2,1.5,,40,50,100,True,trend_reclaim,96,4,True,0.8,0.5,0.018,68.28206737061603,39.82541690401917,18,0.005,,,,,,,,,,,,,,,,,,,,,,,,,,,,,,,,,,,,,,,,,,,,,,,,,,,,,,,,,2.5,0.025,430,True,False,True,True,,,,,,,,,,,,,,,,,,,,,,,,,,,,,,,,,,,,,,,,,,,,,,,,,,,,,,,,,0.2,0.0005,150,1.0,,,,,,,663,-999998,,
True,False,3.0,4.0,55,2.2,2.0,,10,10,300,False,channel_reclaim,36,4,True,1.0,0.33,0.018,73.89777181086068,33.161910996376534,3,0.005,,,,,,,,,,,,,,,,,,,,,,,,,,,,,,,,,,,,,,,,,,,,,,,,,,,,,,,,,1.5,0.025,482,True,False,True,False,,,,,,,,,,,,,,,,,,,,,,,,,,,,,,,,,,,,,,,,,,,,,,,,,,,,,,,,,0.12,0.001,75,0.25,,,,,,,664,-999998,,
True,False,4.0,8.0,30,2.2,2.0,,8,8,80,False,trend_bb_reversion,96,1,True,1.5,0.33,0.008,60.877674101942006,40.46326209115753,6,0.0025,,,,,,,,,,,,,,,,,,,,,,,,,,,,,,,,,,,,,,,,,,,,,,,,,,,,,,,,,3.0,0.006,500,True,False,False,False,,,,,,,,,,,,,,,,,,,,,,,,,,,,,,,,,,,,,,,,,,,,,,,,,,,,,,,,,0.03,0.0005,50,0.0,,,,,,,665,-999998,,
True,False,3.0,3.0,14,2.5,2.0,,8,10,100,False,trend_bb_reversion,96,1,True,0.6,0.67,0.008,65.93473682813702,27.21463005330283,6,0.01,,,,,,,,,,,,,,,,,,,,,,,,,,,,,,,,,,,,,,,,,,,,,,,,,,,,,,,,,2.5,0.01,521,False,False,True,False,,,,,,,,,,,,,,,,,,,,,,,,,,,,,,,,,,,,,,,,,,,,,,,,,,,,,,,,,0.2,0.003,75,1.5,,,,,,,666,-999998,,
True,False,5.0,6.0,30,2.0,1.5,,30,50,200,True,trend_reclaim,24,1,True,1.2,0.25,0.008,68.83605651567775,27.177200910461348,36,0.0005,,,,,,,,,,,,,,,,,,,,,,,,,,,,,,,,,,,,,,,,,,,,,,,,,,,,,,,,,1.0,0.08,532,True,False,True,True,,,,,,,,,,,,,,,,,,,,,,,,,,,,,,,,,,,,,,,,,,,,,,,,,,,,,,,,,0.05,0.0,150,0.0,,,,,,,667,-999998,,
True,False,1.0,1.7,80,2.2,1.5,,20,80,100,True,trend_reclaim,48,3,True,0.8,0.33,0.0025,74.83355832507591,38.81462706635663,48,0.01,,,,,,,,,,,,,,,,,,,,,,,,,,,,,,,,,,,,,,,,,,,,,,,,,,,,,,,,,1.5,0.01,548,True,False,False,True,,,,,,,,,,,,,,,,,,,,,,,,,,,,,,,,,,,,,,,,,,,,,,,,,,,,,,,,,0.03,0.0,20,0.25,,,,,,,668,-999998,,
False,True,1.5,8.0,20,2.2,2.0,,30,50,400,False,trend_reclaim,12,3,True,2.0,0.5,0.008,71.29694583106026,39.37003548959693,36,0.01,,,,,,,,,,,,,,,,,,,,,,,,,,,,,,,,,,,,,,,,,,,,,,,,,,,,,,,,,1.0,0.015,578,True,False,True,False,,,,,,,,,,,,,,,,,,,,,,,,,,,,,,,,,,,,,,,,,,,,,,,,,,,,,,,,,0.04,0.003,150,0.0,,,,,,,669,-999998,,
True,False,4.0,6.0,80,1.5,1.5,,55,30,300,True,trend_bb_reversion,48,6,True,1.0,0.25,0.0025,75.30100892475772,30.41448896130432,3,0.0025,,,,,,,,,,,,,,,,,,,,,,,,,,,,,,,,,,,,,,,,,,,,,,,,,,,,,,,,,2.0,0.08,609,True,False,False,True,,,,,,,,,,,,,,,,,,,,,,,,,,,,,,,,,,,,,,,,,,,,,,,,,,,,,,,,,1.0,0.001,150,0.25,,,,,,,670,-999998,,
True,False,4.0,1.3,30,2.2,0.75,,20,20,400,False,trend_reclaim,8,6,True,0.8,0.5,0.025,75.91579472324817,40.27050590548549,18,0.0025,,,,,,,,,,,,,,,,,,,,,,,,,,,,,,,,,,,,,,,,,,,,,,,,,,,,,,,,,3.0,0.08,731,True,False,True,False,,,,,,,,,,,,,,,,,,,,,,,,,,,,,,,,,,,,,,,,,,,,,,,,,,,,,,,,,0.2,0.0005,150,0.75,,,,,,,671,-999998,,
True,False,2.0,1.7,40,1.5,1.5,,30,10,150,True,trend_reclaim,18,3,True,1.2,0.25,0.008,64.57148404885916,34.10425463658267,12,0.001,,,,,,,,,,,,,,,,,,,,,,,,,,,,,,,,,,,,,,,,,,,,,,,,,,,,,,,,,1.0,0.01,774,True,False,True,True,,,,,,,,,,,,,,,,,,,,,,,,,,,,,,,,,,,,,,,,,,,,,,,,,,,,,,,,,0.05,0.0,20,1.25,,,,,,,672,-999998,,
True,False,2.0,1.3,80,2.5,0.75,,10,14,80,False,range_bb_reversion,14,8,True,1.2,0.67,0.025,69.51032501246613,27.291664734339143,18,0.0005,,,,,,,,,,,,,,,,,,,,,,,,,,,,,,,,,,,,,,,,,,,,,,,,,,,,,,,,,3.0,0.01,2,True,False,True,False,,,,,,,,,,,,,,,,,,,,,,,,,,,,,,,,,,,,,,,,,,,,,,,,,,,,,,,,,0.03,0.0,20,1.5,,,,,,,673,-999999,,
True,False,2.5,8.0,20,2.2,1.5,,8,10,400,True,trend_reclaim,14,8,True,1.0,0.25,0.025,70.54625827464662,33.07210337252285,3,0.0025,,,,,,,,,,,,,,,,,,,,,,,,,,,,,,,,,,,,,,,,,,,,,,,,,,,,,,,,,1.0,0.015,38,True,False,True,True,,,,,,,,,,,,,,,,,,,,,,,,,,,,,,,,,,,,,,,,,,,,,,,,,,,,,,,,,0.2,0.003,20,0.0,,,,,,,674,-999999,,
True,True,2.5,4.0,55,2.2,0.5,,8,20,80,True,trend_reclaim,18,1,True,1.0,0.5,0.012,73.57603019361228,38.20653759010621,48,0.0025,,,,,,,,,,,,,,,,,,,,,,,,,,,,,,,,,,,,,,,,,,,,,,,,,,,,,,,,,2.0,0.025,96,True,False,False,True,,,,,,,,,,,,,,,,,,,,,,,,,,,,,,,,,,,,,,,,,,,,,,,,,,,,,,,,,0.04,0.0005,30,0.5,,,,,,,675,-999999,,
True,False,2.0,2.2,80,1.8,1.25,,55,80,150,True,trend_reclaim,72,4,True,0.8,0.33,0.012,59.07962452199645,33.86698786981177,3,0.0005,,,,,,,,,,,,,,,,,,,,,,,,,,,,,,,,,,,,,,,,,,,,,,,,,,,,,,,,,3.0,0.08,147,True,False,False,True,,,,,,,,,,,,,,,,,,,,,,,,,,,,,,,,,,,,,,,,,,,,,,,,,,,,,,,,,0.12,0.001,50,1.25,,,,,,,676,-999999,,
True,False,2.5,1.7,14,2.0,0.75,,55,8,150,False,trend_reclaim,36,2,True,0.6,0.33,0.025,75.58892029442461,22.26910154840844,6,0.0025,,,,,,,,,,,,,,,,,,,,,,,,,,,,,,,,,,,,,,,,,,,,,,,,,,,,,,,,,2.5,0.01,158,False,False,True,False,,,,,,,,,,,,,,,,,,,,,,,,,,,,,,,,,,,,,,,,,,,,,,,,,,,,,,,,,1.0,0.0,150,0.5,,,,,,,677,-999999,,
True,True,5.0,8.0,20,2.0,1.5,,30,80,100,False,trend_reclaim,120,2,True,1.2,0.67,0.012,77.48728881217059,34.016531707829266,48,0.0005,,,,,,,,,,,,,,,,,,,,,,,,,,,,,,,,,,,,,,,,,,,,,,,,,,,,,,,,,2.5,0.025,174,True,False,True,False,,,,,,,,,,,,,,,,,,,,,,,,,,,,,,,,,,,,,,,,,,,,,,,,,,,,,,,,,0.05,0.003,50,1.0,,,,,,,678,-999999,,
True,False,3.0,6.0,14,1.8,1.5,,40,50,80,True,trend_reclaim,120,8,True,1.2,0.67,0.008,67.65044141029833,35.35934574355188,18,0.01,,,,,,,,,,,,,,,,,,,,,,,,,,,,,,,,,,,,,,,,,,,,,,,,,,,,,,,,,1.0,0.025,190,True,False,True,True,,,,,,,,,,,,,,,,,,,,,,,,,,,,,,,,,,,,,,,,,,,,,,,,,,,,,,,,,1.0,0.001,50,1.25,,,,,,,679,-999999,,
True,True,1.0,4.0,80,2.2,0.5,,12,8,50,True,trend_bb_reversion,96,1,True,1.2,0.5,0.012,70.5885953327309,38.32935285505438,3,0.0,,,,,,,,,,,,,,,,,,,,,,,,,,,,,,,,,,,,,,,,,,,,,,,,,,,,,,,,,2.5,0.025,198,True,True,True,True,,,,,,,,,,,,,,,,,,,,,,,,,,,,,,,,,,,,,,,,,,,,,,,,,,,,,,,,,0.12,0.0005,10,0.75,,,,,,,680,-999999,,
True,False,4.0,2.2,80,2.5,1.0,,20,14,100,False,channel_reclaim,24,6,True,1.0,0.33,0.018,60.906919654596045,39.0390649476104,3,0.0005,,,,,,,,,,,,,,,,,,,,,,,,,,,,,,,,,,,,,,,,,,,,,,,,,,,,,,,,,2.0,0.04,210,True,False,True,False,,,,,,,,,,,,,,,,,,,,,,,,,,,,,,,,,,,,,,,,,,,,,,,,,,,,,,,,,0.08,0.0005,150,1.5,,,,,,,681,-999999,,
True,True,4.0,2.2,55,2.5,1.0,,16,10,150,True,trend_reclaim,8,2,True,2.0,0.67,0.012,64.33106350457687,25.915968110308327,36,0.0,,,,,,,,,,,,,,,,,,,,,,,,,,,,,,,,,,,,,,,,,,,,,,,,,,,,,,,,,1.5,0.015,254,True,False,True,True,,,,,,,,,,,,,,,,,,,,,,,,,,,,,,,,,,,,,,,,,,,,,,,,,,,,,,,,,0.04,0.0005,50,0.25,,,,,,,682,-999999,,
True,False,2.0,8.0,20,2.0,1.0,,40,80,130,True,channel_reclaim,8,2,True,2.0,0.5,0.0,69.18325020077039,22.54877872388613,3,0.001,,,,,,,,,,,,,,,,,,,,,,,,,,,,,,,,,,,,,,,,,,,,,,,,,,,,,,,,,4.0,0.04,294,True,True,True,True,,,,,,,,,,,,,,,,,,,,,,,,,,,,,,,,,,,,,,,,,,,,,,,,,,,,,,,,,0.05,0.001,150,0.75,,,,,,,683,-999999,,
True,False,1.5,2.2,14,2.2,2.0,,16,10,400,True,range_bb_reversion,96,4,True,2.0,0.33,0.012,69.7953379564197,26.29534110026619,24,0.005,,,,,,,,,,,,,,,,,,,,,,,,,,,,,,,,,,,,,,,,,,,,,,,,,,,,,,,,,2.0,0.01,296,True,True,True,True,,,,,,,,,,,,,,,,,,,,,,,,,,,,,,,,,,,,,,,,,,,,,,,,,,,,,,,,,0.03,0.001,100,1.25,,,,,,,684,-999999,,
True,True,3.0,6.0,40,2.5,2.0,,40,14,100,False,trend_reclaim,36,1,True,0.6,0.5,0.012,68.30097588151959,22.194758105420206,48,0.0005,,,,,,,,,,,,,,,,,,,,,,,,,,,,,,,,,,,,,,,,,,,,,,,,,,,,,,,,,2.0,0.006,311,True,False,True,False,,,,,,,,,,,,,,,,,,,,,,,,,,,,,,,,,,,,,,,,,,,,,,,,,,,,,,,,,0.05,0.001,100,1.5,,,,,,,685,-999999,,
True,False,3.0,12.0,30,1.8,1.25,,12,30,150,False,trend_reclaim,72,8,True,1.0,0.5,0.008,71.11308281613402,38.59777691140474,36,0.01,,,,,,,,,,,,,,,,,,,,,,,,,,,,,,,,,,,,,,,,,,,,,,,,,,,,,,,,,2.5,0.015,316,True,False,True,False,,,,,,,,,,,,,,,,,,,,,,,,,,,,,,,,,,,,,,,,,,,,,,,,,,,,,,,,,0.2,0.001,150,1.5,,,,,,,686,-999999,,
True,False,2.0,12.0,20,2.2,2.0,,40,14,150,False,trend_bb_reversion,96,8,False,1.5,0.67,0.0,64.88873374312116,25.375458916581234,12,0.01,,,,,,,,,,,,,,,,,,,,,,,,,,,,,,,,,,,,,,,,,,,,,,,,,,,,,,,,,1.0,0.025,324,False,False,True,False,,,,,,,,,,,,,,,,,,,,,,,,,,,,,,,,,,,,,,,,,,,,,,,,,,,,,,,,,0.04,0.002,30,1.25,,,,,,,687,-999999,,
True,True,2.5,3.0,80,2.2,0.75,,40,10,300,True,trend_reclaim,72,2,True,2.0,0.33,0.005,77.58836493896091,34.84474363413109,18,0.005,,,,,,,,,,,,,,,,,,,,,,,,,,,,,,,,,,,,,,,,,,,,,,,,,,,,,,,,,1.0,0.04,330,True,False,True,True,,,,,,,,,,,,,,,,,,,,,,,,,,,,,,,,,,,,,,,,,,,,,,,,,,,,,,,,,0.03,0.003,30,1.25,,,,,,,688,-999999,,
True,False,5.0,1.7,14,2.5,1.0,,55,80,400,False,channel_reclaim,36,1,True,1.0,0.67,0.008,60.85039255014965,38.99539367078836,3,0.001,,,,,,,,,,,,,,,,,,,,,,,,,,,,,,,,,,,,,,,,,,,,,,,,,,,,,,,,,2.5,0.015,346,False,False,True,False,,,,,,,,,,,,,,,,,,,,,,,,,,,,,,,,,,,,,,,,,,,,,,,,,,,,,,,,,0.04,0.003,20,0.5,,,,,,,689,-999999,,
True,False,2.0,12.0,20,1.5,1.0,,16,30,50,True,trend_reclaim,96,6,True,0.6,0.25,0.0025,67.41655517745524,31.04309800519986,3,0.005,,,,,,,,,,,,,,,,,,,,,,,,,,,,,,,,,,,,,,,,,,,,,,,,,,,,,,,,,3.0,0.006,418,True,False,False,True,,,,,,,,,,,,,,,,,,,,,,,,,,,,,,,,,,,,,,,,,,,,,,,,,,,,,,,,,0.2,0.003,150,0.0,,,,,,,690,-999999,,
True,False,2.5,8.0,20,1.5,0.75,,40,14,150,False,trend_reclaim,120,8,True,0.6,0.33,0.008,73.98174290174522,31.845270994869956,18,0.0,,,,,,,,,,,,,,,,,,,,,,,,,,,,,,,,,,,,,,,,,,,,,,,,,,,,,,,,,4.0,0.025,457,True,False,True,False,,,,,,,,,,,,,,,,,,,,,,,,,,,,,,,,,,,,,,,,,,,,,,,,,,,,,,,,,0.04,0.003,75,1.25,,,,,,,691,-999999,,
False,True,1.0,6.0,14,2.5,0.5,,20,80,100,True,trend_reclaim,48,2,True,1.0,0.5,0.018,76.74283103628095,24.10558311546974,24,0.0005,,,,,,,,,,,,,,,,,,,,,,,,,,,,,,,,,,,,,,,,,,,,,,,,,,,,,,,,,2.0,0.04,485,True,False,False,True,,,,,,,,,,,,,,,,,,,,,,,,,,,,,,,,,,,,,,,,,,,,,,,,,,,,,,,,,0.08,0.0,150,0.0,,,,,,,692,-999999,,
True,False,5.0,3.0,80,1.8,2.0,,16,80,200,True,trend_bb_reversion,12,6,True,1.5,0.5,0.005,58.02572311190072,32.98575082280138,36,0.0,,,,,,,,,,,,,,,,,,,,,,,,,,,,,,,,,,,,,,,,,,,,,,,,,,,,,,,,,3.0,0.015,492,True,False,True,True,,,,,,,,,,,,,,,,,,,,,,,,,,,,,,,,,,,,,,,,,,,,,,,,,,,,,,,,,0.03,0.001,150,0.0,,,,,,,693,-999999,,
True,False,1.5,8.0,30,2.5,0.75,,30,14,300,True,trend_reclaim,120,6,True,0.8,0.67,0.025,61.12325963816335,33.031335777464065,36,0.001,,,,,,,,,,,,,,,,,,,,,,,,,,,,,,,,,,,,,,,,,,,,,,,,,,,,,,,,,3.0,0.006,503,True,False,False,True,,,,,,,,,,,,,,,,,,,,,,,,,,,,,,,,,,,,,,,,,,,,,,,,,,,,,,,,,1.0,0.0,100,0.75,,,,,,,694,-999999,,
True,False,1.0,3.0,14,2.5,2.0,,16,10,200,True,channel_reclaim,18,8,False,1.2,0.67,0.012,77.40356902860033,32.762375158239536,6,0.001,,,,,,,,,,,,,,,,,,,,,,,,,,,,,,,,,,,,,,,,,,,,,,,,,,,,,,,,,2.0,0.01,510,True,False,True,True,,,,,,,,,,,,,,,,,,,,,,,,,,,,,,,,,,,,,,,,,,,,,,,,,,,,,,,,,0.03,0.002,100,1.25,,,,,,,695,-999999,,
True,False,3.0,12.0,55,2.2,1.25,,20,8,300,False,trend_bb_reversion,8,1,True,1.2,0.33,0.018,69.85958089491133,25.771477956884542,48,0.0,,,,,,,,,,,,,,,,,,,,,,,,,,,,,,,,,,,,,,,,,,,,,,,,,,,,,,,,,2.5,0.08,554,True,False,True,False,,,,,,,,,,,,,,,,,,,,,,,,,,,,,,,,,,,,,,,,,,,,,,,,,,,,,,,,,0.04,0.001,75,1.25,,,,,,,696,-999999,,
True,False,1.5,8.0,55,1.8,2.0,,55,50,200,False,trend_reclaim,18,8,True,2.0,0.67,0.025,64.71992306210517,27.143743564419253,24,0.0005,,,,,,,,,,,,,,,,,,,,,,,,,,,,,,,,,,,,,,,,,,,,,,,,,,,,,,,,,2.5,0.04,603,True,False,True,False,,,,,,,,,,,,,,,,,,,,,,,,,,,,,,,,,,,,,,,,,,,,,,,,,,,,,,,,,0.08,0.0005,20,1.0,,,,,,,697,-999999,,
True,False,1.0,8.0,55,2.2,1.0,,40,20,100,True,channel_reclaim,12,3,True,2.0,0.67,0.0,68.42859960182257,27.91981584714928,12,0.005,,,,,,,,,,,,,,,,,,,,,,,,,,,,,,,,,,,,,,,,,,,,,,,,,,,,,,,,,3.0,0.015,608,True,False,True,True,,,,,,,,,,,,,,,,,,,,,,,,,,,,,,,,,,,,,,,,,,,,,,,,,,,,,,,,,0.03,0.0,10,0.5,,,,,,,698,-999999,,
True,False,4.0,1.7,40,2.0,2.0,,55,10,150,True,range_bb_reversion,24,3,True,2.0,0.5,0.0,71.12362334837081,34.888337752106935,12,0.005,,,,,,,,,,,,,,,,,,,,,,,,,,,,,,,,,,,,,,,,,,,,,,,,,,,,,,,,,2.5,0.006,617,True,False,True,True,,,,,,,,,,,,,,,,,,,,,,,,,,,,,,,,,,,,,,,,,,,,,,,,,,,,,,,,,0.04,0.002,20,1.0,,,,,,,699,-999999,,
True,False,1.5,1.7,55,2.2,1.0,,16,10,150,True,trend_bb_reversion,36,3,True,0.8,0.25,0.025,65.72632313294301,29.21169655263419,24,0.01,,,,,,,,,,,,,,,,,,,,,,,,,,,,,,,,,,,,,,,,,,,,,,,,,,,,,,,,,4.0,0.025,647,True,False,False,True,,,,,,,,,,,,,,,,,,,,,,,,,,,,,,,,,,,,,,,,,,,,,,,,,,,,,,,,,0.05,0.001,100,1.5,,,,,,,700,-999999,,
True,False,5.0,2.2,80,2.5,0.75,,40,10,50,True,trend_bb_reversion,48,1,True,1.5,0.5,0.0025,59.43125463310877,25.93507877563954,24,0.0025,,,,,,,,,,,,,,,,,,,,,,,,,,,,,,,,,,,,,,,,,,,,,,,,,,,,,,,,,1.5,0.08,657,True,False,True,True,,,,,,,,,,,,,,,,,,,,,,,,,,,,,,,,,,,,,,,,,,,,,,,,,,,,,,,,,0.2,0.001,150,1.0,,,,,,,701,-999999,,
True,False,1.5,4.0,20,2.2,1.0,,20,14,200,False,range_bb_reversion,36,6,True,0.8,0.5,0.005,70.06195928007392,28.1838246553246,24,0.001,,,,,,,,,,,,,,,,,,,,,,,,,,,,,,,,,,,,,,,,,,,,,,,,,,,,,,,,,1.5,0.006,680,True,False,True,False,,,,,,,,,,,,,,,,,,,,,,,,,,,,,,,,,,,,,,,,,,,,,,,,,,,,,,,,,0.04,0.0,50,1.0,,,,,,,702,-999999,,
False,True,3.0,4.0,40,2.2,1.25,,16,8,50,True,range_bb_reversion,36,3,True,0.8,0.5,0.025,70.13251087246387,25.77227602488176,3,0.005,,,,,,,,,,,,,,,,,,,,,,,,,,,,,,,,,,,,,,,,,,,,,,,,,,,,,,,,,1.5,0.006,693,True,False,True,True,,,,,,,,,,,,,,,,,,,,,,,,,,,,,,,,,,,,,,,,,,,,,,,,,,,,,,,,,0.03,0.0,150,1.25,,,,,,,703,-999999,,
True,False,5.0,2.2,40,1.5,0.75,,10,14,100,True,channel_reclaim,18,8,True,1.0,0.33,0.012,73.66311721775432,43.28331188902624,12,0.01,,,,,,,,,,,,,,,,,,,,,,,,,,,,,,,,,,,,,,,,,,,,,,,,,,,,,,,,,2.5,0.08,700,True,False,True,True,,,,,,,,,,,,,,,,,,,,,,,,,,,,,,,,,,,,,,,,,,,,,,,,,,,,,,,,,0.05,0.001,30,1.5,,,,,,,704,-999999,,
True,False,1.0,12.0,14,1.5,1.0,,16,30,200,False,trend_reclaim,18,3,True,1.2,0.25,0.0025,59.355694023544594,25.223651723470976,24,0.0,,,,,,,,,,,,,,,,,,,,,,,,,,,,,,,,,,,,,,,,,,,,,,,,,,,,,,,,,2.0,0.01,733,True,False,True,False,,,,,,,,,,,,,,,,,,,,,,,,,,,,,,,,,,,,,,,,,,,,,,,,,,,,,,,,,0.03,0.003,150,1.5,,,,,,,705,-999999,,
True,False,3.0,3.0,80,2.0,1.0,,40,8,200,True,trend_reclaim,12,2,True,1.5,0.33,0.018,69.28252599803635,25.55977709745326,12,0.0005,,,,,,,,,,,,,,,,,,,,,,,,,,,,,,,,,,,,,,,,,,,,,,,,,,,,,,,,,2.5,0.04,741,True,True,True,True,,,,,,,,,,,,,,,,,,,,,,,,,,,,,,,,,,,,,,,,,,,,,,,,,,,,,,,,,0.12,0.003,75,0.25,,,,,,,706,-999999,,
True,False,3.0,1.3,30,2.0,1.25,,16,30,400,True,trend_bb_reversion,120,1,True,1.0,0.25,0.008,69.56098693791499,25.23417482253319,6,0.005,,,,,,,,,,,,,,,,,,,,,,,,,,,,,,,,,,,,,,,,,,,,,,,,,,,,,,,,,2.5,0.04,747,True,False,False,True,,,,,,,,,,,,,,,,,,,,,,,,,,,,,,,,,,,,,,,,,,,,,,,,,,,,,,,,,0.12,0.0005,20,1.5,,,,,,,707,-999999,,
True,False,3.0,1.7,20,2.5,0.5,,20,14,50,True,channel_reclaim,96,4,True,0.8,0.33,0.012,74.73363492635374,36.151012198174605,24,0.001,,,,,,,,,,,,,,,,,,,,,,,,,,,,,,,,,,,,,,,,,,,,,,,,,,,,,,,,,3.0,0.01,778,False,False,True,True,,,,,,,,,,,,,,,,,,,,,,,,,,,,,,,,,,,,,,,,,,,,,,,,,,,,,,,,,0.04,0.003,150,1.25,,,,,,,708,-999999,,
True,True,1.0,2.2,20,1.8,1.0,,10,50,300,False,trend_reclaim,12,4,True,1.2,0.5,0.0025,72.75710452946907,30.750942856865176,3,0.005,,,,,,,,,,,,,,,,,,,,,,,,,,,,,,,,,,,,,,,,,,,,,,,,,,,,,,,,,1.0,0.04,794,True,False,True,False,,,,,,,,,,,,,,,,,,,,,,,,,,,,,,,,,,,,,,,,,,,,,,,,,,,,,,,,,0.12,0.0005,20,0.75,,,,,,,709,-999999,,
False,True,1.0,2.2,55,1.8,1.25,,8,14,100,False,trend_bb_reversion,36,6,True,2.0,0.25,0.012,72.5820162221583,24.081724121641706,6,0.005,,,,,,,,,,,,,,,,,,,,,,,,,,,,,,,,,,,,,,,,,,,,,,,,,,,,,,,,,4.0,0.025,1,False,False,True,False,,,,,,,,,,,,,,,,,,,,,,,,,,,,,,,,,,,,,,,,,,,,,,,,,,,,,,,,,0.08,0.0,30,1.5,,,,,,,710,-1000000,,
True,False,3.0,3.0,20,2.5,1.25,,30,14,50,True,trend_reclaim,24,8,True,1.2,0.33,0.025,77.16302820027322,28.764993847264794,24,0.0025,,,,,,,,,,,,,,,,,,,,,,,,,,,,,,,,,,,,,,,,,,,,,,,,,,,,,,,,,2.0,0.04,8,True,False,True,True,,,,,,,,,,,,,,,,,,,,,,,,,,,,,,,,,,,,,,,,,,,,,,,,,,,,,,,,,0.12,0.001,50,0.5,,,,,,,711,-1000000,,
True,True,3.0,3.0,80,2.5,0.5,,30,14,50,True,trend_reclaim,18,8,True,1.5,0.33,0.012,76.68876395066525,38.37051629218162,6,0.005,,,,,,,,,,,,,,,,,,,,,,,,,,,,,,,,,,,,,,,,,,,,,,,,,,,,,,,,,1.0,0.01,12,False,True,False,True,,,,,,,,,,,,,,,,,,,,,,,,,,,,,,,,,,,,,,,,,,,,,,,,,,,,,,,,,0.05,0.003,20,0.75,,,,,,,712,-1000000,,
True,False,4.0,3.0,40,2.2,1.25,,30,14,80,False,trend_reclaim,72,2,True,0.8,0.67,0.008,71.71544563227924,37.327220384977274,36,0.005,,,,,,,,,,,,,,,,,,,,,,,,,,,,,,,,,,,,,,,,,,,,,,,,,,,,,,,,,1.0,0.006,25,True,False,True,False,,,,,,,,,,,,,,,,,,,,,,,,,,,,,,,,,,,,,,,,,,,,,,,,,,,,,,,,,0.12,0.002,50,1.5,,,,,,,713,-1000000,,
True,True,5.0,1.7,20,1.5,2.0,,8,50,150,True,trend_reclaim,24,3,True,1.0,0.67,0.012,75.20621997918822,35.15933516781725,24,0.01,,,,,,,,,,,,,,,,,,,,,,,,,,,,,,,,,,,,,,,,,,,,,,,,,,,,,,,,,4.0,0.08,54,True,False,True,True,,,,,,,,,,,,,,,,,,,,,,,,,,,,,,,,,,,,,,,,,,,,,,,,,,,,,,,,,0.03,0.003,10,0.0,,,,,,,714,-1000000,,
True,True,2.0,2.2,55,2.5,0.5,,12,10,50,False,trend_bb_reversion,12,8,True,0.6,0.5,0.025,71.08402671519661,37.40609375577712,24,0.005,,,,,,,,,,,,,,,,,,,,,,,,,,,,,,,,,,,,,,,,,,,,,,,,,,,,,,,,,4.0,0.01,56,True,False,True,False,,,,,,,,,,,,,,,,,,,,,,,,,,,,,,,,,,,,,,,,,,,,,,,,,,,,,,,,,0.03,0.003,75,0.5,,,,,,,715,-1000000,,
True,True,2.0,12.0,40,2.2,0.75,,55,14,200,True,trend_reclaim,96,1,True,1.0,0.67,0.018,63.484987161270524,28.0692683952908,24,0.0,,,,,,,,,,,,,,,,,,,,,,,,,,,,,,,,,,,,,,,,,,,,,,,,,,,,,,,,,4.0,0.04,57,True,False,True,True,,,,,,,,,,,,,,,,,,,,,,,,,,,,,,,,,,,,,,,,,,,,,,,,,,,,,,,,,0.03,0.003,75,1.0,,,,,,,716,-1000000,,
True,False,1.5,6.0,40,1.5,2.0,,30,20,50,True,channel_reclaim,18,4,True,0.6,0.67,0.0,66.0157180720054,39.841977138938994,6,0.0025,,,,,,,,,,,,,,,,,,,,,,,,,,,,,,,,,,,,,,,,,,,,,,,,,,,,,,,,,1.5,0.04,59,True,False,True,True,,,,,,,,,,,,,,,,,,,,,,,,,,,,,,,,,,,,,,,,,,,,,,,,,,,,,,,,,0.12,0.0005,150,1.5,,,,,,,717,-1000000,,
True,False,3.0,12.0,20,2.0,1.5,,30,14,80,True,channel_reclaim,96,2,True,1.0,0.25,0.012,58.705021760527366,43.69570710641695,6,0.005,,,,,,,,,,,,,,,,,,,,,,,,,,,,,,,,,,,,,,,,,,,,,,,,,,,,,,,,,1.0,0.006,61,True,False,True,True,,,,,,,,,,,,,,,,,,,,,,,,,,,,,,,,,,,,,,,,,,,,,,,,,,,,,,,,,0.04,0.001,50,1.0,,,,,,,718,-1000000,,
False,True,1.0,3.0,40,2.2,0.5,,16,30,150,False,trend_bb_reversion,36,8,True,0.6,0.33,0.008,60.938656215719156,25.427815353019213,3,0.0025,,,,,,,,,,,,,,,,,,,,,,,,,,,,,,,,,,,,,,,,,,,,,,,,,,,,,,,,,1.5,0.006,81,True,False,False,False,,,,,,,,,,,,,,,,,,,,,,,,,,,,,,,,,,,,,,,,,,,,,,,,,,,,,,,,,0.03,0.0,20,0.5,,,,,,,719,-1000000,,
True,False,3.0,12.0,40,1.5,0.5,,55,50,100,True,channel_reclaim,12,3,True,2.0,0.25,0.0025,65.30968301222819,26.670893888536895,6,0.01,,,,,,,,,,,,,,,,,,,,,,,,,,,,,,,,,,,,,,,,,,,,,,,,,,,,,,,,,2.5,0.015,108,True,False,True,True,,,,,,,,,,,,,,,,,,,,,,,,,,,,,,,,,,,,,,,,,,,,,,,,,,,,,,,,,0.12,0.0,10,1.5,,,,,,,720,-1000000,,
True,False,1.0,2.2,55,1.8,0.5,,55,14,80,False,trend_reclaim,12,1,True,1.2,0.5,0.0,60.240713224410825,32.02317336975114,6,0.01,,,,,,,,,,,,,,,,,,,,,,,,,,,,,,,,,,,,,,,,,,,,,,,,,,,,,,,,,4.0,0.025,115,True,False,True,False,,,,,,,,,,,,,,,,,,,,,,,,,,,,,,,,,,,,,,,,,,,,,,,,,,,,,,,,,0.03,0.003,30,1.0,,,,,,,721,-1000000,,
True,False,1.0,6.0,14,1.8,0.75,,12,10,50,False,trend_reclaim,24,4,True,1.2,0.67,0.025,62.849561969943395,24.70457879859126,48,0.01,,,,,,,,,,,,,,,,,,,,,,,,,,,,,,,,,,,,,,,,,,,,,,,,,,,,,,,,,4.0,0.025,122,True,False,True,False,,,,,,,,,,,,,,,,,,,,,,,,,,,,,,,,,,,,,,,,,,,,,,,,,,,,,,,,,0.12,0.0,10,0.5,,,,,,,722,-1000000,,
True,False,3.0,12.0,40,1.8,1.5,,10,20,200,True,channel_reclaim,48,4,True,1.2,0.67,0.0,74.29682203820356,28.470971802043298,3,0.0025,,,,,,,,,,,,,,,,,,,,,,,,,,,,,,,,,,,,,,,,,,,,,,,,,,,,,,,,,2.5,0.01,125,True,True,True,True,,,,,,,,,,,,,,,,,,,,,,,,,,,,,,,,,,,,,,,,,,,,,,,,,,,,,,,,,0.03,0.0,50,0.25,,,,,,,723,-1000000,,
True,False,3.0,6.0,14,1.8,1.0,,12,80,130,True,trend_reclaim,120,4,True,2.0,0.5,0.018,68.30132894536877,29.625259603584507,12,0.0025,,,,,,,,,,,,,,,,,,,,,,,,,,,,,,,,,,,,,,,,,,,,,,,,,,,,,,,,,2.5,0.01,156,True,True,False,True,,,,,,,,,,,,,,,,,,,,,,,,,,,,,,,,,,,,,,,,,,,,,,,,,,,,,,,,,0.05,0.002,30,0.0,,,,,,,724,-1000000,,
True,False,3.0,4.0,30,1.8,1.5,,55,8,50,False,trend_reclaim,48,3,True,1.2,0.5,0.008,58.94513352602219,24.002780668111452,3,0.001,,,,,,,,,,,,,,,,,,,,,,,,,,,,,,,,,,,,,,,,,,,,,,,,,,,,,,,,,2.5,0.025,163,False,False,True,False,,,,,,,,,,,,,,,,,,,,,,,,,,,,,,,,,,,,,,,,,,,,,,,,,,,,,,,,,0.05,0.001,20,1.5,,,,,,,725,-1000000,,
False,True,3.0,2.2,30,1.5,1.0,,10,8,100,True,trend_reclaim,72,3,False,1.2,0.25,0.025,60.6034955873524,24.860714172775594,6,0.0,,,,,,,,,,,,,,,,,,,,,,,,,,,,,,,,,,,,,,,,,,,,,,,,,,,,,,,,,2.0,0.08,194,True,False,True,True,,,,,,,,,,,,,,,,,,,,,,,,,,,,,,,,,,,,,,,,,,,,,,,,,,,,,,,,,0.08,0.001,50,0.5,,,,,,,726,-1000000,,
True,True,2.0,1.3,30,1.5,1.0,,10,50,80,False,trend_reclaim,14,8,True,0.8,0.67,0.008,67.26801941622232,26.858770286370195,6,0.01,,,,,,,,,,,,,,,,,,,,,,,,,,,,,,,,,,,,,,,,,,,,,,,,,,,,,,,,,4.0,0.025,203,True,False,True,False,,,,,,,,,,,,,,,,,,,,,,,,,,,,,,,,,,,,,,,,,,,,,,,,,,,,,,,,,0.12,0.001,75,1.0,,,,,,,727,-1000000,,
True,False,2.5,12.0,30,2.5,1.0,,16,80,130,True,trend_reclaim,24,1,True,0.8,0.25,0.012,66.21189304796853,32.440919183428875,18,0.0005,,,,,,,,,,,,,,,,,,,,,,,,,,,,,,,,,,,,,,,,,,,,,,,,,,,,,,,,,2.0,0.08,206,False,False,False,True,,,,,,,,,,,,,,,,,,,,,,,,,,,,,,,,,,,,,,,,,,,,,,,,,,,,,,,,,0.04,0.0,50,1.0,,,,,,,728,-1000000,,
True,False,2.5,1.7,30,1.8,1.5,,30,14,80,False,channel_reclaim,8,2,True,1.0,0.67,0.012,59.825775587563285,24.687427882501748,3,0.001,,,,,,,,,,,,,,,,,,,,,,,,,,,,,,,,,,,,,,,,,,,,,,,,,,,,,,,,,1.0,0.04,223,True,False,False,False,,,,,,,,,,,,,,,,,,,,,,,,,,,,,,,,,,,,,,,,,,,,,,,,,,,,,,,,,0.04,0.0,50,1.5,,,,,,,729,-1000000,,
True,False,1.5,2.2,80,2.0,0.75,,10,80,130,False,trend_reclaim,18,2,True,0.6,0.5,0.0025,58.7262937491462,28.86617323541317,12,0.01,,,,,,,,,,,,,,,,,,,,,,,,,,,,,,,,,,,,,,,,,,,,,,,,,,,,,,,,,1.5,0.015,230,True,False,True,False,,,,,,,,,,,,,,,,,,,,,,,,,,,,,,,,,,,,,,,,,,,,,,,,,,,,,,,,,0.08,0.003,20,1.25,,,,,,,730,-1000000,,
True,False,2.5,2.2,80,1.8,0.75,,55,20,50,True,trend_reclaim,14,8,True,0.6,0.5,0.025,67.36458960901979,22.175106178942592,3,0.0025,,,,,,,,,,,,,,,,,,,,,,,,,,,,,,,,,,,,,,,,,,,,,,,,,,,,,,,,,2.5,0.08,231,True,False,False,True,,,,,,,,,,,,,,,,,,,,,,,,,,,,,,,,,,,,,,,,,,,,,,,,,,,,,,,,,0.03,0.003,75,1.0,,,,,,,731,-1000000,,
True,False,4.0,1.3,30,2.5,1.5,,30,30,150,False,trend_reclaim,18,4,True,1.5,0.5,0.012,60.686563350850854,41.5199358845678,18,0.0,,,,,,,,,,,,,,,,,,,,,,,,,,,,,,,,,,,,,,,,,,,,,,,,,,,,,,,,,1.0,0.01,233,True,False,True,False,,,,,,,,,,,,,,,,,,,,,,,,,,,,,,,,,,,,,,,,,,,,,,,,,,,,,,,,,0.03,0.003,50,1.5,,,,,,,732,-1000000,,
True,False,3.0,1.7,80,2.0,1.0,,40,80,400,True,trend_reclaim,96,6,True,1.0,0.5,0.025,72.569094079714,28.48549573974769,36,0.001,,,,,,,,,,,,,,,,,,,,,,,,,,,,,,,,,,,,,,,,,,,,,,,,,,,,,,,,,2.5,0.04,256,True,False,False,True,,,,,,,,,,,,,,,,,,,,,,,,,,,,,,,,,,,,,,,,,,,,,,,,,,,,,,,,,0.12,0.003,75,0.5,,,,,,,733,-1000000,,
True,False,2.5,3.0,14,1.5,0.75,,30,8,300,True,trend_reclaim,72,4,True,1.0,0.5,0.012,60.575559206841966,39.02239000237142,18,0.01,,,,,,,,,,,,,,,,,,,,,,,,,,,,,,,,,,,,,,,,,,,,,,,,,,,,,,,,,3.0,0.015,258,True,False,True,True,,,,,,,,,,,,,,,,,,,,,,,,,,,,,,,,,,,,,,,,,,,,,,,,,,,,,,,,,0.04,0.003,30,0.25,,,,,,,734,-1000000,,
True,False,2.0,4.0,30,1.5,2.0,,30,14,300,False,trend_reclaim,72,3,False,0.6,0.33,0.005,76.60280610039794,34.36361548871316,24,0.01,,,,,,,,,,,,,,,,,,,,,,,,,,,,,,,,,,,,,,,,,,,,,,,,,,,,,,,,,2.0,0.01,268,False,False,False,False,,,,,,,,,,,,,,,,,,,,,,,,,,,,,,,,,,,,,,,,,,,,,,,,,,,,,,,,,0.03,0.002,30,1.5,,,,,,,735,-1000000,,
True,False,1.5,1.7,20,2.5,0.75,,55,30,80,False,trend_reclaim,48,6,True,0.6,0.25,0.012,69.55232350615758,22.647004814934125,36,0.005,,,,,,,,,,,,,,,,,,,,,,,,,,,,,,,,,,,,,,,,,,,,,,,,,,,,,,,,,1.0,0.04,276,True,False,True,False,,,,,,,,,,,,,,,,,,,,,,,,,,,,,,,,,,,,,,,,,,,,,,,,,,,,,,,,,0.2,0.002,20,1.5,,,,,,,736,-1000000,,
True,True,1.5,12.0,30,2.5,2.0,,16,80,400,True,trend_state_tp,36,8,True,0.8,0.67,0.025,70.51321213836675,36.35102927058835,3,0.01,,,,,,,,,,,,,,,,,,,,,,,,,,,,,,,,,,,,,,,,,,,,,,,,,,,,,,,,,1.0,0.01,284,True,False,True,True,,,,,,,,,,,,,,,,,,,,,,,,,,,,,,,,,,,,,,,,,,,,,,,,,,,,,,,,,0.08,0.002,75,0.5,,,,,,,737,-1000000,,
True,False,3.0,3.0,30,2.0,2.0,,55,14,100,False,channel_reclaim,18,4,True,0.6,0.5,0.025,62.3889959371517,23.339778031248372,12,0.0005,,,,,,,,,,,,,,,,,,,,,,,,,,,,,,,,,,,,,,,,,,,,,,,,,,,,,,,,,1.0,0.006,289,True,False,True,False,,,,,,,,,,,,,,,,,,,,,,,,,,,,,,,,,,,,,,,,,,,,,,,,,,,,,,,,,0.03,0.0,150,0.0,,,,,,,738,-1000000,,
True,False,2.5,4.0,30,1.8,1.5,,55,10,100,False,trend_reclaim,8,4,False,0.8,0.5,0.012,75.0232031037696,37.458158622970714,24,0.0,,,,,,,,,,,,,,,,,,,,,,,,,,,,,,,,,,,,,,,,,,,,,,,,,,,,,,,,,2.5,0.08,297,True,False,True,False,,,,,,,,,,,,,,,,,,,,,,,,,,,,,,,,,,,,,,,,,,,,,,,,,,,,,,,,,0.05,0.0,75,1.0,,,,,,,739,-1000000,,
True,False,5.0,1.3,80,2.2,2.0,,30,8,200,False,trend_bb_reversion,72,8,True,1.5,0.67,0.0,59.459888452594925,28.335142473425215,3,0.0005,,,,,,,,,,,,,,,,,,,,,,,,,,,,,,,,,,,,,,,,,,,,,,,,,,,,,,,,,1.0,0.01,304,False,False,False,False,,,,,,,,,,,,,,,,,,,,,,,,,,,,,,,,,,,,,,,,,,,,,,,,,,,,,,,,,0.04,0.002,100,1.25,,,,,,,740,-1000000,,
True,True,5.0,1.3,80,1.5,1.25,,40,20,150,True,channel_reclaim,48,6,True,0.6,0.33,0.025,69.9597426504652,36.74840882740658,12,0.01,,,,,,,,,,,,,,,,,,,,,,,,,,,,,,,,,,,,,,,,,,,,,,,,,,,,,,,,,3.0,0.04,305,True,False,True,True,,,,,,,,,,,,,,,,,,,,,,,,,,,,,,,,,,,,,,,,,,,,,,,,,,,,,,,,,0.05,0.002,30,1.5,,,,,,,741,-1000000,,
True,False,5.0,8.0,40,1.5,2.0,,55,8,100,True,trend_state_tp,72,4,True,1.2,0.33,0.005,74.96448091137432,38.53896398699893,3,0.01,,,,,,,,,,,,,,,,,,,,,,,,,,,,,,,,,,,,,,,,,,,,,,,,,,,,,,,,,3.0,0.01,306,True,True,False,True,,,,,,,,,,,,,,,,,,,,,,,,,,,,,,,,,,,,,,,,,,,,,,,,,,,,,,,,,0.03,0.0005,10,0.25,,,,,,,742,-1000000,,
True,True,3.0,2.2,55,2.2,2.0,,16,14,50,False,trend_reclaim,120,8,True,1.0,0.5,0.018,62.748800663324765,38.85204297863234,12,0.0005,,,,,,,,,,,,,,,,,,,,,,,,,,,,,,,,,,,,,,,,,,,,,,,,,,,,,,,,,1.0,0.025,320,False,True,True,False,,,,,,,,,,,,,,,,,,,,,,,,,,,,,,,,,,,,,,,,,,,,,,,,,,,,,,,,,0.04,0.0005,10,1.5,,,,,,,743,-1000000,,
True,False,1.5,8.0,55,1.5,1.5,,20,50,100,False,trend_bb_reversion,12,2,True,2.0,0.67,0.018,77.05372003811434,42.330322556749366,12,0.01,,,,,,,,,,,,,,,,,,,,,,,,,,,,,,,,,,,,,,,,,,,,,,,,,,,,,,,,,4.0,0.015,329,False,False,True,False,,,,,,,,,,,,,,,,,,,,,,,,,,,,,,,,,,,,,,,,,,,,,,,,,,,,,,,,,0.04,0.001,10,1.0,,,,,,,744,-1000000,,
True,False,4.0,2.2,20,2.2,1.0,,12,30,100,False,trend_reclaim,18,8,True,0.6,0.67,0.012,74.38695763892676,27.718860235300504,6,0.0025,,,,,,,,,,,,,,,,,,,,,,,,,,,,,,,,,,,,,,,,,,,,,,,,,,,,,,,,,3.0,0.025,340,True,False,False,False,,,,,,,,,,,,,,,,,,,,,,,,,,,,,,,,,,,,,,,,,,,,,,,,,,,,,,,,,0.03,0.002,150,1.5,,,,,,,745,-1000000,,
True,False,5.0,2.2,30,1.8,0.75,,40,80,200,True,trend_reclaim,72,3,True,0.8,0.5,0.0025,71.22548469775329,40.520700566490625,36,0.005,,,,,,,,,,,,,,,,,,,,,,,,,,,,,,,,,,,,,,,,,,,,,,,,,,,,,,,,,2.0,0.01,341,True,False,True,True,,,,,,,,,,,,,,,,,,,,,,,,,,,,,,,,,,,,,,,,,,,,,,,,,,,,,,,,,0.2,0.0,75,1.5,,,,,,,746,-1000000,,
True,False,4.0,8.0,30,2.0,1.25,,55,8,100,True,trend_state_tp,48,6,True,1.5,0.67,0.008,60.38034740159294,36.45664860025228,3,0.01,,,,,,,,,,,,,,,,,,,,,,,,,,,,,,,,,,,,,,,,,,,,,,,,,,,,,,,,,1.0,0.08,355,True,False,True,True,,,,,,,,,,,,,,,,,,,,,,,,,,,,,,,,,,,,,,,,,,,,,,,,,,,,,,,,,0.03,0.001,30,1.0,,,,,,,747,-1000000,,
True,False,2.0,3.0,40,2.2,0.75,,20,20,100,False,channel_reclaim,24,4,True,1.2,0.33,0.012,71.67638903199318,41.88455234354884,3,0.005,,,,,,,,,,,,,,,,,,,,,,,,,,,,,,,,,,,,,,,,,,,,,,,,,,,,,,,,,2.5,0.015,365,True,True,False,False,,,,,,,,,,,,,,,,,,,,,,,,,,,,,,,,,,,,,,,,,,,,,,,,,,,,,,,,,0.12,0.0005,10,1.25,,,,,,,748,-1000000,,
True,False,3.0,6.0,30,1.8,1.0,,8,14,300,True,trend_reclaim,36,2,True,1.0,0.25,0.025,58.783346212467265,38.16251339035614,12,0.0,,,,,,,,,,,,,,,,,,,,,,,,,,,,,,,,,,,,,,,,,,,,,,,,,,,,,,,,,3.0,0.08,370,True,False,True,True,,,,,,,,,,,,,,,,,,,,,,,,,,,,,,,,,,,,,,,,,,,,,,,,,,,,,,,,,1.0,0.002,100,1.5,,,,,,,749,-1000000,,
True,False,5.0,3.0,80,1.5,0.75,,20,50,200,True,trend_reclaim,36,1,True,0.8,0.67,0.0025,66.21201787489132,23.211423102232377,3,0.005,,,,,,,,,,,,,,,,,,,,,,,,,,,,,,,,,,,,,,,,,,,,,,,,,,,,,,,,,2.0,0.015,372,False,False,False,True,,,,,,,,,,,,,,,,,,,,,,,,,,,,,,,,,,,,,,,,,,,,,,,,,,,,,,,,,0.08,0.0,75,0.75,,,,,,,750,-1000000,,
True,True,5.0,4.0,20,2.5,1.5,,20,10,200,True,trend_bb_reversion,12,3,True,1.5,0.33,0.008,74.76744460642877,43.43809123998864,3,0.01,,,,,,,,,,,,,,,,,,,,,,,,,,,,,,,,,,,,,,,,,,,,,,,,,,,,,,,,,3.0,0.04,374,True,False,True,True,,,,,,,,,,,,,,,,,,,,,,,,,,,,,,,,,,,,,,,,,,,,,,,,,,,,,,,,,0.03,0.002,20,0.75,,,,,,,751,-1000000,,
True,False,1.0,3.0,30,1.8,1.5,,16,50,300,True,trend_bb_reversion,96,4,True,1.0,0.33,0.018,70.0674886802152,37.14871754537392,6,0.005,,,,,,,,,,,,,,,,,,,,,,,,,,,,,,,,,,,,,,,,,,,,,,,,,,,,,,,,,1.0,0.015,376,True,False,True,True,,,,,,,,,,,,,,,,,,,,,,,,,,,,,,,,,,,,,,,,,,,,,,,,,,,,,,,,,0.08,0.0,150,1.5,,,,,,,752,-1000000,,
True,False,1.0,6.0,55,1.5,0.5,,16,80,200,True,trend_reclaim,24,3,True,0.8,0.5,0.025,58.946374942367015,39.41463244864531,24,0.001,,,,,,,,,,,,,,,,,,,,,,,,,,,,,,,,,,,,,,,,,,,,,,,,,,,,,,,,,2.0,0.08,381,True,False,True,True,,,,,,,,,,,,,,,,,,,,,,,,,,,,,,,,,,,,,,,,,,,,,,,,,,,,,,,,,0.04,0.0,10,1.5,,,,,,,753,-1000000,,
True,False,3.0,12.0,40,2.2,2.0,,16,80,300,True,trend_reclaim,8,4,True,0.6,0.25,0.018,72.62157141895655,30.68280916774708,12,0.01,,,,,,,,,,,,,,,,,,,,,,,,,,,,,,,,,,,,,,,,,,,,,,,,,,,,,,,,,1.0,0.006,382,True,False,True,True,,,,,,,,,,,,,,,,,,,,,,,,,,,,,,,,,,,,,,,,,,,,,,,,,,,,,,,,,0.05,0.0005,75,0.75,,,,,,,754,-1000000,,
True,False,4.0,4.0,40,2.5,1.25,,12,50,100,True,trend_reclaim,48,3,True,1.2,0.67,0.0025,61.145487132363144,34.95353563851992,3,0.0005,,,,,,,,,,,,,,,,,,,,,,,,,,,,,,,,,,,,,,,,,,,,,,,,,,,,,,,,,3.0,0.04,395,True,False,True,True,,,,,,,,,,,,,,,,,,,,,,,,,,,,,,,,,,,,,,,,,,,,,,,,,,,,,,,,,0.03,0.001,100,1.25,,,,,,,755,-1000000,,
True,True,5.0,1.7,40,2.5,1.5,,40,80,130,False,trend_bb_reversion,24,1,True,1.5,0.25,0.005,77.53935993375977,22.138990888490405,6,0.01,,,,,,,,,,,,,,,,,,,,,,,,,,,,,,,,,,,,,,,,,,,,,,,,,,,,,,,,,3.0,0.015,404,True,False,False,False,,,,,,,,,,,,,,,,,,,,,,,,,,,,,,,,,,,,,,,,,,,,,,,,,,,,,,,,,0.08,0.001,75,1.5,,,,,,,756,-1000000,,
True,False,3.0,8.0,80,2.5,0.75,,12,50,400,True,trend_bb_reversion,24,6,True,1.0,0.67,0.0,67.87248627463636,31.98634172567274,12,0.01,,,,,,,,,,,,,,,,,,,,,,,,,,,,,,,,,,,,,,,,,,,,,,,,,,,,,,,,,1.5,0.04,438,False,False,False,True,,,,,,,,,,,,,,,,,,,,,,,,,,,,,,,,,,,,,,,,,,,,,,,,,,,,,,,,,0.03,0.0,10,0.75,,,,,,,757,-1000000,,
True,False,1.0,1.7,55,2.2,1.0,,16,10,150,True,trend_reclaim,24,4,True,0.8,0.5,0.008,58.05428195724388,41.71314233633625,6,0.01,,,,,,,,,,,,,,,,,,,,,,,,,,,,,,,,,,,,,,,,,,,,,,,,,,,,,,,,,2.5,0.01,447,True,False,True,True,,,,,,,,,,,,,,,,,,,,,,,,,,,,,,,,,,,,,,,,,,,,,,,,,,,,,,,,,1.0,0.002,50,1.5,,,,,,,758,-1000000,,
True,False,1.0,1.7,40,2.2,1.0,,16,80,130,True,trend_reclaim,12,4,True,0.6,0.5,0.0025,77.44946757394267,43.66303213630256,18,0.0,,,,,,,,,,,,,,,,,,,,,,,,,,,,,,,,,,,,,,,,,,,,,,,,,,,,,,,,,1.0,0.08,454,True,False,True,True,,,,,,,,,,,,,,,,,,,,,,,,,,,,,,,,,,,,,,,,,,,,,,,,,,,,,,,,,0.2,0.001,50,1.5,,,,,,,759,-1000000,,
True,False,3.0,3.0,40,2.2,1.25,,20,80,200,True,trend_bb_reversion,36,2,True,0.6,0.67,0.008,65.39581950009307,36.62574347618791,6,0.01,,,,,,,,,,,,,,,,,,,,,,,,,,,,,,,,,,,,,,,,,,,,,,,,,,,,,,,,,4.0,0.006,463,True,False,True,True,,,,,,,,,,,,,,,,,,,,,,,,,,,,,,,,,,,,,,,,,,,,,,,,,,,,,,,,,0.12,0.001,100,0.25,,,,,,,760,-1000000,,
True,False,1.0,1.7,55,1.5,1.5,,20,10,150,True,trend_bb_reversion,24,1,True,0.8,0.5,0.0025,66.40029306761619,38.5239463119566,3,0.005,,,,,,,,,,,,,,,,,,,,,,,,,,,,,,,,,,,,,,,,,,,,,,,,,,,,,,,,,4.0,0.015,472,False,False,True,True,,,,,,,,,,,,,,,,,,,,,,,,,,,,,,,,,,,,,,,,,,,,,,,,,,,,,,,,,0.03,0.0,30,0.25,,,,,,,761,-1000000,,
True,False,5.0,12.0,40,2.2,0.75,,12,30,80,False,trend_bb_reversion,48,4,True,0.8,0.67,0.008,76.05128722740105,33.709620759998906,6,0.005,,,,,,,,,,,,,,,,,,,,,,,,,,,,,,,,,,,,,,,,,,,,,,,,,,,,,,,,,1.0,0.015,473,True,False,True,False,,,,,,,,,,,,,,,,,,,,,,,,,,,,,,,,,,,,,,,,,,,,,,,,,,,,,,,,,0.04,0.003,30,1.0,,,,,,,762,-1000000,,
True,False,2.0,12.0,20,1.8,1.5,,20,14,300,True,trend_state_tp,14,8,True,1.2,0.67,0.025,62.66199473590957,44.73210119603509,3,0.01,,,,,,,,,,,,,,,,,,,,,,,,,,,,,,,,,,,,,,,,,,,,,,,,,,,,,,,,,1.5,0.01,479,True,False,True,True,,,,,,,,,,,,,,,,,,,,,,,,,,,,,,,,,,,,,,,,,,,,,,,,,,,,,,,,,0.05,0.0,30,1.0,,,,,,,763,-1000000,,
True,False,5.0,4.0,40,2.0,2.0,,16,8,400,True,trend_state_tp,12,3,False,0.6,0.33,0.005,67.25878063727235,25.666338837805675,6,0.01,,,,,,,,,,,,,,,,,,,,,,,,,,,,,,,,,,,,,,,,,,,,,,,,,,,,,,,,,4.0,0.08,489,True,True,True,True,,,,,,,,,,,,,,,,,,,,,,,,,,,,,,,,,,,,,,,,,,,,,,,,,,,,,,,,,0.05,0.002,30,1.5,,,,,,,764,-1000000,,
True,False,1.5,3.0,14,2.5,0.5,,8,30,80,True,trend_reclaim,120,8,True,2.0,0.25,0.025,77.45859232570338,25.659345328625033,3,0.01,,,,,,,,,,,,,,,,,,,,,,,,,,,,,,,,,,,,,,,,,,,,,,,,,,,,,,,,,3.0,0.04,501,True,False,False,True,,,,,,,,,,,,,,,,,,,,,,,,,,,,,,,,,,,,,,,,,,,,,,,,,,,,,,,,,0.08,0.002,20,1.5,,,,,,,765,-1000000,,
True,False,1.0,4.0,55,2.2,1.25,,55,8,50,True,trend_reclaim,8,1,True,2.0,0.67,0.012,63.44054490969163,36.37321903235535,18,0.0005,,,,,,,,,,,,,,,,,,,,,,,,,,,,,,,,,,,,,,,,,,,,,,,,,,,,,,,,,2.5,0.04,529,True,True,True,True,,,,,,,,,,,,,,,,,,,,,,,,,,,,,,,,,,,,,,,,,,,,,,,,,,,,,,,,,0.04,0.0,150,0.0,,,,,,,766,-1000000,,
True,False,5.0,6.0,80,2.5,2.0,,20,10,200,True,trend_reclaim,96,6,True,0.6,0.5,0.012,59.30825059146745,37.77298801930568,18,0.0005,,,,,,,,,,,,,,,,,,,,,,,,,,,,,,,,,,,,,,,,,,,,,,,,,,,,,,,,,1.0,0.015,533,True,False,True,True,,,,,,,,,,,,,,,,,,,,,,,,,,,,,,,,,,,,,,,,,,,,,,,,,,,,,,,,,0.05,0.002,150,0.75,,,,,,,767,-1000000,,
True,False,4.0,12.0,14,2.0,2.0,,30,80,400,False,trend_bb_reversion,96,8,True,1.5,0.33,0.008,62.649891018298085,26.328294190818568,18,0.005,,,,,,,,,,,,,,,,,,,,,,,,,,,,,,,,,,,,,,,,,,,,,,,,,,,,,,,,,3.0,0.015,539,True,True,True,False,,,,,,,,,,,,,,,,,,,,,,,,,,,,,,,,,,,,,,,,,,,,,,,,,,,,,,,,,0.03,0.003,150,1.0,,,,,,,768,-1000000,,
True,False,3.0,3.0,20,1.5,0.75,,30,14,50,True,trend_bb_reversion,24,2,True,2.0,0.5,0.0025,62.96713568101022,32.95680893222262,6,0.01,,,,,,,,,,,,,,,,,,,,,,,,,,,,,,,,,,,,,,,,,,,,,,,,,,,,,,,,,4.0,0.015,543,True,False,True,True,,,,,,,,,,,,,,,,,,,,,,,,,,,,,,,,,,,,,,,,,,,,,,,,,,,,,,,,,0.03,0.002,100,0.0,,,,,,,769,-1000000,,
True,False,3.0,1.7,20,2.5,0.75,,12,50,300,True,trend_bb_reversion,24,8,False,0.6,0.5,0.012,66.49203687786309,23.63112578951066,6,0.01,,,,,,,,,,,,,,,,,,,,,,,,,,,,,,,,,,,,,,,,,,,,,,,,,,,,,,,,,2.5,0.025,546,True,False,True,True,,,,,,,,,,,,,,,,,,,,,,,,,,,,,,,,,,,,,,,,,,,,,,,,,,,,,,,,,0.08,0.0,50,1.0,,,,,,,770,-1000000,,
True,False,5.0,4.0,20,1.8,1.25,,16,80,150,True,trend_state_tp,18,3,False,0.6,0.67,0.005,69.39718862498675,43.79332994231042,3,0.005,,,,,,,,,,,,,,,,,,,,,,,,,,,,,,,,,,,,,,,,,,,,,,,,,,,,,,,,,2.0,0.025,569,False,False,True,True,,,,,,,,,,,,,,,,,,,,,,,,,,,,,,,,,,,,,,,,,,,,,,,,,,,,,,,,,0.03,0.002,50,0.25,,,,,,,771,-1000000,,
True,False,3.0,4.0,80,2.5,1.5,,10,14,100,True,trend_reclaim,12,2,False,1.0,0.25,0.025,73.08439592727926,23.48233345640021,6,0.01,,,,,,,,,,,,,,,,,,,,,,,,,,,,,,,,,,,,,,,,,,,,,,,,,,,,,,,,,2.0,0.025,577,True,False,True,True,,,,,,,,,,,,,,,,,,,,,,,,,,,,,,,,,,,,,,,,,,,,,,,,,,,,,,,,,0.12,0.0,150,1.0,,,,,,,772,-1000000,,
True,False,4.0,2.2,20,1.5,0.75,,8,50,150,True,trend_reclaim,36,1,True,2.0,0.67,0.008,69.17730910277436,30.48392255982493,36,0.005,,,,,,,,,,,,,,,,,,,,,,,,,,,,,,,,,,,,,,,,,,,,,,,,,,,,,,,,,1.0,0.015,585,True,False,True,True,,,,,,,,,,,,,,,,,,,,,,,,,,,,,,,,,,,,,,,,,,,,,,,,,,,,,,,,,0.04,0.0,30,0.25,,,,,,,773,-1000000,,
True,True,5.0,2.2,30,2.5,1.0,,10,80,200,True,channel_reclaim,36,3,False,0.6,0.67,0.025,58.84407716960342,26.064709530383315,3,0.005,,,,,,,,,,,,,,,,,,,,,,,,,,,,,,,,,,,,,,,,,,,,,,,,,,,,,,,,,1.0,0.015,592,True,True,True,True,,,,,,,,,,,,,,,,,,,,,,,,,,,,,,,,,,,,,,,,,,,,,,,,,,,,,,,,,0.05,0.002,50,1.5,,,,,,,774,-1000000,,
True,False,2.0,2.2,40,2.2,1.25,,16,14,80,True,trend_reclaim,24,4,True,0.6,0.25,0.005,64.48953304001051,38.67462458658038,3,0.0025,,,,,,,,,,,,,,,,,,,,,,,,,,,,,,,,,,,,,,,,,,,,,,,,,,,,,,,,,1.5,0.006,593,False,False,True,True,,,,,,,,,,,,,,,,,,,,,,,,,,,,,,,,,,,,,,,,,,,,,,,,,,,,,,,,,0.12,0.0005,100,1.5,,,,,,,775,-1000000,,
True,False,4.0,2.2,80,2.5,2.0,,12,10,50,False,trend_bb_reversion,96,8,True,1.5,0.5,0.0025,62.441124552247985,29.208560507023762,24,0.0005,,,,,,,,,,,,,,,,,,,,,,,,,,,,,,,,,,,,,,,,,,,,,,,,,,,,,,,,,2.5,0.006,604,True,False,True,False,,,,,,,,,,,,,,,,,,,,,,,,,,,,,,,,,,,,,,,,,,,,,,,,,,,,,,,,,0.03,0.002,20,0.75,,,,,,,776,-1000000,,
False,True,2.5,12.0,30,2.5,1.25,,20,10,100,False,trend_bb_reversion,18,1,True,0.6,0.67,0.008,77.00204618004766,40.2681543702152,6,0.0005,,,,,,,,,,,,,,,,,,,,,,,,,,,,,,,,,,,,,,,,,,,,,,,,,,,,,,,,,1.0,0.006,619,True,True,False,False,,,,,,,,,,,,,,,,,,,,,,,,,,,,,,,,,,,,,,,,,,,,,,,,,,,,,,,,,0.04,0.002,75,1.5,,,,,,,777,-1000000,,
True,False,3.0,2.2,80,2.2,2.0,,30,50,100,False,trend_reclaim,12,4,True,1.0,0.67,0.005,62.13944096901864,23.09362685887776,6,0.005,,,,,,,,,,,,,,,,,,,,,,,,,,,,,,,,,,,,,,,,,,,,,,,,,,,,,,,,,2.0,0.01,620,True,False,True,False,,,,,,,,,,,,,,,,,,,,,,,,,,,,,,,,,,,,,,,,,,,,,,,,,,,,,,,,,0.08,0.003,30,1.25,,,,,,,778,-1000000,,
True,True,1.5,4.0,14,2.2,2.0,,16,80,100,True,trend_reclaim,36,6,True,0.6,0.25,0.018,76.46801907184243,23.901830126185256,6,0.001,,,,,,,,,,,,,,,,,,,,,,,,,,,,,,,,,,,,,,,,,,,,,,,,,,,,,,,,,1.5,0.025,621,True,False,False,True,,,,,,,,,,,,,,,,,,,,,,,,,,,,,,,,,,,,,,,,,,,,,,,,,,,,,,,,,0.03,0.001,20,1.25,,,,,,,779,-1000000,,
True,False,3.0,4.0,20,1.5,0.5,,10,20,50,True,channel_reclaim,48,6,False,1.0,0.5,0.005,61.0742980078418,31.677057057323484,3,0.005,,,,,,,,,,,,,,,,,,,,,,,,,,,,,,,,,,,,,,,,,,,,,,,,,,,,,,,,,3.0,0.006,625,True,True,True,True,,,,,,,,,,,,,,,,,,,,,,,,,,,,,,,,,,,,,,,,,,,,,,,,,,,,,,,,,0.04,0.002,75,1.5,,,,,,,780,-1000000,,
True,False,4.0,8.0,80,1.8,1.0,,55,80,400,False,trend_bb_reversion,24,1,True,1.2,0.5,0.0025,59.91856020886347,27.722812567196993,6,0.005,,,,,,,,,,,,,,,,,,,,,,,,,,,,,,,,,,,,,,,,,,,,,,,,,,,,,,,,,1.0,0.025,627,True,False,True,False,,,,,,,,,,,,,,,,,,,,,,,,,,,,,,,,,,,,,,,,,,,,,,,,,,,,,,,,,0.05,0.003,30,0.75,,,,,,,781,-1000000,,
True,False,2.5,4.0,30,1.5,0.75,,40,80,400,True,trend_bb_reversion,14,8,True,0.6,0.33,0.025,73.54618055883057,25.50831489178802,3,0.005,,,,,,,,,,,,,,,,,,,,,,,,,,,,,,,,,,,,,,,,,,,,,,,,,,,,,,,,,3.0,0.08,628,True,False,True,True,,,,,,,,,,,,,,,,,,,,,,,,,,,,,,,,,,,,,,,,,,,,,,,,,,,,,,,,,0.08,0.002,75,1.25,,,,,,,782,-1000000,,
True,False,2.5,8.0,40,2.0,1.5,,30,50,400,True,channel_reclaim,48,6,True,0.6,0.25,0.018,72.62106090332064,26.497901917936012,3,0.01,,,,,,,,,,,,,,,,,,,,,,,,,,,,,,,,,,,,,,,,,,,,,,,,,,,,,,,,,1.5,0.006,650,True,True,True,True,,,,,,,,,,,,,,,,,,,,,,,,,,,,,,,,,,,,,,,,,,,,,,,,,,,,,,,,,0.08,0.002,30,1.25,,,,,,,783,-1000000,,
True,True,1.5,8.0,20,2.5,1.5,,40,20,100,True,trend_reclaim,24,1,True,1.2,0.5,0.008,66.91212124864808,38.33495755978584,3,0.001,,,,,,,,,,,,,,,,,,,,,,,,,,,,,,,,,,,,,,,,,,,,,,,,,,,,,,,,,3.0,0.025,653,True,False,True,True,,,,,,,,,,,,,,,,,,,,,,,,,,,,,,,,,,,,,,,,,,,,,,,,,,,,,,,,,0.03,0.003,20,1.25,,,,,,,784,-1000000,,
True,False,4.0,3.0,20,2.2,1.25,,30,80,300,True,trend_reclaim,48,1,True,1.2,0.67,0.012,61.73510488821856,27.677428414001767,6,0.0005,,,,,,,,,,,,,,,,,,,,,,,,,,,,,,,,,,,,,,,,,,,,,,,,,,,,,,,,,1.0,0.04,672,True,True,True,True,,,,,,,,,,,,,,,,,,,,,,,,,,,,,,,,,,,,,,,,,,,,,,,,,,,,,,,,,0.05,0.003,100,0.5,,,,,,,785,-1000000,,
True,False,1.5,8.0,40,1.5,0.5,,8,8,300,True,trend_reclaim,18,3,True,1.5,0.33,0.025,60.616218234603956,35.46097762961244,48,0.01,,,,,,,,,,,,,,,,,,,,,,,,,,,,,,,,,,,,,,,,,,,,,,,,,,,,,,,,,3.0,0.01,676,True,False,False,True,,,,,,,,,,,,,,,,,,,,,,,,,,,,,,,,,,,,,,,,,,,,,,,,,,,,,,,,,0.2,0.0005,100,1.25,,,,,,,786,-1000000,,
True,False,4.0,2.2,20,1.8,2.0,,30,14,150,True,trend_state_tp,36,8,True,0.6,0.5,0.008,77.45393215233204,38.67687254962178,3,0.01,,,,,,,,,,,,,,,,,,,,,,,,,,,,,,,,,,,,,,,,,,,,,,,,,,,,,,,,,2.5,0.01,678,True,True,False,True,,,,,,,,,,,,,,,,,,,,,,,,,,,,,,,,,,,,,,,,,,,,,,,,,,,,,,,,,0.05,0.0005,75,1.25,,,,,,,787,-1000000,,
True,True,2.5,8.0,55,2.2,2.0,,12,8,400,True,trend_bb_reversion,8,4,True,0.6,0.67,0.0025,76.36634510233164,38.77317068950618,6,0.0025,,,,,,,,,,,,,,,,,,,,,,,,,,,,,,,,,,,,,,,,,,,,,,,,,,,,,,,,,1.0,0.08,679,True,False,False,True,,,,,,,,,,,,,,,,,,,,,,,,,,,,,,,,,,,,,,,,,,,,,,,,,,,,,,,,,0.03,0.001,30,1.5,,,,,,,788,-1000000,,
True,True,3.0,12.0,40,1.8,2.0,,55,20,100,False,trend_reclaim,96,4,True,0.8,0.5,0.025,62.07710202189877,25.921762275175976,12,0.0005,,,,,,,,,,,,,,,,,,,,,,,,,,,,,,,,,,,,,,,,,,,,,,,,,,,,,,,,,1.5,0.006,687,True,False,True,False,,,,,,,,,,,,,,,,,,,,,,,,,,,,,,,,,,,,,,,,,,,,,,,,,,,,,,,,,0.04,0.0005,10,0.75,,,,,,,789,-1000000,,
True,False,4.0,1.7,55,2.0,1.5,,55,10,100,True,trend_bb_reversion,36,4,True,1.2,0.25,0.0,77.30833760824538,32.6200528658915,6,0.01,,,,,,,,,,,,,,,,,,,,,,,,,,,,,,,,,,,,,,,,,,,,,,,,,,,,,,,,,2.5,0.01,697,True,True,False,True,,,,,,,,,,,,,,,,,,,,,,,,,,,,,,,,,,,,,,,,,,,,,,,,,,,,,,,,,0.2,0.001,75,0.5,,,,,,,790,-1000000,,
False,True,5.0,8.0,80,2.0,0.75,,30,14,50,False,trend_bb_reversion,96,1,True,0.6,0.5,0.008,73.73753942485493,27.82942737804191,12,0.005,,,,,,,,,,,,,,,,,,,,,,,,,,,,,,,,,,,,,,,,,,,,,,,,,,,,,,,,,3.0,0.015,707,True,False,True,False,,,,,,,,,,,,,,,,,,,,,,,,,,,,,,,,,,,,,,,,,,,,,,,,,,,,,,,,,0.05,0.0005,75,0.5,,,,,,,791,-1000000,,
True,False,4.0,1.7,55,1.5,1.5,,10,10,200,True,trend_reclaim,18,4,True,0.6,0.5,0.012,77.72468459020962,42.96982765298908,48,0.005,,,,,,,,,,,,,,,,,,,,,,,,,,,,,,,,,,,,,,,,,,,,,,,,,,,,,,,,,1.5,0.015,714,True,False,False,True,,,,,,,,,,,,,,,,,,,,,,,,,,,,,,,,,,,,,,,,,,,,,,,,,,,,,,,,,0.03,0.003,75,1.0,,,,,,,792,-1000000,,
True,False,5.0,4.0,14,1.5,2.0,,12,80,300,True,trend_reclaim,72,2,True,1.0,0.67,0.012,65.27007121638663,34.201924422171004,6,0.0025,,,,,,,,,,,,,,,,,,,,,,,,,,,,,,,,,,,,,,,,,,,,,,,,,,,,,,,,,3.0,0.08,734,True,True,True,True,,,,,,,,,,,,,,,,,,,,,,,,,,,,,,,,,,,,,,,,,,,,,,,,,,,,,,,,,0.03,0.003,150,1.5,,,,,,,793,-1000000,,
True,False,2.0,8.0,14,2.0,1.25,,10,8,100,False,trend_reclaim,36,6,True,1.2,0.25,0.008,58.33459961046988,38.98903112587432,3,0.01,,,,,,,,,,,,,,,,,,,,,,,,,,,,,,,,,,,,,,,,,,,,,,,,,,,,,,,,,3.0,0.01,764,True,False,True,False,,,,,,,,,,,,,,,,,,,,,,,,,,,,,,,,,,,,,,,,,,,,,,,,,,,,,,,,,0.08,0.0,75,0.75,,,,,,,794,-1000000,,
True,False,1.5,8.0,40,2.2,0.75,,20,50,300,True,trend_reclaim,36,6,True,0.8,0.25,0.0025,65.01175326361786,42.98801535240843,6,0.0025,,,,,,,,,,,,,,,,,,,,,,,,,,,,,,,,,,,,,,,,,,,,,,,,,,,,,,,,,2.5,0.006,765,True,False,True,True,,,,,,,,,,,,,,,,,,,,,,,,,,,,,,,,,,,,,,,,,,,,,,,,,,,,,,,,,0.04,0.0005,30,1.5,,,,,,,795,-1000000,,
True,False,4.0,2.2,55,1.8,1.5,,8,10,300,True,range_bb_reversion,24,8,True,0.6,0.67,0.0025,76.1778311786174,22.575566747892918,6,0.0025,,,,,,,,,,,,,,,,,,,,,,,,,,,,,,,,,,,,,,,,,,,,,,,,,,,,,,,,,4.0,0.006,766,False,False,True,True,,,,,,,,,,,,,,,,,,,,,,,,,,,,,,,,,,,,,,,,,,,,,,,,,,,,,,,,,0.04,0.002,30,1.25,,,,,,,796,-1000000,,
True,False,4.0,8.0,80,2.0,1.5,,10,80,300,False,trend_reclaim,36,2,True,1.2,0.67,0.005,67.82938748258262,30.106350452783225,24,0.01,,,,,,,,,,,,,,,,,,,,,,,,,,,,,,,,,,,,,,,,,,,,,,,,,,,,,,,,,2.5,0.04,781,True,False,True,False,,,,,,,,,,,,,,,,,,,,,,,,,,,,,,,,,,,,,,,,,,,,,,,,,,,,,,,,,0.03,0.0,50,0.5,,,,,,,797,-1000000,,
True,False,1.5,6.0,30,2.5,1.0,,30,30,200,True,trend_reclaim,120,8,False,1.0,0.25,0.025,73.06308163236667,44.40817164776244,3,0.0,,,,,,,,,,,,,,,,,,,,,,,,,,,,,,,,,,,,,,,,,,,,,,,,,,,,,,,,,4.0,0.006,788,True,False,True,True,,,,,,,,,,,,,,,,,,,,,,,,,,,,,,,,,,,,,,,,,,,,,,,,,,,,,,,,,0.03,0.003,30,0.5,,,,,,,798,-1000000,,
True,False,3.0,2.2,20,2.0,1.5,,16,30,100,True,trend_reclaim,96,3,True,0.6,0.25,0.025,70.61924468914734,35.86275815652335,12,0.0,,,,,,,,,,,,,,,,,,,,,,,,,,,,,,,,,,,,,,,,,,,,,,,,,,,,,,,,,1.5,0.01,797,True,False,True,True,,,,,,,,,,,,,,,,,,,,,,,,,,,,,,,,,,,,,,,,,,,,,,,,,,,,,,,,,0.04,0.001,100,0.75,,,,,,,799,-1000000,,
True,False,5.0,8.0,55,1.5,1.0,,55,30,100,True,channel_reclaim,72,1,True,1.5,0.67,0.018,72.97976601133588,30.32779176315993,3,0.005,,,,,,,,,,,,,,,,,,,,,,,,,,,,,,,,,,,,,,,,,,,,,,,,,,,,,,,,,2.5,0.015,799,False,True,True,True,,,,,,,,,,,,,,,,,,,,,,,,,,,,,,,,,,,,,,,,,,,,,,,,,,,,,,,,,0.03,0.002,150,0.0,,,,,,,800,-1000000,,
